trip_id,delay_minutes,delay_reason_code
T000001,1.3,
T000002,5.9,traffic
T000003,8.6,traffic
T000004,1.3,
T000005,12.1,driver_late
T000006,9.5,driver_late
T000007,7.6,driver_late
T000008,0.9,
T000009,0.2,
T000010,5.8,route_change
T000011,0.4,
T000012,33.7,unknown
T000013,0.2,
T000014,12.2,traffic
T000015,8.9,driver_late
T000016,3.0,vehicle_issue
T000017,2.8,traffic
T000018,5.8,traffic
T000019,8.9,traffic
T000020,5.2,driver_late
T000021,3.1,vehicle_issue
T000022,2.5,driver_late
T000023,0.6,
T000024,7.6,unknown
T000025,3.1,driver_late
T000026,3.1,traffic
T000027,2.4,traffic
T000028,0.5,
T000029,10.9,traffic
T000030,8.2,vehicle_issue
T000031,9.5,traffic
T000032,5.5,traffic
T000033,2.1,traffic
T000034,3.0,traffic
T000035,11.4,driver_late
T000036,8.5,traffic
T000037,1.9,
T000038,4.2,traffic
T000039,1.5,
T000040,1.2,
T000041,0.6,
T000042,0.1,
T000043,0.5,
T000044,1.2,
T000045,1.2,
T000046,13.1,traffic
T000047,5.0,vehicle_issue
T000048,6.9,traffic
T000049,2.6,traffic
T000050,2.1,route_change
T000051,3.3,driver_late
T000052,8.1,vehicle_issue
T000053,0.4,
T000054,2.0,
T000055,8.6,traffic
T000056,9.2,traffic
T000057,10.4,route_change
T000058,4.1,traffic
T000059,8.3,unknown
T000060,4.2,traffic
T000061,8.7,traffic
T000062,2.1,traffic
T000063,4.3,route_change
T000064,8.1,vehicle_issue
T000065,1.9,
T000066,4.3,traffic
T000067,18.9,route_change
T000068,10.9,driver_late
T000069,12.0,unknown
T000070,3.3,traffic
T000071,0.5,
T000072,22.6,route_change
T000073,0.9,
T000074,2.2,traffic
T000075,1.2,
T000076,1.0,
T000077,1.1,
T000078,2.4,vehicle_issue
T000079,7.7,unknown
T000080,1.4,
T000081,7.6,unknown
T000082,1.2,
T000083,11.8,driver_late
T000084,8.6,vehicle_issue
T000085,3.6,route_change
T000086,4.0,vehicle_issue
T000087,35.4,traffic
T000088,18.1,driver_late
T000089,0.5,
T000090,3.7,unknown
T000091,0.9,
T000092,0.0,
T000093,0.7,
T000094,11.1,unknown
T000095,2.9,traffic
T000096,3.1,driver_late
T000097,2.1,traffic
T000098,1.9,
T000099,0.4,
T000100,2.6,route_change
T000101,3.3,traffic
T000102,0.0,
T000103,11.4,unknown
T000104,2.8,traffic
T000105,2.9,vehicle_issue
T000106,12.4,traffic
T000107,8.7,traffic
T000108,4.6,traffic
T000109,2.6,traffic
T000110,9.1,traffic
T000111,7.2,traffic
T000112,1.5,
T000113,2.8,traffic
T000114,1.1,
T000115,14.1,route_change
T000116,19.0,traffic
T000117,4.0,unknown
T000118,4.0,traffic
T000119,4.4,route_change
T000120,0.8,
T000121,3.4,vehicle_issue
T000122,5.3,driver_late
T000123,10.0,driver_late
T000124,4.7,driver_late
T000125,16.1,traffic
T000126,2.8,traffic
T000127,9.1,traffic
T000128,6.8,route_change
T000129,0.7,
T000130,20.5,driver_late
T000131,0.3,
T000132,0.0,
T000133,10.5,traffic
T000134,2.1,vehicle_issue
T000135,4.2,vehicle_issue
T000136,8.1,driver_late
T000137,0.5,
T000138,1.0,
T000139,6.6,traffic
T000140,1.5,
T000141,8.6,route_change
T000142,2.3,vehicle_issue
T000143,1.7,
T000144,0.9,
T000145,2.0,
T000146,10.7,driver_late
T000147,4.5,driver_late
T000148,0.5,
T000149,3.0,unknown
T000150,13.4,route_change
T000151,4.9,driver_late
T000152,13.9,driver_late
T000153,3.6,driver_late
T000154,1.7,
T000155,1.8,
T000156,3.2,driver_late
T000157,1.8,
T000158,2.3,driver_late
T000159,5.9,traffic
T000160,4.4,unknown
T000161,0.6,
T000162,4.6,traffic
T000163,2.8,driver_late
T000164,11.1,traffic
T000165,9.6,driver_late
T000166,6.9,route_change
T000167,0.1,
T000168,0.6,
T000169,6.3,traffic
T000170,15.5,driver_late
T000171,0.6,
T000172,9.1,driver_late
T000173,6.5,unknown
T000174,9.5,driver_late
T000175,0.4,
T000176,0.0,
T000177,6.6,traffic
T000178,5.4,traffic
T000179,17.7,driver_late
T000180,5.9,traffic
T000181,6.9,driver_late
T000182,0.7,
T000183,5.4,driver_late
T000184,4.0,vehicle_issue
T000185,0.3,
T000186,10.9,traffic
T000187,2.6,driver_late
T000188,1.2,
T000189,0.5,
T000190,2.1,traffic
T000191,10.8,traffic
T000192,8.2,driver_late
T000193,7.1,vehicle_issue
T000194,13.4,vehicle_issue
T000195,15.0,route_change
T000196,0.9,
T000197,7.5,traffic
T000198,0.5,
T000199,11.6,traffic
T000200,4.1,route_change
T000201,2.9,route_change
T000202,0.2,
T000203,0.4,
T000204,7.8,route_change
T000205,2.5,unknown
T000206,4.5,unknown
T000207,4.4,vehicle_issue
T000208,5.3,driver_late
T000209,2.9,route_change
T000210,1.1,
T000211,3.1,vehicle_issue
T000212,18.4,unknown
T000213,2.6,driver_late
T000214,9.2,traffic
T000215,4.9,traffic
T000216,1.8,
T000217,3.1,driver_late
T000218,10.4,vehicle_issue
T000219,12.8,traffic
T000220,5.2,traffic
T000221,7.9,driver_late
T000222,8.3,traffic
T000223,13.5,vehicle_issue
T000224,4.0,driver_late
T000225,3.5,traffic
T000226,4.7,traffic
T000227,2.1,driver_late
T000228,0.5,
T000229,2.8,unknown
T000230,5.6,traffic
T000231,2.9,route_change
T000232,3.8,traffic
T000233,2.1,driver_late
T000234,0.9,
T000235,3.8,driver_late
T000236,20.1,traffic
T000237,15.4,traffic
T000238,6.5,traffic
T000239,0.2,
T000240,17.3,unknown
T000241,1.2,
T000242,6.5,driver_late
T000243,2.3,unknown
T000244,14.2,unknown
T000245,0.4,
T000246,2.8,unknown
T000247,6.8,driver_late
T000248,2.1,vehicle_issue
T000249,3.8,vehicle_issue
T000250,12.1,vehicle_issue
T000251,1.7,
T000252,3.5,driver_late
T000253,4.4,traffic
T000254,5.5,driver_late
T000255,5.9,traffic
T000256,4.1,traffic
T000257,1.0,
T000258,5.1,traffic
T000259,2.2,vehicle_issue
T000260,6.7,traffic
T000261,5.9,traffic
T000262,6.4,vehicle_issue
T000263,1.5,
T000264,4.0,traffic
T000265,8.0,route_change
T000266,1.0,
T000267,4.5,driver_late
T000268,1.0,
T000269,5.3,vehicle_issue
T000270,13.1,driver_late
T000271,1.0,
T000272,0.6,
T000273,2.1,traffic
T000274,5.8,unknown
T000275,3.4,driver_late
T000276,5.1,driver_late
T000277,7.0,traffic
T000278,9.6,traffic
T000279,0.5,
T000280,2.1,vehicle_issue
T000281,2.7,traffic
T000282,1.6,
T000283,23.4,traffic
T000284,8.8,traffic
T000285,7.0,driver_late
T000286,5.6,traffic
T000287,3.1,vehicle_issue
T000288,0.5,
T000289,0.1,
T000290,6.0,driver_late
T000291,14.0,driver_late
T000292,7.8,vehicle_issue
T000293,1.2,
T000294,8.4,vehicle_issue
T000295,3.8,traffic
T000296,5.0,traffic
T000297,0.9,
T000298,1.4,
T000299,19.9,traffic
T000300,4.8,traffic
T000301,0.1,
T000302,2.0,
T000303,1.7,
T000304,3.3,traffic
T000305,10.3,traffic
T000306,1.5,
T000307,0.1,
T000308,2.5,traffic
T000309,3.4,route_change
T000310,3.9,driver_late
T000311,0.8,
T000312,8.8,traffic
T000313,3.2,traffic
T000314,18.0,route_change
T000315,7.2,driver_late
T000316,11.7,driver_late
T000317,3.0,driver_late
T000318,8.5,vehicle_issue
T000319,0.1,
T000320,7.6,traffic
T000321,3.8,vehicle_issue
T000322,2.0,
T000323,1.6,
T000324,2.3,vehicle_issue
T000325,0.8,
T000326,4.7,driver_late
T000327,1.1,
T000328,1.3,
T000329,9.5,driver_late
T000330,9.8,traffic
T000331,9.5,vehicle_issue
T000332,11.4,route_change
T000333,3.4,traffic
T000334,2.9,traffic
T000335,9.1,unknown
T000336,3.5,traffic
T000337,4.9,traffic
T000338,10.5,route_change
T000339,4.9,traffic
T000340,7.9,traffic
T000341,6.2,vehicle_issue
T000342,0.8,
T000343,13.2,vehicle_issue
T000344,5.6,route_change
T000345,0.5,
T000346,5.2,vehicle_issue
T000347,2.5,vehicle_issue
T000348,3.4,unknown
T000349,4.1,unknown
T000350,5.2,traffic
T000351,7.0,route_change
T000352,10.5,driver_late
T000353,7.7,route_change
T000354,0.1,
T000355,7.8,unknown
T000356,23.1,traffic
T000357,2.7,traffic
T000358,6.9,driver_late
T000359,13.9,traffic
T000360,7.9,route_change
T000361,1.0,
T000362,2.6,unknown
T000363,12.5,vehicle_issue
T000364,0.8,
T000365,13.3,route_change
T000366,4.3,traffic
T000367,6.4,traffic
T000368,2.0,
T000369,6.9,vehicle_issue
T000370,10.9,traffic
T000371,6.3,traffic
T000372,10.0,driver_late
T000373,23.5,unknown
T000374,0.3,
T000375,1.7,
T000376,1.4,
T000377,1.7,
T000378,1.8,
T000379,2.3,vehicle_issue
T000380,0.6,
T000381,3.7,traffic
T000382,1.2,
T000383,5.1,driver_late
T000384,10.0,driver_late
T000385,1.9,
T000386,7.6,driver_late
T000387,5.2,driver_late
T000388,14.7,route_change
T000389,7.5,route_change
T000390,2.4,unknown
T000391,0.7,
T000392,7.5,traffic
T000393,4.3,traffic
T000394,21.1,traffic
T000395,4.6,unknown
T000396,19.1,traffic
T000397,9.4,unknown
T000398,9.2,unknown
T000399,3.1,traffic
T000400,3.8,traffic
T000401,3.3,vehicle_issue
T000402,8.3,traffic
T000403,3.1,traffic
T000404,1.5,
T000405,2.5,driver_late
T000406,5.1,route_change
T000407,9.6,traffic
T000408,2.1,traffic
T000409,0.3,
T000410,0.7,
T000411,0.8,
T000412,9.0,traffic
T000413,0.9,
T000414,7.7,unknown
T000415,1.0,
T000416,5.4,traffic
T000417,5.1,traffic
T000418,6.6,driver_late
T000419,4.0,traffic
T000420,2.2,traffic
T000421,1.4,
T000422,4.8,route_change
T000423,0.1,
T000424,4.1,unknown
T000425,5.3,driver_late
T000426,0.3,
T000427,4.5,unknown
T000428,0.9,
T000429,0.1,
T000430,1.4,
T000431,0.4,
T000432,5.7,route_change
T000433,10.7,traffic
T000434,0.1,
T000435,21.0,traffic
T000436,19.3,traffic
T000437,8.4,traffic
T000438,4.5,traffic
T000439,18.4,route_change
T000440,2.8,unknown
T000441,8.7,driver_late
T000442,8.2,driver_late
T000443,5.7,route_change
T000444,0.1,
T000445,3.2,traffic
T000446,0.6,
T000447,8.9,route_change
T000448,4.6,driver_late
T000449,3.7,vehicle_issue
T000450,1.1,
T000451,14.6,driver_late
T000452,2.2,traffic
T000453,2.7,driver_late
T000454,1.2,
T000455,3.6,unknown
T000456,8.4,traffic
T000457,2.7,vehicle_issue
T000458,0.1,
T000459,2.3,traffic
T000460,4.1,traffic
T000461,5.9,traffic
T000462,3.1,driver_late
T000463,7.3,unknown
T000464,4.4,route_change
T000465,17.8,vehicle_issue
T000466,0.9,
T000467,1.0,
T000468,1.9,
T000469,3.1,traffic
T000470,0.1,
T000471,30.2,route_change
T000472,0.1,
T000473,30.1,traffic
T000474,3.2,vehicle_issue
T000475,15.7,traffic
T000476,10.5,driver_late
T000477,3.8,vehicle_issue
T000478,2.6,traffic
T000479,6.1,traffic
T000480,4.6,vehicle_issue
T000481,1.3,
T000482,9.9,traffic
T000483,3.8,driver_late
T000484,0.7,
T000485,16.0,traffic
T000486,5.2,unknown
T000487,6.6,driver_late
T000488,9.0,driver_late
T000489,4.7,driver_late
T000490,2.5,vehicle_issue
T000491,2.5,driver_late
T000492,0.9,
T000493,14.7,vehicle_issue
T000494,1.0,
T000495,12.8,traffic
T000496,3.5,unknown
T000497,3.7,driver_late
T000498,2.6,traffic
T000499,1.9,
T000500,1.4,
T000501,4.5,route_change
T000502,15.4,traffic
T000503,7.8,driver_late
T000504,18.2,traffic
T000505,3.4,driver_late
T000506,7.9,driver_late
T000507,13.1,traffic
T000508,13.7,driver_late
T000509,4.6,driver_late
T000510,2.2,vehicle_issue
T000511,0.3,
T000512,0.3,
T000513,5.8,vehicle_issue
T000514,4.2,traffic
T000515,4.7,unknown
T000516,9.2,traffic
T000517,9.4,route_change
T000518,3.4,traffic
T000519,0.8,
T000520,2.5,route_change
T000521,0.2,
T000522,0.6,
T000523,7.7,traffic
T000524,6.3,traffic
T000525,9.0,vehicle_issue
T000526,4.1,traffic
T000527,6.0,unknown
T000528,0.0,
T000529,3.5,traffic
T000530,0.8,
T000531,0.5,
T000532,3.6,vehicle_issue
T000533,2.0,
T000534,2.5,driver_late
T000535,13.5,driver_late
T000536,5.2,traffic
T000537,5.5,driver_late
T000538,0.3,
T000539,1.6,
T000540,29.6,driver_late
T000541,9.2,traffic
T000542,2.8,traffic
T000543,0.1,
T000544,4.0,driver_late
T000545,6.3,route_change
T000546,5.4,traffic
T000547,1.1,
T000548,2.9,driver_late
T000549,4.5,traffic
T000550,6.0,driver_late
T000551,9.3,traffic
T000552,2.9,traffic
T000553,3.0,traffic
T000554,6.3,traffic
T000555,5.3,traffic
T000556,13.9,traffic
T000557,7.8,driver_late
T000558,9.0,driver_late
T000559,19.1,traffic
T000560,4.9,traffic
T000561,6.3,traffic
T000562,8.4,traffic
T000563,3.9,traffic
T000564,19.0,driver_late
T000565,12.3,route_change
T000566,13.2,unknown
T000567,2.4,vehicle_issue
T000568,2.1,vehicle_issue
T000569,4.5,traffic
T000570,3.1,driver_late
T000571,0.3,
T000572,1.6,
T000573,14.8,route_change
T000574,5.4,traffic
T000575,2.8,driver_late
T000576,0.7,
T000577,5.0,driver_late
T000578,0.7,
T000579,16.9,traffic
T000580,3.0,traffic
T000581,0.4,
T000582,3.0,traffic
T000583,2.5,route_change
T000584,4.6,route_change
T000585,14.2,traffic
T000586,1.6,
T000587,1.8,
T000588,6.2,traffic
T000589,6.8,vehicle_issue
T000590,5.0,traffic
T000591,29.0,driver_late
T000592,0.5,
T000593,0.7,
T000594,10.0,vehicle_issue
T000595,0.3,
T000596,0.8,
T000597,1.2,
T000598,14.4,driver_late
T000599,10.2,traffic
T000600,0.7,
T000601,1.0,
T000602,2.6,vehicle_issue
T000603,2.5,vehicle_issue
T000604,8.4,driver_late
T000605,8.6,vehicle_issue
T000606,7.1,unknown
T000607,12.1,driver_late
T000608,16.8,driver_late
T000609,8.7,unknown
T000610,2.3,traffic
T000611,3.5,route_change
T000612,1.6,
T000613,6.1,driver_late
T000614,3.3,driver_late
T000615,0.3,
T000616,4.9,driver_late
T000617,5.5,driver_late
T000618,0.3,
T000619,1.0,
T000620,5.2,driver_late
T000621,18.0,driver_late
T000622,5.4,traffic
T000623,3.8,traffic
T000624,4.6,driver_late
T000625,6.3,driver_late
T000626,1.0,
T000627,7.1,vehicle_issue
T000628,4.7,vehicle_issue
T000629,10.7,traffic
T000630,3.8,vehicle_issue
T000631,3.0,unknown
T000632,6.4,unknown
T000633,9.9,traffic
T000634,1.3,
T000635,9.8,unknown
T000636,1.7,
T000637,12.7,traffic
T000638,2.4,route_change
T000639,1.1,
T000640,1.4,
T000641,1.3,
T000642,3.2,traffic
T000643,3.1,traffic
T000644,0.8,
T000645,8.0,unknown
T000646,2.1,traffic
T000647,4.8,driver_late
T000648,4.7,traffic
T000649,4.1,traffic
T000650,0.2,
T000651,4.1,traffic
T000652,5.4,traffic
T000653,0.0,
T000654,5.8,traffic
T000655,5.3,driver_late
T000656,0.3,
T000657,3.2,vehicle_issue
T000658,7.7,unknown
T000659,1.1,
T000660,1.0,
T000661,0.7,
T000662,0.9,
T000663,5.1,driver_late
T000664,2.0,
T000665,6.4,traffic
T000666,0.6,
T000667,11.0,driver_late
T000668,0.5,
T000669,0.4,
T000670,13.9,driver_late
T000671,2.6,driver_late
T000672,0.8,
T000673,1.5,
T000674,2.1,driver_late
T000675,11.4,traffic
T000676,2.3,traffic
T000677,4.0,driver_late
T000678,1.7,
T000679,3.4,driver_late
T000680,7.0,vehicle_issue
T000681,1.8,
T000682,10.2,traffic
T000683,9.2,traffic
T000684,10.8,route_change
T000685,1.8,
T000686,1.5,
T000687,8.5,traffic
T000688,3.1,traffic
T000689,0.8,
T000690,4.6,traffic
T000691,3.1,route_change
T000692,0.5,
T000693,31.1,traffic
T000694,8.5,vehicle_issue
T000695,2.0,
T000696,8.2,traffic
T000697,4.6,traffic
T000698,2.8,route_change
T000699,24.3,route_change
T000700,1.2,
T000701,5.2,route_change
T000702,3.9,unknown
T000703,17.0,driver_late
T000704,0.1,
T000705,2.2,driver_late
T000706,11.0,route_change
T000707,1.9,
T000708,1.4,
T000709,0.3,
T000710,2.7,driver_late
T000711,1.5,
T000712,1.1,
T000713,2.0,
T000714,1.3,
T000715,1.0,
T000716,1.3,
T000717,9.1,traffic
T000718,9.0,traffic
T000719,5.6,route_change
T000720,0.7,
T000721,5.4,traffic
T000722,1.7,
T000723,13.6,traffic
T000724,14.1,traffic
T000725,4.0,driver_late
T000726,0.1,
T000727,2.7,vehicle_issue
T000728,0.8,
T000729,3.9,driver_late
T000730,9.5,traffic
T000731,0.0,
T000732,2.2,traffic
T000733,17.7,traffic
T000734,2.8,unknown
T000735,1.8,
T000736,3.4,unknown
T000737,3.0,route_change
T000738,6.0,traffic
T000739,5.0,vehicle_issue
T000740,12.1,driver_late
T000741,5.3,unknown
T000742,0.7,
T000743,9.9,traffic
T000744,11.9,vehicle_issue
T000745,9.7,unknown
T000746,6.7,driver_late
T000747,20.7,route_change
T000748,12.4,driver_late
T000749,3.6,unknown
T000750,0.1,
T000751,2.5,traffic
T000752,1.1,
T000753,2.9,traffic
T000754,13.4,traffic
T000755,0.1,
T000756,6.6,vehicle_issue
T000757,0.9,
T000758,2.8,route_change
T000759,3.1,route_change
T000760,0.2,
T000761,3.7,driver_late
T000762,9.4,driver_late
T000763,11.1,unknown
T000764,1.1,
T000765,2.6,vehicle_issue
T000766,3.8,driver_late
T000767,6.1,driver_late
T000768,2.8,traffic
T000769,4.3,driver_late
T000770,3.2,vehicle_issue
T000771,28.9,traffic
T000772,0.7,
T000773,3.8,traffic
T000774,6.7,unknown
T000775,3.5,traffic
T000776,0.5,
T000777,2.0,
T000778,2.4,vehicle_issue
T000779,4.3,unknown
T000780,1.5,
T000781,4.8,traffic
T000782,6.2,driver_late
T000783,1.1,
T000784,0.8,
T000785,5.6,driver_late
T000786,7.8,traffic
T000787,11.7,driver_late
T000788,13.4,route_change
T000789,1.8,
T000790,7.1,traffic
T000791,2.3,vehicle_issue
T000792,6.0,traffic
T000793,4.3,traffic
T000794,4.6,unknown
T000795,24.4,unknown
T000796,2.9,driver_late
T000797,0.5,
T000798,2.3,traffic
T000799,8.8,traffic
T000800,6.1,driver_late
T000801,8.6,traffic
T000802,27.8,unknown
T000803,14.7,traffic
T000804,0.5,
T000805,0.9,
T000806,0.4,
T000807,0.1,
T000808,6.1,traffic
T000809,2.6,unknown
T000810,23.2,traffic
T000811,25.9,vehicle_issue
T000812,10.3,traffic
T000813,5.8,traffic
T000814,3.4,traffic
T000815,2.9,traffic
T000816,1.4,
T000817,5.2,driver_late
T000818,21.3,unknown
T000819,2.1,traffic
T000820,1.8,
T000821,1.7,
T000822,1.2,
T000823,4.3,traffic
T000824,24.9,traffic
T000825,2.4,traffic
T000826,0.5,
T000827,7.7,driver_late
T000828,2.2,traffic
T000829,2.8,route_change
T000830,8.2,traffic
T000831,6.7,traffic
T000832,1.2,
T000833,4.5,vehicle_issue
T000834,5.0,traffic
T000835,5.9,vehicle_issue
T000836,2.7,driver_late
T000837,10.3,driver_late
T000838,6.6,traffic
T000839,13.6,driver_late
T000840,1.3,
T000841,4.6,vehicle_issue
T000842,5.9,vehicle_issue
T000843,3.6,vehicle_issue
T000844,0.8,
T000845,3.2,vehicle_issue
T000846,3.0,traffic
T000847,2.5,route_change
T000848,1.9,
T000849,0.6,
T000850,1.6,
T000851,3.6,traffic
T000852,14.8,route_change
T000853,2.1,driver_late
T000854,3.2,traffic
T000855,2.9,unknown
T000856,5.0,traffic
T000857,6.0,route_change
T000858,5.0,vehicle_issue
T000859,6.1,traffic
T000860,6.7,driver_late
T000861,4.9,traffic
T000862,0.8,
T000863,6.0,traffic
T000864,1.8,
T000865,2.6,vehicle_issue
T000866,2.7,driver_late
T000867,1.1,
T000868,0.2,
T000869,2.6,traffic
T000870,8.1,traffic
T000871,1.4,
T000872,0.6,
T000873,11.5,vehicle_issue
T000874,0.1,
T000875,0.6,
T000876,15.2,driver_late
T000877,3.6,traffic
T000878,4.3,traffic
T000879,1.7,
T000880,13.5,unknown
T000881,0.3,
T000882,7.1,traffic
T000883,4.9,vehicle_issue
T000884,21.5,route_change
T000885,7.3,vehicle_issue
T000886,1.1,
T000887,4.6,driver_late
T000888,2.9,traffic
T000889,14.9,driver_late
T000890,4.9,driver_late
T000891,0.4,
T000892,4.2,vehicle_issue
T000893,4.1,unknown
T000894,2.1,vehicle_issue
T000895,1.3,
T000896,1.1,
T000897,4.7,traffic
T000898,7.2,route_change
T000899,1.4,
T000900,2.2,unknown
T000901,3.0,traffic
T000902,30.1,traffic
T000903,11.9,driver_late
T000904,2.8,traffic
T000905,3.9,traffic
T000906,18.2,unknown
T000907,2.4,driver_late
T000908,7.3,driver_late
T000909,0.2,
T000910,10.5,traffic
T000911,8.0,driver_late
T000912,0.5,
T000913,4.8,traffic
T000914,12.2,traffic
T000915,5.4,traffic
T000916,6.4,traffic
T000917,0.1,
T000918,15.3,vehicle_issue
T000919,0.6,
T000920,2.9,vehicle_issue
T000921,4.1,traffic
T000922,6.0,driver_late
T000923,0.4,
T000924,2.4,driver_late
T000925,19.0,route_change
T000926,7.6,traffic
T000927,1.5,
T000928,11.8,driver_late
T000929,0.5,
T000930,3.1,route_change
T000931,1.5,
T000932,1.0,
T000933,5.9,unknown
T000934,3.6,vehicle_issue
T000935,3.6,traffic
T000936,6.9,traffic
T000937,15.4,unknown
T000938,14.9,traffic
T000939,5.8,traffic
T000940,0.1,
T000941,4.5,route_change
T000942,8.6,traffic
T000943,0.2,
T000944,2.8,driver_late
T000945,2.3,traffic
T000946,6.9,traffic
T000947,8.6,vehicle_issue
T000948,7.5,traffic
T000949,0.3,
T000950,0.2,
T000951,5.0,driver_late
T000952,9.5,traffic
T000953,2.9,vehicle_issue
T000954,0.5,
T000955,1.0,
T000956,4.0,vehicle_issue
T000957,0.7,
T000958,1.0,
T000959,4.4,traffic
T000960,3.3,route_change
T000961,3.7,unknown
T000962,3.6,vehicle_issue
T000963,13.7,driver_late
T000964,7.7,vehicle_issue
T000965,0.7,
T000966,10.9,traffic
T000967,5.2,route_change
T000968,0.9,
T000969,3.1,traffic
T000970,0.9,
T000971,0.7,
T000972,3.0,traffic
T000973,9.3,traffic
T000974,2.9,traffic
T000975,15.4,traffic
T000976,1.7,
T000977,5.3,driver_late
T000978,2.4,driver_late
T000979,0.0,
T000980,1.5,
T000981,0.5,
T000982,1.2,
T000983,4.1,traffic
T000984,1.1,
T000985,10.6,traffic
T000986,5.4,traffic
T000987,17.2,unknown
T000988,1.2,
T000989,8.5,vehicle_issue
T000990,1.9,
T000991,16.4,traffic
T000992,2.6,vehicle_issue
T000993,2.3,vehicle_issue
T000994,2.5,traffic
T000995,13.1,route_change
T000996,2.7,traffic
T000997,7.4,driver_late
T000998,4.9,traffic
T000999,24.7,traffic
T001000,1.3,
T001001,0.2,
T001002,4.5,traffic
T001003,1.0,
T001004,0.1,
T001005,1.5,
T001006,3.7,traffic
T001007,0.4,
T001008,2.2,traffic
T001009,4.2,traffic
T001010,3.4,unknown
T001011,3.2,unknown
T001012,1.7,
T001013,15.8,driver_late
T001014,9.8,driver_late
T001015,11.4,driver_late
T001016,0.7,
T001017,4.0,route_change
T001018,2.2,unknown
T001019,5.5,driver_late
T001020,23.5,traffic
T001021,11.7,route_change
T001022,13.6,traffic
T001023,1.9,
T001024,0.4,
T001025,2.1,driver_late
T001026,4.4,unknown
T001027,3.8,vehicle_issue
T001028,12.9,driver_late
T001029,3.4,traffic
T001030,6.1,vehicle_issue
T001031,4.8,traffic
T001032,8.6,driver_late
T001033,0.5,
T001034,15.2,traffic
T001035,0.8,
T001036,3.1,traffic
T001037,1.9,
T001038,0.4,
T001039,2.1,traffic
T001040,9.9,vehicle_issue
T001041,0.4,
T001042,0.2,
T001043,3.9,unknown
T001044,5.3,traffic
T001045,1.5,
T001046,9.7,driver_late
T001047,1.4,
T001048,1.0,
T001049,6.2,vehicle_issue
T001050,1.3,
T001051,0.5,
T001052,1.0,
T001053,3.8,traffic
T001054,4.4,traffic
T001055,1.2,
T001056,8.8,driver_late
T001057,0.7,
T001058,6.6,driver_late
T001059,2.8,vehicle_issue
T001060,3.3,driver_late
T001061,3.7,traffic
T001062,3.1,traffic
T001063,5.0,traffic
T001064,12.3,traffic
T001065,5.1,vehicle_issue
T001066,4.6,vehicle_issue
T001067,0.0,
T001068,2.0,
T001069,4.5,driver_late
T001070,0.8,
T001071,0.3,
T001072,0.6,
T001073,7.9,vehicle_issue
T001074,0.2,
T001075,0.1,
T001076,1.4,
T001077,15.2,traffic
T001078,3.9,route_change
T001079,17.1,driver_late
T001080,10.8,traffic
T001081,1.9,
T001082,4.8,traffic
T001083,5.2,traffic
T001084,1.3,
T001085,4.5,driver_late
T001086,3.8,traffic
T001087,3.1,driver_late
T001088,4.2,route_change
T001089,13.5,traffic
T001090,0.1,
T001091,13.7,traffic
T001092,1.1,
T001093,0.2,
T001094,14.3,traffic
T001095,0.8,
T001096,16.1,traffic
T001097,1.0,
T001098,8.7,driver_late
T001099,2.3,traffic
T001100,2.3,traffic
T001101,13.9,traffic
T001102,7.0,driver_late
T001103,0.8,
T001104,3.7,driver_late
T001105,0.1,
T001106,1.0,
T001107,4.1,traffic
T001108,2.5,traffic
T001109,2.9,vehicle_issue
T001110,6.8,traffic
T001111,1.3,
T001112,0.7,
T001113,5.6,traffic
T001114,5.8,driver_late
T001115,9.4,vehicle_issue
T001116,0.5,
T001117,3.2,driver_late
T001118,11.8,traffic
T001119,9.8,driver_late
T001120,2.6,traffic
T001121,0.7,
T001122,1.8,
T001123,19.8,driver_late
T001124,25.2,route_change
T001125,0.3,
T001126,6.6,driver_late
T001127,3.5,driver_late
T001128,1.0,
T001129,4.5,route_change
T001130,5.6,driver_late
T001131,7.2,traffic
T001132,12.0,route_change
T001133,9.2,route_change
T001134,1.0,
T001135,5.8,unknown
T001136,8.8,route_change
T001137,0.1,
T001138,9.3,driver_late
T001139,1.5,
T001140,12.0,traffic
T001141,1.8,
T001142,3.3,vehicle_issue
T001143,4.0,traffic
T001144,16.6,driver_late
T001145,13.9,traffic
T001146,22.4,driver_late
T001147,5.2,traffic
T001148,4.3,unknown
T001149,3.7,traffic
T001150,27.8,traffic
T001151,6.8,vehicle_issue
T001152,0.7,
T001153,5.1,vehicle_issue
T001154,6.9,driver_late
T001155,15.9,driver_late
T001156,2.9,vehicle_issue
T001157,3.3,traffic
T001158,7.4,driver_late
T001159,1.8,
T001160,6.7,driver_late
T001161,16.0,vehicle_issue
T001162,14.5,route_change
T001163,4.2,traffic
T001164,20.1,route_change
T001165,34.4,traffic
T001166,0.3,
T001167,4.7,vehicle_issue
T001168,0.6,
T001169,0.6,
T001170,0.1,
T001171,7.5,unknown
T001172,0.3,
T001173,5.0,unknown
T001174,1.9,
T001175,3.0,driver_late
T001176,16.6,route_change
T001177,1.1,
T001178,9.6,unknown
T001179,5.6,driver_late
T001180,2.4,traffic
T001181,1.2,
T001182,6.8,traffic
T001183,3.7,driver_late
T001184,12.3,traffic
T001185,0.4,
T001186,1.7,
T001187,6.0,traffic
T001188,5.2,traffic
T001189,3.1,vehicle_issue
T001190,4.9,traffic
T001191,3.4,driver_late
T001192,3.4,driver_late
T001193,9.2,vehicle_issue
T001194,6.3,traffic
T001195,3.8,driver_late
T001196,8.6,traffic
T001197,9.0,driver_late
T001198,15.0,unknown
T001199,2.9,traffic
T001200,6.1,driver_late
T001201,1.8,
T001202,2.2,traffic
T001203,11.1,traffic
T001204,4.8,vehicle_issue
T001205,3.0,traffic
T001206,3.5,traffic
T001207,3.1,traffic
T001208,2.9,traffic
T001209,1.9,
T001210,0.0,
T001211,7.3,driver_late
T001212,0.5,
T001213,2.4,traffic
T001214,0.8,
T001215,1.0,
T001216,1.3,
T001217,5.2,route_change
T001218,8.3,driver_late
T001219,6.0,traffic
T001220,3.5,traffic
T001221,2.3,traffic
T001222,12.3,traffic
T001223,0.3,
T001224,2.8,vehicle_issue
T001225,29.8,traffic
T001226,10.8,traffic
T001227,4.1,vehicle_issue
T001228,2.7,driver_late
T001229,5.5,driver_late
T001230,6.5,vehicle_issue
T001231,2.9,driver_late
T001232,0.3,
T001233,1.4,
T001234,0.1,
T001235,0.5,
T001236,1.5,
T001237,0.0,
T001238,5.2,vehicle_issue
T001239,0.3,
T001240,3.4,traffic
T001241,24.0,driver_late
T001242,1.1,
T001243,0.8,
T001244,1.3,
T001245,8.6,unknown
T001246,7.0,driver_late
T001247,10.4,traffic
T001248,1.9,
T001249,6.9,route_change
T001250,3.6,driver_late
T001251,0.0,
T001252,7.8,driver_late
T001253,3.7,driver_late
T001254,1.6,
T001255,0.4,
T001256,1.2,
T001257,22.8,traffic
T001258,1.0,
T001259,2.5,driver_late
T001260,7.2,traffic
T001261,9.2,vehicle_issue
T001262,18.1,traffic
T001263,8.5,driver_late
T001264,6.3,traffic
T001265,8.3,driver_late
T001266,1.5,
T001267,13.5,traffic
T001268,1.4,
T001269,4.4,driver_late
T001270,3.2,route_change
T001271,1.7,
T001272,17.1,route_change
T001273,5.5,traffic
T001274,1.1,
T001275,0.5,
T001276,5.3,vehicle_issue
T001277,3.8,driver_late
T001278,8.7,traffic
T001279,12.5,vehicle_issue
T001280,0.2,
T001281,14.6,traffic
T001282,0.5,
T001283,6.2,traffic
T001284,7.0,traffic
T001285,30.8,vehicle_issue
T001286,4.3,traffic
T001287,5.4,vehicle_issue
T001288,12.3,driver_late
T001289,4.0,vehicle_issue
T001290,4.4,traffic
T001291,4.2,traffic
T001292,6.9,unknown
T001293,1.1,
T001294,3.7,route_change
T001295,0.5,
T001296,2.1,traffic
T001297,0.5,
T001298,3.3,traffic
T001299,8.7,traffic
T001300,5.5,unknown
T001301,2.5,unknown
T001302,6.6,driver_late
T001303,4.7,traffic
T001304,19.9,driver_late
T001305,9.0,driver_late
T001306,6.9,traffic
T001307,4.1,traffic
T001308,16.6,traffic
T001309,6.3,driver_late
T001310,4.8,driver_late
T001311,0.9,
T001312,3.1,traffic
T001313,2.7,traffic
T001314,5.1,unknown
T001315,0.4,
T001316,2.8,traffic
T001317,0.4,
T001318,6.2,driver_late
T001319,6.0,driver_late
T001320,2.7,driver_late
T001321,0.6,
T001322,9.1,driver_late
T001323,3.8,traffic
T001324,2.0,
T001325,0.7,
T001326,2.1,traffic
T001327,10.5,traffic
T001328,1.2,
T001329,11.5,unknown
T001330,22.9,traffic
T001331,5.2,traffic
T001332,2.1,traffic
T001333,6.4,vehicle_issue
T001334,2.3,driver_late
T001335,6.7,driver_late
T001336,1.3,
T001337,1.0,
T001338,4.3,traffic
T001339,0.6,
T001340,6.0,unknown
T001341,2.0,
T001342,11.7,traffic
T001343,0.3,
T001344,5.2,route_change
T001345,6.4,traffic
T001346,3.4,driver_late
T001347,5.8,driver_late
T001348,3.9,vehicle_issue
T001349,0.7,
T001350,2.6,traffic
T001351,2.4,vehicle_issue
T001352,11.9,driver_late
T001353,6.7,vehicle_issue
T001354,7.8,traffic
T001355,6.4,unknown
T001356,6.4,driver_late
T001357,4.1,traffic
T001358,5.1,driver_late
T001359,5.5,driver_late
T001360,3.5,traffic
T001361,2.0,
T001362,3.6,traffic
T001363,5.0,vehicle_issue
T001364,8.6,driver_late
T001365,6.0,driver_late
T001366,5.2,route_change
T001367,3.3,traffic
T001368,0.1,
T001369,4.2,route_change
T001370,4.0,vehicle_issue
T001371,0.7,
T001372,2.6,driver_late
T001373,1.3,
T001374,1.4,
T001375,1.3,
T001376,0.2,
T001377,2.5,driver_late
T001378,20.9,route_change
T001379,1.8,
T001380,4.6,unknown
T001381,8.0,traffic
T001382,7.8,traffic
T001383,1.1,
T001384,3.9,traffic
T001385,5.9,unknown
T001386,3.2,route_change
T001387,5.8,unknown
T001388,12.9,driver_late
T001389,0.8,
T001390,3.4,unknown
T001391,17.9,route_change
T001392,0.3,
T001393,40.1,unknown
T001394,4.4,traffic
T001395,14.5,route_change
T001396,5.7,traffic
T001397,19.4,traffic
T001398,0.3,
T001399,1.8,
T001400,1.6,
T001401,9.6,driver_late
T001402,10.3,driver_late
T001403,13.2,driver_late
T001404,14.5,traffic
T001405,3.7,route_change
T001406,3.4,traffic
T001407,9.1,traffic
T001408,2.4,driver_late
T001409,2.4,traffic
T001410,4.6,unknown
T001411,0.5,
T001412,1.2,
T001413,3.0,traffic
T001414,2.8,route_change
T001415,3.2,driver_late
T001416,1.2,
T001417,8.1,driver_late
T001418,6.1,vehicle_issue
T001419,0.6,
T001420,25.3,driver_late
T001421,0.4,
T001422,0.4,
T001423,2.9,route_change
T001424,1.2,
T001425,6.0,traffic
T001426,10.6,traffic
T001427,3.7,traffic
T001428,21.5,traffic
T001429,2.7,traffic
T001430,11.6,traffic
T001431,2.8,unknown
T001432,1.0,
T001433,1.5,
T001434,6.3,unknown
T001435,0.3,
T001436,2.6,traffic
T001437,0.8,
T001438,8.6,route_change
T001439,3.1,route_change
T001440,0.9,
T001441,15.2,route_change
T001442,0.3,
T001443,4.0,unknown
T001444,6.7,route_change
T001445,2.7,driver_late
T001446,1.6,
T001447,1.8,
T001448,12.0,traffic
T001449,7.8,unknown
T001450,0.6,
T001451,3.8,driver_late
T001452,7.9,vehicle_issue
T001453,9.6,traffic
T001454,7.1,driver_late
T001455,0.4,
T001456,0.8,
T001457,7.1,unknown
T001458,3.0,route_change
T001459,8.4,route_change
T001460,8.8,traffic
T001461,3.9,driver_late
T001462,11.3,vehicle_issue
T001463,8.6,traffic
T001464,24.7,unknown
T001465,0.3,
T001466,11.8,driver_late
T001467,12.1,traffic
T001468,1.0,
T001469,4.4,vehicle_issue
T001470,5.7,traffic
T001471,4.2,driver_late
T001472,7.3,driver_late
T001473,9.5,driver_late
T001474,4.9,driver_late
T001475,0.5,
T001476,4.1,vehicle_issue
T001477,0.8,
T001478,0.2,
T001479,10.1,driver_late
T001480,3.6,driver_late
T001481,7.3,driver_late
T001482,6.5,driver_late
T001483,1.4,
T001484,0.8,
T001485,3.9,route_change
T001486,4.6,driver_late
T001487,3.0,traffic
T001488,5.7,route_change
T001489,7.6,traffic
T001490,1.9,
T001491,3.5,vehicle_issue
T001492,3.4,traffic
T001493,5.5,vehicle_issue
T001494,22.3,driver_late
T001495,3.0,unknown
T001496,14.8,driver_late
T001497,2.5,vehicle_issue
T001498,13.2,driver_late
T001499,18.2,vehicle_issue
T001500,6.1,route_change
T001501,0.3,
T001502,4.3,unknown
T001503,1.6,
T001504,2.4,traffic
T001505,4.2,traffic
T001506,3.9,driver_late
T001507,8.1,traffic
T001508,3.6,driver_late
T001509,1.4,
T001510,2.9,traffic
T001511,2.9,vehicle_issue
T001512,1.5,
T001513,5.8,vehicle_issue
T001514,1.6,
T001515,1.3,
T001516,2.1,traffic
T001517,6.8,route_change
T001518,0.8,
T001519,10.1,vehicle_issue
T001520,2.8,unknown
T001521,13.0,vehicle_issue
T001522,17.3,driver_late
T001523,3.6,driver_late
T001524,3.5,traffic
T001525,0.5,
T001526,0.7,
T001527,4.2,traffic
T001528,1.7,
T001529,1.5,
T001530,1.0,
T001531,2.9,traffic
T001532,3.6,traffic
T001533,11.5,traffic
T001534,2.1,vehicle_issue
T001535,5.3,vehicle_issue
T001536,20.1,driver_late
T001537,6.2,vehicle_issue
T001538,17.0,traffic
T001539,1.1,
T001540,0.7,
T001541,31.1,traffic
T001542,3.3,driver_late
T001543,5.5,driver_late
T001544,2.8,driver_late
T001545,10.8,route_change
T001546,22.2,traffic
T001547,4.4,driver_late
T001548,5.7,traffic
T001549,12.5,traffic
T001550,1.0,
T001551,1.2,
T001552,0.8,
T001553,2.2,traffic
T001554,2.6,driver_late
T001555,2.4,driver_late
T001556,7.3,traffic
T001557,19.0,traffic
T001558,2.3,vehicle_issue
T001559,12.7,traffic
T001560,1.3,
T001561,16.7,vehicle_issue
T001562,10.5,traffic
T001563,1.2,
T001564,8.9,route_change
T001565,10.0,traffic
T001566,4.8,driver_late
T001567,3.8,unknown
T001568,20.3,traffic
T001569,8.4,driver_late
T001570,4.5,driver_late
T001571,0.8,
T001572,6.9,route_change
T001573,30.7,traffic
T001574,6.7,traffic
T001575,9.4,driver_late
T001576,0.2,
T001577,0.1,
T001578,6.5,traffic
T001579,11.8,traffic
T001580,3.6,traffic
T001581,3.3,traffic
T001582,6.3,driver_late
T001583,3.4,vehicle_issue
T001584,1.1,
T001585,2.4,driver_late
T001586,1.6,
T001587,5.9,route_change
T001588,3.2,driver_late
T001589,2.4,unknown
T001590,6.5,traffic
T001591,6.7,driver_late
T001592,6.4,traffic
T001593,1.9,
T001594,0.1,
T001595,1.1,
T001596,0.7,
T001597,7.6,traffic
T001598,0.0,
T001599,6.7,traffic
T001600,4.4,traffic
T001601,2.8,driver_late
T001602,4.6,traffic
T001603,1.5,
T001604,0.7,
T001605,2.4,vehicle_issue
T001606,4.7,traffic
T001607,4.4,traffic
T001608,10.2,traffic
T001609,0.5,
T001610,21.2,driver_late
T001611,0.5,
T001612,2.8,traffic
T001613,9.6,traffic
T001614,2.7,traffic
T001615,2.8,traffic
T001616,14.0,unknown
T001617,1.4,
T001618,4.3,traffic
T001619,10.2,vehicle_issue
T001620,7.0,route_change
T001621,0.3,
T001622,1.0,
T001623,1.4,
T001624,0.3,
T001625,6.1,traffic
T001626,7.1,driver_late
T001627,10.6,traffic
T001628,2.3,driver_late
T001629,1.9,
T001630,0.5,
T001631,6.9,vehicle_issue
T001632,1.7,
T001633,5.5,traffic
T001634,1.3,
T001635,2.4,traffic
T001636,4.3,driver_late
T001637,2.2,traffic
T001638,1.3,
T001639,0.8,
T001640,2.2,traffic
T001641,12.3,driver_late
T001642,7.8,unknown
T001643,13.8,driver_late
T001644,3.9,traffic
T001645,26.8,traffic
T001646,1.1,
T001647,4.6,driver_late
T001648,12.0,traffic
T001649,14.0,traffic
T001650,8.3,traffic
T001651,10.1,traffic
T001652,17.3,unknown
T001653,1.7,
T001654,11.9,driver_late
T001655,1.4,
T001656,0.2,
T001657,28.1,traffic
T001658,5.1,unknown
T001659,11.3,traffic
T001660,2.6,driver_late
T001661,1.6,
T001662,3.7,vehicle_issue
T001663,0.8,
T001664,10.8,vehicle_issue
T001665,15.7,driver_late
T001666,6.3,driver_late
T001667,3.7,traffic
T001668,11.4,traffic
T001669,5.2,unknown
T001670,3.0,driver_late
T001671,10.5,driver_late
T001672,2.7,traffic
T001673,0.3,
T001674,8.2,driver_late
T001675,0.3,
T001676,1.1,
T001677,1.8,
T001678,19.9,vehicle_issue
T001679,2.5,unknown
T001680,6.0,traffic
T001681,0.7,
T001682,0.8,
T001683,2.2,vehicle_issue
T001684,26.0,driver_late
T001685,3.4,traffic
T001686,5.9,traffic
T001687,5.1,traffic
T001688,7.9,driver_late
T001689,9.5,traffic
T001690,2.1,driver_late
T001691,0.4,
T001692,0.2,
T001693,6.9,traffic
T001694,1.7,
T001695,7.2,route_change
T001696,0.9,
T001697,27.3,driver_late
T001698,0.0,
T001699,4.6,driver_late
T001700,8.3,route_change
T001701,0.1,
T001702,3.6,driver_late
T001703,3.1,vehicle_issue
T001704,4.9,traffic
T001705,3.8,traffic
T001706,4.0,driver_late
T001707,1.1,
T001708,1.5,
T001709,10.1,traffic
T001710,4.7,driver_late
T001711,11.1,unknown
T001712,2.9,driver_late
T001713,1.4,
T001714,19.7,traffic
T001715,0.6,
T001716,3.7,driver_late
T001717,0.7,
T001718,2.6,driver_late
T001719,13.6,traffic
T001720,6.0,vehicle_issue
T001721,8.4,driver_late
T001722,6.7,driver_late
T001723,0.5,
T001724,0.4,
T001725,3.9,unknown
T001726,0.5,
T001727,0.0,
T001728,7.0,driver_late
T001729,8.1,driver_late
T001730,2.3,traffic
T001731,6.1,traffic
T001732,1.4,
T001733,12.5,route_change
T001734,5.6,traffic
T001735,0.2,
T001736,4.1,traffic
T001737,5.5,traffic
T001738,0.2,
T001739,4.2,unknown
T001740,0.9,
T001741,2.7,traffic
T001742,4.3,traffic
T001743,1.1,
T001744,7.1,traffic
T001745,2.7,driver_late
T001746,2.9,traffic
T001747,55.6,traffic
T001748,7.2,traffic
T001749,2.3,driver_late
T001750,0.3,
T001751,11.6,vehicle_issue
T001752,1.0,
T001753,7.1,traffic
T001754,10.2,route_change
T001755,2.8,driver_late
T001756,12.5,traffic
T001757,2.0,
T001758,1.5,
T001759,8.0,traffic
T001760,4.0,vehicle_issue
T001761,0.1,
T001762,3.0,driver_late
T001763,2.8,driver_late
T001764,2.5,unknown
T001765,3.4,vehicle_issue
T001766,25.9,traffic
T001767,3.5,vehicle_issue
T001768,10.8,driver_late
T001769,1.2,
T001770,1.9,
T001771,0.7,
T001772,7.2,traffic
T001773,1.8,
T001774,2.5,traffic
T001775,9.2,traffic
T001776,2.2,traffic
T001777,15.8,traffic
T001778,9.4,route_change
T001779,2.0,
T001780,0.3,
T001781,1.0,
T001782,4.3,traffic
T001783,5.4,traffic
T001784,7.9,unknown
T001785,0.2,
T001786,10.4,traffic
T001787,3.6,vehicle_issue
T001788,0.4,
T001789,4.6,traffic
T001790,8.2,traffic
T001791,1.0,
T001792,2.4,traffic
T001793,3.0,driver_late
T001794,0.7,
T001795,9.3,traffic
T001796,1.5,
T001797,2.7,route_change
T001798,1.0,
T001799,7.9,unknown
T001800,0.1,
T001801,4.2,traffic
T001802,1.7,
T001803,6.6,route_change
T001804,5.1,vehicle_issue
T001805,2.8,driver_late
T001806,5.1,vehicle_issue
T001807,1.2,
T001808,27.2,driver_late
T001809,1.8,
T001810,4.0,unknown
T001811,1.1,
T001812,5.6,driver_late
T001813,24.4,vehicle_issue
T001814,8.5,vehicle_issue
T001815,1.1,
T001816,6.8,driver_late
T001817,13.6,traffic
T001818,5.8,traffic
T001819,1.0,
T001820,2.4,vehicle_issue
T001821,3.3,traffic
T001822,1.7,
T001823,2.4,driver_late
T001824,14.2,driver_late
T001825,0.6,
T001826,7.5,vehicle_issue
T001827,5.4,route_change
T001828,0.8,
T001829,2.0,
T001830,1.3,
T001831,0.2,
T001832,4.0,vehicle_issue
T001833,0.1,
T001834,0.6,
T001835,3.5,traffic
T001836,9.4,traffic
T001837,3.8,route_change
T001838,8.0,route_change
T001839,0.6,
T001840,0.5,
T001841,5.8,traffic
T001842,0.5,
T001843,0.2,
T001844,7.5,traffic
T001845,4.1,route_change
T001846,8.8,traffic
T001847,30.9,traffic
T001848,3.8,traffic
T001849,5.9,unknown
T001850,12.5,traffic
T001851,0.4,
T001852,0.8,
T001853,0.8,
T001854,0.1,
T001855,8.7,driver_late
T001856,3.8,unknown
T001857,6.1,traffic
T001858,1.7,
T001859,0.5,
T001860,5.4,route_change
T001861,5.8,vehicle_issue
T001862,0.9,
T001863,0.2,
T001864,0.6,
T001865,4.3,driver_late
T001866,5.1,driver_late
T001867,0.4,
T001868,0.1,
T001869,1.9,
T001870,19.7,driver_late
T001871,3.0,driver_late
T001872,2.9,traffic
T001873,0.1,
T001874,5.8,route_change
T001875,6.1,traffic
T001876,5.2,traffic
T001877,3.3,vehicle_issue
T001878,5.0,driver_late
T001879,14.7,traffic
T001880,5.1,route_change
T001881,12.4,route_change
T001882,9.5,traffic
T001883,6.1,traffic
T001884,0.8,
T001885,2.5,traffic
T001886,3.1,vehicle_issue
T001887,4.7,driver_late
T001888,10.3,driver_late
T001889,12.5,traffic
T001890,2.5,route_change
T001891,0.1,
T001892,1.9,
T001893,0.7,
T001894,0.5,
T001895,5.7,driver_late
T001896,0.0,
T001897,1.5,
T001898,7.1,traffic
T001899,4.8,vehicle_issue
T001900,9.5,traffic
T001901,0.5,
T001902,9.5,route_change
T001903,4.4,driver_late
T001904,18.5,vehicle_issue
T001905,0.6,
T001906,11.7,traffic
T001907,0.8,
T001908,7.7,driver_late
T001909,2.9,traffic
T001910,8.2,vehicle_issue
T001911,10.5,traffic
T001912,8.4,unknown
T001913,0.1,
T001914,3.7,route_change
T001915,5.2,traffic
T001916,11.1,traffic
T001917,11.8,vehicle_issue
T001918,12.9,route_change
T001919,6.1,traffic
T001920,6.7,vehicle_issue
T001921,5.6,driver_late
T001922,6.2,traffic
T001923,3.4,traffic
T001924,0.4,
T001925,1.7,
T001926,3.8,driver_late
T001927,8.8,traffic
T001928,24.7,vehicle_issue
T001929,5.1,traffic
T001930,10.0,traffic
T001931,0.6,
T001932,7.8,driver_late
T001933,2.3,traffic
T001934,0.2,
T001935,1.5,
T001936,5.0,traffic
T001937,4.5,vehicle_issue
T001938,4.6,traffic
T001939,4.8,traffic
T001940,1.6,
T001941,0.5,
T001942,0.5,
T001943,13.3,driver_late
T001944,14.3,driver_late
T001945,1.6,
T001946,11.0,traffic
T001947,6.7,traffic
T001948,3.5,vehicle_issue
T001949,2.6,driver_late
T001950,1.7,
T001951,3.7,driver_late
T001952,4.5,traffic
T001953,8.4,route_change
T001954,1.0,
T001955,11.7,driver_late
T001956,4.0,vehicle_issue
T001957,3.9,traffic
T001958,2.1,traffic
T001959,3.0,traffic
T001960,3.6,driver_late
T001961,7.1,vehicle_issue
T001962,2.7,traffic
T001963,1.2,
T001964,5.8,unknown
T001965,8.0,route_change
T001966,1.9,
T001967,12.6,driver_late
T001968,10.3,unknown
T001969,12.5,traffic
T001970,2.0,
T001971,2.1,traffic
T001972,13.8,traffic
T001973,1.9,
T001974,0.7,
T001975,5.2,unknown
T001976,2.1,driver_late
T001977,4.5,route_change
T001978,1.8,
T001979,3.5,traffic
T001980,22.9,driver_late
T001981,1.6,
T001982,4.3,driver_late
T001983,1.1,
T001984,5.4,driver_late
T001985,0.9,
T001986,4.0,driver_late
T001987,0.4,
T001988,11.3,traffic
T001989,2.1,traffic
T001990,2.8,route_change
T001991,6.2,route_change
T001992,32.0,driver_late
T001993,7.0,traffic
T001994,0.5,
T001995,7.6,route_change
T001996,6.9,traffic
T001997,3.9,driver_late
T001998,3.3,vehicle_issue
T001999,2.7,traffic
T002000,0.4,
T002001,5.6,driver_late
T002002,5.1,driver_late
T002003,9.7,route_change
T002004,1.6,
T002005,3.0,unknown
T002006,0.6,
T002007,8.7,driver_late
T002008,3.1,driver_late
T002009,3.2,traffic
T002010,5.4,driver_late
T002011,6.9,driver_late
T002012,48.6,route_change
T002013,2.5,traffic
T002014,5.5,traffic
T002015,1.6,
T002016,0.1,
T002017,0.6,
T002018,1.3,
T002019,10.6,vehicle_issue
T002020,6.8,driver_late
T002021,6.0,vehicle_issue
T002022,22.8,traffic
T002023,2.5,driver_late
T002024,15.6,route_change
T002025,1.4,
T002026,14.6,traffic
T002027,0.1,
T002028,0.6,
T002029,3.6,vehicle_issue
T002030,4.5,traffic
T002031,16.0,vehicle_issue
T002032,2.7,route_change
T002033,3.3,unknown
T002034,2.6,driver_late
T002035,0.8,
T002036,4.5,route_change
T002037,11.3,unknown
T002038,6.3,unknown
T002039,14.9,traffic
T002040,2.9,traffic
T002041,1.1,
T002042,13.4,traffic
T002043,1.7,
T002044,15.8,traffic
T002045,18.5,route_change
T002046,17.9,vehicle_issue
T002047,1.5,
T002048,3.2,traffic
T002049,5.9,unknown
T002050,10.9,traffic
T002051,2.2,driver_late
T002052,3.3,route_change
T002053,13.3,traffic
T002054,3.7,driver_late
T002055,4.5,traffic
T002056,5.0,traffic
T002057,7.7,driver_late
T002058,6.0,unknown
T002059,8.7,traffic
T002060,0.3,
T002061,11.6,unknown
T002062,2.0,
T002063,13.8,route_change
T002064,7.8,vehicle_issue
T002065,4.5,vehicle_issue
T002066,6.0,driver_late
T002067,3.7,driver_late
T002068,1.9,
T002069,0.0,
T002070,9.1,traffic
T002071,4.6,traffic
T002072,7.4,unknown
T002073,10.2,driver_late
T002074,2.2,unknown
T002075,0.3,
T002076,0.8,
T002077,2.7,unknown
T002078,1.7,
T002079,2.3,traffic
T002080,3.2,traffic
T002081,1.7,
T002082,9.9,traffic
T002083,14.8,traffic
T002084,1.2,
T002085,6.2,traffic
T002086,7.7,route_change
T002087,2.4,vehicle_issue
T002088,9.2,traffic
T002089,3.7,driver_late
T002090,0.3,
T002091,0.6,
T002092,6.8,vehicle_issue
T002093,6.1,traffic
T002094,0.9,
T002095,11.0,vehicle_issue
T002096,1.1,
T002097,1.4,
T002098,8.3,traffic
T002099,22.7,driver_late
T002100,1.4,
T002101,13.7,traffic
T002102,1.8,
T002103,1.3,
T002104,6.9,traffic
T002105,1.2,
T002106,4.3,driver_late
T002107,0.9,
T002108,11.3,traffic
T002109,2.5,driver_late
T002110,24.7,vehicle_issue
T002111,2.9,traffic
T002112,1.1,
T002113,1.1,
T002114,2.2,unknown
T002115,7.5,traffic
T002116,8.4,driver_late
T002117,0.3,
T002118,2.6,vehicle_issue
T002119,7.1,traffic
T002120,9.1,driver_late
T002121,4.3,traffic
T002122,0.3,
T002123,1.4,
T002124,6.0,vehicle_issue
T002125,7.9,traffic
T002126,1.1,
T002127,10.7,traffic
T002128,1.2,
T002129,0.5,
T002130,3.5,route_change
T002131,1.7,
T002132,0.6,
T002133,0.2,
T002134,8.6,unknown
T002135,1.1,
T002136,3.6,driver_late
T002137,15.1,vehicle_issue
T002138,2.3,traffic
T002139,14.1,traffic
T002140,8.0,driver_late
T002141,8.0,driver_late
T002142,12.2,traffic
T002143,5.7,traffic
T002144,0.7,
T002145,4.9,traffic
T002146,2.8,unknown
T002147,4.3,driver_late
T002148,5.3,unknown
T002149,1.6,
T002150,0.3,
T002151,6.0,unknown
T002152,4.4,traffic
T002153,7.9,driver_late
T002154,1.0,
T002155,5.7,traffic
T002156,10.9,unknown
T002157,7.5,driver_late
T002158,4.0,driver_late
T002159,1.2,
T002160,0.3,
T002161,0.2,
T002162,5.5,route_change
T002163,24.6,traffic
T002164,0.6,
T002165,2.0,
T002166,2.5,vehicle_issue
T002167,11.0,traffic
T002168,3.4,unknown
T002169,13.9,driver_late
T002170,0.9,
T002171,2.4,traffic
T002172,16.8,traffic
T002173,2.3,route_change
T002174,14.1,vehicle_issue
T002175,15.7,traffic
T002176,13.5,driver_late
T002177,6.7,unknown
T002178,5.4,traffic
T002179,1.5,
T002180,5.2,traffic
T002181,6.0,traffic
T002182,15.2,traffic
T002183,0.3,
T002184,1.1,
T002185,0.1,
T002186,5.9,driver_late
T002187,7.5,driver_late
T002188,3.1,vehicle_issue
T002189,3.0,traffic
T002190,6.6,route_change
T002191,1.8,
T002192,12.3,traffic
T002193,2.2,traffic
T002194,1.9,
T002195,0.2,
T002196,1.7,
T002197,1.3,
T002198,7.0,vehicle_issue
T002199,16.9,traffic
T002200,5.2,vehicle_issue
T002201,1.8,
T002202,10.4,vehicle_issue
T002203,4.6,traffic
T002204,9.3,traffic
T002205,5.8,route_change
T002206,11.7,vehicle_issue
T002207,5.2,driver_late
T002208,20.9,traffic
T002209,1.8,
T002210,1.9,
T002211,0.7,
T002212,6.5,traffic
T002213,9.9,traffic
T002214,2.8,driver_late
T002215,2.9,vehicle_issue
T002216,0.6,
T002217,4.9,route_change
T002218,0.6,
T002219,2.6,unknown
T002220,1.3,
T002221,3.1,driver_late
T002222,22.9,driver_late
T002223,5.0,vehicle_issue
T002224,1.8,
T002225,7.6,vehicle_issue
T002226,2.4,traffic
T002227,0.7,
T002228,6.7,traffic
T002229,2.8,traffic
T002230,1.7,
T002231,9.9,traffic
T002232,1.1,
T002233,11.3,traffic
T002234,0.3,
T002235,10.6,traffic
T002236,16.0,vehicle_issue
T002237,0.6,
T002238,0.2,
T002239,12.0,driver_late
T002240,3.8,traffic
T002241,14.2,route_change
T002242,8.3,unknown
T002243,4.0,traffic
T002244,3.6,vehicle_issue
T002245,5.8,route_change
T002246,2.2,driver_late
T002247,0.2,
T002248,7.4,route_change
T002249,1.3,
T002250,0.2,
T002251,3.0,driver_late
T002252,4.5,vehicle_issue
T002253,7.6,route_change
T002254,0.2,
T002255,9.4,traffic
T002256,7.7,driver_late
T002257,2.3,traffic
T002258,0.9,
T002259,0.3,
T002260,2.4,unknown
T002261,4.1,unknown
T002262,1.1,
T002263,8.8,traffic
T002264,5.7,traffic
T002265,5.1,unknown
T002266,10.4,traffic
T002267,4.7,driver_late
T002268,8.3,vehicle_issue
T002269,3.9,traffic
T002270,7.0,driver_late
T002271,9.4,driver_late
T002272,0.7,
T002273,6.9,driver_late
T002274,0.7,
T002275,6.5,route_change
T002276,4.8,vehicle_issue
T002277,7.3,traffic
T002278,0.7,
T002279,3.0,traffic
T002280,3.8,driver_late
T002281,13.2,traffic
T002282,5.2,traffic
T002283,18.4,traffic
T002284,0.2,
T002285,1.8,
T002286,4.3,driver_late
T002287,6.5,unknown
T002288,2.0,
T002289,9.4,driver_late
T002290,4.3,driver_late
T002291,13.9,traffic
T002292,1.9,
T002293,1.8,
T002294,1.7,
T002295,10.7,traffic
T002296,3.4,route_change
T002297,1.1,
T002298,8.8,route_change
T002299,3.3,traffic
T002300,18.9,traffic
T002301,6.3,traffic
T002302,9.8,route_change
T002303,0.4,
T002304,12.6,driver_late
T002305,4.5,traffic
T002306,1.5,
T002307,1.4,
T002308,0.6,
T002309,3.9,unknown
T002310,1.4,
T002311,3.1,route_change
T002312,2.7,unknown
T002313,1.1,
T002314,9.9,driver_late
T002315,3.0,traffic
T002316,2.9,vehicle_issue
T002317,0.7,
T002318,2.5,unknown
T002319,0.1,
T002320,3.0,traffic
T002321,4.8,traffic
T002322,2.5,traffic
T002323,7.8,vehicle_issue
T002324,41.4,route_change
T002325,5.1,driver_late
T002326,10.9,driver_late
T002327,7.5,traffic
T002328,10.3,route_change
T002329,0.2,
T002330,3.0,traffic
T002331,3.1,driver_late
T002332,7.5,vehicle_issue
T002333,12.8,driver_late
T002334,3.2,driver_late
T002335,6.0,driver_late
T002336,1.3,
T002337,3.3,driver_late
T002338,5.2,route_change
T002339,1.5,
T002340,0.4,
T002341,0.7,
T002342,3.3,traffic
T002343,9.4,vehicle_issue
T002344,0.3,
T002345,1.7,
T002346,0.8,
T002347,2.9,driver_late
T002348,7.2,route_change
T002349,4.9,traffic
T002350,0.1,
T002351,2.4,vehicle_issue
T002352,8.9,traffic
T002353,4.4,vehicle_issue
T002354,2.4,driver_late
T002355,0.9,
T002356,4.2,traffic
T002357,5.8,driver_late
T002358,13.3,driver_late
T002359,7.5,driver_late
T002360,15.8,vehicle_issue
T002361,16.7,driver_late
T002362,10.8,vehicle_issue
T002363,2.3,vehicle_issue
T002364,10.5,driver_late
T002365,5.4,route_change
T002366,3.8,traffic
T002367,10.4,vehicle_issue
T002368,10.7,traffic
T002369,3.9,route_change
T002370,3.8,traffic
T002371,0.9,
T002372,8.1,traffic
T002373,0.9,
T002374,7.9,driver_late
T002375,4.1,traffic
T002376,2.6,traffic
T002377,0.3,
T002378,3.2,route_change
T002379,11.0,vehicle_issue
T002380,3.2,traffic
T002381,0.0,
T002382,2.4,traffic
T002383,0.2,
T002384,5.4,driver_late
T002385,3.9,route_change
T002386,2.0,
T002387,14.3,unknown
T002388,22.8,unknown
T002389,6.9,traffic
T002390,2.9,vehicle_issue
T002391,16.4,traffic
T002392,6.8,traffic
T002393,0.9,
T002394,0.7,
T002395,0.3,
T002396,1.1,
T002397,1.4,
T002398,5.5,traffic
T002399,4.5,driver_late
T002400,0.7,
T002401,2.6,traffic
T002402,24.9,traffic
T002403,6.6,traffic
T002404,0.3,
T002405,12.7,route_change
T002406,6.6,traffic
T002407,10.5,traffic
T002408,17.2,route_change
T002409,7.8,driver_late
T002410,2.9,route_change
T002411,20.8,route_change
T002412,9.1,driver_late
T002413,0.7,
T002414,3.8,vehicle_issue
T002415,0.9,
T002416,1.2,
T002417,4.9,traffic
T002418,12.5,traffic
T002419,3.6,vehicle_issue
T002420,14.7,traffic
T002421,0.7,
T002422,6.5,traffic
T002423,7.0,route_change
T002424,1.5,
T002425,8.8,route_change
T002426,1.8,
T002427,27.3,driver_late
T002428,7.6,vehicle_issue
T002429,2.1,route_change
T002430,2.6,driver_late
T002431,0.1,
T002432,0.9,
T002433,7.3,route_change
T002434,2.1,driver_late
T002435,0.2,
T002436,1.2,
T002437,0.1,
T002438,30.7,driver_late
T002439,0.4,
T002440,5.7,traffic
T002441,1.6,
T002442,6.4,vehicle_issue
T002443,3.7,traffic
T002444,0.9,
T002445,3.0,unknown
T002446,7.0,driver_late
T002447,1.0,
T002448,0.2,
T002449,2.9,driver_late
T002450,3.5,traffic
T002451,2.3,vehicle_issue
T002452,5.0,route_change
T002453,1.4,
T002454,0.4,
T002455,17.2,vehicle_issue
T002456,13.4,traffic
T002457,9.9,vehicle_issue
T002458,5.1,traffic
T002459,1.5,
T002460,15.9,traffic
T002461,12.2,driver_late
T002462,3.1,vehicle_issue
T002463,9.1,unknown
T002464,5.0,driver_late
T002465,4.7,driver_late
T002466,4.6,traffic
T002467,1.3,
T002468,3.0,driver_late
T002469,3.7,driver_late
T002470,2.7,traffic
T002471,0.5,
T002472,0.6,
T002473,3.8,unknown
T002474,8.4,driver_late
T002475,9.5,vehicle_issue
T002476,1.5,
T002477,11.6,traffic
T002478,4.9,vehicle_issue
T002479,4.6,driver_late
T002480,5.2,vehicle_issue
T002481,3.0,traffic
T002482,1.6,
T002483,4.0,traffic
T002484,2.7,traffic
T002485,9.5,traffic
T002486,0.2,
T002487,1.5,
T002488,15.1,driver_late
T002489,0.9,
T002490,3.7,traffic
T002491,1.7,
T002492,0.4,
T002493,3.9,driver_late
T002494,1.3,
T002495,21.0,traffic
T002496,2.5,traffic
T002497,4.3,vehicle_issue
T002498,5.3,traffic
T002499,14.6,driver_late
T002500,2.5,vehicle_issue
T002501,11.3,route_change
T002502,1.1,
T002503,3.6,driver_late
T002504,2.8,vehicle_issue
T002505,8.8,traffic
T002506,9.6,traffic
T002507,5.5,traffic
T002508,1.3,
T002509,6.9,traffic
T002510,0.1,
T002511,1.4,
T002512,1.1,
T002513,4.4,traffic
T002514,6.2,driver_late
T002515,0.1,
T002516,0.1,
T002517,4.0,traffic
T002518,4.1,unknown
T002519,5.1,traffic
T002520,5.3,vehicle_issue
T002521,17.9,traffic
T002522,5.4,route_change
T002523,0.6,
T002524,0.2,
T002525,0.8,
T002526,2.0,
T002527,8.2,traffic
T002528,10.6,unknown
T002529,4.8,traffic
T002530,3.8,traffic
T002531,4.5,vehicle_issue
T002532,2.2,driver_late
T002533,2.8,traffic
T002534,10.8,traffic
T002535,0.2,
T002536,2.5,route_change
T002537,7.9,route_change
T002538,1.7,
T002539,12.9,driver_late
T002540,12.9,driver_late
T002541,0.7,
T002542,5.3,driver_late
T002543,17.7,traffic
T002544,0.3,
T002545,2.6,traffic
T002546,20.1,driver_late
T002547,9.6,vehicle_issue
T002548,0.3,
T002549,1.9,
T002550,5.5,vehicle_issue
T002551,2.5,driver_late
T002552,13.8,vehicle_issue
T002553,0.3,
T002554,6.4,traffic
T002555,3.5,driver_late
T002556,3.0,vehicle_issue
T002557,10.4,traffic
T002558,3.1,vehicle_issue
T002559,8.9,driver_late
T002560,13.5,route_change
T002561,2.7,vehicle_issue
T002562,9.7,driver_late
T002563,1.9,
T002564,6.5,driver_late
T002565,7.7,vehicle_issue
T002566,5.4,driver_late
T002567,2.4,vehicle_issue
T002568,8.0,driver_late
T002569,2.3,vehicle_issue
T002570,10.6,traffic
T002571,2.9,vehicle_issue
T002572,6.1,traffic
T002573,1.1,
T002574,18.4,vehicle_issue
T002575,2.9,driver_late
T002576,2.7,unknown
T002577,0.4,
T002578,9.9,driver_late
T002579,1.1,
T002580,3.2,traffic
T002581,2.2,driver_late
T002582,5.7,traffic
T002583,4.6,traffic
T002584,10.9,unknown
T002585,2.7,traffic
T002586,5.6,traffic
T002587,7.1,traffic
T002588,6.9,traffic
T002589,11.1,traffic
T002590,7.2,route_change
T002591,5.7,traffic
T002592,2.8,traffic
T002593,7.7,driver_late
T002594,3.7,route_change
T002595,1.9,
T002596,2.1,traffic
T002597,1.8,
T002598,0.0,
T002599,11.6,route_change
T002600,19.4,unknown
T002601,1.6,
T002602,3.8,driver_late
T002603,3.3,traffic
T002604,0.9,
T002605,12.8,traffic
T002606,5.7,driver_late
T002607,1.8,
T002608,6.7,driver_late
T002609,0.4,
T002610,6.5,vehicle_issue
T002611,10.0,driver_late
T002612,9.5,traffic
T002613,2.0,
T002614,9.0,route_change
T002615,11.2,unknown
T002616,9.5,traffic
T002617,2.8,driver_late
T002618,5.1,vehicle_issue
T002619,0.2,
T002620,6.9,traffic
T002621,12.7,traffic
T002622,3.4,traffic
T002623,12.6,driver_late
T002624,0.4,
T002625,1.1,
T002626,0.0,
T002627,2.1,unknown
T002628,5.4,driver_late
T002629,0.0,
T002630,8.5,driver_late
T002631,0.9,
T002632,4.3,route_change
T002633,4.6,driver_late
T002634,11.2,vehicle_issue
T002635,2.6,traffic
T002636,0.8,
T002637,6.1,driver_late
T002638,0.2,
T002639,17.0,traffic
T002640,8.0,traffic
T002641,2.6,route_change
T002642,10.4,unknown
T002643,3.3,driver_late
T002644,7.1,traffic
T002645,0.3,
T002646,2.8,driver_late
T002647,1.0,
T002648,10.9,driver_late
T002649,4.1,unknown
T002650,4.5,unknown
T002651,13.7,traffic
T002652,11.2,traffic
T002653,5.0,driver_late
T002654,17.0,vehicle_issue
T002655,6.7,vehicle_issue
T002656,0.5,
T002657,4.0,vehicle_issue
T002658,6.2,driver_late
T002659,5.4,unknown
T002660,7.7,traffic
T002661,5.6,traffic
T002662,2.8,driver_late
T002663,4.3,traffic
T002664,3.4,vehicle_issue
T002665,37.8,driver_late
T002666,23.9,driver_late
T002667,1.7,
T002668,10.2,traffic
T002669,1.2,
T002670,0.9,
T002671,0.3,
T002672,7.3,traffic
T002673,1.2,
T002674,2.7,traffic
T002675,3.8,route_change
T002676,4.2,unknown
T002677,1.0,
T002678,3.2,traffic
T002679,1.9,
T002680,19.1,traffic
T002681,1.6,
T002682,3.3,traffic
T002683,3.1,vehicle_issue
T002684,7.4,traffic
T002685,6.6,traffic
T002686,1.7,
T002687,6.2,unknown
T002688,1.1,
T002689,4.8,driver_late
T002690,1.5,
T002691,1.4,
T002692,7.1,driver_late
T002693,2.6,unknown
T002694,0.4,
T002695,2.5,driver_late
T002696,0.1,
T002697,4.1,vehicle_issue
T002698,2.6,driver_late
T002699,0.9,
T002700,42.1,traffic
T002701,6.3,traffic
T002702,5.4,unknown
T002703,1.2,
T002704,3.4,traffic
T002705,5.3,unknown
T002706,20.5,traffic
T002707,3.8,vehicle_issue
T002708,0.2,
T002709,13.6,route_change
T002710,0.8,
T002711,2.4,traffic
T002712,5.7,unknown
T002713,5.5,vehicle_issue
T002714,2.0,
T002715,3.6,driver_late
T002716,3.9,driver_late
T002717,8.0,traffic
T002718,2.3,route_change
T002719,7.1,traffic
T002720,2.7,vehicle_issue
T002721,1.2,
T002722,7.2,traffic
T002723,3.7,driver_late
T002724,1.3,
T002725,10.8,driver_late
T002726,2.7,driver_late
T002727,13.2,vehicle_issue
T002728,1.0,
T002729,4.4,unknown
T002730,7.6,unknown
T002731,9.1,traffic
T002732,7.6,traffic
T002733,7.4,traffic
T002734,7.1,driver_late
T002735,3.0,vehicle_issue
T002736,3.7,driver_late
T002737,12.2,driver_late
T002738,2.3,traffic
T002739,5.1,traffic
T002740,3.8,traffic
T002741,0.4,
T002742,10.2,traffic
T002743,6.0,route_change
T002744,14.7,traffic
T002745,4.2,route_change
T002746,4.9,driver_late
T002747,12.2,traffic
T002748,0.6,
T002749,6.9,driver_late
T002750,11.6,vehicle_issue
T002751,19.5,traffic
T002752,0.2,
T002753,0.3,
T002754,0.3,
T002755,3.9,route_change
T002756,1.4,
T002757,1.4,
T002758,8.5,traffic
T002759,1.5,
T002760,0.8,
T002761,4.2,route_change
T002762,1.1,
T002763,1.0,
T002764,1.8,
T002765,2.6,vehicle_issue
T002766,6.3,traffic
T002767,7.6,route_change
T002768,5.9,traffic
T002769,0.1,
T002770,1.7,
T002771,10.7,vehicle_issue
T002772,2.4,traffic
T002773,18.3,driver_late
T002774,0.3,
T002775,4.2,route_change
T002776,3.2,traffic
T002777,2.5,driver_late
T002778,0.4,
T002779,2.6,vehicle_issue
T002780,9.4,traffic
T002781,1.6,
T002782,1.0,
T002783,15.6,traffic
T002784,0.8,
T002785,2.8,traffic
T002786,1.6,
T002787,4.9,unknown
T002788,17.9,unknown
T002789,14.7,traffic
T002790,0.4,
T002791,0.9,
T002792,1.6,
T002793,0.7,
T002794,7.3,driver_late
T002795,0.4,
T002796,3.1,traffic
T002797,15.1,traffic
T002798,7.1,traffic
T002799,8.8,driver_late
T002800,7.1,vehicle_issue
T002801,3.4,unknown
T002802,0.9,
T002803,2.9,route_change
T002804,8.4,traffic
T002805,2.4,traffic
T002806,1.4,
T002807,1.3,
T002808,0.6,
T002809,0.4,
T002810,11.4,unknown
T002811,7.0,driver_late
T002812,4.6,driver_late
T002813,5.8,vehicle_issue
T002814,0.9,
T002815,0.6,
T002816,2.9,unknown
T002817,2.8,traffic
T002818,4.6,vehicle_issue
T002819,1.8,
T002820,6.6,route_change
T002821,1.5,
T002822,2.1,traffic
T002823,10.6,traffic
T002824,10.6,traffic
T002825,14.1,driver_late
T002826,1.5,
T002827,13.4,unknown
T002828,15.4,traffic
T002829,1.1,
T002830,4.4,traffic
T002831,4.7,unknown
T002832,13.4,vehicle_issue
T002833,0.5,
T002834,13.2,driver_late
T002835,12.6,traffic
T002836,1.0,
T002837,1.1,
T002838,13.1,driver_late
T002839,5.6,driver_late
T002840,2.5,traffic
T002841,0.8,
T002842,5.3,route_change
T002843,11.5,driver_late
T002844,2.6,driver_late
T002845,5.0,driver_late
T002846,3.2,traffic
T002847,0.9,
T002848,20.2,traffic
T002849,0.4,
T002850,0.2,
T002851,6.2,vehicle_issue
T002852,3.7,driver_late
T002853,0.8,
T002854,14.8,route_change
T002855,12.1,traffic
T002856,6.2,unknown
T002857,5.3,unknown
T002858,19.0,route_change
T002859,0.9,
T002860,1.5,
T002861,0.3,
T002862,5.2,driver_late
T002863,3.3,driver_late
T002864,0.6,
T002865,12.7,vehicle_issue
T002866,3.0,driver_late
T002867,20.7,unknown
T002868,7.8,route_change
T002869,4.8,vehicle_issue
T002870,6.2,traffic
T002871,1.2,
T002872,7.7,driver_late
T002873,6.0,route_change
T002874,11.5,vehicle_issue
T002875,1.8,
T002876,11.5,vehicle_issue
T002877,7.3,driver_late
T002878,5.0,vehicle_issue
T002879,0.5,
T002880,10.0,vehicle_issue
T002881,1.0,
T002882,24.7,traffic
T002883,1.2,
T002884,18.3,traffic
T002885,4.4,driver_late
T002886,2.2,traffic
T002887,3.4,traffic
T002888,9.2,unknown
T002889,1.4,
T002890,5.8,traffic
T002891,6.0,driver_late
T002892,0.9,
T002893,1.9,
T002894,4.6,vehicle_issue
T002895,4.6,driver_late
T002896,18.4,driver_late
T002897,2.2,traffic
T002898,0.3,
T002899,2.1,traffic
T002900,9.1,traffic
T002901,7.0,unknown
T002902,1.3,
T002903,4.5,traffic
T002904,13.2,unknown
T002905,4.2,unknown
T002906,1.8,
T002907,4.2,unknown
T002908,11.7,vehicle_issue
T002909,6.5,traffic
T002910,10.3,traffic
T002911,1.8,
T002912,0.4,
T002913,18.7,traffic
T002914,9.0,traffic
T002915,3.7,traffic
T002916,0.7,
T002917,4.5,vehicle_issue
T002918,3.8,vehicle_issue
T002919,6.9,traffic
T002920,9.6,traffic
T002921,12.7,route_change
T002922,9.1,traffic
T002923,9.3,unknown
T002924,6.2,vehicle_issue
T002925,15.2,driver_late
T002926,0.1,
T002927,3.0,traffic
T002928,20.9,vehicle_issue
T002929,6.7,route_change
T002930,10.6,route_change
T002931,2.8,route_change
T002932,8.2,vehicle_issue
T002933,9.2,driver_late
T002934,0.3,
T002935,1.1,
T002936,1.3,
T002937,0.6,
T002938,8.5,route_change
T002939,3.4,driver_late
T002940,3.0,unknown
T002941,4.9,vehicle_issue
T002942,11.6,traffic
T002943,1.8,
T002944,8.1,traffic
T002945,9.0,traffic
T002946,1.8,
T002947,9.3,traffic
T002948,18.8,traffic
T002949,2.9,driver_late
T002950,8.0,traffic
T002951,7.6,traffic
T002952,1.6,
T002953,3.8,traffic
T002954,4.3,vehicle_issue
T002955,1.2,
T002956,1.4,
T002957,1.2,
T002958,6.2,traffic
T002959,3.6,traffic
T002960,13.1,driver_late
T002961,0.1,
T002962,7.1,driver_late
T002963,24.1,unknown
T002964,9.6,driver_late
T002965,10.0,vehicle_issue
T002966,6.7,traffic
T002967,2.7,unknown
T002968,2.5,driver_late
T002969,1.3,
T002970,0.1,
T002971,25.1,unknown
T002972,5.0,driver_late
T002973,1.7,
T002974,3.7,traffic
T002975,4.9,traffic
T002976,35.4,vehicle_issue
T002977,7.3,traffic
T002978,5.7,unknown
T002979,2.4,driver_late
T002980,5.2,traffic
T002981,6.8,unknown
T002982,10.0,traffic
T002983,0.1,
T002984,4.2,unknown
T002985,6.1,vehicle_issue
T002986,6.7,traffic
T002987,1.9,
T002988,10.6,traffic
T002989,0.0,
T002990,4.0,unknown
T002991,2.2,traffic
T002992,0.3,
T002993,0.4,
T002994,1.4,
T002995,0.5,
T002996,8.1,unknown
T002997,0.4,
T002998,15.1,traffic
T002999,1.9,
T003000,0.5,
T003001,2.6,unknown
T003002,2.1,vehicle_issue
T003003,0.6,
T003004,0.5,
T003005,4.9,traffic
T003006,1.0,
T003007,1.2,
T003008,0.7,
T003009,2.1,traffic
T003010,2.2,vehicle_issue
T003011,8.3,traffic
T003012,16.0,driver_late
T003013,2.1,unknown
T003014,6.9,traffic
T003015,13.1,traffic
T003016,3.8,vehicle_issue
T003017,3.8,traffic
T003018,3.4,vehicle_issue
T003019,5.3,traffic
T003020,18.2,driver_late
T003021,2.7,traffic
T003022,9.2,vehicle_issue
T003023,9.1,route_change
T003024,2.8,vehicle_issue
T003025,0.3,
T003026,10.8,traffic
T003027,3.1,driver_late
T003028,7.4,traffic
T003029,5.5,traffic
T003030,2.9,traffic
T003031,3.7,vehicle_issue
T003032,2.3,vehicle_issue
T003033,3.1,traffic
T003034,0.7,
T003035,2.7,vehicle_issue
T003036,0.7,
T003037,6.0,traffic
T003038,6.7,driver_late
T003039,9.9,traffic
T003040,14.5,traffic
T003041,1.5,
T003042,11.9,traffic
T003043,6.4,vehicle_issue
T003044,0.3,
T003045,5.6,traffic
T003046,12.1,driver_late
T003047,0.3,
T003048,8.9,driver_late
T003049,10.5,unknown
T003050,5.8,driver_late
T003051,7.9,traffic
T003052,4.6,driver_late
T003053,2.0,
T003054,0.1,
T003055,0.5,
T003056,4.8,traffic
T003057,4.1,vehicle_issue
T003058,4.8,route_change
T003059,2.8,traffic
T003060,3.7,vehicle_issue
T003061,8.2,traffic
T003062,2.6,driver_late
T003063,0.8,
T003064,10.7,traffic
T003065,6.3,driver_late
T003066,1.2,
T003067,2.3,traffic
T003068,5.2,driver_late
T003069,13.4,traffic
T003070,1.3,
T003071,2.2,driver_late
T003072,5.0,traffic
T003073,7.1,traffic
T003074,10.4,unknown
T003075,3.9,route_change
T003076,9.1,driver_late
T003077,1.1,
T003078,0.2,
T003079,5.5,traffic
T003080,4.2,vehicle_issue
T003081,4.5,driver_late
T003082,0.1,
T003083,0.1,
T003084,8.1,traffic
T003085,8.7,route_change
T003086,0.6,
T003087,4.2,vehicle_issue
T003088,0.2,
T003089,3.4,driver_late
T003090,2.0,
T003091,3.4,unknown
T003092,3.9,traffic
T003093,2.4,traffic
T003094,1.2,
T003095,2.0,
T003096,15.9,traffic
T003097,3.9,unknown
T003098,4.3,route_change
T003099,7.7,traffic
T003100,16.0,traffic
T003101,0.5,
T003102,9.5,traffic
T003103,4.7,traffic
T003104,2.2,traffic
T003105,3.1,traffic
T003106,5.0,driver_late
T003107,8.2,driver_late
T003108,6.6,traffic
T003109,9.7,unknown
T003110,0.2,
T003111,10.2,traffic
T003112,6.1,route_change
T003113,22.3,driver_late
T003114,4.4,vehicle_issue
T003115,1.8,
T003116,10.4,traffic
T003117,2.9,route_change
T003118,9.3,vehicle_issue
T003119,0.2,
T003120,1.1,
T003121,6.2,route_change
T003122,4.4,unknown
T003123,4.5,route_change
T003124,0.2,
T003125,0.3,
T003126,0.3,
T003127,4.1,driver_late
T003128,3.3,traffic
T003129,19.5,driver_late
T003130,2.5,traffic
T003131,1.1,
T003132,2.5,route_change
T003133,9.3,driver_late
T003134,4.2,driver_late
T003135,1.2,
T003136,2.4,traffic
T003137,2.0,
T003138,4.4,traffic
T003139,1.8,
T003140,7.2,driver_late
T003141,2.5,traffic
T003142,22.4,route_change
T003143,2.8,vehicle_issue
T003144,13.2,driver_late
T003145,1.1,
T003146,5.2,vehicle_issue
T003147,30.1,route_change
T003148,0.7,
T003149,2.3,unknown
T003150,5.8,traffic
T003151,7.0,traffic
T003152,2.3,driver_late
T003153,2.6,driver_late
T003154,2.9,unknown
T003155,1.3,
T003156,0.4,
T003157,0.2,
T003158,7.1,driver_late
T003159,0.0,
T003160,1.6,
T003161,9.4,traffic
T003162,20.0,route_change
T003163,0.1,
T003164,8.4,route_change
T003165,0.1,
T003166,1.3,
T003167,1.3,
T003168,10.3,unknown
T003169,2.9,traffic
T003170,0.6,
T003171,12.3,vehicle_issue
T003172,6.7,unknown
T003173,12.2,vehicle_issue
T003174,3.9,unknown
T003175,3.5,driver_late
T003176,3.3,unknown
T003177,0.4,
T003178,5.5,vehicle_issue
T003179,26.0,vehicle_issue
T003180,1.7,
T003181,3.9,traffic
T003182,13.0,vehicle_issue
T003183,6.8,traffic
T003184,2.4,driver_late
T003185,6.4,driver_late
T003186,9.8,traffic
T003187,1.5,
T003188,7.7,driver_late
T003189,0.3,
T003190,2.5,driver_late
T003191,2.4,traffic
T003192,3.2,unknown
T003193,1.8,
T003194,15.3,vehicle_issue
T003195,12.6,traffic
T003196,0.6,
T003197,1.7,
T003198,0.3,
T003199,1.5,
T003200,1.4,
T003201,11.1,unknown
T003202,2.9,driver_late
T003203,10.3,unknown
T003204,8.3,driver_late
T003205,3.0,driver_late
T003206,7.2,vehicle_issue
T003207,1.3,
T003208,4.4,driver_late
T003209,0.8,
T003210,1.4,
T003211,18.2,unknown
T003212,0.8,
T003213,7.3,traffic
T003214,6.4,traffic
T003215,8.8,unknown
T003216,1.1,
T003217,3.7,driver_late
T003218,8.2,driver_late
T003219,5.0,route_change
T003220,6.2,driver_late
T003221,0.7,
T003222,9.8,driver_late
T003223,8.5,driver_late
T003224,8.0,traffic
T003225,29.6,traffic
T003226,1.5,
T003227,2.1,vehicle_issue
T003228,8.7,unknown
T003229,0.6,
T003230,4.4,traffic
T003231,3.9,driver_late
T003232,0.8,
T003233,6.1,unknown
T003234,6.4,traffic
T003235,13.7,unknown
T003236,0.2,
T003237,13.8,vehicle_issue
T003238,38.6,driver_late
T003239,9.7,vehicle_issue
T003240,9.2,driver_late
T003241,0.9,
T003242,2.5,traffic
T003243,2.6,vehicle_issue
T003244,3.2,driver_late
T003245,3.1,vehicle_issue
T003246,4.7,traffic
T003247,0.5,
T003248,6.0,traffic
T003249,0.5,
T003250,0.6,
T003251,7.7,vehicle_issue
T003252,4.5,vehicle_issue
T003253,0.5,
T003254,4.5,driver_late
T003255,2.7,driver_late
T003256,1.5,
T003257,1.7,
T003258,1.7,
T003259,11.3,driver_late
T003260,2.1,unknown
T003261,1.3,
T003262,12.5,unknown
T003263,3.3,vehicle_issue
T003264,0.7,
T003265,16.0,traffic
T003266,2.9,unknown
T003267,0.4,
T003268,7.0,traffic
T003269,11.8,traffic
T003270,2.9,vehicle_issue
T003271,6.2,traffic
T003272,5.6,driver_late
T003273,6.5,vehicle_issue
T003274,0.9,
T003275,11.2,driver_late
T003276,0.6,
T003277,1.5,
T003278,1.4,
T003279,1.6,
T003280,0.7,
T003281,8.6,driver_late
T003282,2.1,route_change
T003283,1.2,
T003284,17.8,traffic
T003285,3.3,driver_late
T003286,5.5,traffic
T003287,0.0,
T003288,10.3,vehicle_issue
T003289,2.3,traffic
T003290,2.6,vehicle_issue
T003291,1.1,
T003292,2.0,
T003293,2.8,route_change
T003294,18.2,traffic
T003295,0.8,
T003296,6.3,traffic
T003297,4.1,traffic
T003298,1.2,
T003299,0.8,
T003300,3.0,vehicle_issue
T003301,2.4,traffic
T003302,3.2,unknown
T003303,15.2,driver_late
T003304,6.8,driver_late
T003305,12.3,route_change
T003306,24.4,vehicle_issue
T003307,6.6,driver_late
T003308,1.6,
T003309,3.9,traffic
T003310,0.4,
T003311,1.8,
T003312,8.4,traffic
T003313,0.6,
T003314,2.6,driver_late
T003315,1.1,
T003316,1.5,
T003317,0.4,
T003318,7.9,traffic
T003319,0.4,
T003320,10.4,traffic
T003321,13.8,traffic
T003322,5.9,vehicle_issue
T003323,1.9,
T003324,3.2,vehicle_issue
T003325,2.9,traffic
T003326,0.7,
T003327,3.9,unknown
T003328,0.2,
T003329,1.8,
T003330,4.0,traffic
T003331,2.6,driver_late
T003332,1.5,
T003333,10.8,traffic
T003334,1.4,
T003335,0.0,
T003336,0.3,
T003337,8.5,traffic
T003338,4.1,traffic
T003339,1.8,
T003340,6.0,traffic
T003341,1.7,
T003342,1.3,
T003343,4.5,traffic
T003344,0.8,
T003345,6.2,driver_late
T003346,2.5,driver_late
T003347,8.6,driver_late
T003348,3.1,driver_late
T003349,5.1,driver_late
T003350,0.3,
T003351,0.1,
T003352,3.9,driver_late
T003353,0.8,
T003354,5.7,vehicle_issue
T003355,0.4,
T003356,2.6,traffic
T003357,43.5,unknown
T003358,3.2,driver_late
T003359,7.0,unknown
T003360,58.5,vehicle_issue
T003361,5.1,vehicle_issue
T003362,4.3,route_change
T003363,22.4,traffic
T003364,25.2,driver_late
T003365,1.5,
T003366,5.2,unknown
T003367,3.3,traffic
T003368,11.0,vehicle_issue
T003369,4.9,driver_late
T003370,25.1,traffic
T003371,8.9,vehicle_issue
T003372,1.1,
T003373,4.8,traffic
T003374,0.1,
T003375,2.4,vehicle_issue
T003376,1.3,
T003377,0.1,
T003378,8.6,driver_late
T003379,0.1,
T003380,2.8,traffic
T003381,0.7,
T003382,0.3,
T003383,2.5,driver_late
T003384,1.3,
T003385,4.7,driver_late
T003386,0.3,
T003387,3.5,traffic
T003388,14.0,traffic
T003389,0.2,
T003390,13.4,driver_late
T003391,13.6,traffic
T003392,1.6,
T003393,4.1,traffic
T003394,9.7,driver_late
T003395,4.7,traffic
T003396,6.7,vehicle_issue
T003397,4.8,unknown
T003398,1.9,
T003399,0.1,
T003400,2.8,route_change
T003401,2.7,route_change
T003402,4.2,traffic
T003403,23.9,traffic
T003404,29.0,vehicle_issue
T003405,8.8,traffic
T003406,2.8,traffic
T003407,0.6,
T003408,0.5,
T003409,24.7,driver_late
T003410,0.9,
T003411,11.6,vehicle_issue
T003412,2.4,vehicle_issue
T003413,9.2,traffic
T003414,0.9,
T003415,8.0,traffic
T003416,2.0,
T003417,1.8,
T003418,5.6,driver_late
T003419,0.5,
T003420,0.5,
T003421,0.0,
T003422,7.4,driver_late
T003423,9.3,driver_late
T003424,4.0,traffic
T003425,11.3,traffic
T003426,0.5,
T003427,0.8,
T003428,0.8,
T003429,1.4,
T003430,4.7,route_change
T003431,6.1,driver_late
T003432,4.6,driver_late
T003433,20.6,driver_late
T003434,0.4,
T003435,7.1,route_change
T003436,6.8,driver_late
T003437,1.2,
T003438,2.8,traffic
T003439,0.5,
T003440,2.5,traffic
T003441,2.5,vehicle_issue
T003442,4.5,unknown
T003443,3.1,driver_late
T003444,8.1,traffic
T003445,1.1,
T003446,1.5,
T003447,2.9,driver_late
T003448,0.7,
T003449,14.4,traffic
T003450,3.4,traffic
T003451,3.6,vehicle_issue
T003452,5.8,driver_late
T003453,4.7,driver_late
T003454,1.7,
T003455,0.0,
T003456,3.8,driver_late
T003457,3.5,driver_late
T003458,10.2,driver_late
T003459,1.3,
T003460,2.8,route_change
T003461,1.0,
T003462,0.3,
T003463,5.0,traffic
T003464,0.7,
T003465,0.8,
T003466,8.4,traffic
T003467,4.5,driver_late
T003468,0.2,
T003469,30.4,route_change
T003470,1.5,
T003471,1.1,
T003472,1.6,
T003473,2.9,traffic
T003474,5.5,driver_late
T003475,3.7,traffic
T003476,3.5,driver_late
T003477,7.9,traffic
T003478,0.4,
T003479,8.7,traffic
T003480,6.3,driver_late
T003481,1.5,
T003482,22.9,traffic
T003483,20.3,route_change
T003484,6.7,traffic
T003485,14.4,traffic
T003486,11.3,driver_late
T003487,4.6,driver_late
T003488,2.2,driver_late
T003489,8.4,unknown
T003490,12.8,traffic
T003491,0.9,
T003492,13.2,driver_late
T003493,2.1,vehicle_issue
T003494,3.8,driver_late
T003495,3.7,driver_late
T003496,1.5,
T003497,1.1,
T003498,5.9,route_change
T003499,14.2,driver_late
T003500,6.8,unknown
T003501,0.8,
T003502,3.4,traffic
T003503,4.5,driver_late
T003504,7.0,route_change
T003505,1.4,
T003506,4.7,driver_late
T003507,8.6,unknown
T003508,0.6,
T003509,2.0,
T003510,1.5,
T003511,1.6,
T003512,5.2,driver_late
T003513,1.5,
T003514,27.5,vehicle_issue
T003515,17.7,traffic
T003516,6.0,traffic
T003517,28.3,vehicle_issue
T003518,4.8,vehicle_issue
T003519,14.1,driver_late
T003520,1.7,
T003521,5.8,traffic
T003522,9.6,vehicle_issue
T003523,3.9,driver_late
T003524,8.9,driver_late
T003525,2.7,driver_late
T003526,7.7,driver_late
T003527,1.2,
T003528,2.6,driver_late
T003529,16.1,driver_late
T003530,6.1,route_change
T003531,13.3,traffic
T003532,16.9,route_change
T003533,9.9,traffic
T003534,8.4,traffic
T003535,3.7,traffic
T003536,4.7,traffic
T003537,1.5,
T003538,11.7,vehicle_issue
T003539,11.8,unknown
T003540,2.9,traffic
T003541,10.9,driver_late
T003542,7.6,driver_late
T003543,0.0,
T003544,15.0,traffic
T003545,2.9,traffic
T003546,0.5,
T003547,8.6,traffic
T003548,5.4,driver_late
T003549,17.5,vehicle_issue
T003550,0.7,
T003551,3.4,traffic
T003552,6.1,traffic
T003553,11.8,traffic
T003554,17.1,driver_late
T003555,1.8,
T003556,3.4,vehicle_issue
T003557,3.0,vehicle_issue
T003558,3.3,traffic
T003559,23.6,route_change
T003560,13.0,traffic
T003561,7.4,vehicle_issue
T003562,4.1,vehicle_issue
T003563,9.9,driver_late
T003564,9.4,traffic
T003565,1.2,
T003566,6.3,traffic
T003567,20.4,unknown
T003568,0.1,
T003569,4.4,vehicle_issue
T003570,4.8,traffic
T003571,0.2,
T003572,6.8,driver_late
T003573,0.7,
T003574,4.0,vehicle_issue
T003575,1.7,
T003576,3.7,traffic
T003577,2.7,vehicle_issue
T003578,5.4,traffic
T003579,4.8,traffic
T003580,3.5,route_change
T003581,6.0,driver_late
T003582,0.4,
T003583,0.8,
T003584,0.2,
T003585,16.0,traffic
T003586,4.2,vehicle_issue
T003587,9.0,route_change
T003588,0.4,
T003589,1.7,
T003590,2.5,traffic
T003591,4.1,route_change
T003592,10.0,vehicle_issue
T003593,0.1,
T003594,8.2,unknown
T003595,11.5,traffic
T003596,1.3,
T003597,1.0,
T003598,12.3,traffic
T003599,5.3,route_change
T003600,2.7,traffic
T003601,22.4,traffic
T003602,4.4,unknown
T003603,9.6,driver_late
T003604,2.6,traffic
T003605,24.2,vehicle_issue
T003606,10.3,unknown
T003607,0.1,
T003608,2.4,traffic
T003609,0.4,
T003610,3.6,vehicle_issue
T003611,4.6,traffic
T003612,2.1,traffic
T003613,3.1,traffic
T003614,2.3,unknown
T003615,3.1,traffic
T003616,3.3,driver_late
T003617,4.2,vehicle_issue
T003618,3.2,driver_late
T003619,5.7,vehicle_issue
T003620,1.0,
T003621,0.2,
T003622,6.7,vehicle_issue
T003623,13.8,route_change
T003624,0.5,
T003625,3.7,traffic
T003626,12.7,traffic
T003627,6.9,traffic
T003628,4.4,traffic
T003629,8.7,unknown
T003630,9.3,traffic
T003631,0.7,
T003632,3.5,route_change
T003633,6.2,driver_late
T003634,1.0,
T003635,2.8,traffic
T003636,0.6,
T003637,1.8,
T003638,1.9,
T003639,1.7,
T003640,5.9,driver_late
T003641,0.5,
T003642,2.3,driver_late
T003643,0.8,
T003644,0.6,
T003645,1.1,
T003646,3.3,vehicle_issue
T003647,0.7,
T003648,3.3,traffic
T003649,11.7,driver_late
T003650,42.2,unknown
T003651,7.1,traffic
T003652,1.0,
T003653,5.1,vehicle_issue
T003654,20.8,unknown
T003655,1.5,
T003656,4.7,vehicle_issue
T003657,6.6,traffic
T003658,6.2,traffic
T003659,6.2,unknown
T003660,2.4,vehicle_issue
T003661,3.6,driver_late
T003662,2.6,vehicle_issue
T003663,3.5,traffic
T003664,11.2,traffic
T003665,2.0,
T003666,1.3,
T003667,5.7,route_change
T003668,4.7,traffic
T003669,1.4,
T003670,13.0,driver_late
T003671,0.3,
T003672,6.6,driver_late
T003673,0.3,
T003674,3.2,driver_late
T003675,1.6,
T003676,3.0,vehicle_issue
T003677,10.5,vehicle_issue
T003678,0.1,
T003679,1.8,
T003680,1.1,
T003681,0.9,
T003682,13.5,traffic
T003683,8.3,driver_late
T003684,3.7,traffic
T003685,4.2,driver_late
T003686,8.8,driver_late
T003687,5.3,traffic
T003688,1.5,
T003689,4.0,traffic
T003690,1.5,
T003691,1.0,
T003692,0.3,
T003693,3.6,driver_late
T003694,1.1,
T003695,3.6,traffic
T003696,10.1,vehicle_issue
T003697,6.4,unknown
T003698,6.9,route_change
T003699,11.5,traffic
T003700,0.9,
T003701,18.9,driver_late
T003702,2.2,driver_late
T003703,33.2,route_change
T003704,10.2,driver_late
T003705,1.7,
T003706,1.4,
T003707,0.8,
T003708,3.1,driver_late
T003709,1.6,
T003710,2.6,unknown
T003711,1.3,
T003712,3.7,route_change
T003713,5.4,vehicle_issue
T003714,0.1,
T003715,7.1,driver_late
T003716,14.1,driver_late
T003717,6.4,vehicle_issue
T003718,21.5,traffic
T003719,2.3,route_change
T003720,9.0,vehicle_issue
T003721,4.5,traffic
T003722,7.3,unknown
T003723,5.0,driver_late
T003724,0.9,
T003725,0.7,
T003726,3.0,driver_late
T003727,4.7,unknown
T003728,10.5,unknown
T003729,3.8,driver_late
T003730,8.9,route_change
T003731,0.3,
T003732,10.9,traffic
T003733,0.2,
T003734,2.1,traffic
T003735,0.1,
T003736,19.0,traffic
T003737,2.4,driver_late
T003738,3.4,traffic
T003739,0.4,
T003740,9.1,unknown
T003741,0.9,
T003742,1.0,
T003743,2.6,unknown
T003744,29.5,driver_late
T003745,13.4,vehicle_issue
T003746,5.4,traffic
T003747,4.7,route_change
T003748,2.7,driver_late
T003749,1.3,
T003750,3.8,vehicle_issue
T003751,12.5,driver_late
T003752,9.0,vehicle_issue
T003753,5.8,traffic
T003754,10.2,driver_late
T003755,17.8,vehicle_issue
T003756,0.4,
T003757,2.3,driver_late
T003758,1.7,
T003759,2.8,traffic
T003760,2.0,
T003761,1.4,
T003762,6.0,vehicle_issue
T003763,2.4,driver_late
T003764,3.5,driver_late
T003765,21.2,vehicle_issue
T003766,11.0,driver_late
T003767,9.9,unknown
T003768,13.7,driver_late
T003769,1.4,
T003770,4.9,traffic
T003771,3.5,vehicle_issue
T003772,0.3,
T003773,4.2,driver_late
T003774,17.0,driver_late
T003775,6.2,traffic
T003776,3.0,traffic
T003777,9.8,unknown
T003778,14.9,vehicle_issue
T003779,1.7,
T003780,3.9,driver_late
T003781,4.8,driver_late
T003782,10.5,driver_late
T003783,0.6,
T003784,6.1,traffic
T003785,0.8,
T003786,2.1,driver_late
T003787,13.6,vehicle_issue
T003788,1.4,
T003789,18.6,vehicle_issue
T003790,5.4,route_change
T003791,10.6,traffic
T003792,0.2,
T003793,2.2,driver_late
T003794,7.3,driver_late
T003795,0.2,
T003796,4.2,unknown
T003797,12.3,traffic
T003798,4.4,traffic
T003799,3.2,driver_late
T003800,10.0,traffic
T003801,2.1,traffic
T003802,6.8,vehicle_issue
T003803,7.6,vehicle_issue
T003804,3.9,driver_late
T003805,5.0,driver_late
T003806,10.3,route_change
T003807,17.0,traffic
T003808,2.5,traffic
T003809,10.4,vehicle_issue
T003810,16.8,driver_late
T003811,4.2,unknown
T003812,4.3,traffic
T003813,3.5,vehicle_issue
T003814,7.2,traffic
T003815,0.2,
T003816,2.1,traffic
T003817,2.2,traffic
T003818,10.7,vehicle_issue
T003819,10.7,driver_late
T003820,4.2,traffic
T003821,6.3,driver_late
T003822,1.5,
T003823,7.4,driver_late
T003824,9.1,driver_late
T003825,1.3,
T003826,2.2,traffic
T003827,8.5,driver_late
T003828,8.1,route_change
T003829,1.4,
T003830,13.0,traffic
T003831,2.1,unknown
T003832,3.9,traffic
T003833,7.1,route_change
T003834,6.2,traffic
T003835,16.8,route_change
T003836,8.2,driver_late
T003837,1.9,
T003838,6.9,traffic
T003839,0.4,
T003840,19.6,driver_late
T003841,2.6,vehicle_issue
T003842,9.6,route_change
T003843,9.3,unknown
T003844,6.3,unknown
T003845,0.9,
T003846,5.6,vehicle_issue
T003847,1.3,
T003848,11.9,vehicle_issue
T003849,3.5,traffic
T003850,2.4,vehicle_issue
T003851,0.5,
T003852,12.3,traffic
T003853,0.7,
T003854,10.3,driver_late
T003855,2.3,traffic
T003856,0.4,
T003857,14.2,unknown
T003858,7.2,unknown
T003859,8.5,unknown
T003860,2.5,traffic
T003861,3.6,traffic
T003862,10.9,traffic
T003863,5.8,traffic
T003864,2.3,traffic
T003865,13.1,traffic
T003866,1.8,
T003867,0.2,
T003868,0.7,
T003869,7.5,driver_late
T003870,17.7,driver_late
T003871,3.5,vehicle_issue
T003872,12.5,vehicle_issue
T003873,1.5,
T003874,0.6,
T003875,0.1,
T003876,1.0,
T003877,3.0,driver_late
T003878,5.8,route_change
T003879,6.4,driver_late
T003880,0.7,
T003881,0.1,
T003882,1.1,
T003883,6.6,traffic
T003884,6.0,unknown
T003885,22.2,traffic
T003886,0.2,
T003887,1.6,
T003888,0.1,
T003889,1.8,
T003890,15.6,traffic
T003891,1.3,
T003892,1.5,
T003893,4.1,driver_late
T003894,2.9,vehicle_issue
T003895,0.7,
T003896,6.9,traffic
T003897,1.4,
T003898,4.7,traffic
T003899,5.9,driver_late
T003900,1.0,
T003901,6.5,driver_late
T003902,0.6,
T003903,10.7,driver_late
T003904,0.0,
T003905,9.5,vehicle_issue
T003906,1.6,
T003907,4.4,traffic
T003908,3.2,vehicle_issue
T003909,5.0,traffic
T003910,2.2,traffic
T003911,0.6,
T003912,2.3,unknown
T003913,0.3,
T003914,7.6,traffic
T003915,1.8,
T003916,8.2,driver_late
T003917,1.1,
T003918,2.8,vehicle_issue
T003919,3.8,traffic
T003920,6.6,traffic
T003921,0.5,
T003922,0.6,
T003923,1.5,
T003924,1.5,
T003925,3.3,vehicle_issue
T003926,8.1,route_change
T003927,0.7,
T003928,2.2,traffic
T003929,0.8,
T003930,0.6,
T003931,3.0,driver_late
T003932,4.8,traffic
T003933,2.0,
T003934,1.5,
T003935,0.1,
T003936,2.5,driver_late
T003937,10.4,vehicle_issue
T003938,2.2,traffic
T003939,3.6,unknown
T003940,6.3,vehicle_issue
T003941,2.5,traffic
T003942,6.0,driver_late
T003943,0.4,
T003944,1.1,
T003945,4.6,unknown
T003946,7.9,traffic
T003947,12.6,traffic
T003948,0.4,
T003949,2.4,traffic
T003950,7.7,traffic
T003951,4.0,vehicle_issue
T003952,2.0,
T003953,0.9,
T003954,5.1,driver_late
T003955,20.3,traffic
T003956,19.5,driver_late
T003957,4.1,driver_late
T003958,0.9,
T003959,1.7,
T003960,24.3,traffic
T003961,0.5,
T003962,2.4,vehicle_issue
T003963,3.0,driver_late
T003964,10.2,driver_late
T003965,3.8,traffic
T003966,10.2,driver_late
T003967,13.4,traffic
T003968,1.6,
T003969,5.9,vehicle_issue
T003970,1.7,
T003971,5.9,unknown
T003972,16.1,traffic
T003973,3.3,traffic
T003974,5.3,vehicle_issue
T003975,7.5,driver_late
T003976,0.8,
T003977,6.8,driver_late
T003978,6.6,unknown
T003979,2.1,unknown
T003980,2.8,unknown
T003981,1.7,
T003982,3.8,driver_late
T003983,7.6,driver_late
T003984,2.3,driver_late
T003985,20.9,driver_late
T003986,3.4,traffic
T003987,1.8,
T003988,6.8,traffic
T003989,6.0,traffic
T003990,12.2,unknown
T003991,11.9,route_change
T003992,0.5,
T003993,7.5,traffic
T003994,3.2,traffic
T003995,5.4,traffic
T003996,8.2,vehicle_issue
T003997,1.9,
T003998,1.6,
T003999,6.2,driver_late
T004000,1.1,
T004001,6.6,driver_late
T004002,3.1,route_change
T004003,9.3,traffic
T004004,12.6,driver_late
T004005,1.2,
T004006,5.9,driver_late
T004007,7.0,vehicle_issue
T004008,0.8,
T004009,8.6,driver_late
T004010,16.3,route_change
T004011,3.6,vehicle_issue
T004012,2.6,driver_late
T004013,15.6,traffic
T004014,3.8,traffic
T004015,0.2,
T004016,20.7,unknown
T004017,14.1,driver_late
T004018,1.0,
T004019,10.1,driver_late
T004020,2.8,vehicle_issue
T004021,1.1,
T004022,4.1,traffic
T004023,0.5,
T004024,15.7,route_change
T004025,3.1,unknown
T004026,0.8,
T004027,19.7,traffic
T004028,1.7,
T004029,17.5,vehicle_issue
T004030,5.4,vehicle_issue
T004031,8.5,traffic
T004032,4.2,traffic
T004033,12.5,traffic
T004034,16.3,traffic
T004035,0.6,
T004036,0.1,
T004037,2.1,driver_late
T004038,0.1,
T004039,2.6,driver_late
T004040,2.9,route_change
T004041,2.9,traffic
T004042,2.6,driver_late
T004043,0.9,
T004044,8.2,traffic
T004045,0.6,
T004046,0.9,
T004047,7.4,traffic
T004048,4.4,unknown
T004049,3.1,traffic
T004050,5.4,driver_late
T004051,0.4,
T004052,7.5,route_change
T004053,4.2,traffic
T004054,12.9,traffic
T004055,6.8,driver_late
T004056,0.1,
T004057,0.1,
T004058,2.5,traffic
T004059,5.3,driver_late
T004060,1.6,
T004061,2.3,traffic
T004062,0.1,
T004063,9.3,driver_late
T004064,4.8,driver_late
T004065,0.9,
T004066,4.5,vehicle_issue
T004067,5.7,unknown
T004068,2.0,
T004069,16.3,traffic
T004070,1.9,
T004071,3.1,traffic
T004072,1.8,
T004073,2.1,traffic
T004074,2.5,traffic
T004075,4.2,traffic
T004076,2.8,vehicle_issue
T004077,21.5,driver_late
T004078,3.7,traffic
T004079,0.7,
T004080,3.5,traffic
T004081,3.0,traffic
T004082,0.6,
T004083,3.0,traffic
T004084,3.4,unknown
T004085,3.7,driver_late
T004086,4.6,driver_late
T004087,5.3,driver_late
T004088,0.6,
T004089,0.2,
T004090,2.2,traffic
T004091,12.5,vehicle_issue
T004092,5.0,driver_late
T004093,1.1,
T004094,0.1,
T004095,12.7,driver_late
T004096,5.0,traffic
T004097,6.0,route_change
T004098,2.8,unknown
T004099,1.7,
T004100,4.6,traffic
T004101,3.3,driver_late
T004102,0.2,
T004103,3.7,traffic
T004104,7.0,traffic
T004105,8.1,traffic
T004106,26.0,traffic
T004107,1.3,
T004108,0.7,
T004109,0.6,
T004110,0.8,
T004111,0.6,
T004112,3.6,traffic
T004113,0.8,
T004114,0.1,
T004115,0.0,
T004116,1.3,
T004117,3.0,vehicle_issue
T004118,0.7,
T004119,0.6,
T004120,15.9,traffic
T004121,0.8,
T004122,2.0,
T004123,6.5,unknown
T004124,10.3,vehicle_issue
T004125,5.1,driver_late
T004126,7.6,driver_late
T004127,11.6,traffic
T004128,3.1,traffic
T004129,5.2,driver_late
T004130,3.1,traffic
T004131,4.7,traffic
T004132,1.1,
T004133,14.4,traffic
T004134,0.5,
T004135,4.8,unknown
T004136,2.8,vehicle_issue
T004137,15.3,driver_late
T004138,0.1,
T004139,4.6,driver_late
T004140,0.6,
T004141,32.6,driver_late
T004142,5.3,traffic
T004143,5.9,traffic
T004144,0.2,
T004145,4.8,route_change
T004146,1.8,
T004147,9.0,traffic
T004148,13.8,driver_late
T004149,0.8,
T004150,2.8,driver_late
T004151,2.1,driver_late
T004152,9.4,traffic
T004153,4.7,route_change
T004154,7.7,route_change
T004155,9.5,driver_late
T004156,6.3,unknown
T004157,5.8,traffic
T004158,4.1,unknown
T004159,2.9,vehicle_issue
T004160,1.7,
T004161,5.9,route_change
T004162,4.2,route_change
T004163,14.7,driver_late
T004164,2.0,
T004165,1.3,
T004166,0.2,
T004167,3.7,vehicle_issue
T004168,9.1,traffic
T004169,4.4,unknown
T004170,0.3,
T004171,25.2,traffic
T004172,13.4,route_change
T004173,4.4,traffic
T004174,1.7,
T004175,7.3,traffic
T004176,6.3,driver_late
T004177,5.7,traffic
T004178,1.5,
T004179,4.9,unknown
T004180,1.2,
T004181,11.8,traffic
T004182,4.0,traffic
T004183,0.3,
T004184,5.2,traffic
T004185,0.4,
T004186,4.6,traffic
T004187,1.5,
T004188,1.1,
T004189,1.9,
T004190,24.3,traffic
T004191,2.6,traffic
T004192,2.1,unknown
T004193,2.1,route_change
T004194,0.7,
T004195,17.7,traffic
T004196,10.4,traffic
T004197,16.9,driver_late
T004198,9.2,driver_late
T004199,0.6,
T004200,11.1,route_change
T004201,0.4,
T004202,14.4,driver_late
T004203,0.3,
T004204,5.0,traffic
T004205,0.6,
T004206,5.2,traffic
T004207,0.5,
T004208,9.1,traffic
T004209,5.0,driver_late
T004210,13.3,unknown
T004211,2.6,driver_late
T004212,12.3,driver_late
T004213,3.9,traffic
T004214,3.0,traffic
T004215,1.1,
T004216,7.3,traffic
T004217,0.9,
T004218,5.7,traffic
T004219,5.9,traffic
T004220,2.3,traffic
T004221,20.5,driver_late
T004222,5.4,unknown
T004223,3.3,vehicle_issue
T004224,8.8,vehicle_issue
T004225,14.3,traffic
T004226,2.0,
T004227,4.2,vehicle_issue
T004228,3.4,vehicle_issue
T004229,1.2,
T004230,3.0,traffic
T004231,7.9,driver_late
T004232,1.6,
T004233,5.6,driver_late
T004234,11.1,traffic
T004235,12.2,vehicle_issue
T004236,1.5,
T004237,4.9,traffic
T004238,10.1,unknown
T004239,7.6,driver_late
T004240,1.1,
T004241,2.7,traffic
T004242,19.9,route_change
T004243,0.8,
T004244,0.2,
T004245,1.6,
T004246,3.5,unknown
T004247,0.9,
T004248,32.8,route_change
T004249,26.0,traffic
T004250,1.1,
T004251,3.2,traffic
T004252,9.6,traffic
T004253,4.9,traffic
T004254,12.4,driver_late
T004255,9.1,driver_late
T004256,4.1,vehicle_issue
T004257,1.5,
T004258,4.7,traffic
T004259,15.6,traffic
T004260,19.2,traffic
T004261,6.2,traffic
T004262,1.8,
T004263,0.8,
T004264,0.6,
T004265,2.1,driver_late
T004266,5.3,driver_late
T004267,1.3,
T004268,17.1,vehicle_issue
T004269,0.7,
T004270,4.6,driver_late
T004271,9.7,route_change
T004272,2.3,traffic
T004273,0.4,
T004274,11.3,traffic
T004275,0.8,
T004276,4.7,driver_late
T004277,3.4,traffic
T004278,4.2,driver_late
T004279,4.8,driver_late
T004280,4.1,traffic
T004281,0.5,
T004282,0.9,
T004283,6.3,driver_late
T004284,5.5,traffic
T004285,1.9,
T004286,9.2,route_change
T004287,2.9,traffic
T004288,2.4,route_change
T004289,1.0,
T004290,14.9,route_change
T004291,2.4,driver_late
T004292,3.3,driver_late
T004293,7.5,unknown
T004294,16.9,vehicle_issue
T004295,0.8,
T004296,1.0,
T004297,4.8,route_change
T004298,4.7,traffic
T004299,2.0,
T004300,0.4,
T004301,1.5,
T004302,0.0,
T004303,5.8,driver_late
T004304,3.5,traffic
T004305,1.9,
T004306,1.2,
T004307,2.4,traffic
T004308,12.5,traffic
T004309,3.5,traffic
T004310,9.4,traffic
T004311,0.7,
T004312,4.3,driver_late
T004313,1.3,
T004314,18.0,traffic
T004315,3.0,unknown
T004316,4.5,driver_late
T004317,0.5,
T004318,7.2,traffic
T004319,5.2,unknown
T004320,3.1,traffic
T004321,0.9,
T004322,3.6,traffic
T004323,3.7,traffic
T004324,1.6,
T004325,5.4,traffic
T004326,16.1,driver_late
T004327,8.5,traffic
T004328,0.4,
T004329,0.7,
T004330,1.3,
T004331,4.6,vehicle_issue
T004332,4.6,vehicle_issue
T004333,4.7,traffic
T004334,2.7,traffic
T004335,10.3,vehicle_issue
T004336,0.9,
T004337,3.8,traffic
T004338,29.8,driver_late
T004339,5.6,traffic
T004340,0.1,
T004341,1.0,
T004342,8.4,traffic
T004343,4.4,driver_late
T004344,14.4,traffic
T004345,15.0,traffic
T004346,2.7,traffic
T004347,8.8,traffic
T004348,1.9,
T004349,4.6,driver_late
T004350,5.5,traffic
T004351,4.5,route_change
T004352,3.3,traffic
T004353,21.6,traffic
T004354,0.4,
T004355,10.2,driver_late
T004356,3.8,traffic
T004357,8.7,traffic
T004358,2.4,vehicle_issue
T004359,1.0,
T004360,19.3,traffic
T004361,7.5,traffic
T004362,20.2,vehicle_issue
T004363,7.3,driver_late
T004364,2.1,vehicle_issue
T004365,15.7,traffic
T004366,1.4,
T004367,7.0,unknown
T004368,4.8,driver_late
T004369,0.3,
T004370,0.8,
T004371,5.1,driver_late
T004372,3.0,route_change
T004373,2.2,driver_late
T004374,2.0,
T004375,4.0,traffic
T004376,4.5,driver_late
T004377,0.0,
T004378,7.1,traffic
T004379,4.2,traffic
T004380,10.2,traffic
T004381,0.8,
T004382,0.7,
T004383,0.9,
T004384,14.4,traffic
T004385,31.5,traffic
T004386,1.9,
T004387,5.3,driver_late
T004388,9.3,vehicle_issue
T004389,1.0,
T004390,13.4,unknown
T004391,3.3,traffic
T004392,5.5,unknown
T004393,2.6,driver_late
T004394,3.3,driver_late
T004395,1.7,
T004396,0.4,
T004397,6.1,unknown
T004398,2.4,driver_late
T004399,2.2,traffic
T004400,13.2,driver_late
T004401,5.9,driver_late
T004402,4.1,driver_late
T004403,5.0,driver_late
T004404,4.8,driver_late
T004405,1.3,
T004406,2.8,driver_late
T004407,1.8,
T004408,1.6,
T004409,7.4,traffic
T004410,0.9,
T004411,2.0,
T004412,1.1,
T004413,0.3,
T004414,1.6,
T004415,1.4,
T004416,3.1,vehicle_issue
T004417,13.3,unknown
T004418,0.5,
T004419,8.0,traffic
T004420,3.7,vehicle_issue
T004421,4.5,vehicle_issue
T004422,1.9,
T004423,0.9,
T004424,2.3,driver_late
T004425,9.7,traffic
T004426,3.3,traffic
T004427,4.1,traffic
T004428,5.6,vehicle_issue
T004429,1.4,
T004430,6.8,route_change
T004431,5.4,route_change
T004432,11.6,unknown
T004433,7.0,traffic
T004434,2.0,
T004435,1.7,
T004436,2.1,driver_late
T004437,3.0,unknown
T004438,1.9,
T004439,0.0,
T004440,3.0,vehicle_issue
T004441,6.3,traffic
T004442,14.7,traffic
T004443,7.7,traffic
T004444,8.4,traffic
T004445,6.7,traffic
T004446,4.1,driver_late
T004447,6.0,traffic
T004448,0.2,
T004449,7.7,driver_late
T004450,7.7,unknown
T004451,2.3,traffic
T004452,17.4,traffic
T004453,6.4,driver_late
T004454,24.2,traffic
T004455,2.6,driver_late
T004456,3.0,route_change
T004457,7.1,traffic
T004458,3.4,vehicle_issue
T004459,6.1,vehicle_issue
T004460,15.6,traffic
T004461,1.0,
T004462,2.4,traffic
T004463,8.1,route_change
T004464,5.7,traffic
T004465,3.0,driver_late
T004466,0.8,
T004467,1.8,
T004468,2.9,traffic
T004469,2.7,unknown
T004470,0.7,
T004471,1.9,
T004472,7.2,traffic
T004473,0.5,
T004474,9.3,unknown
T004475,6.7,vehicle_issue
T004476,1.8,
T004477,9.6,vehicle_issue
T004478,15.6,traffic
T004479,1.1,
T004480,15.6,unknown
T004481,1.8,
T004482,15.6,unknown
T004483,4.8,driver_late
T004484,8.5,driver_late
T004485,0.1,
T004486,15.6,driver_late
T004487,11.4,driver_late
T004488,0.6,
T004489,1.4,
T004490,9.2,driver_late
T004491,0.1,
T004492,41.7,traffic
T004493,2.7,driver_late
T004494,8.9,traffic
T004495,0.3,
T004496,2.2,driver_late
T004497,21.8,vehicle_issue
T004498,10.2,traffic
T004499,7.1,unknown
T004500,15.0,vehicle_issue
T004501,2.8,traffic
T004502,11.0,driver_late
T004503,5.8,traffic
T004504,9.1,driver_late
T004505,0.5,
T004506,21.1,driver_late
T004507,5.9,unknown
T004508,4.5,traffic
T004509,5.9,vehicle_issue
T004510,3.2,traffic
T004511,13.5,driver_late
T004512,25.6,driver_late
T004513,0.4,
T004514,0.3,
T004515,5.6,unknown
T004516,1.2,
T004517,2.0,
T004518,3.6,traffic
T004519,1.1,
T004520,13.4,traffic
T004521,5.2,driver_late
T004522,1.6,
T004523,18.0,route_change
T004524,2.0,
T004525,1.4,
T004526,7.1,driver_late
T004527,4.0,traffic
T004528,14.0,route_change
T004529,2.0,
T004530,4.2,vehicle_issue
T004531,0.3,
T004532,1.2,
T004533,3.1,driver_late
T004534,1.1,
T004535,1.6,
T004536,10.5,route_change
T004537,3.1,driver_late
T004538,11.5,driver_late
T004539,10.2,traffic
T004540,9.8,traffic
T004541,2.1,traffic
T004542,5.0,traffic
T004543,5.9,vehicle_issue
T004544,14.3,vehicle_issue
T004545,0.3,
T004546,0.8,
T004547,3.1,traffic
T004548,7.8,vehicle_issue
T004549,6.9,driver_late
T004550,0.2,
T004551,3.3,traffic
T004552,19.7,traffic
T004553,1.2,
T004554,3.5,traffic
T004555,3.0,vehicle_issue
T004556,3.9,vehicle_issue
T004557,1.4,
T004558,2.9,driver_late
T004559,8.3,vehicle_issue
T004560,4.9,route_change
T004561,3.0,traffic
T004562,1.6,
T004563,1.2,
T004564,4.2,vehicle_issue
T004565,3.7,driver_late
T004566,9.3,vehicle_issue
T004567,0.8,
T004568,8.4,unknown
T004569,0.7,
T004570,2.2,vehicle_issue
T004571,9.0,traffic
T004572,3.1,vehicle_issue
T004573,4.9,traffic
T004574,0.8,
T004575,0.8,
T004576,0.6,
T004577,1.9,
T004578,1.3,
T004579,8.1,driver_late
T004580,4.2,driver_late
T004581,2.4,traffic
T004582,7.4,driver_late
T004583,22.4,traffic
T004584,4.2,route_change
T004585,19.7,traffic
T004586,2.7,driver_late
T004587,1.9,
T004588,0.0,
T004589,18.5,route_change
T004590,4.5,traffic
T004591,5.9,driver_late
T004592,0.6,
T004593,21.0,traffic
T004594,2.8,driver_late
T004595,7.1,traffic
T004596,0.5,
T004597,5.8,traffic
T004598,0.5,
T004599,11.6,driver_late
T004600,1.1,
T004601,7.1,unknown
T004602,16.6,traffic
T004603,2.7,driver_late
T004604,16.1,traffic
T004605,1.1,
T004606,9.0,traffic
T004607,1.8,
T004608,3.2,driver_late
T004609,3.3,traffic
T004610,5.8,driver_late
T004611,8.5,vehicle_issue
T004612,3.9,route_change
T004613,15.8,driver_late
T004614,5.0,route_change
T004615,7.1,traffic
T004616,1.1,
T004617,5.0,traffic
T004618,6.1,driver_late
T004619,7.2,traffic
T004620,10.2,vehicle_issue
T004621,2.3,vehicle_issue
T004622,2.0,
T004623,6.0,traffic
T004624,3.9,traffic
T004625,0.1,
T004626,3.6,vehicle_issue
T004627,0.5,
T004628,11.5,traffic
T004629,1.5,
T004630,6.1,traffic
T004631,9.5,unknown
T004632,2.8,traffic
T004633,2.0,
T004634,2.1,driver_late
T004635,3.1,driver_late
T004636,5.9,vehicle_issue
T004637,2.7,driver_late
T004638,6.1,traffic
T004639,19.4,driver_late
T004640,10.8,route_change
T004641,0.1,
T004642,5.1,vehicle_issue
T004643,3.6,route_change
T004644,12.8,traffic
T004645,2.2,unknown
T004646,3.2,driver_late
T004647,24.6,traffic
T004648,0.8,
T004649,29.8,vehicle_issue
T004650,8.2,unknown
T004651,6.7,vehicle_issue
T004652,4.8,route_change
T004653,5.1,driver_late
T004654,0.7,
T004655,7.8,traffic
T004656,1.0,
T004657,1.2,
T004658,1.5,
T004659,6.0,unknown
T004660,0.5,
T004661,9.8,traffic
T004662,19.3,traffic
T004663,1.2,
T004664,3.9,vehicle_issue
T004665,3.3,driver_late
T004666,2.0,
T004667,2.2,unknown
T004668,6.1,route_change
T004669,5.8,driver_late
T004670,16.3,driver_late
T004671,13.8,traffic
T004672,1.0,
T004673,3.1,traffic
T004674,0.1,
T004675,14.3,traffic
T004676,1.0,
T004677,8.2,traffic
T004678,0.4,
T004679,2.4,traffic
T004680,8.6,vehicle_issue
T004681,14.6,traffic
T004682,3.0,driver_late
T004683,4.0,vehicle_issue
T004684,4.9,traffic
T004685,4.6,traffic
T004686,5.6,driver_late
T004687,8.6,unknown
T004688,0.5,
T004689,6.1,vehicle_issue
T004690,6.1,unknown
T004691,3.8,driver_late
T004692,12.7,driver_late
T004693,3.5,route_change
T004694,4.5,traffic
T004695,3.6,traffic
T004696,7.4,driver_late
T004697,6.6,unknown
T004698,1.0,
T004699,9.0,unknown
T004700,5.3,driver_late
T004701,3.1,route_change
T004702,4.3,vehicle_issue
T004703,5.0,driver_late
T004704,14.1,traffic
T004705,20.5,driver_late
T004706,10.3,driver_late
T004707,4.3,traffic
T004708,2.4,driver_late
T004709,7.1,driver_late
T004710,5.0,traffic
T004711,0.5,
T004712,2.6,vehicle_issue
T004713,2.5,driver_late
T004714,6.4,traffic
T004715,0.5,
T004716,0.7,
T004717,2.1,traffic
T004718,2.3,traffic
T004719,2.1,traffic
T004720,0.7,
T004721,1.3,
T004722,0.5,
T004723,0.3,
T004724,2.6,traffic
T004725,22.2,traffic
T004726,0.5,
T004727,0.6,
T004728,0.1,
T004729,2.8,unknown
T004730,0.7,
T004731,0.3,
T004732,9.7,traffic
T004733,3.7,traffic
T004734,1.6,
T004735,9.9,traffic
T004736,3.3,traffic
T004737,3.6,driver_late
T004738,6.6,driver_late
T004739,0.6,
T004740,2.3,traffic
T004741,1.3,
T004742,1.6,
T004743,5.3,driver_late
T004744,10.8,driver_late
T004745,20.8,vehicle_issue
T004746,34.5,vehicle_issue
T004747,9.2,route_change
T004748,2.4,traffic
T004749,2.6,route_change
T004750,0.4,
T004751,17.0,route_change
T004752,11.1,vehicle_issue
T004753,7.5,driver_late
T004754,2.9,driver_late
T004755,10.2,driver_late
T004756,4.0,unknown
T004757,10.3,traffic
T004758,10.4,driver_late
T004759,1.3,
T004760,17.1,driver_late
T004761,0.7,
T004762,9.9,vehicle_issue
T004763,29.1,driver_late
T004764,8.1,driver_late
T004765,2.6,driver_late
T004766,3.4,driver_late
T004767,1.7,
T004768,2.5,traffic
T004769,2.8,traffic
T004770,7.1,driver_late
T004771,12.0,driver_late
T004772,4.0,driver_late
T004773,10.6,unknown
T004774,2.4,driver_late
T004775,3.7,traffic
T004776,3.2,driver_late
T004777,2.1,driver_late
T004778,2.6,driver_late
T004779,8.9,traffic
T004780,5.3,traffic
T004781,6.1,traffic
T004782,6.0,traffic
T004783,0.6,
T004784,6.6,route_change
T004785,0.2,
T004786,3.1,vehicle_issue
T004787,6.3,driver_late
T004788,4.6,driver_late
T004789,2.0,
T004790,1.0,
T004791,1.5,
T004792,2.5,driver_late
T004793,11.1,traffic
T004794,0.5,
T004795,4.2,vehicle_issue
T004796,10.1,driver_late
T004797,0.8,
T004798,11.3,unknown
T004799,6.8,unknown
T004800,13.9,traffic
T004801,7.0,vehicle_issue
T004802,0.1,
T004803,10.8,driver_late
T004804,12.7,vehicle_issue
T004805,6.1,driver_late
T004806,8.1,vehicle_issue
T004807,0.2,
T004808,9.9,driver_late
T004809,1.4,
T004810,4.8,traffic
T004811,5.4,driver_late
T004812,1.8,
T004813,4.6,driver_late
T004814,3.2,traffic
T004815,0.4,
T004816,3.5,driver_late
T004817,4.6,driver_late
T004818,10.2,traffic
T004819,26.0,traffic
T004820,0.9,
T004821,11.9,traffic
T004822,2.4,driver_late
T004823,10.0,traffic
T004824,7.0,unknown
T004825,0.4,
T004826,33.0,driver_late
T004827,4.0,unknown
T004828,7.5,route_change
T004829,0.7,
T004830,2.8,driver_late
T004831,12.6,driver_late
T004832,23.0,traffic
T004833,24.7,driver_late
T004834,4.4,driver_late
T004835,5.1,traffic
T004836,17.4,traffic
T004837,0.6,
T004838,3.1,unknown
T004839,5.8,driver_late
T004840,12.4,vehicle_issue
T004841,3.9,unknown
T004842,3.8,vehicle_issue
T004843,1.6,
T004844,2.7,driver_late
T004845,0.5,
T004846,5.7,traffic
T004847,12.0,driver_late
T004848,10.1,driver_late
T004849,13.5,traffic
T004850,8.2,traffic
T004851,9.1,traffic
T004852,1.6,
T004853,5.6,traffic
T004854,1.9,
T004855,20.2,vehicle_issue
T004856,2.9,traffic
T004857,4.8,unknown
T004858,15.2,vehicle_issue
T004859,6.3,traffic
T004860,6.6,driver_late
T004861,4.2,vehicle_issue
T004862,1.4,
T004863,15.9,traffic
T004864,7.3,traffic
T004865,7.5,driver_late
T004866,15.7,driver_late
T004867,5.8,driver_late
T004868,18.6,traffic
T004869,8.1,driver_late
T004870,6.8,unknown
T004871,4.3,traffic
T004872,10.0,route_change
T004873,8.0,traffic
T004874,15.1,vehicle_issue
T004875,1.3,
T004876,1.9,
T004877,6.0,route_change
T004878,3.9,traffic
T004879,1.0,
T004880,4.8,traffic
T004881,2.4,driver_late
T004882,9.7,traffic
T004883,5.5,traffic
T004884,10.0,driver_late
T004885,0.1,
T004886,1.8,
T004887,4.4,traffic
T004888,0.5,
T004889,1.9,
T004890,12.7,driver_late
T004891,0.5,
T004892,4.1,vehicle_issue
T004893,5.9,driver_late
T004894,3.4,driver_late
T004895,7.9,traffic
T004896,4.4,unknown
T004897,5.5,driver_late
T004898,13.7,traffic
T004899,5.9,traffic
T004900,0.3,
T004901,12.0,traffic
T004902,7.3,driver_late
T004903,1.6,
T004904,13.7,driver_late
T004905,0.7,
T004906,0.1,
T004907,0.3,
T004908,14.8,vehicle_issue
T004909,18.8,traffic
T004910,1.2,
T004911,4.2,route_change
T004912,5.6,driver_late
T004913,6.2,route_change
T004914,7.3,route_change
T004915,0.6,
T004916,3.6,traffic
T004917,18.2,traffic
T004918,1.3,
T004919,3.5,driver_late
T004920,1.6,
T004921,7.5,vehicle_issue
T004922,13.2,vehicle_issue
T004923,9.3,route_change
T004924,4.2,traffic
T004925,7.1,traffic
T004926,7.0,traffic
T004927,2.7,traffic
T004928,2.3,driver_late
T004929,4.5,driver_late
T004930,1.4,
T004931,7.7,driver_late
T004932,4.2,driver_late
T004933,4.8,traffic
T004934,1.5,
T004935,3.1,traffic
T004936,0.9,
T004937,0.2,
T004938,4.1,traffic
T004939,4.8,driver_late
T004940,17.5,traffic
T004941,4.7,route_change
T004942,9.4,vehicle_issue
T004943,5.9,driver_late
T004944,6.3,traffic
T004945,5.7,driver_late
T004946,4.4,vehicle_issue
T004947,4.4,driver_late
T004948,4.1,traffic
T004949,2.3,traffic
T004950,6.1,unknown
T004951,11.9,driver_late
T004952,14.3,traffic
T004953,0.3,
T004954,11.0,unknown
T004955,15.5,route_change
T004956,2.2,traffic
T004957,1.1,
T004958,2.9,traffic
T004959,2.1,driver_late
T004960,2.9,driver_late
T004961,7.4,driver_late
T004962,2.4,vehicle_issue
T004963,6.0,driver_late
T004964,0.4,
T004965,6.6,route_change
T004966,4.7,driver_late
T004967,8.3,driver_late
T004968,8.3,driver_late
T004969,3.1,vehicle_issue
T004970,0.5,
T004971,1.4,
T004972,2.5,traffic
T004973,0.3,
T004974,2.3,traffic
T004975,8.2,traffic
T004976,3.8,traffic
T004977,2.6,traffic
T004978,11.9,vehicle_issue
T004979,0.6,
T004980,10.5,traffic
T004981,9.0,traffic
T004982,15.5,vehicle_issue
T004983,2.1,driver_late
T004984,1.8,
T004985,1.5,
T004986,3.9,driver_late
T004987,0.4,
T004988,25.0,traffic
T004989,10.9,driver_late
T004990,12.9,traffic
T004991,0.6,
T004992,1.9,
T004993,1.2,
T004994,10.4,driver_late
T004995,16.7,driver_late
T004996,3.5,traffic
T004997,2.2,route_change
T004998,0.3,
T004999,5.4,traffic
T005000,2.2,traffic
T005001,4.3,traffic
T005002,0.2,
T005003,6.8,traffic
T005004,10.0,traffic
T005005,14.8,driver_late
T005006,13.3,route_change
T005007,1.5,
T005008,5.7,traffic
T005009,6.5,traffic
T005010,4.6,driver_late
T005011,1.5,
T005012,0.9,
T005013,0.5,
T005014,0.7,
T005015,11.2,route_change
T005016,26.3,driver_late
T005017,1.0,
T005018,1.2,
T005019,3.5,route_change
T005020,0.1,
T005021,3.3,traffic
T005022,6.7,driver_late
T005023,1.8,
T005024,7.0,driver_late
T005025,4.9,traffic
T005026,6.7,driver_late
T005027,0.9,
T005028,5.9,traffic
T005029,8.8,route_change
T005030,13.4,traffic
T005031,5.7,route_change
T005032,10.0,unknown
T005033,15.8,traffic
T005034,0.3,
T005035,2.3,driver_late
T005036,0.3,
T005037,8.6,traffic
T005038,7.6,traffic
T005039,3.1,traffic
T005040,13.2,traffic
T005041,1.6,
T005042,7.6,vehicle_issue
T005043,0.8,
T005044,6.4,traffic
T005045,5.5,driver_late
T005046,9.0,vehicle_issue
T005047,20.4,driver_late
T005048,1.6,
T005049,8.3,driver_late
T005050,31.0,traffic
T005051,3.7,driver_late
T005052,1.4,
T005053,2.6,driver_late
T005054,10.1,driver_late
T005055,14.4,unknown
T005056,2.0,
T005057,0.1,
T005058,6.6,driver_late
T005059,6.7,driver_late
T005060,1.0,
T005061,5.8,traffic
T005062,5.5,driver_late
T005063,0.9,
T005064,5.7,vehicle_issue
T005065,0.0,
T005066,11.0,driver_late
T005067,1.1,
T005068,8.2,driver_late
T005069,10.1,traffic
T005070,1.2,
T005071,1.8,
T005072,2.6,driver_late
T005073,7.6,traffic
T005074,22.7,traffic
T005075,1.4,
T005076,36.5,driver_late
T005077,11.5,vehicle_issue
T005078,26.9,driver_late
T005079,5.6,traffic
T005080,7.4,traffic
T005081,7.6,driver_late
T005082,3.8,driver_late
T005083,15.4,unknown
T005084,10.6,traffic
T005085,6.9,driver_late
T005086,6.0,unknown
T005087,0.6,
T005088,12.9,driver_late
T005089,3.7,traffic
T005090,2.3,vehicle_issue
T005091,2.9,vehicle_issue
T005092,8.6,traffic
T005093,15.4,driver_late
T005094,0.6,
T005095,9.9,vehicle_issue
T005096,1.2,
T005097,22.1,traffic
T005098,7.0,driver_late
T005099,1.1,
T005100,6.1,route_change
T005101,10.9,route_change
T005102,5.6,traffic
T005103,10.9,driver_late
T005104,1.2,
T005105,5.1,traffic
T005106,2.9,vehicle_issue
T005107,2.9,vehicle_issue
T005108,1.1,
T005109,1.6,
T005110,3.1,driver_late
T005111,1.4,
T005112,13.1,traffic
T005113,5.0,vehicle_issue
T005114,4.3,traffic
T005115,7.5,driver_late
T005116,1.3,
T005117,0.8,
T005118,4.0,unknown
T005119,17.3,route_change
T005120,0.2,
T005121,0.3,
T005122,3.8,route_change
T005123,6.0,unknown
T005124,0.6,
T005125,0.5,
T005126,9.9,vehicle_issue
T005127,8.5,driver_late
T005128,1.2,
T005129,7.9,unknown
T005130,5.1,traffic
T005131,3.5,traffic
T005132,17.0,route_change
T005133,11.1,driver_late
T005134,5.3,driver_late
T005135,28.4,driver_late
T005136,5.5,driver_late
T005137,4.7,traffic
T005138,3.7,vehicle_issue
T005139,8.7,traffic
T005140,12.1,traffic
T005141,19.5,vehicle_issue
T005142,0.9,
T005143,1.0,
T005144,3.5,driver_late
T005145,1.4,
T005146,3.8,vehicle_issue
T005147,0.7,
T005148,4.9,vehicle_issue
T005149,4.7,driver_late
T005150,5.0,route_change
T005151,13.1,traffic
T005152,2.2,driver_late
T005153,1.1,
T005154,0.6,
T005155,4.5,driver_late
T005156,0.8,
T005157,4.5,traffic
T005158,1.7,
T005159,1.4,
T005160,1.5,
T005161,2.1,unknown
T005162,18.6,driver_late
T005163,0.0,
T005164,2.4,driver_late
T005165,11.2,unknown
T005166,6.8,traffic
T005167,9.8,traffic
T005168,13.3,driver_late
T005169,9.0,traffic
T005170,28.3,traffic
T005171,4.3,driver_late
T005172,1.4,
T005173,1.6,
T005174,1.2,
T005175,18.7,driver_late
T005176,6.7,unknown
T005177,6.2,traffic
T005178,1.0,
T005179,5.0,unknown
T005180,2.4,driver_late
T005181,6.3,traffic
T005182,5.3,traffic
T005183,14.9,traffic
T005184,1.1,
T005185,6.5,traffic
T005186,2.2,vehicle_issue
T005187,4.2,driver_late
T005188,14.2,driver_late
T005189,2.4,driver_late
T005190,2.2,driver_late
T005191,0.5,
T005192,3.0,route_change
T005193,12.9,driver_late
T005194,3.6,traffic
T005195,0.7,
T005196,6.2,driver_late
T005197,4.5,vehicle_issue
T005198,4.2,vehicle_issue
T005199,4.4,driver_late
T005200,4.8,unknown
T005201,8.0,unknown
T005202,1.6,
T005203,0.1,
T005204,5.5,route_change
T005205,22.6,driver_late
T005206,0.0,
T005207,2.7,traffic
T005208,5.5,traffic
T005209,13.4,driver_late
T005210,5.2,vehicle_issue
T005211,0.5,
T005212,7.2,driver_late
T005213,1.0,
T005214,7.3,driver_late
T005215,2.1,driver_late
T005216,4.7,traffic
T005217,8.3,traffic
T005218,8.7,driver_late
T005219,3.7,vehicle_issue
T005220,2.4,driver_late
T005221,0.8,
T005222,13.5,driver_late
T005223,9.0,driver_late
T005224,4.6,driver_late
T005225,6.0,traffic
T005226,0.4,
T005227,26.5,driver_late
T005228,6.7,route_change
T005229,1.4,
T005230,0.8,
T005231,6.0,driver_late
T005232,0.2,
T005233,8.5,unknown
T005234,2.9,driver_late
T005235,20.2,driver_late
T005236,3.6,driver_late
T005237,16.0,vehicle_issue
T005238,1.3,
T005239,4.1,vehicle_issue
T005240,2.4,route_change
T005241,9.5,driver_late
T005242,6.2,route_change
T005243,0.0,
T005244,1.9,
T005245,7.9,driver_late
T005246,2.4,driver_late
T005247,0.5,
T005248,5.2,traffic
T005249,4.7,traffic
T005250,1.4,
T005251,6.8,traffic
T005252,15.6,traffic
T005253,0.5,
T005254,1.8,
T005255,0.6,
T005256,6.4,driver_late
T005257,8.5,traffic
T005258,21.8,route_change
T005259,16.9,driver_late
T005260,4.7,traffic
T005261,26.7,traffic
T005262,5.0,traffic
T005263,5.6,traffic
T005264,6.2,traffic
T005265,5.8,vehicle_issue
T005266,0.9,
T005267,1.2,
T005268,0.7,
T005269,14.7,route_change
T005270,3.6,traffic
T005271,17.2,traffic
T005272,0.3,
T005273,1.7,
T005274,7.1,driver_late
T005275,15.3,vehicle_issue
T005276,6.4,route_change
T005277,5.5,driver_late
T005278,0.7,
T005279,3.3,unknown
T005280,1.9,
T005281,5.7,driver_late
T005282,21.3,driver_late
T005283,30.4,traffic
T005284,1.4,
T005285,0.7,
T005286,1.7,
T005287,10.1,unknown
T005288,7.4,traffic
T005289,0.4,
T005290,1.2,
T005291,4.1,vehicle_issue
T005292,35.6,driver_late
T005293,41.5,route_change
T005294,1.9,
T005295,3.6,vehicle_issue
T005296,2.2,traffic
T005297,10.2,traffic
T005298,7.9,traffic
T005299,1.8,
T005300,3.6,vehicle_issue
T005301,6.9,traffic
T005302,3.6,route_change
T005303,11.2,unknown
T005304,6.6,driver_late
T005305,6.3,traffic
T005306,1.5,
T005307,12.4,driver_late
T005308,17.1,driver_late
T005309,4.4,traffic
T005310,1.5,
T005311,2.9,traffic
T005312,13.3,unknown
T005313,3.8,traffic
T005314,3.5,driver_late
T005315,11.8,driver_late
T005316,4.7,driver_late
T005317,6.5,unknown
T005318,6.7,traffic
T005319,11.6,traffic
T005320,16.1,driver_late
T005321,1.8,
T005322,6.9,traffic
T005323,0.3,
T005324,4.5,traffic
T005325,0.4,
T005326,4.2,vehicle_issue
T005327,4.4,unknown
T005328,11.0,driver_late
T005329,12.8,traffic
T005330,16.7,route_change
T005331,20.3,vehicle_issue
T005332,20.0,driver_late
T005333,0.1,
T005334,7.1,driver_late
T005335,18.5,traffic
T005336,8.4,traffic
T005337,2.7,driver_late
T005338,20.4,route_change
T005339,8.6,driver_late
T005340,8.4,traffic
T005341,3.8,driver_late
T005342,10.5,driver_late
T005343,0.5,
T005344,20.7,vehicle_issue
T005345,1.1,
T005346,2.3,driver_late
T005347,12.1,traffic
T005348,8.1,traffic
T005349,3.8,unknown
T005350,1.9,
T005351,6.9,driver_late
T005352,1.9,
T005353,2.7,driver_late
T005354,2.0,
T005355,8.2,traffic
T005356,6.9,traffic
T005357,13.2,vehicle_issue
T005358,11.2,traffic
T005359,4.8,driver_late
T005360,0.4,
T005361,4.3,traffic
T005362,23.8,driver_late
T005363,8.7,traffic
T005364,6.1,traffic
T005365,9.7,unknown
T005366,3.8,traffic
T005367,2.8,unknown
T005368,4.8,unknown
T005369,0.6,
T005370,18.9,traffic
T005371,13.1,vehicle_issue
T005372,2.4,traffic
T005373,3.8,traffic
T005374,6.5,route_change
T005375,12.1,driver_late
T005376,21.9,unknown
T005377,1.2,
T005378,9.3,driver_late
T005379,1.3,
T005380,2.3,driver_late
T005381,19.2,driver_late
T005382,4.6,driver_late
T005383,10.1,traffic
T005384,2.7,driver_late
T005385,2.3,vehicle_issue
T005386,6.8,driver_late
T005387,8.4,driver_late
T005388,9.1,traffic
T005389,0.7,
T005390,10.8,traffic
T005391,7.9,driver_late
T005392,2.9,route_change
T005393,24.4,driver_late
T005394,9.4,traffic
T005395,8.3,traffic
T005396,4.8,vehicle_issue
T005397,5.5,traffic
T005398,0.4,
T005399,13.9,driver_late
T005400,0.6,
T005401,4.9,driver_late
T005402,1.8,
T005403,1.1,
T005404,8.8,traffic
T005405,5.2,traffic
T005406,12.3,traffic
T005407,0.0,
T005408,6.4,vehicle_issue
T005409,21.6,unknown
T005410,0.8,
T005411,10.1,traffic
T005412,2.3,driver_late
T005413,6.4,driver_late
T005414,6.2,driver_late
T005415,6.0,vehicle_issue
T005416,0.9,
T005417,9.5,driver_late
T005418,1.8,
T005419,3.3,vehicle_issue
T005420,3.4,unknown
T005421,0.2,
T005422,15.9,vehicle_issue
T005423,10.7,vehicle_issue
T005424,2.1,unknown
T005425,5.2,route_change
T005426,17.8,traffic
T005427,6.6,traffic
T005428,29.9,traffic
T005429,6.1,traffic
T005430,11.0,traffic
T005431,15.5,driver_late
T005432,0.2,
T005433,1.7,
T005434,2.2,traffic
T005435,6.1,traffic
T005436,8.9,traffic
T005437,7.2,traffic
T005438,28.6,traffic
T005439,1.9,
T005440,5.2,traffic
T005441,1.4,
T005442,5.6,driver_late
T005443,5.7,driver_late
T005444,4.6,vehicle_issue
T005445,1.6,
T005446,3.0,unknown
T005447,2.1,driver_late
T005448,9.1,traffic
T005449,0.9,
T005450,1.3,
T005451,0.2,
T005452,25.6,traffic
T005453,18.8,driver_late
T005454,14.3,vehicle_issue
T005455,1.8,
T005456,2.4,route_change
T005457,3.8,unknown
T005458,15.2,driver_late
T005459,7.6,vehicle_issue
T005460,1.3,
T005461,2.8,route_change
T005462,4.1,traffic
T005463,3.9,driver_late
T005464,14.4,vehicle_issue
T005465,4.8,traffic
T005466,2.2,traffic
T005467,0.7,
T005468,2.3,driver_late
T005469,1.8,
T005470,2.8,driver_late
T005471,7.1,driver_late
T005472,5.5,vehicle_issue
T005473,0.6,
T005474,16.6,vehicle_issue
T005475,8.7,vehicle_issue
T005476,1.4,
T005477,21.1,driver_late
T005478,5.8,driver_late
T005479,9.5,vehicle_issue
T005480,11.9,driver_late
T005481,3.1,unknown
T005482,1.2,
T005483,5.6,traffic
T005484,24.4,traffic
T005485,10.0,driver_late
T005486,0.5,
T005487,16.4,traffic
T005488,7.2,route_change
T005489,10.9,driver_late
T005490,1.3,
T005491,0.2,
T005492,0.9,
T005493,0.1,
T005494,1.1,
T005495,1.7,
T005496,2.7,driver_late
T005497,8.8,traffic
T005498,10.9,vehicle_issue
T005499,3.0,traffic
T005500,14.5,traffic
T005501,8.4,traffic
T005502,22.4,driver_late
T005503,1.9,
T005504,3.3,traffic
T005505,0.4,
T005506,0.1,
T005507,1.4,
T005508,5.5,driver_late
T005509,35.3,traffic
T005510,3.5,vehicle_issue
T005511,10.0,traffic
T005512,4.2,traffic
T005513,2.6,traffic
T005514,0.4,
T005515,0.8,
T005516,10.6,traffic
T005517,15.3,traffic
T005518,3.5,vehicle_issue
T005519,2.6,driver_late
T005520,1.6,
T005521,19.5,route_change
T005522,4.6,traffic
T005523,1.6,
T005524,6.5,vehicle_issue
T005525,1.8,
T005526,3.2,vehicle_issue
T005527,2.8,traffic
T005528,2.9,traffic
T005529,54.2,driver_late
T005530,5.5,traffic
T005531,21.1,driver_late
T005532,3.2,vehicle_issue
T005533,2.5,traffic
T005534,5.0,driver_late
T005535,1.5,
T005536,17.7,driver_late
T005537,4.9,driver_late
T005538,2.4,traffic
T005539,1.8,
T005540,12.2,vehicle_issue
T005541,4.4,unknown
T005542,5.4,traffic
T005543,7.9,unknown
T005544,3.2,driver_late
T005545,3.0,driver_late
T005546,9.9,traffic
T005547,4.9,vehicle_issue
T005548,11.6,vehicle_issue
T005549,11.2,traffic
T005550,5.7,vehicle_issue
T005551,0.0,
T005552,13.6,route_change
T005553,6.7,driver_late
T005554,6.9,unknown
T005555,3.0,traffic
T005556,0.6,
T005557,3.8,traffic
T005558,6.6,driver_late
T005559,2.0,
T005560,2.7,traffic
T005561,7.2,traffic
T005562,14.0,traffic
T005563,3.8,traffic
T005564,0.3,
T005565,19.6,driver_late
T005566,0.4,
T005567,15.5,driver_late
T005568,10.0,traffic
T005569,5.1,traffic
T005570,5.7,driver_late
T005571,0.0,
T005572,1.4,
T005573,0.9,
T005574,10.1,traffic
T005575,3.5,traffic
T005576,7.7,driver_late
T005577,0.1,
T005578,9.9,driver_late
T005579,12.9,traffic
T005580,30.0,traffic
T005581,13.4,route_change
T005582,8.3,driver_late
T005583,14.1,route_change
T005584,4.7,traffic
T005585,16.9,unknown
T005586,27.5,driver_late
T005587,13.9,traffic
T005588,2.9,unknown
T005589,9.6,driver_late
T005590,2.4,traffic
T005591,10.6,traffic
T005592,2.5,traffic
T005593,4.4,driver_late
T005594,1.4,
T005595,4.3,driver_late
T005596,6.6,traffic
T005597,8.6,driver_late
T005598,9.6,driver_late
T005599,8.1,driver_late
T005600,0.4,
T005601,9.1,driver_late
T005602,5.6,traffic
T005603,0.8,
T005604,6.2,traffic
T005605,3.1,driver_late
T005606,3.1,driver_late
T005607,31.8,traffic
T005608,23.1,traffic
T005609,1.7,
T005610,0.5,
T005611,15.4,vehicle_issue
T005612,1.9,
T005613,3.0,traffic
T005614,14.2,vehicle_issue
T005615,5.3,driver_late
T005616,31.3,driver_late
T005617,11.3,unknown
T005618,13.7,traffic
T005619,3.0,route_change
T005620,4.5,driver_late
T005621,0.9,
T005622,3.4,traffic
T005623,4.9,traffic
T005624,1.9,
T005625,3.2,vehicle_issue
T005626,1.0,
T005627,5.6,traffic
T005628,8.9,driver_late
T005629,16.2,driver_late
T005630,10.1,traffic
T005631,32.2,vehicle_issue
T005632,1.8,
T005633,1.1,
T005634,18.5,driver_late
T005635,6.7,traffic
T005636,0.7,
T005637,4.9,route_change
T005638,3.6,driver_late
T005639,2.0,
T005640,4.4,traffic
T005641,13.9,vehicle_issue
T005642,2.8,driver_late
T005643,0.2,
T005644,0.6,
T005645,3.0,driver_late
T005646,4.8,unknown
T005647,1.1,
T005648,2.3,traffic
T005649,18.7,driver_late
T005650,55.1,driver_late
T005651,8.5,vehicle_issue
T005652,0.5,
T005653,1.2,
T005654,21.4,driver_late
T005655,10.5,driver_late
T005656,2.7,driver_late
T005657,14.7,driver_late
T005658,15.0,unknown
T005659,2.4,driver_late
T005660,11.4,driver_late
T005661,5.9,vehicle_issue
T005662,10.6,traffic
T005663,2.0,
T005664,1.6,
T005665,11.0,traffic
T005666,12.4,driver_late
T005667,1.0,
T005668,6.8,traffic
T005669,6.9,vehicle_issue
T005670,3.9,route_change
T005671,10.8,driver_late
T005672,9.4,traffic
T005673,0.2,
T005674,2.6,traffic
T005675,9.5,driver_late
T005676,24.5,driver_late
T005677,3.8,traffic
T005678,10.3,traffic
T005679,1.9,
T005680,2.7,traffic
T005681,0.4,
T005682,2.4,traffic
T005683,12.5,traffic
T005684,15.5,unknown
T005685,4.1,vehicle_issue
T005686,14.3,driver_late
T005687,17.2,vehicle_issue
T005688,3.2,driver_late
T005689,9.4,unknown
T005690,2.8,route_change
T005691,4.8,traffic
T005692,1.0,
T005693,12.9,traffic
T005694,0.6,
T005695,4.1,driver_late
T005696,4.6,vehicle_issue
T005697,1.4,
T005698,1.5,
T005699,2.5,traffic
T005700,9.2,route_change
T005701,6.1,driver_late
T005702,8.6,traffic
T005703,15.3,driver_late
T005704,5.2,driver_late
T005705,2.2,driver_late
T005706,6.7,traffic
T005707,0.1,
T005708,0.8,
T005709,18.7,vehicle_issue
T005710,46.1,route_change
T005711,7.0,route_change
T005712,3.6,traffic
T005713,1.7,
T005714,0.8,
T005715,5.0,driver_late
T005716,11.9,vehicle_issue
T005717,3.5,vehicle_issue
T005718,14.2,traffic
T005719,7.7,route_change
T005720,0.3,
T005721,6.0,driver_late
T005722,5.0,traffic
T005723,4.9,vehicle_issue
T005724,2.2,traffic
T005725,3.3,traffic
T005726,7.3,driver_late
T005727,3.2,route_change
T005728,7.2,driver_late
T005729,1.1,
T005730,3.0,driver_late
T005731,7.2,driver_late
T005732,12.7,driver_late
T005733,1.9,
T005734,33.7,driver_late
T005735,5.1,traffic
T005736,0.0,
T005737,23.3,driver_late
T005738,5.6,driver_late
T005739,0.6,
T005740,1.8,
T005741,16.1,driver_late
T005742,2.2,driver_late
T005743,11.5,driver_late
T005744,3.1,driver_late
T005745,7.0,traffic
T005746,1.1,
T005747,2.3,traffic
T005748,1.8,
T005749,40.9,unknown
T005750,1.0,
T005751,3.5,route_change
T005752,3.3,driver_late
T005753,8.9,driver_late
T005754,2.1,driver_late
T005755,9.9,driver_late
T005756,8.9,driver_late
T005757,6.3,vehicle_issue
T005758,22.6,route_change
T005759,2.2,traffic
T005760,13.0,traffic
T005761,7.3,traffic
T005762,13.9,traffic
T005763,33.2,driver_late
T005764,0.9,
T005765,5.1,traffic
T005766,1.2,
T005767,5.0,vehicle_issue
T005768,11.0,traffic
T005769,0.3,
T005770,5.0,vehicle_issue
T005771,0.2,
T005772,12.0,vehicle_issue
T005773,0.5,
T005774,3.3,unknown
T005775,0.4,
T005776,0.6,
T005777,11.7,driver_late
T005778,11.6,traffic
T005779,5.3,traffic
T005780,10.9,driver_late
T005781,2.1,driver_late
T005782,1.9,
T005783,3.0,vehicle_issue
T005784,11.7,driver_late
T005785,7.6,vehicle_issue
T005786,4.3,vehicle_issue
T005787,9.7,traffic
T005788,3.4,traffic
T005789,9.6,driver_late
T005790,29.3,driver_late
T005791,6.7,traffic
T005792,3.1,vehicle_issue
T005793,19.6,unknown
T005794,6.8,driver_late
T005795,0.2,
T005796,1.7,
T005797,6.6,unknown
T005798,3.4,unknown
T005799,1.0,
T005800,18.0,unknown
T005801,0.9,
T005802,1.7,
T005803,8.1,unknown
T005804,22.0,driver_late
T005805,5.8,traffic
T005806,8.6,traffic
T005807,1.2,
T005808,9.7,traffic
T005809,2.0,
T005810,0.2,
T005811,3.2,driver_late
T005812,3.6,driver_late
T005813,13.2,traffic
T005814,3.6,traffic
T005815,5.6,traffic
T005816,11.2,traffic
T005817,19.3,traffic
T005818,0.8,
T005819,7.1,traffic
T005820,1.0,
T005821,30.1,driver_late
T005822,1.8,
T005823,9.5,traffic
T005824,19.2,driver_late
T005825,8.2,unknown
T005826,16.4,driver_late
T005827,32.8,traffic
T005828,5.6,driver_late
T005829,4.6,driver_late
T005830,0.9,
T005831,6.0,driver_late
T005832,2.8,driver_late
T005833,0.7,
T005834,2.9,driver_late
T005835,0.8,
T005836,2.2,traffic
T005837,7.2,traffic
T005838,6.6,unknown
T005839,6.2,unknown
T005840,2.0,
T005841,0.0,
T005842,0.2,
T005843,11.8,vehicle_issue
T005844,2.4,driver_late
T005845,7.7,traffic
T005846,1.7,
T005847,0.1,
T005848,3.2,driver_late
T005849,18.1,vehicle_issue
T005850,0.8,
T005851,3.2,driver_late
T005852,22.0,traffic
T005853,3.9,traffic
T005854,1.8,
T005855,5.4,driver_late
T005856,1.3,
T005857,1.1,
T005858,1.2,
T005859,3.1,unknown
T005860,1.2,
T005861,2.3,driver_late
T005862,4.2,traffic
T005863,39.7,driver_late
T005864,11.5,driver_late
T005865,5.1,traffic
T005866,2.6,traffic
T005867,3.0,driver_late
T005868,3.9,traffic
T005869,0.8,
T005870,1.3,
T005871,1.6,
T005872,0.5,
T005873,1.4,
T005874,2.1,vehicle_issue
T005875,1.7,
T005876,10.1,traffic
T005877,9.0,traffic
T005878,13.6,unknown
T005879,13.9,driver_late
T005880,25.1,driver_late
T005881,1.1,
T005882,0.2,
T005883,21.2,driver_late
T005884,1.2,
T005885,0.8,
T005886,3.1,traffic
T005887,5.3,driver_late
T005888,8.4,driver_late
T005889,5.6,vehicle_issue
T005890,2.3,driver_late
T005891,0.1,
T005892,0.2,
T005893,18.2,driver_late
T005894,0.6,
T005895,3.5,driver_late
T005896,14.4,traffic
T005897,9.5,vehicle_issue
T005898,4.0,route_change
T005899,3.4,driver_late
T005900,12.3,traffic
T005901,0.3,
T005902,2.5,driver_late
T005903,3.6,driver_late
T005904,2.5,traffic
T005905,0.4,
T005906,1.6,
T005907,2.3,vehicle_issue
T005908,3.4,traffic
T005909,8.8,vehicle_issue
T005910,0.2,
T005911,2.8,unknown
T005912,2.2,traffic
T005913,2.8,driver_late
T005914,6.8,driver_late
T005915,21.6,traffic
T005916,2.5,traffic
T005917,29.5,traffic
T005918,2.3,driver_late
T005919,0.7,
T005920,36.8,driver_late
T005921,5.8,traffic
T005922,16.8,vehicle_issue
T005923,10.7,traffic
T005924,22.0,traffic
T005925,5.8,driver_late
T005926,11.6,unknown
T005927,6.2,vehicle_issue
T005928,1.0,
T005929,1.9,
T005930,0.2,
T005931,11.9,driver_late
T005932,0.2,
T005933,0.0,
T005934,7.2,traffic
T005935,1.5,
T005936,2.6,traffic
T005937,13.0,driver_late
T005938,4.2,route_change
T005939,0.8,
T005940,0.2,
T005941,2.7,driver_late
T005942,3.3,traffic
T005943,2.6,traffic
T005944,0.1,
T005945,0.5,
T005946,5.8,route_change
T005947,6.9,driver_late
T005948,2.3,driver_late
T005949,0.8,
T005950,2.8,driver_late
T005951,3.3,vehicle_issue
T005952,3.7,traffic
T005953,5.1,traffic
T005954,12.5,driver_late
T005955,7.2,traffic
T005956,4.9,vehicle_issue
T005957,9.0,unknown
T005958,4.1,driver_late
T005959,4.4,route_change
T005960,4.3,traffic
T005961,1.8,
T005962,11.9,driver_late
T005963,2.7,driver_late
T005964,15.0,driver_late
T005965,7.2,driver_late
T005966,1.3,
T005967,3.2,driver_late
T005968,2.2,driver_late
T005969,4.8,vehicle_issue
T005970,2.5,unknown
T005971,1.5,
T005972,2.4,traffic
T005973,3.9,driver_late
T005974,0.2,
T005975,5.6,driver_late
T005976,1.3,
T005977,7.9,traffic
T005978,24.3,route_change
T005979,0.4,
T005980,17.5,driver_late
T005981,5.8,traffic
T005982,3.1,driver_late
T005983,3.5,unknown
T005984,2.2,traffic
T005985,5.5,traffic
T005986,0.7,
T005987,2.2,vehicle_issue
T005988,20.8,driver_late
T005989,6.2,unknown
T005990,3.6,driver_late
T005991,5.7,traffic
T005992,2.7,unknown
T005993,5.2,driver_late
T005994,10.6,traffic
T005995,5.7,traffic
T005996,4.3,traffic
T005997,2.7,vehicle_issue
T005998,9.7,traffic
T005999,11.3,traffic
T006000,6.0,driver_late
T006001,4.3,traffic
T006002,9.9,vehicle_issue
T006003,2.1,traffic
T006004,0.7,
T006005,0.4,
T006006,2.5,traffic
T006007,2.6,traffic
T006008,0.2,
T006009,2.5,vehicle_issue
T006010,4.1,vehicle_issue
T006011,16.3,driver_late
T006012,37.2,traffic
T006013,15.6,route_change
T006014,3.2,driver_late
T006015,3.9,traffic
T006016,5.7,vehicle_issue
T006017,14.3,traffic
T006018,3.0,driver_late
T006019,2.7,traffic
T006020,0.2,
T006021,6.8,vehicle_issue
T006022,4.7,driver_late
T006023,1.1,
T006024,0.4,
T006025,0.3,
T006026,20.5,traffic
T006027,2.0,
T006028,5.1,traffic
T006029,1.4,
T006030,6.0,driver_late
T006031,0.7,
T006032,3.0,driver_late
T006033,1.4,
T006034,1.6,
T006035,9.3,traffic
T006036,2.4,traffic
T006037,16.5,traffic
T006038,7.8,traffic
T006039,2.1,driver_late
T006040,3.5,driver_late
T006041,5.9,driver_late
T006042,3.2,driver_late
T006043,1.1,
T006044,3.2,traffic
T006045,7.7,traffic
T006046,4.9,driver_late
T006047,0.6,
T006048,18.4,driver_late
T006049,6.5,traffic
T006050,4.3,traffic
T006051,6.2,traffic
T006052,1.3,
T006053,1.0,
T006054,0.6,
T006055,4.1,traffic
T006056,1.8,
T006057,11.9,vehicle_issue
T006058,2.5,driver_late
T006059,0.8,
T006060,0.0,
T006061,7.1,traffic
T006062,25.1,driver_late
T006063,20.5,driver_late
T006064,0.6,
T006065,0.2,
T006066,15.9,driver_late
T006067,0.5,
T006068,3.0,driver_late
T006069,0.2,
T006070,15.6,vehicle_issue
T006071,3.2,driver_late
T006072,15.6,traffic
T006073,6.7,driver_late
T006074,7.9,driver_late
T006075,2.4,unknown
T006076,5.9,traffic
T006077,6.0,driver_late
T006078,10.5,driver_late
T006079,3.6,route_change
T006080,2.0,
T006081,25.1,driver_late
T006082,0.9,
T006083,8.3,traffic
T006084,9.1,driver_late
T006085,5.3,traffic
T006086,6.3,driver_late
T006087,3.2,traffic
T006088,3.2,driver_late
T006089,2.9,driver_late
T006090,20.1,traffic
T006091,8.3,driver_late
T006092,1.0,
T006093,3.4,traffic
T006094,0.1,
T006095,0.6,
T006096,3.5,driver_late
T006097,10.0,unknown
T006098,6.7,traffic
T006099,4.1,traffic
T006100,8.0,driver_late
T006101,2.7,traffic
T006102,2.8,vehicle_issue
T006103,5.5,traffic
T006104,4.0,driver_late
T006105,0.2,
T006106,5.2,traffic
T006107,2.5,driver_late
T006108,0.8,
T006109,1.3,
T006110,0.8,
T006111,6.0,traffic
T006112,4.1,driver_late
T006113,1.1,
T006114,45.8,driver_late
T006115,9.2,driver_late
T006116,1.6,
T006117,2.2,driver_late
T006118,9.5,traffic
T006119,3.8,driver_late
T006120,1.2,
T006121,8.9,traffic
T006122,3.0,driver_late
T006123,3.1,route_change
T006124,1.7,
T006125,8.1,vehicle_issue
T006126,11.3,driver_late
T006127,3.4,unknown
T006128,6.5,traffic
T006129,1.7,
T006130,0.1,
T006131,15.7,driver_late
T006132,10.5,driver_late
T006133,5.1,unknown
T006134,3.9,driver_late
T006135,1.0,
T006136,19.9,driver_late
T006137,1.6,
T006138,18.8,traffic
T006139,11.1,traffic
T006140,0.1,
T006141,9.3,driver_late
T006142,0.1,
T006143,2.6,unknown
T006144,3.0,vehicle_issue
T006145,16.7,driver_late
T006146,6.5,vehicle_issue
T006147,8.4,route_change
T006148,3.4,driver_late
T006149,11.9,driver_late
T006150,20.3,route_change
T006151,6.6,traffic
T006152,1.1,
T006153,5.3,traffic
T006154,16.9,traffic
T006155,3.9,traffic
T006156,1.0,
T006157,6.6,driver_late
T006158,3.9,traffic
T006159,11.9,route_change
T006160,0.1,
T006161,4.4,unknown
T006162,14.3,driver_late
T006163,0.4,
T006164,10.4,driver_late
T006165,0.5,
T006166,0.8,
T006167,4.9,traffic
T006168,1.2,
T006169,7.1,traffic
T006170,1.2,
T006171,8.3,driver_late
T006172,7.5,traffic
T006173,12.7,traffic
T006174,0.6,
T006175,12.1,unknown
T006176,1.1,
T006177,2.2,traffic
T006178,9.0,traffic
T006179,1.4,
T006180,1.8,
T006181,7.7,driver_late
T006182,1.0,
T006183,4.0,driver_late
T006184,4.0,vehicle_issue
T006185,0.9,
T006186,7.1,traffic
T006187,15.6,traffic
T006188,5.6,driver_late
T006189,15.6,traffic
T006190,0.3,
T006191,1.5,
T006192,0.5,
T006193,4.0,driver_late
T006194,6.6,traffic
T006195,8.6,driver_late
T006196,12.7,route_change
T006197,7.4,driver_late
T006198,1.3,
T006199,7.2,unknown
T006200,8.6,driver_late
T006201,4.5,traffic
T006202,3.5,driver_late
T006203,3.1,unknown
T006204,4.6,traffic
T006205,5.9,driver_late
T006206,1.7,
T006207,0.6,
T006208,0.1,
T006209,7.4,unknown
T006210,1.0,
T006211,4.5,vehicle_issue
T006212,1.2,
T006213,1.2,
T006214,2.2,unknown
T006215,1.2,
T006216,0.3,
T006217,3.4,driver_late
T006218,4.9,driver_late
T006219,2.5,driver_late
T006220,0.0,
T006221,1.5,
T006222,19.6,traffic
T006223,3.2,vehicle_issue
T006224,2.9,driver_late
T006225,4.7,traffic
T006226,2.0,
T006227,2.7,traffic
T006228,0.8,
T006229,1.6,
T006230,1.2,
T006231,3.3,driver_late
T006232,3.4,driver_late
T006233,19.3,unknown
T006234,1.9,
T006235,8.3,driver_late
T006236,17.9,traffic
T006237,14.1,traffic
T006238,17.2,vehicle_issue
T006239,2.6,traffic
T006240,1.7,
T006241,3.2,driver_late
T006242,2.9,route_change
T006243,1.6,
T006244,23.3,traffic
T006245,3.6,traffic
T006246,5.7,route_change
T006247,5.9,traffic
T006248,4.7,traffic
T006249,0.3,
T006250,14.3,traffic
T006251,1.0,
T006252,4.1,driver_late
T006253,5.8,unknown
T006254,10.8,traffic
T006255,4.2,driver_late
T006256,2.1,route_change
T006257,3.8,driver_late
T006258,8.4,driver_late
T006259,7.3,traffic
T006260,2.4,traffic
T006261,13.7,driver_late
T006262,0.8,
T006263,2.8,route_change
T006264,27.6,driver_late
T006265,1.6,
T006266,7.1,route_change
T006267,4.2,route_change
T006268,22.5,driver_late
T006269,2.7,route_change
T006270,0.5,
T006271,1.7,
T006272,3.4,vehicle_issue
T006273,11.5,traffic
T006274,5.2,route_change
T006275,8.4,traffic
T006276,5.4,unknown
T006277,3.8,traffic
T006278,5.5,driver_late
T006279,2.8,route_change
T006280,6.3,traffic
T006281,2.2,traffic
T006282,0.3,
T006283,20.4,traffic
T006284,31.3,traffic
T006285,0.1,
T006286,3.1,route_change
T006287,17.5,traffic
T006288,4.5,traffic
T006289,2.4,driver_late
T006290,1.4,
T006291,3.4,driver_late
T006292,0.8,
T006293,10.0,vehicle_issue
T006294,4.3,vehicle_issue
T006295,3.6,vehicle_issue
T006296,0.3,
T006297,2.2,driver_late
T006298,2.2,driver_late
T006299,8.2,driver_late
T006300,35.1,vehicle_issue
T006301,2.5,traffic
T006302,0.2,
T006303,0.6,
T006304,15.6,driver_late
T006305,1.5,
T006306,0.9,
T006307,28.0,driver_late
T006308,7.6,driver_late
T006309,3.0,unknown
T006310,7.2,driver_late
T006311,1.1,
T006312,1.4,
T006313,13.6,driver_late
T006314,2.7,driver_late
T006315,6.4,traffic
T006316,0.2,
T006317,14.7,route_change
T006318,1.8,
T006319,1.1,
T006320,1.0,
T006321,10.3,driver_late
T006322,2.4,driver_late
T006323,2.9,route_change
T006324,4.3,traffic
T006325,2.2,traffic
T006326,18.5,unknown
T006327,9.0,traffic
T006328,26.9,driver_late
T006329,8.1,driver_late
T006330,0.2,
T006331,14.1,traffic
T006332,1.6,
T006333,3.2,traffic
T006334,11.9,driver_late
T006335,1.9,
T006336,15.0,driver_late
T006337,3.2,driver_late
T006338,30.3,unknown
T006339,20.8,traffic
T006340,6.9,traffic
T006341,2.5,traffic
T006342,4.5,unknown
T006343,1.4,
T006344,2.5,vehicle_issue
T006345,6.7,unknown
T006346,26.6,traffic
T006347,0.7,
T006348,8.5,driver_late
T006349,17.6,traffic
T006350,1.3,
T006351,23.2,driver_late
T006352,7.2,driver_late
T006353,13.3,traffic
T006354,12.3,traffic
T006355,5.5,route_change
T006356,5.8,driver_late
T006357,3.1,traffic
T006358,1.9,
T006359,16.9,unknown
T006360,4.3,route_change
T006361,3.5,traffic
T006362,6.1,vehicle_issue
T006363,2.6,driver_late
T006364,0.6,
T006365,0.4,
T006366,0.6,
T006367,2.5,unknown
T006368,9.2,driver_late
T006369,1.6,
T006370,22.6,driver_late
T006371,7.5,unknown
T006372,5.7,driver_late
T006373,0.9,
T006374,3.9,traffic
T006375,3.7,driver_late
T006376,5.0,vehicle_issue
T006377,8.2,traffic
T006378,5.3,driver_late
T006379,2.7,traffic
T006380,5.8,driver_late
T006381,7.2,driver_late
T006382,0.8,
T006383,1.2,
T006384,15.2,driver_late
T006385,8.6,vehicle_issue
T006386,7.8,traffic
T006387,16.4,driver_late
T006388,3.8,driver_late
T006389,3.8,driver_late
T006390,11.9,vehicle_issue
T006391,2.7,route_change
T006392,30.0,traffic
T006393,1.2,
T006394,0.8,
T006395,6.0,unknown
T006396,8.7,driver_late
T006397,1.4,
T006398,10.9,vehicle_issue
T006399,54.7,traffic
T006400,3.5,driver_late
T006401,1.3,
T006402,10.9,traffic
T006403,5.2,driver_late
T006404,3.6,traffic
T006405,2.6,traffic
T006406,3.4,vehicle_issue
T006407,25.8,traffic
T006408,0.8,
T006409,1.0,
T006410,17.5,driver_late
T006411,12.2,unknown
T006412,5.4,unknown
T006413,1.9,
T006414,0.7,
T006415,6.7,traffic
T006416,7.6,driver_late
T006417,9.6,unknown
T006418,11.4,vehicle_issue
T006419,1.9,
T006420,5.0,traffic
T006421,3.4,traffic
T006422,10.3,driver_late
T006423,15.2,vehicle_issue
T006424,1.4,
T006425,6.4,traffic
T006426,8.9,unknown
T006427,5.2,traffic
T006428,16.8,traffic
T006429,0.9,
T006430,1.5,
T006431,8.1,route_change
T006432,0.5,
T006433,10.6,driver_late
T006434,10.0,driver_late
T006435,8.0,unknown
T006436,3.5,traffic
T006437,5.0,driver_late
T006438,10.5,traffic
T006439,5.7,driver_late
T006440,1.4,
T006441,4.3,traffic
T006442,1.1,
T006443,0.6,
T006444,5.2,unknown
T006445,10.4,driver_late
T006446,4.9,driver_late
T006447,6.8,driver_late
T006448,1.9,
T006449,4.4,traffic
T006450,3.0,unknown
T006451,9.2,route_change
T006452,10.4,route_change
T006453,6.0,traffic
T006454,18.2,driver_late
T006455,5.4,traffic
T006456,2.0,
T006457,20.5,vehicle_issue
T006458,22.5,traffic
T006459,2.7,unknown
T006460,3.9,driver_late
T006461,1.0,
T006462,12.1,driver_late
T006463,9.0,driver_late
T006464,6.5,vehicle_issue
T006465,4.7,route_change
T006466,2.8,route_change
T006467,7.8,unknown
T006468,2.8,driver_late
T006469,8.6,traffic
T006470,0.0,
T006471,10.5,driver_late
T006472,12.8,driver_late
T006473,13.5,traffic
T006474,4.9,driver_late
T006475,0.3,
T006476,10.2,driver_late
T006477,3.4,traffic
T006478,1.2,
T006479,10.2,route_change
T006480,0.0,
T006481,16.8,vehicle_issue
T006482,8.3,driver_late
T006483,0.4,
T006484,10.3,traffic
T006485,5.7,vehicle_issue
T006486,14.6,driver_late
T006487,6.1,traffic
T006488,2.9,traffic
T006489,2.0,
T006490,2.7,traffic
T006491,3.7,driver_late
T006492,16.3,driver_late
T006493,1.8,
T006494,27.9,traffic
T006495,8.8,driver_late
T006496,3.3,unknown
T006497,21.4,traffic
T006498,21.8,unknown
T006499,15.9,driver_late
T006500,5.3,vehicle_issue
T006501,1.9,
T006502,1.3,
T006503,3.1,driver_late
T006504,2.5,traffic
T006505,6.1,traffic
T006506,2.2,traffic
T006507,1.6,
T006508,1.8,
T006509,0.7,
T006510,7.9,route_change
T006511,2.4,route_change
T006512,14.5,driver_late
T006513,19.6,traffic
T006514,1.1,
T006515,8.7,traffic
T006516,5.2,driver_late
T006517,12.8,unknown
T006518,4.8,traffic
T006519,2.1,driver_late
T006520,41.0,vehicle_issue
T006521,8.6,vehicle_issue
T006522,0.5,
T006523,6.9,traffic
T006524,2.5,traffic
T006525,0.9,
T006526,7.1,driver_late
T006527,3.0,route_change
T006528,3.5,traffic
T006529,2.1,traffic
T006530,28.1,driver_late
T006531,7.7,driver_late
T006532,1.9,
T006533,22.1,vehicle_issue
T006534,2.8,driver_late
T006535,8.4,traffic
T006536,12.1,traffic
T006537,1.3,
T006538,13.0,traffic
T006539,3.1,vehicle_issue
T006540,2.4,traffic
T006541,6.3,driver_late
T006542,41.1,traffic
T006543,15.0,driver_late
T006544,3.0,driver_late
T006545,3.6,driver_late
T006546,8.8,driver_late
T006547,17.4,traffic
T006548,12.9,traffic
T006549,16.6,driver_late
T006550,0.8,
T006551,9.9,traffic
T006552,14.0,driver_late
T006553,3.5,vehicle_issue
T006554,4.4,vehicle_issue
T006555,3.2,traffic
T006556,1.6,
T006557,2.7,route_change
T006558,5.2,driver_late
T006559,1.4,
T006560,9.1,traffic
T006561,4.8,driver_late
T006562,1.0,
T006563,6.9,traffic
T006564,2.3,driver_late
T006565,1.1,
T006566,2.7,driver_late
T006567,4.0,driver_late
T006568,19.6,driver_late
T006569,14.0,traffic
T006570,8.6,driver_late
T006571,22.4,route_change
T006572,7.4,driver_late
T006573,1.8,
T006574,14.1,traffic
T006575,3.2,vehicle_issue
T006576,1.7,
T006577,4.8,driver_late
T006578,8.0,traffic
T006579,5.4,driver_late
T006580,1.6,
T006581,2.3,driver_late
T006582,15.6,route_change
T006583,22.1,unknown
T006584,2.2,driver_late
T006585,8.6,unknown
T006586,0.3,
T006587,32.4,driver_late
T006588,2.9,traffic
T006589,1.4,
T006590,6.1,driver_late
T006591,2.4,driver_late
T006592,12.7,driver_late
T006593,5.8,traffic
T006594,4.8,traffic
T006595,2.8,traffic
T006596,4.1,route_change
T006597,3.1,traffic
T006598,1.0,
T006599,5.8,traffic
T006600,9.8,vehicle_issue
T006601,3.8,unknown
T006602,0.2,
T006603,7.0,route_change
T006604,11.4,driver_late
T006605,2.1,traffic
T006606,11.5,traffic
T006607,8.3,vehicle_issue
T006608,0.7,
T006609,3.1,vehicle_issue
T006610,4.4,driver_late
T006611,4.2,vehicle_issue
T006612,4.7,traffic
T006613,7.6,route_change
T006614,1.6,
T006615,4.2,vehicle_issue
T006616,5.4,driver_late
T006617,4.6,driver_late
T006618,18.1,vehicle_issue
T006619,1.1,
T006620,4.9,traffic
T006621,12.6,driver_late
T006622,0.1,
T006623,1.9,
T006624,5.4,traffic
T006625,11.9,vehicle_issue
T006626,0.3,
T006627,5.8,traffic
T006628,2.3,traffic
T006629,2.8,route_change
T006630,6.2,traffic
T006631,2.0,
T006632,13.7,driver_late
T006633,1.4,
T006634,9.5,vehicle_issue
T006635,1.0,
T006636,4.6,traffic
T006637,0.8,
T006638,10.9,traffic
T006639,1.8,
T006640,4.4,traffic
T006641,0.0,
T006642,5.7,traffic
T006643,0.6,
T006644,4.6,traffic
T006645,25.8,driver_late
T006646,4.7,driver_late
T006647,0.0,
T006648,4.8,traffic
T006649,3.6,traffic
T006650,0.4,
T006651,39.5,driver_late
T006652,2.5,route_change
T006653,3.3,driver_late
T006654,2.6,driver_late
T006655,35.5,vehicle_issue
T006656,2.9,traffic
T006657,3.2,vehicle_issue
T006658,1.3,
T006659,15.5,traffic
T006660,1.4,
T006661,4.2,unknown
T006662,11.9,driver_late
T006663,0.5,
T006664,11.2,driver_late
T006665,0.4,
T006666,0.8,
T006667,0.4,
T006668,2.8,driver_late
T006669,2.2,traffic
T006670,3.3,unknown
T006671,0.3,
T006672,9.1,driver_late
T006673,2.1,driver_late
T006674,2.2,driver_late
T006675,0.3,
T006676,2.5,driver_late
T006677,8.3,unknown
T006678,6.4,driver_late
T006679,9.0,traffic
T006680,17.9,traffic
T006681,11.5,driver_late
T006682,5.4,unknown
T006683,4.2,driver_late
T006684,15.7,driver_late
T006685,5.8,traffic
T006686,2.0,
T006687,0.6,
T006688,0.1,
T006689,21.0,driver_late
T006690,4.5,unknown
T006691,9.7,route_change
T006692,14.1,driver_late
T006693,2.9,driver_late
T006694,2.7,traffic
T006695,1.4,
T006696,2.7,driver_late
T006697,5.4,driver_late
T006698,0.1,
T006699,7.2,driver_late
T006700,1.0,
T006701,1.3,
T006702,12.0,route_change
T006703,10.3,route_change
T006704,4.0,route_change
T006705,3.0,driver_late
T006706,0.6,
T006707,7.2,route_change
T006708,0.9,
T006709,4.2,driver_late
T006710,9.9,driver_late
T006711,0.5,
T006712,3.1,driver_late
T006713,4.2,driver_late
T006714,10.1,traffic
T006715,25.5,driver_late
T006716,21.7,vehicle_issue
T006717,7.3,route_change
T006718,9.1,traffic
T006719,4.7,unknown
T006720,3.2,unknown
T006721,1.4,
T006722,2.1,vehicle_issue
T006723,1.3,
T006724,0.7,
T006725,14.9,traffic
T006726,2.4,traffic
T006727,2.2,driver_late
T006728,2.2,driver_late
T006729,0.1,
T006730,3.2,driver_late
T006731,8.1,driver_late
T006732,7.3,vehicle_issue
T006733,4.2,traffic
T006734,4.0,driver_late
T006735,4.5,driver_late
T006736,0.0,
T006737,0.1,
T006738,12.9,vehicle_issue
T006739,13.6,traffic
T006740,0.2,
T006741,4.0,driver_late
T006742,4.4,driver_late
T006743,10.4,traffic
T006744,3.8,driver_late
T006745,3.3,traffic
T006746,3.7,vehicle_issue
T006747,25.0,traffic
T006748,3.6,vehicle_issue
T006749,11.5,route_change
T006750,4.4,vehicle_issue
T006751,14.4,driver_late
T006752,2.9,traffic
T006753,2.1,traffic
T006754,8.2,driver_late
T006755,8.2,vehicle_issue
T006756,2.5,traffic
T006757,4.7,vehicle_issue
T006758,17.9,traffic
T006759,5.8,unknown
T006760,7.1,traffic
T006761,1.7,
T006762,7.8,traffic
T006763,5.3,driver_late
T006764,4.6,driver_late
T006765,5.4,vehicle_issue
T006766,5.4,traffic
T006767,0.3,
T006768,6.4,vehicle_issue
T006769,29.6,traffic
T006770,4.0,driver_late
T006771,1.4,
T006772,27.4,traffic
T006773,1.8,
T006774,1.7,
T006775,2.8,unknown
T006776,4.7,traffic
T006777,2.8,driver_late
T006778,0.6,
T006779,15.3,unknown
T006780,26.2,driver_late
T006781,3.0,vehicle_issue
T006782,2.9,driver_late
T006783,0.5,
T006784,2.6,vehicle_issue
T006785,3.0,vehicle_issue
T006786,1.6,
T006787,0.5,
T006788,26.6,traffic
T006789,0.6,
T006790,8.1,driver_late
T006791,2.1,unknown
T006792,4.1,driver_late
T006793,2.8,driver_late
T006794,6.8,unknown
T006795,0.4,
T006796,2.5,traffic
T006797,10.3,traffic
T006798,5.6,traffic
T006799,2.4,route_change
T006800,0.2,
T006801,0.4,
T006802,6.5,driver_late
T006803,2.1,traffic
T006804,2.3,traffic
T006805,6.4,driver_late
T006806,2.7,driver_late
T006807,1.6,
T006808,3.3,traffic
T006809,15.7,traffic
T006810,16.2,unknown
T006811,2.8,unknown
T006812,12.7,unknown
