trip_id,employee_id,rating,comment_text
T000001,E00605,5,Democrat task chance represent why how.
T000001,E00253,5,Quality employee wrong all identify laugh.
T000001,E00178,4,"Smooth ride, no complaints."
T000001,E00460,5,Route felt longer than usual today.
T000001,E00660,5,Economic left sound cause activity store work candidate statement head piece popular old.
T000001,E00009,5,True avoid young cup position speak begin suggest speak.
T000002,E00688,4,Amount leave collection off start house ahead.
T000002,E00267,4,"Driver was late, missed my shift start."
T000002,E00800,5,On time and courteous driver.
T000002,E00142,4,Common Democrat cost evidence third alone people early far include nearly.
T000002,E00572,5,Route felt longer than usual today.
T000002,E00406,4,"Driver was late, missed my shift start."
T000002,E00199,5,"Driver was late, missed my shift start."
T000002,E00191,5,Because him information poor something eat.
T000003,E00647,4,On time and courteous driver.
T000003,E00337,4,"Driver was late, missed my shift start."
T000003,E00329,4,Great experience overall.
T000003,E00549,5,"Driver was late, missed my shift start."
T000004,E00082,4,Vehicle was in poor condition.
T000004,E00655,5,Route felt longer than usual today.
T000004,E00680,5,Great experience overall.
T000004,E00597,5,Some writer site grow name machine tree maybe home conference five despite.
T000005,E00022,4,Great experience overall.
T000005,E00577,5,Around yard morning short yourself wind beyond prevent entire.
T000005,E00767,4,Shake way offer work home very.
T000005,E00596,5,"Driver was late, missed my shift start."
T000005,E00756,5,Route felt longer than usual today.
T000006,E00731,4,"Driver was late, missed my shift start."
T000007,E00134,5,"Driver was late, missed my shift start."
T000007,E00259,4,Compare or south recently trial agreement red way.
T000008,E00738,5,Center way student special wife my compare also argue own after long forward.
T000008,E00024,5,Cut candidate response try such food against only true similar suffer team whether.
T000008,E00717,5,Relate product only from follow wish run join police maintain.
T000008,E00465,4,Company why really up skin development open compare fill read.
T000009,E00240,4,Concern ability reduce of surface side nothing.
T000009,E00751,5,Own TV whose determine not view cell seat.
T000009,E00564,5,Route felt longer than usual today.
T000009,E00154,4,Great experience overall.
T000010,E00382,5,Get floor player white start prove role from activity.
T000011,E00173,5,Route felt longer than usual today.
T000012,E00203,2,Economic attack either blue ability history run why.
T000012,E00032,3,Vehicle was in poor condition.
T000012,E00247,2,Manage her national big look tell prepare reach class available suffer.
T000013,E00348,5,After end bit game thousand claim avoid walk within.
T000013,E00056,5,Order party lot all wall close threat church big day.
T000013,E00111,5,On time and courteous driver.
T000013,E00744,4,Important never understand music produce father benefit hotel.
T000014,E00741,4,"Smooth ride, no complaints."
T000014,E00797,3,Style child guess into far product outside current agent color factor bank such.
T000015,E00089,5,Size likely thus enter politics hold he high cost.
T000015,E00704,5,"Smooth ride, no complaints."
T000017,E00506,5,Enjoy let difficult environmental article sell.
T000018,E00593,4,Beat gas must wife operation network subject.
T000018,E00486,4,Vehicle was in poor condition.
T000020,E00472,4,"Smooth ride, no complaints."
T000021,E00687,5,Industry movement term little think live bad total research maybe too song.
T000021,E00093,5,Challenge we last we cold deep cover amount bad raise dark state challenge.
T000022,E00453,5,Election treat trial attack hold however for everybody leader them skill performance mission.
T000024,E00477,5,Both change note old who beyond black single size test they.
T000025,E00485,4,Vehicle was in poor condition.
T000026,E00128,4,On time and courteous driver.
T000027,E00369,5,"Smooth ride, no complaints."
T000027,E00421,5,Route felt longer than usual today.
T000028,E00627,5,On time and courteous driver.
T000028,E00539,5,Enough pressure occur list common idea peace race I how these.
T000028,E00512,5,Any little environmental head full soldier financial successful teach.
T000028,E00626,5,Win direction feel season similar fly rock.
T000028,E00308,4,Population could deep station scientist service test start middle city find medical career.
T000028,E00187,4,Great experience overall.
T000028,E00787,4,Vehicle was in poor condition.
T000028,E00166,5,"Smooth ride, no complaints."
T000028,E00431,4,Great experience overall.
T000028,E00544,5,"Driver was late, missed my shift start."
T000029,E00669,5,Route felt longer than usual today.
T000029,E00399,5,Great experience overall.
T000029,E00112,4,These ahead cover strategy student economic lead truth relate ever statement measure.
T000029,E00603,4,Great experience overall.
T000029,E00152,5,"Driver was late, missed my shift start."
T000029,E00519,4,Race drop major land whether listen necessary.
T000029,E00508,5,Clear thus see read expect hit clear occur who tax.
T000029,E00768,5,Question especially important after sister should across treatment.
T000030,E00728,3,Over across education source figure whom poor interest.
T000030,E00555,5,Surface learn design few minute perhaps once account yourself whom.
T000030,E00499,5,Vehicle was in poor condition.
T000030,E00709,4,No order executive range loss from everybody foot everybody prevent.
T000030,E00422,3,Vehicle was in poor condition.
T000030,E00150,4,Could military drive arm tax special identify floor cause.
T000031,E00196,4,Vehicle was in poor condition.
T000031,E00464,3,Vehicle was in poor condition.
T000031,E00285,4,On time and courteous driver.
T000032,E00410,5,Pretty young else industry home along.
T000032,E00235,4,"Driver was late, missed my shift start."
T000033,E00478,5,Vehicle was in poor condition.
T000034,E00664,4,Vehicle was in poor condition.
T000034,E00433,4,Staff gas require rather point little wait grow feel color price next family.
T000035,E00197,4,"Smooth ride, no complaints."
T000035,E00637,4,"Smooth ride, no complaints."
T000035,E00721,4,Campaign else space several consumer quite friend become great season film small.
T000036,E00537,5,"Smooth ride, no complaints."
T000037,E00045,5,He one less brother approach plant oil per line create.
T000038,E00371,5,Test high fear approach take case customer.
T000039,E00450,5,Great experience overall.
T000041,E00102,5,Great experience overall.
T000041,E00184,5,Would throughout would century television Congress ball forward would finish around.
T000043,E00509,5,Great experience overall.
T000043,E00205,5,"Driver was late, missed my shift start."
T000044,E00772,5,Event seven collection share majority shake because pass plant idea whole.
T000044,E00182,4,Above move room wear throughout series most adult above safe.
T000044,E00381,5,Really general can himself open cold statement fear.
T000045,E00498,4,On time and courteous driver.
T000047,E00739,5,Lay minute model its rather card you majority seek.
T000048,E00336,5,Way truth idea direction road capital safe operation.
T000049,E00323,5,On time and courteous driver.
T000049,E00733,5,Vehicle was in poor condition.
T000049,E00489,5,But represent society heart policy side perhaps order.
T000049,E00538,5,"Driver was late, missed my shift start."
T000049,E00122,4,"Smooth ride, no complaints."
T000050,E00439,5,Product president after ready indicate herself.
T000051,E00108,5,Vehicle was in poor condition.
T000051,E00106,5,Great experience overall.
T000051,E00454,5,Education reduce day rate act inside big minute performance red industry together memory.
T000051,E00496,5,"Smooth ride, no complaints."
T000051,E00782,5,On time and courteous driver.
T000052,E00141,5,Brother box blood cup current enjoy mission cut region far always many debate.
T000052,E00455,5,Former able public trade structure protect chance bed memory rich big eight.
T000052,E00004,5,On time and courteous driver.
T000052,E00602,4,Vehicle was in poor condition.
T000053,E00528,5,Lead with enough anyone spend them system growth.
T000053,E00127,5,International break surface three act catch positive forget thus western.
T000053,E00198,4,There behavior spring consumer husband while even history surface.
T000053,E00363,5,"Driver was late, missed my shift start."
T000054,E00703,5,Route felt longer than usual today.
T000054,E00621,5,Route felt longer than usual today.
T000054,E00403,4,Power someone both receive around wall city indeed opportunity soon question.
T000055,E00322,5,Particularly single particularly television they road through low.
T000055,E00737,4,On time and courteous driver.
T000055,E00043,4,Both in animal energy fire relate question should office north within prove.
T000056,E00195,4,Route felt longer than usual today.
T000056,E00073,4,Great experience overall.
T000056,E00729,5,"Driver was late, missed my shift start."
T000057,E00257,4,On time and courteous driver.
T000057,E00060,4,Mind read peace item risk loss professional political chance step.
T000058,E00130,4,Approach poor church support system thank avoid man drive wife anyone development poor.
T000058,E00643,5,Stage bad know of because material firm wonder seat adult idea.
T000059,E00553,3,News a before page people fight.
T000063,E00169,4,None pressure lay future stay staff such forward should outside respond guy.
T000063,E00145,5,"Smooth ride, no complaints."
T000063,E00168,4,Box service develop game stop who factor miss reduce animal clearly.
T000064,E00231,4,On time and courteous driver.
T000064,E00505,5,"Smooth ride, no complaints."
T000067,E00646,3,State score important effect cultural building system.
T000067,E00275,4,Lead sit response blue increase unit study open.
T000067,E00387,4,Route felt longer than usual today.
T000067,E00019,4,Leader operation mean white above save network item one under sit.
T000067,E00206,4,Reality community spring billion price paper focus thing.
T000067,E00054,4,Woman trouble several event white wife laugh card include record security.
T000067,E00692,4,Route felt longer than usual today.
T000068,E00017,4,Successful natural finish say network design decide research rather.
T000068,E00015,4,Great experience overall.
T000069,E00391,5,Route felt longer than usual today.
T000069,E00268,5,"Driver was late, missed my shift start."
T000069,E00467,3,On time and courteous driver.
T000069,E00708,5,Route felt longer than usual today.
T000070,E00164,5,Wonder practice when mean reason follow break.
T000070,E00306,4,No old wall report purpose throw move there institution actually.
T000070,E00566,5,Agent certainly prove customer seek claim expert.
T000071,E00576,5,Chair artist six daughter must grow laugh pattern push.
T000071,E00200,5,Vehicle was in poor condition.
T000071,E00174,5,Vehicle was in poor condition.
T000072,E00502,4,"Smooth ride, no complaints."
T000072,E00462,4,Route felt longer than usual today.
T000072,E00290,4,"Smooth ride, no complaints."
T000073,E00595,4,Ten score night down six sometimes explain professor unit hold what wish fine.
T000073,E00575,5,Route felt longer than usual today.
T000073,E00225,4,Approach season data than team kitchen difficult plant remember happy open school cultural.
T000075,E00753,4,Great experience overall.
T000076,E00470,5,Family concern radio cost community message help investment.
T000076,E00050,5,Enough claim suffer accept letter visit always up others similar personal successful feeling.
T000077,E00334,5,"Driver was late, missed my shift start."
T000078,E00490,4,Nearly authority remain moment whatever minute skill city myself idea glass third professional.
T000079,E00078,3,Vehicle was in poor condition.
T000080,E00609,5,"Smooth ride, no complaints."
T000081,E00521,5,Route felt longer than usual today.
T000081,E00791,5,On time and courteous driver.
T000081,E00614,5,Guess despite sell most you statement wonder across protect knowledge.
T000081,E00228,5,Route felt longer than usual today.
T000081,E00373,5,Vehicle was in poor condition.
T000081,E00574,5,Vehicle was in poor condition.
T000083,E00591,5,Truth during always those high someone box either rich agency might side method.
T000083,E00156,3,Knowledge analysis together court message way cold what Mrs account assume prove.
T000083,E00062,5,Vehicle was in poor condition.
T000083,E00084,5,Vehicle was in poor condition.
T000084,E00239,4,Ten interest billion Mrs reflect wish simple position.
T000084,E00649,5,Great experience overall.
T000085,E00221,5,Vehicle was in poor condition.
T000085,E00135,5,"Driver was late, missed my shift start."
T000085,E00594,5,Route felt longer than usual today.
T000086,E00270,5,On time and courteous driver.
T000087,E00233,2,Section child learn forward beautiful approach.
T000087,E00046,2,"Driver was late, missed my shift start."
T000088,E00548,4,Great experience overall.
T000088,E00307,4,Newspaper offer direction else hold picture item admit pull.
T000090,E00356,5,Accept result as second animal summer group me face rate paper example.
T000090,E00394,5,On time and courteous driver.
T000093,E00367,5,"Smooth ride, no complaints."
T000094,E00099,5,"Smooth ride, no complaints."
T000094,E00504,5,Route felt longer than usual today.
T000094,E00088,4,Vehicle was in poor condition.
T000094,E00148,4,"Smooth ride, no complaints."
T000094,E00248,3,High state air choose detail section someone support far plant fear.
T000096,E00238,5,Vehicle was in poor condition.
T000096,E00341,5,Vehicle was in poor condition.
T000097,E00157,5,Whatever action themselves center among of hour natural be decide.
T000097,E00518,5,Deep town surface central contain pattern education boy provide note.
T000097,E00383,4,"Driver was late, missed my shift start."
T000098,E00632,4,Surface usually yes leave near fact.
T000099,E00686,5,On time and courteous driver.
T000099,E00331,5,Vehicle was in poor condition.
T000102,E00783,4,Vehicle was in poor condition.
T000102,E00125,5,Economy culture oil week ground provide.
T000102,E00273,5,Beyond people too fish late pattern figure once not.
T000102,E00230,5,Space when collection finish size Republican political everybody growth quickly.
T000102,E00572,5,"Driver was late, missed my shift start."
T000103,E00329,5,Route felt longer than usual today.
T000103,E00561,3,On time and courteous driver.
T000103,E00267,4,There leg grow figure necessary compare parent success teach cause.
T000103,E00549,4,On time and courteous driver.
T000103,E00795,5,Cultural safe phone road throughout support place spend often shoulder defense already.
T000103,E00252,4,Myself your line simple hand development sign run fact.
T000103,E00258,5,"Driver was late, missed my shift start."
T000103,E00630,4,May bed hair action draw who word range serious cell city.
T000103,E00016,4,We process whose save low grow despite maintain as hard amount deal traditional.
T000104,E00253,4,Hold truth thing always possible billion why plant event score.
T000105,E00676,4,Vehicle was in poor condition.
T000105,E00087,5,"Driver was late, missed my shift start."
T000105,E00798,4,"Driver was late, missed my shift start."
T000105,E00759,5,Route felt longer than usual today.
T000105,E00456,4,On time and courteous driver.
T000105,E00052,5,Name community president half president structure might heavy trade might good test main.
T000105,E00689,5,Thought according think key discover method exactly change church own stage produce.
T000106,E00631,4,Vehicle was in poor condition.
T000106,E00080,3,"Driver was late, missed my shift start."
T000106,E00789,5,Specific result loss long decision claim street against amount of claim.
T000106,E00732,3,Vehicle was in poor condition.
T000106,E00680,4,Mention three chair coach two might if wide point these road start water describe.
T000106,E00754,5,Vehicle was in poor condition.
T000107,E00756,5,Yeah test color store over some star consider process enough right garden law.
T000107,E00096,5,Attention her car admit mission training range step painting concern top outside there.
T000107,E00702,5,Me brother lot candidate owner still to simple power miss have analysis.
T000108,E00532,5,Vehicle was in poor condition.
T000108,E00338,5,Vehicle was in poor condition.
T000108,E00616,4,"Driver was late, missed my shift start."
T000108,E00438,5,Investment voice lot shoulder go source traditional student office international effort she.
T000109,E00730,5,Exist theory impact country remember smile official.
T000109,E00282,5,Great experience overall.
T000109,E00469,4,Mind heart day sound impact blood international.
T000110,E00661,4,"Driver was late, missed my shift start."
T000110,E00769,5,On time and courteous driver.
T000111,E00557,5,Effect talk interest hand every quite sense including six lot have never effect.
T000111,E00466,5,Great experience overall.
T000112,E00564,5,Officer similar huge catch tell budget discover situation we.
T000112,E00173,5,"Smooth ride, no complaints."
T000112,E00134,5,Democrat hundred full nearly recent religious claim.
T000113,E00259,5,Route felt longer than usual today.
T000114,E00213,5,"Driver was late, missed my shift start."
T000115,E00797,5,Source statement likely outside because enjoy.
T000115,E00222,4,"Smooth ride, no complaints."
T000115,E00020,3,"Smooth ride, no complaints."
T000116,E00541,3,On time and courteous driver.
T000116,E00014,4,Bag also his worker pass minute represent our watch star.
T000117,E00131,5,Vehicle was in poor condition.
T000117,E00362,5,Vehicle was in poor condition.
T000117,E00407,5,On time and courteous driver.
T000118,E00704,5,Vehicle was in poor condition.
T000119,E00330,5,"Driver was late, missed my shift start."
T000120,E00177,5,Keep cut prevent sound experience almost outside middle discuss college already dream.
T000120,E00283,5,"Smooth ride, no complaints."
T000122,E00718,5,"Smooth ride, no complaints."
T000123,E00778,5,Vehicle was in poor condition.
T000124,E00105,5,Wish beautiful every human prove if.
T000124,E00415,5,Route felt longer than usual today.
T000126,E00742,4,Route felt longer than usual today.
T000126,E00573,4,"Smooth ride, no complaints."
T000127,E00453,5,Military say attention bed expect stop trip give.
T000128,E00155,5,Great experience overall.
T000128,E00423,5,Difficult white lawyer identify above company media next me.
T000130,E00726,3,Water sort what then spend offer reason whom none show.
T000130,E00683,3,On time and courteous driver.
T000130,E00076,4,"Driver was late, missed my shift start."
T000130,E00508,5,Vehicle was in poor condition.
T000130,E00295,4,Which learn leave only agree break attack plant yes quality.
T000130,E00544,3,Vehicle was in poor condition.
T000130,E00435,4,Son include good movie red enjoy expert human.
T000130,E00112,4,Away use live government thus especially water raise travel material.
T000130,E00499,3,Route felt longer than usual today.
T000131,E00512,5,On time and courteous driver.
T000131,E00446,4,Dog drug enter director strong student green single.
T000131,E00422,5,Turn put professional pass share must amount.
T000131,E00166,5,"Driver was late, missed my shift start."
T000131,E00674,5,Route felt longer than usual today.
T000131,E00728,4,He firm together thing off ever consumer share memory huge seek campaign.
T000131,E00237,5,Vehicle was in poor condition.
T000132,E00399,4,Vehicle was in poor condition.
T000132,E00669,5,Son long must maybe hour rather company with recently least ready activity.
T000132,E00431,5,Great experience overall.
T000133,E00721,5,Here beyond gun technology cost enjoy especially when.
T000133,E00277,4,"Driver was late, missed my shift start."
T000133,E00447,4,Hand material decision red head take evidence conference capital office.
T000133,E00370,4,Vehicle was in poor condition.
T000133,E00162,4,Great experience overall.
T000134,E00249,5,Sport result sound new task cultural son school.
T000134,E00285,5,South computer matter yet support military result size feel no nothing huge.
T000135,E00065,4,"Driver was late, missed my shift start."
T000136,E00695,5,Art sport live picture last free guess night.
T000136,E00487,4,Great experience overall.
T000137,E00175,4,General in go quickly paper officer practice Mrs without.
T000137,E00133,4,Great pull maintain say threat high expert place certain.
T000137,E00464,5,Political up instead partner if trade bad gas.
T000138,E00537,4,First fact environment popular even know television guy only whole.
T000138,E00229,5,Route felt longer than usual today.
T000138,E00513,5,Cold take by doctor edge season see decision however believe view.
T000140,E00772,5,"Driver was late, missed my shift start."
T000142,E00745,5,On time and courteous driver.
T000143,E00781,4,Nature ago however share bar energy choice pressure those finally easy exist.
T000144,E00743,5,Vehicle was in poor condition.
T000144,E00001,5,Call money color along ground trip ten level that various nature career way much.
T000145,E00212,4,Route felt longer than usual today.
T000146,E00385,5,"Smooth ride, no complaints."
T000148,E00436,5,Vehicle was in poor condition.
T000149,E00184,5,"Smooth ride, no complaints."
T000151,E00256,5,Our piece player nor model police finally girl music source kind hand employee.
T000151,E00733,5,"Driver was late, missed my shift start."
T000151,E00122,5,Action model serve carry expert movement reach man sense.
T000151,E00489,5,Across involve fall discuss account health in night house.
T000151,E00323,5,"Smooth ride, no complaints."
T000151,E00117,4,Vehicle was in poor condition.
T000151,E00236,4,"Smooth ride, no complaints."
T000151,E00473,5,Resource position stock determine bad personal might son.
T000152,E00600,4,"Driver was late, missed my shift start."
T000153,E00567,5,Space range expect sea speak include table consumer face PM pay evening performance.
T000153,E00671,5,"Smooth ride, no complaints."
T000153,E00106,5,Route felt longer than usual today.
T000153,E00081,5,Fly charge wide against win example by just.
T000153,E00004,4,Do character management game find son.
T000153,E00141,4,Less social form such weight argue simply author like court.
T000153,E00782,5,"Driver was late, missed my shift start."
T000153,E00598,5,Stage stock business should eat side kitchen scene almost.
T000154,E00452,5,Great experience overall.
T000154,E00393,5,Same behind program decade home which view city rock seat near.
T000155,E00324,5,Route felt longer than usual today.
T000155,E00737,5,"Driver was late, missed my shift start."
T000157,E00127,4,Great experience overall.
T000159,E00317,5,Education police cup thought tell design both.
T000159,E00257,5,Route felt longer than usual today.
T000160,E00784,5,Route felt longer than usual today.
T000160,E00262,4,On time and courteous driver.
T000160,E00552,5,Vehicle was in poor condition.
T000161,E00643,5,Great experience overall.
T000161,E00402,5,Vehicle was in poor condition.
T000161,E00147,5,On time and courteous driver.
T000163,E00119,5,Route felt longer than usual today.
T000163,E00757,5,Foot cold everybody build smile across among situation little other he.
T000164,E00505,4,Eat matter rather full wide service art.
T000164,E00494,5,Great experience overall.
T000164,E00770,4,"Smooth ride, no complaints."
T000165,E00640,4,Route felt longer than usual today.
T000165,E00305,4,Popular red social call discussion word small series south just.
T000168,E00635,5,"Driver was late, missed my shift start."
T000169,E00516,5,Again help right economy always religious next my.
T000169,E00224,4,"Smooth ride, no complaints."
T000169,E00692,5,Couple cost girl run every story trial never attention choice fast enjoy.
T000169,E00684,5,Law simply media safe third people hair per fly as.
T000169,E00138,5,On time and courteous driver.
T000169,E00006,5,On time and courteous driver.
T000169,E00158,5,"Driver was late, missed my shift start."
T000169,E00118,4,"Driver was late, missed my shift start."
T000169,E00019,5,Standard couple raise she child executive important focus benefit probably analysis visit.
T000169,E00294,5,Them dark magazine better number student price moment.
T000169,E00017,4,Eight hand paper audience us decade man threat bag song art newspaper voice.
T000170,E00030,4,Route felt longer than usual today.
T000170,E00701,3,On time and courteous driver.
T000170,E00387,4,Great experience overall.
T000171,E00227,5,"Driver was late, missed my shift start."
T000172,E00174,4,State some around pay more same strong back democratic mind big.
T000172,E00462,5,"Smooth ride, no complaints."
T000172,E00648,4,Vehicle was in poor condition.
T000173,E00151,4,Mother country moment eat personal condition see indeed.
T000173,E00566,5,Route felt longer than usual today.
T000175,E00120,5,"Driver was late, missed my shift start."
T000177,E00540,5,"Driver was late, missed my shift start."
T000177,E00416,4,On time and courteous driver.
T000178,E00202,4,Route felt longer than usual today.
T000180,E00353,3,Vehicle was in poor condition.
T000181,E00401,5,"Smooth ride, no complaints."
T000181,E00427,5,"Smooth ride, no complaints."
T000182,E00104,4,Route felt longer than usual today.
T000182,E00791,5,Short office purpose reflect interview bit society.
T000182,E00226,5,On time and courteous driver.
T000183,E00123,5,Vehicle was in poor condition.
T000183,E00167,3,"Smooth ride, no complaints."
T000184,E00418,5,On time and courteous driver.
T000184,E00135,5,On time and courteous driver.
T000185,E00219,5,Husband front citizen your kitchen good firm yard foot he share issue rise.
T000185,E00239,5,Route felt longer than usual today.
T000185,E00008,5,On time and courteous driver.
T000185,E00092,5,Great experience overall.
T000185,E00679,5,Drive nation heart nearly season growth laugh where a alone expect administration career.
T000186,E00085,4,"Driver was late, missed my shift start."
T000186,E00270,5,"Driver was late, missed my shift start."
T000186,E00314,4,According worker Democrat fire sign wall state try memory.
T000187,E00523,5,"Smooth ride, no complaints."
T000187,E00411,5,"Driver was late, missed my shift start."
T000187,E00417,5,Great experience overall.
T000188,E00650,5,Unit choice also green catch happen old do specific begin hundred truth safe.
T000188,E00041,5,Society common stay ready office traditional organization feel room office.
T000192,E00071,4,"Driver was late, missed my shift start."
T000193,E00514,5,Sister two free they its us building.
T000194,E00356,4,"Smooth ride, no complaints."
T000195,E00504,5,Section support up plant place approach modern floor.
T000195,E00310,4,Change maybe determine anything rule hotel knowledge organization measure develop face hour car.
T000195,E00148,5,Live seat nature energy huge its recently.
T000195,E00563,5,On time and courteous driver.
T000196,E00040,5,Route felt longer than usual today.
T000197,E00341,5,Lose cup house number night young modern.
T000197,E00749,4,"Smooth ride, no complaints."
T000197,E00786,4,Author since food under become public interest give fly.
T000198,E00207,5,Pretty show college glass start sort perhaps key under do rate choose rock.
T000198,E00238,5,"Driver was late, missed my shift start."
T000198,E00194,5,Vehicle was in poor condition.
T000200,E00690,5,"Smooth ride, no complaints."
T000201,E00397,5,Both approach we unit than star add.
T000201,E00760,4,Great experience overall.
T000204,E00565,5,Vehicle was in poor condition.
T000204,E00009,5,Route felt longer than usual today.
T000204,E00333,3,On time and courteous driver.
T000204,E00125,4,Figure likely forward science deep national seek.
T000204,E00630,5,Great experience overall.
T000205,E00561,4,On time and courteous driver.
T000205,E00337,5,Route felt longer than usual today.
T000205,E00258,4,Low role center recognize adult on professional analysis color exist smile peace apply.
T000205,E00018,5,Route felt longer than usual today.
T000205,E00398,5,At produce production tree growth blue.
T000205,E00688,4,Test power discuss herself with between firm term mother.
T000205,E00605,4,Current whom night Republican always two figure majority.
T000206,E00016,5,Adult range green few you without every artist.
T000206,E00038,5,Route felt longer than usual today.
T000206,E00230,5,"Smooth ride, no complaints."
T000207,E00693,4,These three spring ahead never exactly charge today prevent.
T000207,E00524,5,Role minute question their rather individual of.
T000207,E00335,5,Vehicle was in poor condition.
T000207,E00315,5,"Driver was late, missed my shift start."
T000207,E00676,4,Great experience overall.
T000207,E00052,4,Wife travel forget my deal catch must son television finally relate.
T000207,E00655,4,Travel involve training show prevent north citizen attack mouth rest contain style.
T000208,E00597,5,Risk she they increase in kitchen value.
T000208,E00153,5,"Smooth ride, no complaints."
T000209,E00767,4,Great experience overall.
T000210,E00551,4,"Smooth ride, no complaints."
T000210,E00438,5,On time and courteous driver.
T000211,E00616,4,Great experience overall.
T000211,E00769,5,Route felt longer than usual today.
T000211,E00469,5,On time and courteous driver.
T000211,E00176,3,Route felt longer than usual today.
T000212,E00443,4,Charge could capital ago worry pay paper partner others.
T000212,E00678,3,Great experience overall.
T000212,E00185,4,"Driver was late, missed my shift start."
T000212,E00024,4,Vehicle was in poor condition.
T000213,E00134,5,Route felt longer than usual today.
T000213,E00706,5,"Smooth ride, no complaints."
T000213,E00140,5,Reach grow read live maybe painting Republican hear.
T000214,E00510,4,"Smooth ride, no complaints."
T000214,E00444,5,Man case cover allow share address establish including score write.
T000215,E00613,5,At until worry term majority foot leader east.
T000215,E00020,5,"Driver was late, missed my shift start."
T000215,E00143,5,Simply part station result hour voice occur movie political region although.
T000216,E00432,5,Vehicle was in poor condition.
T000216,E00056,4,Later still amount yet million how same.
T000216,E00407,4,Route felt longer than usual today.
T000216,E00097,5,"Smooth ride, no complaints."
T000217,E00032,5,Hold share while couple keep this similar experience coach family try ready tough.
T000217,E00298,5,Vehicle was in poor condition.
T000217,E00503,5,Stop later reveal both single visit receive career including late condition.
T000217,E00704,5,Route felt longer than usual today.
T000218,E00493,4,"Smooth ride, no complaints."
T000218,E00340,5,On time and courteous driver.
T000220,E00172,5,Great experience overall.
T000220,E00425,4,To time think bed food possible represent clearly run before relationship plant be.
T000221,E00423,4,Route felt longer than usual today.
T000221,E00211,4,"Driver was late, missed my shift start."
T000222,E00369,4,Vehicle was in poor condition.
T000223,E00777,4,On time and courteous driver.
T000224,E00319,5,Risk window partner civil nearly analysis color friend the television.
T000226,E00615,4,"Driver was late, missed my shift start."
T000226,E00472,5,"Driver was late, missed my shift start."
T000226,E00583,4,Than condition Republican information finally shoulder land phone.
T000227,E00415,5,Route felt longer than usual today.
T000228,E00330,5,On time and courteous driver.
T000228,E00155,5,"Driver was late, missed my shift start."
T000228,E00714,5,Together whether about she activity marriage material.
T000229,E00471,4,Vehicle was in poor condition.
T000229,E00266,4,Part management describe process law kind.
T000231,E00166,5,Outside each natural people newspaper stay any challenge president already take project study.
T000231,E00112,5,Route felt longer than usual today.
T000231,E00728,5,Former because board year claim expect produce record occur.
T000231,E00181,5,Concern lay often use behavior federal happy her attack interview nearly fall care.
T000232,E00544,5,Forget including decide decade around number without more because.
T000232,E00519,5,Vehicle was in poor condition.
T000232,E00484,5,On time and courteous driver.
T000232,E00582,4,Value worry expert participant first moment yet government can none mind place manage.
T000232,E00674,5,This discussion fact cover brother let someone scene.
T000232,E00279,4,Son yourself increase free night point action cut.
T000232,E00295,4,Effort attack feel nearly short box four how notice.
T000233,E00308,4,"Driver was late, missed my shift start."
T000233,E00150,5,Great experience overall.
T000233,E00670,4,Story create street two look listen.
T000233,E00237,5,Population loss physical throughout Mr friend.
T000234,E00027,5,Route felt longer than usual today.
T000234,E00447,5,Until argue minute north question new affect officer forward trouble somebody.
T000235,E00300,5,Vehicle was in poor condition.
T000235,E00464,5,Route felt longer than usual today.
T000236,E00220,3,On time and courteous driver.
T000236,E00250,3,On time and courteous driver.
T000236,E00604,3,"Driver was late, missed my shift start."
T000236,E00277,4,Wide exactly all worker phone success.
T000238,E00133,4,Paper cost bring site final tax report even beautiful theory he stop few.
T000238,E00721,5,Few born size sing tree kitchen agent lot matter couple type run.
T000238,E00652,5,Financial force show better word might yeah day already hold ten break.
T000238,E00162,3,Vehicle was in poor condition.
T000238,E00430,5,Route felt longer than usual today.
T000239,E00511,5,On time and courteous driver.
T000239,E00048,5,Vehicle was in poor condition.
T000240,E00405,4,Great experience overall.
T000241,E00302,5,"Driver was late, missed my shift start."
T000241,E00685,5,Usually reach organization beautiful level animal minute probably fine.
T000241,E00044,4,On time and courteous driver.
T000242,E00547,5,Serve police decide customer expert mother significant provide evening church boy when nice.
T000243,E00212,5,Great experience overall.
T000243,E00001,4,Deal go five center region exist each.
T000246,E00354,5,"Smooth ride, no complaints."
T000246,E00358,4,Find throughout music anything ahead tough.
T000246,E00208,5,Vehicle was in poor condition.
T000248,E00426,5,Vehicle was in poor condition.
T000249,E00184,4,Great experience overall.
T000249,E00371,5,Black approach interview condition other or.
T000250,E00404,4,Pattern fine stage require provide move wind sense letter capital spend.
T000250,E00772,4,Vehicle was in poor condition.
T000252,E00733,4,Best financial popular short like water century time election guy contain.
T000252,E00377,4,Small think law air little goal leave color should page.
T000252,E00439,5,Meet if research blood news audience few.
T000252,E00117,5,On time and courteous driver.
T000252,E00236,5,"Driver was late, missed my shift start."
T000253,E00489,4,Husband including per nature wind himself future sport opportunity six itself.
T000254,E00671,5,Great experience overall.
T000254,E00496,5,"Smooth ride, no complaints."
T000254,E00376,5,Great experience overall.
T000254,E00395,5,On time and courteous driver.
T000255,E00193,4,"Driver was late, missed my shift start."
T000255,E00567,5,Name door production back us off main option leg never.
T000255,E00720,5,Computer what attorney board sport side her management produce bed stage.
T000255,E00570,4,Tough player a chair chance most hope official crime race first now tree.
T000255,E00132,5,Route felt longer than usual today.
T000255,E00012,5,Truth view response trip wrong old particularly member summer.
T000256,E00475,4,Route felt longer than usual today.
T000256,E00363,4,"Driver was late, missed my shift start."
T000256,E00281,4,"Driver was late, missed my shift start."
T000257,E00198,4,"Driver was late, missed my shift start."
T000257,E00043,5,Great experience overall.
T000257,E00408,5,Vehicle was in poor condition.
T000258,E00703,5,Artist too whose a nice without body executive all.
T000258,E00727,5,Reduce hour fish him high nation production little could his under.
T000259,E00554,5,Great experience overall.
T000259,E00073,5,Route felt longer than usual today.
T000259,E00320,5,"Driver was late, missed my shift start."
T000260,E00262,4,Child young prove care author administration return main join wrong be.
T000261,E00028,4,On time and courteous driver.
T000261,E00641,5,Team throw receive us perhaps lawyer interest star his difficult interesting.
T000261,E00608,5,Official suggest door maybe improve national.
T000261,E00147,5,Great experience overall.
T000262,E00257,5,Route felt longer than usual today.
T000263,E00617,5,Almost also low happy oil which bag room money teacher.
T000264,E00501,5,Vehicle was in poor condition.
T000265,E00770,4,Let back three because line score whether back plant.
T000269,E00479,5,Vehicle was in poor condition.
T000269,E00645,5,Vehicle was in poor condition.
T000270,E00516,4,Fine apply gas sing light mention light safe inside whether sometimes eye along.
T000270,E00015,4,On time and courteous driver.
T000270,E00692,3,On time and courteous driver.
T000270,E00275,4,See risk nor article list college appear wrong speak person expert bar measure.
T000270,E00746,4,"Driver was late, missed my shift start."
T000270,E00701,4,Route felt longer than usual today.
T000270,E00684,4,Edge past every either scientist page travel school process.
T000272,E00174,5,Space end red machine son television garden base certain value.
T000272,E00343,5,Route felt longer than usual today.
T000272,E00576,4,On time and courteous driver.
T000272,E00724,5,"Driver was late, missed my shift start."
T000272,E00467,5,Study sell include himself produce rise cold.
T000272,E00658,5,"Driver was late, missed my shift start."
T000273,E00151,5,On time and courteous driver.
T000273,E00502,5,Same generation politics sense break cold human feeling second sell mouth here relationship.
T000274,E00708,4,On time and courteous driver.
T000275,E00306,5,On time and courteous driver.
T000275,E00624,5,On time and courteous driver.
T000276,E00540,5,"Driver was late, missed my shift start."
T000276,E00050,4,Enjoy most itself eye something high firm morning what best most government.
T000278,E00681,3,Particular present evening establish sort effort once leave push drop public.
T000279,E00078,4,"Driver was late, missed my shift start."
T000281,E00204,3,On time and courteous driver.
T000281,E00334,5,Mind question year finish action across attack in.
T000282,E00595,5,Vehicle was in poor condition.
T000282,E00072,5,Vehicle was in poor condition.
T000284,E00521,4,Great experience overall.
T000284,E00115,4,Great experience overall.
T000284,E00346,4,"Driver was late, missed my shift start."
T000285,E00379,5,Great experience overall.
T000285,E00696,4,Vehicle was in poor condition.
T000286,E00628,5,"Smooth ride, no complaints."
T000286,E00255,4,Route felt longer than usual today.
T000286,E00156,5,Vehicle was in poor condition.
T000286,E00084,5,Billion land detail exist cover agency begin voice prevent structure wear point.
T000286,E00351,5,Beat painting heavy shake possible sort continue.
T000287,E00418,5,On time and courteous driver.
T000287,E00316,5,"Smooth ride, no complaints."
T000288,E00135,5,Vehicle was in poor condition.
T000289,E00548,4,Great experience overall.
T000289,E00417,5,Receive education level view police two everybody.
T000289,E00046,5,"Driver was late, missed my shift start."
T000290,E00233,4,"Driver was late, missed my shift start."
T000290,E00350,5,Realize property show either sit everyone artist home you election spend.
T000290,E00650,5,"Driver was late, missed my shift start."
T000290,E00254,5,On time and courteous driver.
T000290,E00775,5,Key man up particular condition man century shoulder.
T000291,E00307,5,Pass blood kid else alone audience road since.
T000291,E00321,5,To chance policy usually professor entire.
T000292,E00107,5,Vehicle was in poor condition.
T000292,E00366,5,Toward off middle vote make job such sit size music.
T000294,E00394,4,His ready sister building movement yard.
T000294,E00113,4,Radio hundred place where before movement which ball least short.
T000296,E00210,4,On time and courteous driver.
T000296,E00375,4,Computer always his course receive to piece grow.
T000296,E00029,5,Those just country along agent you draw.
T000298,E00332,5,As music film move strong last yet already argue skin.
T000298,E00712,5,If deep president mission vote thank.
T000298,E00790,4,Great experience overall.
T000298,E00088,5,Chance often under already center president likely truth animal red candidate common.
T000298,E00765,5,Route felt longer than usual today.
T000298,E00040,5,Toward star best particularly structure ask.
T000299,E00374,4,Vehicle was in poor condition.
T000300,E00194,4,"Smooth ride, no complaints."
T000300,E00588,4,Great experience overall.
T000301,E00207,5,Box organization past as dark front structure.
T000301,E00246,5,Food wish office case student soldier share or friend building center.
T000301,E00780,5,Collection have close during old card social place heavy citizen they.
T000302,E00232,5,Great experience overall.
T000303,E00318,5,Route felt longer than usual today.
T000303,E00025,4,According conference become prepare thought indicate southern.
T000304,E00632,4,Realize deal policy mission include visit particular also conference matter wear physical.
T000305,E00690,4,Route felt longer than usual today.
T000307,E00253,4,Girl above dog brother morning believe gun seven music.
T000307,E00077,4,"Driver was late, missed my shift start."
T000308,E00333,5,"Smooth ride, no complaints."
T000308,E00230,5,"Driver was late, missed my shift start."
T000308,E00086,5,"Smooth ride, no complaints."
T000308,E00800,5,Great experience overall.
T000308,E00409,5,Less phone decade apply both chance such treatment.
T000309,E00125,4,Vehicle was in poor condition.
T000309,E00291,5,Computer prove amount population expect itself free source serve analysis science understand.
T000309,E00460,5,Citizen ahead method audience dog know often industry.
T000309,E00572,5,Discover body direction down include customer through available one approach.
T000309,E00329,5,Certain until lawyer hold carry rest place wish dark camera realize.
T000309,E00752,4,Exactly book letter industry set detail.
T000310,E00272,5,Page smile point particularly color wife talk beat tax.
T000310,E00524,5,On time and courteous driver.
T000310,E00756,4,Television describe list leg address into their easy its develop until watch.
T000310,E00789,5,Together individual analysis yard safe mean international hour special recent better manager bar.
T000310,E00448,4,"Smooth ride, no complaints."
T000311,E00080,5,Great experience overall.
T000311,E00456,5,Really image design grow dream your.
T000311,E00596,5,Look fight reflect teach section agency.
T000311,E00335,4,"Driver was late, missed my shift start."
T000312,E00037,4,Less catch reflect continue the phone region ability physical his real.
T000312,E00723,4,Allow international especially watch my some skin ball thing save area war.
T000313,E00154,5,Great experience overall.
T000313,E00581,4,Great experience overall.
T000313,E00137,5,"Driver was late, missed my shift start."
T000313,E00699,5,"Driver was late, missed my shift start."
T000314,E00557,4,Great experience overall.
T000315,E00675,5,"Driver was late, missed my shift start."
T000315,E00134,5,Thousand book half people half compare next attack remember daughter.
T000315,E00240,4,Route felt longer than usual today.
T000316,E00282,5,Great experience overall.
T000316,E00751,3,Draw box long voice oil where decide seat different good.
T000317,E00616,5,"Driver was late, missed my shift start."
T000317,E00338,4,"Driver was late, missed my shift start."
T000319,E00298,5,Me institution approach health laugh may stop like mother.
T000319,E00020,5,"Smooth ride, no complaints."
T000319,E00247,4,Tonight later happy pull really within third could this beautiful hospital condition.
T000320,E00665,5,Body every recent many themselves minute.
T000320,E00299,4,Great experience overall.
T000320,E00203,5,Great experience overall.
T000320,E00503,5,Age indicate radio use listen information scene again country against soon strong mind from.
T000321,E00673,5,Route felt longer than usual today.
T000321,E00348,5,Garden position for order recent success knowledge fight car smile commercial employee machine.
T000322,E00111,5,Route felt longer than usual today.
T000322,E00213,4,Show another good lay coach under Republican expect win.
T000322,E00301,5,Great experience overall.
T000323,E00644,5,"Smooth ride, no complaints."
T000325,E00415,5,Vehicle was in poor condition.
T000326,E00172,5,Claim bring year off kid hard day.
T000326,E00477,5,"Smooth ride, no complaints."
T000328,E00687,5,Program within challenge large wish move.
T000329,E00573,5,"Smooth ride, no complaints."
T000330,E00155,4,Turn identify material certainly leader floor above.
T000330,E00357,5,On time and courteous driver.
T000331,E00507,5,"Driver was late, missed my shift start."
T000332,E00472,4,Wish former relate listen face want wonder off chair north trade kind.
T000332,E00423,4,"Driver was late, missed my shift start."
T000332,E00177,3,Rule too cause nearly final husband subject.
T000333,E00271,5,Group for part crime money sit short cultural base support quality.
T000334,E00709,5,"Smooth ride, no complaints."
T000334,E00603,5,Wish hour make owner memory argue project.
T000334,E00217,5,"Driver was late, missed my shift start."
T000334,E00295,5,Challenge take hard health expect goal within them because road know.
T000335,E00626,5,Sound eye south wife interest to cause onto beat debate listen.
T000335,E00429,5,Route felt longer than usual today.
T000335,E00683,3,Would at whether series because important trial increase new report sense carry.
T000335,E00725,5,"Smooth ride, no complaints."
T000335,E00582,3,On time and courteous driver.
T000336,E00440,5,On time and courteous driver.
T000336,E00492,5,Strategy face make state few one management science.
T000336,E00508,4,Agree able enjoy what strong line president throughout.
T000336,E00726,5,Conference trade population agreement share manage wife out gun lose job.
T000337,E00433,5,"Driver was late, missed my shift start."
T000337,E00243,4,Physical live reason build mention offer suddenly clear around.
T000337,E00764,5,Leave really group apply guess player western any factor police.
T000337,E00652,4,"Driver was late, missed my shift start."
T000337,E00633,5,Message short consumer behind sell myself.
T000337,E00736,4,Route felt longer than usual today.
T000338,E00481,4,"Driver was late, missed my shift start."
T000338,E00229,4,Great experience overall.
T000338,E00511,5,Step rate feeling rate read benefit oil statement actually million.
T000339,E00430,5,"Driver was late, missed my shift start."
T000340,E00370,4,Vehicle was in poor condition.
T000340,E00478,5,On time and courteous driver.
T000341,E00721,5,Great experience overall.
T000342,E00133,5,"Smooth ride, no complaints."
T000343,E00303,4,Single include TV clear design me story somebody next ready.
T000343,E00182,4,Vehicle was in poor condition.
T000344,E00381,5,Route felt longer than usual today.
T000345,E00739,5,"Driver was late, missed my shift start."
T000346,E00311,4,Great experience overall.
T000346,E00404,4,Suffer Republican reduce sort individual trouble bring capital admit give reality catch.
T000348,E00589,5,Great experience overall.
T000350,E00547,5,Threat our shake garden report agreement sport develop task central dinner.
T000350,E00445,5,Vehicle was in poor condition.
T000350,E00533,5,Decide wonder interesting several born affect machine.
T000352,E00569,3,Vehicle was in poor condition.
T000353,E00001,4,"Smooth ride, no complaints."
T000353,E00700,5,Amount blue soldier message arrive budget education at property senior site.
T000354,E00498,5,Day top continue goal before suffer walk we girl civil may rock drop.
T000355,E00733,5,Attention standard shake more respond who commercial senior above rise under turn surface.
T000355,E00117,5,"Smooth ride, no complaints."
T000355,E00691,5,Route felt longer than usual today.
T000355,E00439,5,Great experience overall.
T000355,E00451,5,Hand operation keep whatever Congress great here Democrat dinner both world buy.
T000355,E00075,5,Mind many guess explain reveal bank management.
T000357,E00694,5,"Driver was late, missed my shift start."
T000357,E00720,5,Exist outside find wish know network fact talk country attorney.
T000357,E00671,4,Voice happen actually purpose public how mission put budget house reason within.
T000357,E00452,5,Great experience overall.
T000358,E00132,4,Great experience overall.
T000358,E00193,5,"Smooth ride, no complaints."
T000358,E00755,5,Ask window full organization wrong but study rise.
T000359,E00403,4,Route felt longer than usual today.
T000359,E00528,3,Vehicle was in poor condition.
T000359,E00737,4,Share she order series song wall green project wear.
T000359,E00322,5,"Driver was late, missed my shift start."
T000359,E00198,4,Memory challenge lawyer business majority discuss wall ahead scene store marriage ago.
T000359,E00408,3,Him quickly check perform benefit baby seem should.
T000360,E00363,4,Dark product make energy gas teacher national weight all involve trip.
T000360,E00281,5,Late table kind along computer process single those clearly issue.
T000360,E00785,3,Great experience overall.
T000362,E00060,5,Resource maintain body push process rate occur live take.
T000362,E00262,5,Argue enjoy opportunity help put short expect article opportunity campaign hand special.
T000363,E00608,4,Vehicle was in poor condition.
T000363,E00074,3,"Driver was late, missed my shift start."
T000364,E00055,5,On time and courteous driver.
T000364,E00073,5,Vehicle was in poor condition.
T000364,E00729,5,Vehicle was in poor condition.
T000364,E00402,4,"Driver was late, missed my shift start."
T000365,E00317,5,"Smooth ride, no complaints."
T000365,E00784,4,Agree through game best generation group goal product easy possible or travel assume.
T000368,E00103,5,Boy college Mrs also price institution method inside after.
T000369,E00501,5,"Smooth ride, no complaints."
T000369,E00479,5,"Driver was late, missed my shift start."
T000370,E00119,4,Onto worry help hope occur space beyond push from me share fund.
T000370,E00168,5,On time and courteous driver.
T000371,E00770,4,"Driver was late, missed my shift start."
T000371,E00635,4,Federal wide cut player wind away sure degree enter father of source person.
T000372,E00757,3,On time and courteous driver.
T000374,E00015,5,Vehicle was in poor condition.
T000374,E00030,5,Response official option event note most interview.
T000374,E00646,4,Somebody prepare few sound item music customer I person law.
T000374,E00165,5,"Smooth ride, no complaints."
T000375,E00387,4,Congress affect reflect television officer defense while score level view mouth pass shoulder.
T000375,E00138,4,Various risk art customer leg drive second she such improve team.
T000375,E00006,5,"Driver was late, missed my shift start."
T000376,E00151,5,Plant suffer environment expert civil rather.
T000376,E00164,5,On time and courteous driver.
T000376,E00290,5,"Driver was late, missed my shift start."
T000377,E00391,4,Vehicle was in poor condition.
T000377,E00180,5,Great experience overall.
T000377,E00776,5,On time and courteous driver.
T000378,E00053,4,Vehicle was in poor condition.
T000378,E00227,5,"Driver was late, missed my shift start."
T000378,E00793,4,On time and courteous driver.
T000379,E00624,5,Image box court early still less nice job positive.
T000379,E00502,5,Dark evening ahead smile everyone nearly.
T000380,E00204,5,"Smooth ride, no complaints."
T000381,E00416,5,Route felt longer than usual today.
T000385,E00682,5,"Smooth ride, no complaints."
T000386,E00050,4,White magazine after teacher base own.
T000387,E00753,5,Vehicle was in poor condition.
T000388,E00115,3,Route felt longer than usual today.
T000388,E00521,4,Too imagine guy price bed wall.
T000388,E00653,4,On time and courteous driver.
T000389,E00379,5,"Smooth ride, no complaints."
T000390,E00349,4,Vehicle was in poor condition.
T000390,E00796,5,"Driver was late, missed my shift start."
T000390,E00610,5,Great experience overall.
T000390,E00351,5,Route felt longer than usual today.
T000390,E00084,5,Door number matter building professional oil simple.
T000390,E00628,5,Edge this draw business southern forget once hope security door institution certain.
T000390,E00568,5,Route felt longer than usual today.
T000391,E00219,5,Route felt longer than usual today.
T000391,E00420,5,"Smooth ride, no complaints."
T000391,E00008,5,Degree ever impact television argue mouth record both.
T000392,E00735,3,"Smooth ride, no complaints."
T000392,E00135,5,Interest radio white these view guy resource start again whom paper success.
T000392,E00580,5,On time and courteous driver.
T000392,E00316,4,Real small dream need finally when.
T000393,E00775,5,Total rate movement door kind account whether until truth feeling.
T000393,E00350,5,"Driver was late, missed my shift start."
T000393,E00035,5,"Smooth ride, no complaints."
T000394,E00650,4,On time and courteous driver.
T000394,E00548,4,Father teacher civil keep first speech popular smile ever.
T000395,E00041,4,Route felt longer than usual today.
T000395,E00411,5,Statement wait likely include subject response theory.
T000395,E00021,4,Great experience overall.
T000396,E00179,4,"Smooth ride, no complaints."
T000396,E00474,3,"Smooth ride, no complaints."
T000396,E00356,5,"Smooth ride, no complaints."
T000396,E00612,3,On time and courteous driver.
T000397,E00210,4,Station recognize media goal own spend scene.
T000397,E00424,5,Route felt longer than usual today.
T000397,E00288,5,Receive seven political contain kitchen political able customer figure office book.
T000400,E00296,5,Great experience overall.
T000401,E00461,4,Might wide store shake suggest rate society floor long.
T000401,E00790,4,Vehicle was in poor condition.
T000401,E00522,3,"Smooth ride, no complaints."
T000401,E00310,5,End reach step son cup increase consider.
T000402,E00765,5,Great experience overall.
T000402,E00332,5,Vehicle was in poor condition.
T000403,E00232,5,Great experience overall.
T000404,E00740,4,On time and courteous driver.
T000404,E00207,5,War this difference way type positive phone trade wind cup.
T000404,E00780,5,Anyone peace outside chance when color note add.
T000406,E00639,4,Itself turn law purpose budget require course technology site explain management candidate.
T000406,E00209,4,Outside yet executive quality industry impact certainly face.
T000407,E00686,5,"Smooth ride, no complaints."
T000407,E00284,4,Great experience overall.
T000410,E00142,5,Dog late eat old positive beat light the window.
T000410,E00459,5,Route felt longer than usual today.
T000410,E00779,5,On time and courteous driver.
T000410,E00267,5,Rather require remain save eight believe arrive four dog traditional you.
T000410,E00161,5,Remember special accept mean herself within provide car throughout American conference college manage.
T000410,E00297,5,Vehicle was in poor condition.
T000411,E00460,5,There car fish most center bring analysis campaign the strong.
T000411,E00038,4,Route felt longer than usual today.
T000411,E00409,5,"Smooth ride, no complaints."
T000412,E00333,5,Unit executive theory party seven enough fine throughout firm yes.
T000412,E00406,4,New type PM key country approach consumer.
T000413,E00607,5,Route felt longer than usual today.
T000413,E00037,4,Employee relationship job yet until American ground remember magazine manage suffer term.
T000413,E00052,5,"Smooth ride, no complaints."
T000413,E00754,4,Great experience overall.
T000413,E00767,5,On time and courteous driver.
T000413,E00756,5,Glass data exist strong seek state none.
T000414,E00153,4,Defense your above short Congress turn east marriage behind forget expect wonder business.
T000414,E00723,4,Opportunity week student child ball store process law western order.
T000414,E00577,5,Forget analysis performance laugh water yourself.
T000414,E00579,5,"Driver was late, missed my shift start."
T000414,E00680,4,On time and courteous driver.
T000414,E00448,4,"Driver was late, missed my shift start."
T000414,E00388,3,Can tell soon executive sometimes season natural own begin effort drive side human.
T000415,E00265,4,"Driver was late, missed my shift start."
T000415,E00022,4,"Driver was late, missed my shift start."
T000415,E00315,5,Route felt longer than usual today.
T000416,E00140,5,Great experience overall.
T000416,E00758,4,Route felt longer than usual today.
T000417,E00126,5,System clear single expect sell pressure.
T000417,E00557,5,Fear song save TV tough page grow.
T000418,E00730,4,Story mention majority those live none institution.
T000418,E00438,5,On time and courteous driver.
T000418,E00466,4,Specific pass its international American game less difference rather choice manager.
T000418,E00011,5,Positive base life bad soon feel worker range feel eat into notice necessary true.
T000418,E00134,5,Blue interesting behind produce nothing effect effort bank me box product conference.
T000419,E00260,5,Successful and indicate region finish right serious last.
T000420,E00581,5,Game truth special decision back word else pull its.
T000421,E00717,5,Route felt longer than usual today.
T000421,E00338,5,Accept bring commercial local reality than.
T000422,E00673,4,Rise field spend pattern real white push source because career course staff receive.
T000422,E00222,5,Teacher decide possible power job personal so course.
T000422,E00313,5,Show challenge instead bring total school knowledge machine after.
T000423,E00541,5,Vehicle was in poor condition.
T000423,E00704,5,Route felt longer than usual today.
T000423,E00203,4,Vehicle was in poor condition.
T000424,E00493,5,One cut notice street anything account piece require woman support say.
T000424,E00407,5,Room yourself already hundred message right very toward test discussion art affect office.
T000425,E00032,3,As throughout individual list manager voice get recently again explain court gas discussion.
T000425,E00750,5,"Smooth ride, no complaints."
T000425,E00546,5,Onto rate two table resource life third rich.
T000425,E00362,5,Where strategy pull same somebody son suddenly perform executive see.
T000425,E00503,5,Can current paper beyond indeed year field decide another adult thing ground.
T000426,E00234,4,Route felt longer than usual today.
T000427,E00718,5,On time and courteous driver.
T000429,E00480,4,On time and courteous driver.
T000431,E00687,5,Great experience overall.
T000432,E00506,5,Company teacher me southern front box dinner no.
T000433,E00266,4,On time and courteous driver.
T000434,E00573,5,Great experience overall.
T000435,E00472,3,"Driver was late, missed my shift start."
T000435,E00425,4,Great experience overall.
T000436,E00471,4,On time and courteous driver.
T000436,E00777,4,Election future great another there environment character real middle prove relationship unit.
T000438,E00181,5,Great experience overall.
T000438,E00651,5,Sometimes while sense window sit participant teach big none medical cold.
T000438,E00582,4,That treat church factor kid media run.
T000438,E00768,5,Child hair standard but dark wide shoulder.
T000438,E00508,5,"Driver was late, missed my shift start."
T000438,E00626,5,Great experience overall.
T000438,E00422,4,"Driver was late, missed my shift start."
T000439,E00603,4,On time and courteous driver.
T000439,E00728,3,Great experience overall.
T000439,E00166,5,"Driver was late, missed my shift start."
T000439,E00726,4,Early speak game measure be head.
T000439,E00618,4,"Driver was late, missed my shift start."
T000439,E00276,3,"Smooth ride, no complaints."
T000440,E00555,4,Guess professor charge send instead direction soon including important learn system.
T000440,E00094,5,"Driver was late, missed my shift start."
T000440,E00484,5,Want kind show response military attorney full I sign its.
T000441,E00604,4,"Driver was late, missed my shift start."
T000442,E00048,5,Service produce political total around place require produce mind fast I.
T000442,E00664,5,Route felt longer than usual today.
T000442,E00449,5,On time and courteous driver.
T000443,E00065,5,Great experience overall.
T000443,E00171,5,Them return finish general still too particular chair identify popular thought person peace.
T000444,E00447,5,Recently thought sit identify culture feeling already free rise science call.
T000444,E00285,5,Great experience overall.
T000444,E00695,5,Exist behavior necessary miss serious civil agreement someone or drop similar risk.
T000445,E00788,5,Book art health phone great answer prepare by fear say law work.
T000445,E00464,5,Route felt longer than usual today.
T000445,E00197,5,"Smooth ride, no complaints."
T000445,E00229,5,Route felt longer than usual today.
T000446,E00764,5,On time and courteous driver.
T000446,E00058,4,On time and courteous driver.
T000446,E00277,5,Not thus physical mouth other go expect size resource public research mind easy.
T000447,E00781,5,"Smooth ride, no complaints."
T000447,E00547,4,Might court sing lawyer chair international include begin interesting candidate.
T000448,E00533,4,On time and courteous driver.
T000449,E00400,4,Land hard moment open million house enough material.
T000449,E00303,5,On time and courteous driver.
T000450,E00205,5,Vehicle was in poor condition.
T000451,E00354,5,Vehicle was in poor condition.
T000451,E00184,3,On time and courteous driver.
T000452,E00525,5,"Smooth ride, no complaints."
T000453,E00371,5,"Driver was late, missed my shift start."
T000453,E00739,4,You ready way rule indicate clear media machine leader whose message.
T000454,E00509,5,Brother defense list second want hard weight own impact building occur American.
T000455,E00685,5,"Smooth ride, no complaints."
T000457,E00569,5,Brother figure hear family agreement central six.
T000458,E00377,5,Any thus threat democratic standard major business give that individual of.
T000458,E00392,5,Laugh full help strong street car catch PM seven project chance road become.
T000458,E00236,5,Professor important do house must when three save position tend religious occur someone.
T000458,E00439,5,Night buy nice court peace officer apply now country.
T000458,E00063,5,Great experience overall.
T000458,E00529,4,Route felt longer than usual today.
T000458,E00241,5,Vehicle was in poor condition.
T000459,E00256,4,Route felt longer than usual today.
T000460,E00278,5,Great experience overall.
T000460,E00694,5,Vehicle was in poor condition.
T000460,E00720,5,"Driver was late, missed my shift start."
T000460,E00149,4,Me affect probably mother while ever day stop stuff often be move.
T000460,E00395,4,Vehicle was in poor condition.
T000460,E00039,5,"Driver was late, missed my shift start."
T000460,E00004,5,I and technology age join increase teacher fish either boy.
T000460,E00081,5,On time and courteous driver.
T000461,E00047,4,My experience consumer shoulder child weight question.
T000461,E00755,4,Great experience overall.
T000461,E00496,4,Great experience overall.
T000461,E00108,5,Great experience overall.
T000461,E00567,3,Great experience overall.
T000462,E00528,4,Pass foot agree around hope floor.
T000463,E00408,5,On time and courteous driver.
T000463,E00327,3,Vehicle was in poor condition.
T000464,E00737,5,"Smooth ride, no complaints."
T000464,E00324,4,Throw election walk tonight appear dream others door meet mean we.
T000465,E00192,4,Vehicle was in poor condition.
T000465,E00552,3,Art let imagine machine imagine do though especially white.
T000465,E00641,5,"Driver was late, missed my shift start."
T000466,E00320,5,Great experience overall.
T000467,E00147,4,On time and courteous driver.
T000468,E00139,4,East never size fight image base player.
T000469,E00098,5,Situation central music collection early weight which new.
T000470,E00640,5,A let stop eye will a.
T000470,E00339,4,Event economy quite yourself successful defense subject example claim move attorney bed.
T000471,E00494,3,Store rise your there decision measure soon.
T000472,E00103,5,On time and courteous driver.
T000472,E00645,5,"Smooth ride, no complaints."
T000473,E00145,3,Play woman remain event production focus decision where foreign trial.
T000473,E00501,3,Great experience overall.
T000473,E00326,4,Position ability live top pull including time.
T000475,E00479,4,"Driver was late, missed my shift start."
T000475,E00101,4,Several Mrs skin power back all story public public good spend still.
T000477,E00543,5,"Driver was late, missed my shift start."
T000477,E00294,5,"Smooth ride, no complaints."
T000477,E00006,5,Hit stuff speech worker by have cover act sea serve.
T000478,E00165,5,Great experience overall.
T000478,E00275,5,Route felt longer than usual today.
T000478,E00387,4,On time and courteous driver.
T000479,E00053,4,Course staff personal space determine woman whose already manage region.
T000479,E00576,5,Vehicle was in poor condition.
T000479,E00776,4,Decide cultural start how thank notice management necessary process not radio north assume.
T000480,E00386,5,Second camera value talk thing rock ever.
T000480,E00467,5,Yeah realize mouth education nice law.
T000480,E00268,4,Vehicle was in poor condition.
T000480,E00227,4,Political wall appear voice item yet ever quite level guess service.
T000480,E00151,5,Another truth mother first hot free they space.
T000481,E00180,5,Within interest avoid economic clearly financial personal benefit.
T000482,E00164,4,It agency something various subject east list when strategy start mind door.
T000482,E00590,3,Simply people shake personal often beat.
T000482,E00174,5,True help three really site artist.
T000485,E00476,4,Area particularly it big argue appear sure I pay in ten.
T000485,E00792,4,Action himself somebody they people fund visit situation law foreign court bill organization.
T000487,E00050,4,On time and courteous driver.
T000487,E00401,5,Great experience overall.
T000488,E00416,4,Route felt longer than usual today.
T000488,E00682,5,On time and courteous driver.
T000489,E00202,5,Great experience overall.
T000489,E00204,5,"Driver was late, missed my shift start."
T000490,E00353,5,"Smooth ride, no complaints."
T000491,E00344,5,Vehicle was in poor condition.
T000492,E00654,5,Or subject toward call meeting green.
T000492,E00104,5,On time and courteous driver.
T000492,E00379,5,Vehicle was in poor condition.
T000492,E00228,5,"Driver was late, missed my shift start."
T000492,E00095,4,Great experience overall.
T000492,E00560,5,"Driver was late, missed my shift start."
T000492,E00346,5,Right know during someone art find job where senior find those simply.
T000494,E00610,5,"Driver was late, missed my shift start."
T000494,E00796,5,Great experience overall.
T000495,E00135,5,Light owner fact wife military price certain.
T000495,E00219,5,Medical strong teach instead crime customer training size game.
T000495,E00239,3,Reason word outside former official white pattern industry class lawyer smile among.
T000496,E00201,5,On time and courteous driver.
T000498,E00342,5,Turn police really level defense lose shoulder spring.
T000499,E00321,3,Great experience overall.
T000499,E00021,5,"Driver was late, missed my shift start."
T000499,E00270,3,Vehicle was in poor condition.
T000501,E00071,4,"Driver was late, missed my shift start."
T000502,E00029,4,Great experience overall.
T000502,E00375,3,Vehicle was in poor condition.
T000503,E00514,4,Vehicle was in poor condition.
T000503,E00458,5,Great experience overall.
T000505,E00090,5,Vehicle was in poor condition.
T000505,E00712,4,Day contain wrong guy available air boy fact create one.
T000505,E00790,4,Route felt longer than usual today.
T000505,E00711,5,"Smooth ride, no complaints."
T000505,E00374,5,Great experience overall.
T000505,E00765,4,Vehicle was in poor condition.
T000507,E00786,4,"Smooth ride, no complaints."
T000507,E00518,4,"Driver was late, missed my shift start."
T000507,E00383,3,Vehicle was in poor condition.
T000508,E00246,3,Vehicle was in poor condition.
T000508,E00232,3,"Smooth ride, no complaints."
T000510,E00025,5,Route felt longer than usual today.
T000510,E00686,5,Analysis ahead cup company those responsibility fund never condition again.
T000511,E00397,5,"Smooth ride, no complaints."
T000511,E00114,5,Treat again quality her skin book very figure drive.
T000512,E00191,5,Produce wait with young think there assume certain under some.
T000512,E00630,5,Mouth reason fish involve player TV several onto.
T000512,E00086,5,"Driver was late, missed my shift start."
T000512,E00779,5,Vehicle was in poor condition.
T000512,E00199,5,Route felt longer than usual today.
T000513,E00660,4,"Driver was late, missed my shift start."
T000513,E00016,4,"Smooth ride, no complaints."
T000513,E00398,5,Family chance easy picture evidence call meet once major road six social.
T000513,E00252,4,Ask meet seem population meeting material less focus hear reason resource manager environmental.
T000513,E00333,4,Point so power debate thus later doctor despite interesting help church.
T000513,E00710,4,Effort be seem far million discover American mention from later.
T000513,E00003,5,Route felt longer than usual today.
T000514,E00773,4,Vehicle was in poor condition.
T000514,E00783,5,Important source first him conference doctor population grow bar successful mention.
T000514,E00178,5,"Smooth ride, no complaints."
T000515,E00702,5,"Driver was late, missed my shift start."
T000515,E00159,4,"Smooth ride, no complaints."
T000515,E00082,4,Route felt longer than usual today.
T000515,E00731,5,Skill unit better author although customer cultural.
T000515,E00676,5,Economic seat shoulder suddenly course page case talk respond myself.
T000516,E00579,4,"Smooth ride, no complaints."
T000516,E00515,4,Across federal state situation identify if oil pretty line.
T000516,E00218,4,Writer week tend dinner rich decide do only need light sport future.
T000516,E00542,5,Fine could show recently decide last next.
T000516,E00689,4,Vehicle was in poor condition.
T000517,E00265,3,Route felt longer than usual today.
T000517,E00759,5,Great experience overall.
T000517,E00037,5,Vehicle was in poor condition.
T000519,E00260,5,On time and courteous driver.
T000519,E00738,5,Catch them figure scene matter probably great different international sell.
T000519,E00154,4,Federal only nothing allow cause with yes nothing sometimes trial off hospital.
T000520,E00557,5,Great experience overall.
T000520,E00675,5,Daughter hospital move could board notice later thus behavior bit.
T000521,E00140,4,Concern step owner agree current treat history day fact modern lawyer happy action.
T000521,E00011,4,Teacher improve church book movie long attention western tend candidate.
T000521,E00438,4,On time and courteous driver.
T000522,E00730,5,Finally stand professor city offer financial data respond.
T000522,E00616,4,Every account central ask human space moment travel these least office.
T000522,E00176,4,Route felt longer than usual today.
T000522,E00551,5,Explain thing lead red Republican father party.
T000524,E00463,4,"Driver was late, missed my shift start."
T000524,E00183,5,On time and courteous driver.
T000526,E00301,5,Vehicle was in poor condition.
T000528,E00797,5,Great experience overall.
T000529,E00234,5,"Smooth ride, no complaints."
T000529,E00032,5,On time and courteous driver.
T000531,E00271,5,"Smooth ride, no complaints."
T000534,E00742,4,"Smooth ride, no complaints."
T000534,E00480,4,On time and courteous driver.
T000534,E00211,5,Route felt longer than usual today.
T000535,E00472,3,Vehicle was in poor condition.
T000538,E00319,5,Route felt longer than usual today.
T000539,E00777,5,Indeed conference pay it his probably recognize believe.
T000539,E00415,4,Dream that event physical factor trouble.
T000540,E00177,2,"Driver was late, missed my shift start."
T000541,E00292,4,Vehicle was in poor condition.
T000541,E00484,3,"Driver was late, missed my shift start."
T000541,E00651,5,"Smooth ride, no complaints."
T000541,E00429,5,Vehicle was in poor condition.
T000541,E00187,4,Training in seven building hard sense mean single.
T000541,E00094,4,Great experience overall.
T000542,E00446,4,Late education media left available reason see high second talk however.
T000542,E00726,5,Great experience overall.
T000542,E00787,5,On time and courteous driver.
T000542,E00181,5,Vehicle was in poor condition.
T000542,E00422,4,Economy remember carry prove less leave.
T000542,E00626,4,Nature drug wear cell star success color.
T000542,E00309,5,"Driver was late, missed my shift start."
T000542,E00435,5,Parent concern buy scientist collection provide.
T000543,E00112,5,Route felt longer than usual today.
T000543,E00768,5,"Driver was late, missed my shift start."
T000543,E00512,4,"Driver was late, missed my shift start."
T000543,E00618,5,Quality child group describe alone push.
T000543,E00076,5,Route felt longer than usual today.
T000543,E00544,4,Route felt longer than usual today.
T000543,E00150,5,"Driver was late, missed my shift start."
T000543,E00295,4,Great experience overall.
T000544,E00171,4,Great experience overall.
T000544,E00370,4,Vehicle was in poor condition.
T000544,E00410,5,On time and courteous driver.
T000545,E00249,4,"Smooth ride, no complaints."
T000546,E00481,5,Kind answer play mission production process bill real.
T000547,E00788,5,Appear above significant short up hear draw before instead writer front.
T000547,E00065,5,On time and courteous driver.
T000548,E00235,5,Quite as when benefit structure professional right analysis.
T000548,E00197,4,"Driver was late, missed my shift start."
T000549,E00049,5,On time and courteous driver.
T000550,E00781,5,Blue force no couple debate must voice building degree ground community I.
T000550,E00442,5,Route felt longer than usual today.
T000550,E00587,5,Great experience overall.
T000551,E00700,4,Activity defense detail price everything perhaps analysis those in should.
T000552,E00404,5,Great experience overall.
T000553,E00336,5,Great experience overall.
T000553,E00426,5,Route felt longer than usual today.
T000554,E00212,5,Work big movie wrong sure commercial where outside wonder recent question win.
T000555,E00662,5,Vehicle was in poor condition.
T000556,E00405,5,On time and courteous driver.
T000557,E00445,5,Forward play this fish surface lot friend.
T000557,E00743,5,Treatment large memory score me relate actually again serve buy door investment during.
T000557,E00450,4,Art hear father charge daughter also type.
T000558,E00044,5,Write kitchen theory care fish skin always social increase spend seek director run.
T000558,E00441,4,Drug much trade professor eat reach rest part high focus.
T000558,E00371,4,"Driver was late, missed my shift start."
T000559,E00745,4,"Smooth ride, no complaints."
T000559,E00311,3,Picture ask man west appear yeah voice by community nature somebody.
T000560,E00117,5,Vehicle was in poor condition.
T000560,E00489,5,Door back right find return each computer eat.
T000562,E00598,5,Vehicle was in poor condition.
T000562,E00141,4,Vehicle was in poor condition.
T000562,E00455,5,On time and courteous driver.
T000562,E00454,5,Office whose cut television loss week growth help likely.
T000563,E00039,5,Route felt longer than usual today.
T000563,E00081,4,Vehicle was in poor condition.
T000563,E00602,4,"Driver was late, missed my shift start."
T000564,E00737,4,Measure same set standard soldier after high take serve TV organization.
T000564,E00715,4,"Driver was late, missed my shift start."
T000565,E00264,4,On time and courteous driver.
T000565,E00198,4,"Driver was late, missed my shift start."
T000566,E00324,4,On time and courteous driver.
T000566,E00621,4,Need compare herself figure exist no lose.
T000566,E00281,4,On time and courteous driver.
T000566,E00403,4,On time and courteous driver.
T000566,E00327,4,Route felt longer than usual today.
T000567,E00643,5,"Smooth ride, no complaints."
T000567,E00028,4,Vehicle was in poor condition.
T000568,E00553,5,Great experience overall.
T000568,E00073,4,Carry light choice couple actually may rise man understand wait.
T000568,E00130,5,Vehicle was in poor condition.
T000569,E00188,4,Himself film would author those yeah buy usually class several.
T000569,E00402,4,"Driver was late, missed my shift start."
T000569,E00729,4,Great experience overall.
T000569,E00554,5,Side seem give remember play happy around history interest.
T000570,E00192,5,"Smooth ride, no complaints."
T000570,E00257,5,"Smooth ride, no complaints."
T000570,E00195,4,Route felt longer than usual today.
T000571,E00110,5,Drug alone spend piece put recently population end lay.
T000572,E00505,5,"Driver was late, missed my shift start."
T000573,E00757,4,Effect own weight success activity side popular.
T000573,E00606,4,Route felt longer than usual today.
T000574,E00013,5,Huge only too million country institution stop education few whose.
T000575,E00145,4,Only safe sell under thank body of something sport especially.
T000575,E00526,5,"Smooth ride, no complaints."
T000576,E00617,5,On time and courteous driver.
T000576,E00002,5,Us huge final would staff ability attorney recent.
T000577,E00640,5,Indicate explain issue computer control care main me book note defense cut.
T000577,E00326,4,Speak court work the key tree body player.
T000577,E00098,5,"Driver was late, missed my shift start."
T000578,E00305,5,Great experience overall.
T000579,E00701,3,Fall help everybody garden one long pull.
T000579,E00799,4,Act entire western program smile among decision.
T000579,E00158,4,Heart mind while entire magazine series.
T000579,E00224,4,Investment he three yourself stage wait professor her arm green form beyond lead.
T000580,E00294,5,On time and courteous driver.
T000580,E00543,4,Rise thousand catch own than evidence recognize spring happy peace probably.
T000581,E00170,5,Method produce about point walk focus plant them wide save question do.
T000581,E00121,5,Hundred partner bank into use us would tax toward safe family crime.
T000582,E00268,5,Great experience overall.
T000582,E00620,5,Thank then size respond all marriage beautiful.
T000582,E00502,5,Vehicle was in poor condition.
T000582,E00343,4,Route felt longer than usual today.
T000583,E00624,3,On time and courteous driver.
T000583,E00306,3,Great experience overall.
T000583,E00592,5,Would level to western lot music during color want record black year ahead.
T000584,E00708,5,Total short detail election live today but career movement rise.
T000584,E00658,5,"Smooth ride, no complaints."
T000584,E00200,5,Somebody four difference office under ask gas.
T000584,E00576,4,Route felt longer than usual today.
T000585,E00144,4,Great experience overall.
T000585,E00293,4,Route felt longer than usual today.
T000588,E00634,5,President size whom join do else fact born future or.
T000589,E00072,5,"Driver was late, missed my shift start."
T000589,E00061,4,Route felt longer than usual today.
T000589,E00390,3,Seat break happy table west officer ability artist.
T000590,E00057,4,Route felt longer than usual today.
T000591,E00401,3,On time and courteous driver.
T000591,E00078,4,On time and courteous driver.
T000593,E00614,4,"Smooth ride, no complaints."
T000593,E00373,4,Couple hold interest side something value call professional opportunity blood across system.
T000593,E00488,5,Great experience overall.
T000593,E00654,5,Great experience overall.
T000593,E00653,4,"Smooth ride, no complaints."
T000593,E00365,5,On time and courteous driver.
T000594,E00774,4,Route felt longer than usual today.
T000594,E00560,5,Certain wall student matter lay own certainly program soon reflect.
T000595,E00796,5,Route felt longer than usual today.
T000595,E00372,4,"Driver was late, missed my shift start."
T000595,E00349,4,Floor maybe read event summer off piece democratic factor whom arrive special check.
T000595,E00591,5,Great experience overall.
T000595,E00610,4,Summer various different save type simply task road.
T000596,E00135,5,Worker process summer yard nature front question wrong serious.
T000597,E00219,5,Route felt longer than usual today.
T000598,E00417,4,"Driver was late, missed my shift start."
T000599,E00342,5,Vehicle was in poor condition.
T000599,E00360,4,"Smooth ride, no complaints."
T000599,E00307,5,Author risk executive type red nature best food social tend approach.
T000600,E00085,4,Great experience overall.
T000601,E00312,5,Leader clear case receive fact certain design security same.
T000601,E00179,5,Gun task big size teach heavy.
T000603,E00424,5,"Driver was late, missed my shift start."
T000603,E00612,5,Route felt longer than usual today.
T000603,E00029,5,On time and courteous driver.
T000604,E00296,4,Vehicle was in poor condition.
T000605,E00474,4,Quickly collection argue green listen war bring middle full its chance.
T000605,E00366,4,Each budget however few other common seat simply yard provide bed.
T000607,E00310,5,Ten practice every president happen build bar majority protect meeting age.
T000607,E00332,4,Would look really behind or himself yourself reflect fear by foot research television.
T000607,E00601,4,Great experience overall.
T000607,E00461,4,Great experience overall.
T000608,E00090,4,Continue spend after new movie speech major million once research so buy.
T000609,E00238,4,Vehicle was in poor condition.
T000609,E00780,5,Vehicle was in poor condition.
T000609,E00383,4,Whole today Congress out conference never song but.
T000612,E00690,5,On time and courteous driver.
T000613,E00639,4,Route felt longer than usual today.
T000613,E00209,5,Offer present because either send be by.
T000613,E00280,5,"Smooth ride, no complaints."
T000613,E00578,5,Hair name institution war a feel watch mind situation.
T000615,E00016,5,Knowledge officer reason mission worry goal Mrs decide between standard down could.
T000615,E00230,5,Great experience overall.
T000615,E00660,5,Task Democrat care need option everyone rock instead near.
T000615,E00329,4,"Smooth ride, no complaints."
T000615,E00051,5,"Smooth ride, no complaints."
T000615,E00795,5,High tough hundred bar effect international reason movie audience.
T000616,E00086,5,Yet recent cover head price star painting information child.
T000616,E00199,5,Her who easy establish mother range image forget become training sing.
T000616,E00800,4,Route felt longer than usual today.
T000616,E00762,5,Great experience overall.
T000617,E00161,5,Than difficult act help why her bit.
T000617,E00565,5,Great experience overall.
T000618,E00037,5,Compare rock fill start majority more red.
T000618,E00655,4,Necessary parent to color water hope generation scientist whose.
T000618,E00368,5,"Smooth ride, no complaints."
T000619,E00542,4,Great experience overall.
T000619,E00789,5,"Driver was late, missed my shift start."
T000619,E00756,4,Necessary think I or else rather require price central nothing environment truth.
T000619,E00597,5,Religious eat participant religious consumer worry sometimes maybe every into.
T000619,E00607,5,"Driver was late, missed my shift start."
T000619,E00689,5,Route felt longer than usual today.
T000619,E00731,5,Vehicle was in poor condition.
T000620,E00482,5,Route felt longer than usual today.
T000620,E00388,4,Great experience overall.
T000620,E00536,5,Figure teach water image fine bed bag role.
T000621,E00510,4,Vehicle was in poor condition.
T000621,E00154,3,Vehicle was in poor condition.
T000622,E00557,5,"Driver was late, missed my shift start."
T000622,E00500,5,Great experience overall.
T000622,E00581,5,Great experience overall.
T000622,E00730,4,Close arm sea never manage them while.
T000623,E00240,5,Quality usually carry marriage rate quality mother by add couple story.
T000623,E00282,5,Great experience overall.
T000623,E00758,5,On time and courteous driver.
T000623,E00173,5,Research reflect see each school week.
T000624,E00011,3,Range amount large collection us shake tough company happen card government anything.
T000624,E00443,4,On time and courteous driver.
T000624,E00675,5,Here health both trial economic much short brother federal family defense scene.
T000626,E00097,4,Hour type upon where middle throw very throughout summer arm accept leave fear.
T000626,E00213,5,Great experience overall.
T000626,E00546,4,On time and courteous driver.
T000626,E00493,5,"Smooth ride, no complaints."
T000626,E00014,5,Accept three control great big man be.
T000627,E00463,4,"Driver was late, missed my shift start."
T000627,E00348,4,Together improve tree according show economic likely hear hair throughout movie especially.
T000628,E00744,5,Route felt longer than usual today.
T000628,E00362,4,On time and courteous driver.
T000628,E00203,5,Prevent keep cause section accept third remember book expect card inside.
T000628,E00056,5,Too civil current look professor entire inside nearly son research.
T000628,E00269,5,Seem sister hundred rise score stay capital whatever society call.
T000628,E00419,5,"Driver was late, missed my shift start."
T000629,E00613,4,Matter should door question garden with scene its face magazine.
T000629,E00089,4,Easy check memory economic short ten yes easy star cup relationship.
T000630,E00301,5,Red maybe Congress yeah option play director.
T000630,E00665,3,On time and courteous driver.
T000630,E00704,5,On time and courteous driver.
T000632,E00105,4,Great experience overall.
T000633,E00271,4,Husband event court certainly adult current ten.
T000633,E00453,5,"Driver was late, missed my shift start."
T000634,E00742,4,Imagine fill plan discuss from look member popular fight especially.
T000634,E00415,5,Wall represent east time consider a produce focus experience.
T000636,E00357,5,Training beyond continue way hair fight best add necessary.
T000637,E00480,4,Great experience overall.
T000637,E00573,5,Former scientist guess single more he practice.
T000638,E00485,5,Once beautiful blood picture own American why this.
T000639,E00172,5,Route felt longer than usual today.
T000639,E00714,5,"Driver was late, missed my shift start."
T000640,E00369,4,"Smooth ride, no complaints."
T000643,E00276,4,"Smooth ride, no complaints."
T000643,E00112,5,Cover knowledge better walk people feeling listen set.
T000643,E00707,5,Result analysis court nearly education theory table trade window thus large response.
T000643,E00435,5,Attack industry use mean against out recent can animal not some.
T000643,E00295,5,On time and courteous driver.
T000643,E00309,4,Great experience overall.
T000643,E00237,5,Scientist however range that will close seek his.
T000644,E00539,4,"Driver was late, missed my shift start."
T000644,E00618,5,Vehicle was in poor condition.
T000644,E00787,3,Husband even contain civil design recent these so lay remain.
T000644,E00399,4,Else system fast environmental budget difference move factor policy walk everyone card.
T000644,E00076,5,Politics eat statement movement ability girl.
T000644,E00674,5,"Driver was late, missed my shift start."
T000644,E00683,5,Vehicle was in poor condition.
T000645,E00625,5,On time and courteous driver.
T000645,E00166,4,Win foot watch this enough card together far world personal action green room.
T000646,E00478,4,Computer will Mr without sing sister blood second high.
T000646,E00196,4,Thank plant nearly stage determine environmental ok space send.
T000646,E00171,5,Land role its chance look many least.
T000647,E00300,4,Route felt longer than usual today.
T000647,E00487,5,"Smooth ride, no complaints."
T000648,E00584,5,Great experience overall.
T000648,E00788,5,On time and courteous driver.
T000648,E00633,4,Great experience overall.
T000649,E00410,5,"Smooth ride, no complaints."
T000649,E00713,4,Great experience overall.
T000649,E00430,5,Route felt longer than usual today.
T000649,E00511,5,"Smooth ride, no complaints."
T000649,E00048,4,On time and courteous driver.
T000650,E00736,5,Country make role positive again clear concern hour.
T000650,E00370,5,"Smooth ride, no complaints."
T000650,E00537,5,Could century interview lawyer population I right case seek activity between himself body.
T000651,E00513,5,Shake popular analysis eat base central.
T000652,E00442,5,Outside society act social my stand system be cause service throughout spring film look.
T000652,E00045,5,Great experience overall.
T000653,E00303,5,Argue reality physical but stay bill father memory student.
T000655,E00044,4,On time and courteous driver.
T000655,E00358,5,Ability difference dinner history government expert TV.
T000655,E00311,4,Rather resource top man yard different what example baby free.
T000656,E00498,5,"Smooth ride, no complaints."
T000657,E00184,5,Great experience overall.
T000657,E00212,5,On time and courteous driver.
T000658,E00385,5,"Driver was late, missed my shift start."
T000659,E00525,4,"Driver was late, missed my shift start."
T000659,E00428,5,Vehicle was in poor condition.
T000660,E00698,5,Route felt longer than usual today.
T000661,E00685,5,Vehicle was in poor condition.
T000662,E00700,5,On time and courteous driver.
T000663,E00241,5,Great experience overall.
T000663,E00304,4,On time and courteous driver.
T000663,E00117,5,Route felt longer than usual today.
T000663,E00352,4,Type turn time page concern most outside quickly change project.
T000663,E00242,4,Person expert then even material hard enter trade sometimes.
T000664,E00439,5,Vehicle was in poor condition.
T000664,E00473,5,Vehicle was in poor condition.
T000664,E00392,5,"Smooth ride, no complaints."
T000665,E00667,5,On time and courteous driver.
T000665,E00278,4,Technology within sing chair challenge land.
T000665,E00585,5,Spring both into risk certain follow camera should good management loss win.
T000665,E00395,3,Great experience overall.
T000666,E00012,4,Route felt longer than usual today.
T000666,E00108,4,"Smooth ride, no complaints."
T000666,E00567,5,Soldier four soon president early industry market move mouth start his ok instead.
T000667,E00715,5,Since specific despite beautiful gun data sure gun listen card body treat guess.
T000667,E00413,5,Route felt longer than usual today.
T000668,E00629,5,Far century table will tree drug still.
T000668,E00727,5,"Smooth ride, no complaints."
T000668,E00737,5,Great experience overall.
T000668,E00043,5,Section bring receive central run receive.
T000669,E00363,5,He reduce production available study that air half bad baby notice.
T000670,E00060,4,Change consumer sea security recognize federal in front sit receive expert.
T000670,E00317,4,Art politics page community civil how interest.
T000670,E00729,4,Vehicle was in poor condition.
T000671,E00553,5,Never stop try maybe remember interest church win miss within by.
T000671,E00262,5,Hundred argue hot state wish painting baby realize.
T000671,E00188,5,"Smooth ride, no complaints."
T000671,E00055,5,On time and courteous driver.
T000672,E00320,5,"Smooth ride, no complaints."
T000672,E00562,5,Great experience overall.
T000672,E00784,5,Great experience overall.
T000674,E00640,5,"Smooth ride, no complaints."
T000675,E00505,4,Finish politics still close sound position crime board back owner suggest agreement.
T000675,E00494,4,On time and courteous driver.
T000676,E00414,5,"Driver was late, missed my shift start."
T000677,E00635,4,Clear blood deep action travel could cut upon drive.
T000677,E00189,5,With north nor so animal fire want.
T000677,E00526,5,Wonder seem when matter fire hospital.
T000678,E00770,5,"Driver was late, missed my shift start."
T000678,E00169,5,"Driver was late, missed my shift start."
T000679,E00098,5,Wind reflect best imagine scientist big space change onto him.
T000680,E00617,5,On time and courteous driver.
T000680,E00479,5,Than also claim radio bad personal well discuss democratic race cell responsibility year.
T000681,E00599,4,"Smooth ride, no complaints."
T000681,E00799,5,Great experience overall.
T000681,E00054,5,Might rock prepare us game size fund growth task issue three similar.
T000681,E00692,5,On time and courteous driver.
T000681,E00543,5,Dream young parent when note yes best address short finally.
T000681,E00387,4,Material lawyer college fast attention office government.
T000682,E00646,4,Route felt longer than usual today.
T000683,E00343,3,Condition sign election list eight theory.
T000683,E00170,4,Route felt longer than usual today.
T000684,E00462,3,Vote will major guy expert important people.
T000684,E00434,4,Kid mention person finish base including late.
T000684,E00724,5,Vehicle was in poor condition.
T000685,E00576,5,Per popular scientist each start account.
T000685,E00053,4,Vehicle was in poor condition.
T000685,E00306,5,On time and courteous driver.
T000687,E00490,4,Route felt longer than usual today.
T000687,E00334,4,"Smooth ride, no complaints."
T000687,E00401,4,Vehicle was in poor condition.
T000688,E00595,5,"Driver was late, missed my shift start."
T000688,E00293,5,Fact citizen human authority hold left behavior.
T000688,E00078,5,Vehicle was in poor condition.
T000689,E00705,5,Life movement stand board Congress board where however item husband ask.
T000689,E00681,5,You main reduce live everything although choose like policy floor.
T000689,E00072,5,Write similar artist speak smile without.
T000692,E00634,4,Approach test well raise establish player base attorney.
T000692,E00057,5,"Driver was late, missed my shift start."
T000693,E00427,4,Bank them later information degree throw contain approach time investment white.
T000694,E00476,4,"Driver was late, missed my shift start."
T000695,E00653,5,"Driver was late, missed my shift start."
T000695,E00115,5,Clearly glass industry little read claim recent great realize.
T000695,E00654,5,Route felt longer than usual today.
T000695,E00696,5,"Driver was late, missed my shift start."
T000696,E00614,5,Statement night throw cup reveal official certain professional statement same.
T000696,E00095,5,Add to value material first society purpose enjoy reveal write.
T000697,E00062,4,"Smooth ride, no complaints."
T000697,E00156,5,Great experience overall.
T000697,E00372,4,Route felt longer than usual today.
T000697,E00628,4,Plant police official already second could recent.
T000697,E00349,5,Over democratic decide course quickly western have hair.
T000697,E00796,5,Great experience overall.
T000697,E00255,4,To maybe test record power lay improve goal my.
T000698,E00420,5,On time and courteous driver.
T000699,E00135,4,Wind from unit learn health need class job expect process quite plant.
T000700,E00775,4,"Smooth ride, no complaints."
T000700,E00417,4,"Smooth ride, no complaints."
T000701,E00083,4,"Smooth ride, no complaints."
T000701,E00307,5,Vehicle was in poor condition.
T000701,E00035,5,Visit town between because student bed administration usually billion seek perhaps name plant.
T000701,E00411,5,"Smooth ride, no complaints."
T000704,E00558,5,Great experience overall.
T000705,E00375,5,"Smooth ride, no complaints."
T000706,E00612,5,Ok allow face inside development lawyer high crime light buy whose trial.
T000706,E00366,5,Traditional population six how vote site medical environment probably film total.
T000709,E00504,4,"Smooth ride, no complaints."
T000709,E00332,5,Pull above training allow ago so subject million scientist fish color.
T000709,E00550,5,Year drop wind cover popular stock soon official can player within community tough.
T000709,E00711,5,Vehicle was in poor condition.
T000709,E00374,5,Citizen discuss report call brother officer hot several true study city follow.
T000709,E00148,4,Behavior join pick order agreement remain turn.
T000710,E00601,5,Occur agent safe work play sing cost.
T000711,E00588,5,On time and courteous driver.
T000711,E00116,5,"Driver was late, missed my shift start."
T000712,E00780,5,Father movement early sister skill side process ever.
T000712,E00749,4,On time and courteous driver.
T000712,E00238,3,"Smooth ride, no complaints."
T000714,E00760,5,Route felt longer than usual today.
T000714,E00690,5,Physical point often billion learn other blood.
T000716,E00686,4,On time and courteous driver.
T000717,E00561,5,Energy Congress back suddenly tree debate beyond somebody including.
T000717,E00273,5,Vehicle was in poor condition.
T000717,E00003,4,On time and courteous driver.
T000717,E00459,4,Vehicle was in poor condition.
T000717,E00199,4,On time and courteous driver.
T000717,E00783,5,Great experience overall.
T000717,E00660,5,Great experience overall.
T000718,E00460,5,On time and courteous driver.
T000718,E00605,5,Where baby reach heart finish traditional speak conference act condition note parent.
T000718,E00406,4,Vehicle was in poor condition.
T000718,E00038,4,"Smooth ride, no complaints."
T000719,E00018,3,Bring garden get yet outside above.
T000719,E00191,5,Vehicle was in poor condition.
T000720,E00033,5,Great experience overall.
T000720,E00524,5,Vehicle was in poor condition.
T000720,E00456,5,"Driver was late, missed my shift start."
T000720,E00186,5,On time and courteous driver.
T000720,E00597,5,"Driver was late, missed my shift start."
T000720,E00153,5,Score unit cover ahead age memory charge term boy describe foreign detail.
T000721,E00723,5,Great experience overall.
T000721,E00655,4,"Driver was late, missed my shift start."
T000721,E00672,4,"Smooth ride, no complaints."
T000721,E00159,5,Environment loss well give necessary family seat.
T000721,E00080,3,Vehicle was in poor condition.
T000721,E00607,5,Job watch two economic cup suffer response which bill soldier onto close.
T000722,E00789,5,Vehicle was in poor condition.
T000723,E00619,4,Great experience overall.
T000723,E00717,5,West maintain third interest section staff performance parent.
T000723,E00557,3,"Driver was late, missed my shift start."
T000724,E00134,4,On time and courteous driver.
T000724,E00699,4,On time and courteous driver.
T000724,E00675,4,Current good today standard last threat when education important page theory.
T000725,E00616,4,Good air conference follow so group authority prevent head single business five.
T000725,E00011,4,Great experience overall.
T000726,E00532,5,"Driver was late, missed my shift start."
T000726,E00140,5,Vehicle was in poor condition.
T000727,E00469,5,Vehicle was in poor condition.
T000727,E00738,5,Response degree nothing focus discussion at.
T000728,E00510,5,Great experience overall.
T000729,E00419,5,"Smooth ride, no complaints."
T000729,E00613,5,Own money bill everyone part third teacher avoid throughout.
T000730,E00744,4,Great experience overall.
T000730,E00541,4,Radio itself spend cup anyone management another ever budget laugh over.
T000731,E00432,5,Great experience overall.
T000731,E00234,4,Him office expect popular task write treatment expect success idea time truth although.
T000731,E00032,5,Attorney believe sort rich ever send.
T000732,E00299,5,Bag simple management another fear worker management political treat successful visit.
T000732,E00247,4,Ahead answer action black follow reach job.
T000732,E00407,5,Because right speech staff Mr above read appear.
T000733,E00131,4,Book water avoid forget partner speech.
T000733,E00704,4,Recognize understand on build floor challenge once sure time.
T000734,E00485,5,Vehicle was in poor condition.
T000734,E00093,3,Great experience overall.
T000736,E00506,4,Property miss drive long majority exactly significant lot begin she represent.
T000736,E00742,5,Next their process same day back will art actually democratic.
T000736,E00286,5,Could bit decade opportunity month teach set find law child.
T000737,E00211,3,Great experience overall.
T000737,E00357,4,Black candidate true history laugh per data hundred attention institution rather week.
T000738,E00007,4,Possible challenge then seat drive thus cost agreement product laugh enter until base.
T000739,E00177,5,Deep however issue free kid have any him up create country.
T000741,E00155,4,Order morning management item race position where detail.
T000744,E00651,5,Route felt longer than usual today.
T000744,E00492,4,Time offer draw mother every third.
T000744,E00508,5,Great experience overall.
T000744,E00292,5,Hot big safe they environmental day size girl explain others safe.
T000744,E00683,5,On time and courteous driver.
T000745,E00512,4,Vehicle was in poor condition.
T000745,E00431,4,Continue traditional performance school system reach color.
T000745,E00399,5,Great experience overall.
T000745,E00728,3,Coach forward lay while program into.
T000745,E00217,3,Concern enough baby quickly table order.
T000745,E00276,5,Great experience overall.
T000745,E00582,4,On time and courteous driver.
T000746,E00707,4,"Driver was late, missed my shift start."
T000746,E00166,5,Route felt longer than usual today.
T000746,E00076,5,"Smooth ride, no complaints."
T000746,E00674,4,On time and courteous driver.
T000746,E00308,5,Great experience overall.
T000746,E00429,5,On time and courteous driver.
T000747,E00447,3,Vehicle was in poor condition.
T000747,E00449,4,On major easy body standard note wrong structure moment cold chair behind.
T000747,E00249,3,"Driver was late, missed my shift start."
T000748,E00345,3,Route felt longer than usual today.
T000748,E00058,4,Route felt longer than usual today.
T000749,E00133,5,Route felt longer than usual today.
T000749,E00652,5,Sound friend make go nation professional effect learn still.
T000750,E00481,5,"Smooth ride, no complaints."
T000750,E00162,5,Report through simple tax total other both rate rock.
T000751,E00220,5,Route felt longer than usual today.
T000751,E00584,4,"Driver was late, missed my shift start."
T000752,E00433,4,"Driver was late, missed my shift start."
T000752,E00223,4,Route felt longer than usual today.
T000752,E00410,5,Challenge improve detail yes ground all.
T000753,E00428,5,Scientist wind grow season create western police whole theory quickly tonight last when.
T000753,E00371,5,Route felt longer than usual today.
T000758,E00385,5,"Smooth ride, no complaints."
T000759,E00745,5,Company travel give former operation war everybody course often reduce street but.
T000759,E00412,4,Note society get body across until chair race model face newspaper.
T000760,E00700,5,Great experience overall.
T000761,E00662,5,"Smooth ride, no complaints."
T000761,E00044,5,Vehicle was in poor condition.
T000762,E00442,5,On time and courteous driver.
T000762,E00587,5,Field explain son administration American executive or apply.
T000763,E00205,4,"Driver was late, missed my shift start."
T000763,E00358,4,Above good street anyone case these size maybe when.
T000763,E00450,4,Choice beat establish you culture one ball despite list great speech PM institution.
T000765,E00236,4,Throw turn others community job then source.
T000765,E00075,4,Great experience overall.
T000765,E00473,5,Raise current career never feeling beat note.
T000767,E00667,4,"Smooth ride, no complaints."
T000767,E00393,5,Leave contain site street benefit money reason mean rate group government level which leave.
T000767,E00012,4,Route felt longer than usual today.
T000767,E00602,4,Ago short because cell trade skill oil health per tonight there apply suddenly.
T000767,E00755,5,On time and courteous driver.
T000768,E00671,4,"Smooth ride, no complaints."
T000768,E00395,5,"Smooth ride, no complaints."
T000769,E00324,4,Great experience overall.
T000769,E00403,4,"Smooth ride, no complaints."
T000770,E00109,5,Idea accept space themselves least approach area.
T000770,E00528,5,Four best fact loss former article science.
T000770,E00475,5,School apply day century science manager difference put system feeling financial writer.
T000770,E00771,5,South perhaps customer attack check they.
T000770,E00281,5,Best daughter listen strategy kitchen argue business identify work star success national.
T000771,E00629,3,Race teacher pay it player continue stand price color score national live face.
T000771,E00727,3,"Driver was late, missed my shift start."
T000772,E00139,5,On time and courteous driver.
T000773,E00552,4,"Smooth ride, no complaints."
T000773,E00028,5,"Driver was late, missed my shift start."
T000774,E00320,4,Vehicle was in poor condition.
T000775,E00060,5,Great experience overall.
T000775,E00192,4,Where manage property hospital recently blue indicate.
T000775,E00586,4,Vehicle was in poor condition.
T000776,E00101,5,Route felt longer than usual today.
T000778,E00640,5,Route felt longer than usual today.
T000778,E00098,5,Great experience overall.
T000779,E00501,5,Route felt longer than usual today.
T000780,E00263,5,"Driver was late, missed my shift start."
T000780,E00339,4,Challenge exist build hope oil alone practice price know traditional great.
T000780,E00606,4,Vehicle was in poor condition.
T000781,E00494,5,Great experience overall.
T000782,E00526,5,Life rich everybody word group task me.
T000784,E00684,4,Great experience overall.
T000784,E00019,4,On time and courteous driver.
T000784,E00387,5,Total modern message company charge pretty none least teach cause.
T000784,E00138,5,Type attention stuff low while paper Congress remain medical.
T000784,E00118,5,"Smooth ride, no complaints."
T000784,E00165,4,Else recently open oil once stop attack ahead run discuss professor material.
T000784,E00294,5,"Smooth ride, no complaints."
T000784,E00692,5,Food discuss sign true somebody black thing rock himself wind two artist.
T000786,E00386,5,"Driver was late, missed my shift start."
T000787,E00343,3,Route felt longer than usual today.
T000788,E00164,5,On time and courteous driver.
T000788,E00121,5,"Smooth ride, no complaints."
T000788,E00624,3,"Driver was late, missed my shift start."
T000789,E00200,5,Boy suggest authority shake paper subject type fly recognize.
T000789,E00566,5,"Driver was late, missed my shift start."
T000789,E00434,5,Card PM news cultural make quickly different score its more.
T000790,E00390,4,Beat agency where benefit almost cell accept similar.
T000790,E00202,5,Vehicle was in poor condition.
T000791,E00416,5,"Driver was late, missed my shift start."
T000792,E00609,4,National author continue role treat politics many strategy now list goal peace next.
T000792,E00225,5,"Smooth ride, no complaints."
T000793,E00204,5,"Smooth ride, no complaints."
T000794,E00540,4,Soon keep personal them notice camera military.
T000794,E00681,5,Route felt longer than usual today.
T000797,E00560,5,Great experience overall.
T000797,E00104,5,Great experience overall.
T000797,E00642,5,On time and courteous driver.
T000797,E00653,4,Brother discover own former difference wait two.
T000797,E00696,5,Route felt longer than usual today.
T000797,E00774,5,Hospital group their citizen explain move drop military particularly.
T000797,E00355,4,"Driver was late, missed my shift start."
T000797,E00654,5,Human arm recently book likely true enjoy air full.
T000798,E00115,5,Great experience overall.
T000798,E00034,5,On time and courteous driver.
T000798,E00791,5,Vehicle was in poor condition.
T000799,E00568,4,"Driver was late, missed my shift start."
T000799,E00167,4,Customer thousand arrive daughter stage form serious treatment artist.
T000799,E00349,4,Authority way toward reflect she along wonder wear our partner ball necessary.
T000799,E00062,4,"Smooth ride, no complaints."
T000799,E00591,5,"Smooth ride, no complaints."
T000799,E00251,4,Establish among along medical practice it field.
T000799,E00796,4,Again area similar specific move team radio scene.
T000800,E00594,5,Lot hit help by red near break brother past tough goal gas truth.
T000800,E00221,4,Discussion open dinner section thousand soldier nothing yard address.
T000800,E00679,5,"Smooth ride, no complaints."
T000801,E00239,4,Great experience overall.
T000802,E00360,3,Spend baby camera Congress analysis glass pretty each factor.
T000803,E00548,5,Huge price prevent baby voice day relate spend today teach kitchen few happen.
T000804,E00289,5,Great experience overall.
T000804,E00775,5,Fall president money environment recently me approach too relationship perform evidence data case.
T000805,E00029,5,Route felt longer than usual today.
T000806,E00424,4,Discover score decision head staff center within recognize practice law box material.
T000807,E00375,5,Great experience overall.
T000807,E00210,5,Establish open feel whole arrive take.
T000809,E00288,5,Manager television his and day continue issue appear figure must.
T000810,E00040,3,Visit travel senior from stock energy send describe agree rise.
T000810,E00504,3,Vehicle was in poor condition.
T000810,E00332,3,"Driver was late, missed my shift start."
T000810,E00663,3,Vehicle was in poor condition.
T000810,E00712,4,Its into role save arm body hold return question teach visit less occur.
T000810,E00090,5,On time and courteous driver.
T000810,E00563,4,Route felt longer than usual today.
T000811,E00310,3,Shoulder employee whether level yeah draw traditional exactly radio ever your side fast.
T000812,E00657,4,Vehicle was in poor condition.
T000813,E00116,4,On time and courteous driver.
T000813,E00207,5,Great experience overall.
T000814,E00437,5,House past gun process site special part buy nothing fly enough condition leg.
T000814,E00749,4,Route felt longer than usual today.
T000816,E00331,5,Great experience overall.
T000817,E00632,5,On time and courteous driver.
T000818,E00209,3,On time and courteous driver.
T000819,E00191,5,Great experience overall.
T000819,E00016,5,On time and courteous driver.
T000819,E00572,5,Great experience overall.
T000819,E00253,5,Great experience overall.
T000819,E00556,4,Across already grow point news impact often bag today necessary well.
T000819,E00710,5,Route felt longer than usual today.
T000820,E00297,5,Conference she everybody than camera piece chair peace anyone boy although.
T000820,E00038,4,"Driver was late, missed my shift start."
T000820,E00018,5,Team oil among response article research else either question tax government responsibility.
T000821,E00406,4,Doctor board medical both back daughter now stop race author interview executive agency.
T000821,E00337,4,Small friend impact present likely wind perform civil and us treatment agent participant.
T000821,E00688,5,Member sit meet ok general Democrat store allow risk high.
T000822,E00759,5,Western when yeah not young piece safe.
T000822,E00542,4,Route felt longer than usual today.
T000822,E00767,5,Run summer month anything line modern kid especially structure fall during during.
T000822,E00159,4,Vehicle was in poor condition.
T000823,E00033,5,"Smooth ride, no complaints."
T000823,E00186,5,Discuss fire win realize knowledge whatever improve bag night baby.
T000823,E00607,4,Vehicle was in poor condition.
T000823,E00153,5,Great experience overall.
T000823,E00037,4,President painting large industry notice step by Mrs simply imagine.
T000823,E00082,5,"Smooth ride, no complaints."
T000823,E00689,5,Program painting somebody game brother impact measure chance management thing cup conference law.
T000824,E00335,4,Building enjoy never us sea call alone issue.
T000824,E00631,4,"Driver was late, missed my shift start."
T000825,E00438,4,Wrong car term truth toward great I news.
T000826,E00124,4,On time and courteous driver.
T000826,E00444,5,Budget today together option pattern yes and school great.
T000826,E00140,4,Treat piece scientist job serious record safe rich operation star meeting.
T000826,E00240,5,Vehicle was in poor condition.
T000827,E00259,5,Vehicle was in poor condition.
T000828,E00469,4,Time order have power here just meet.
T000828,E00282,4,Evidence significant discussion manage answer military modern meet up expect himself serious well.
T000828,E00699,5,Sport same writer decision mind offer.
T000829,E00557,5,Vehicle was in poor condition.
T000829,E00738,5,Great experience overall.
T000829,E00024,4,Fire girl close explain main difference college voice else paper blood discuss everything.
T000829,E00751,5,Great experience overall.
T000829,E00260,5,Deal stuff senior agree total whether music.
T000829,E00137,4,According strategy ago data walk number rule minute.
T000830,E00581,5,"Smooth ride, no complaints."
T000831,E00247,5,Far body relationship suddenly know it enjoy ten year rule bring.
T000831,E00301,4,Sound season develop avoid church friend law save public available.
T000832,E00432,5,Great experience overall.
T000832,E00313,5,Vehicle was in poor condition.
T000832,E00222,4,Throughout although beyond relate miss couple newspaper study personal we.
T000832,E00014,5,Account carry heavy wall pull enter charge sport safe executive cup then week tax.
T000832,E00613,5,About attack newspaper decade concern industry enjoy herself.
T000833,E00704,5,"Smooth ride, no complaints."
T000833,E00541,5,"Driver was late, missed my shift start."
T000834,E00097,5,On time and courteous driver.
T000834,E00340,3,Doctor give most west there subject themselves property make picture our myself far.
T000834,E00032,5,Route felt longer than usual today.
T000834,E00493,4,Great experience overall.
T000834,E00111,5,Route felt longer than usual today.
T000835,E00359,5,Both thing sense expert wide foot production break.
T000835,E00463,5,Route felt longer than usual today.
T000835,E00089,5,Route felt longer than usual today.
T000835,E00665,4,What produce girl huge campaign think style tell over reach ahead.
T000835,E00520,4,"Smooth ride, no complaints."
T000836,E00453,5,Great experience overall.
T000836,E00415,5,"Smooth ride, no complaints."
T000836,E00266,5,Medical three situation article sign energy fish hot kind.
T000838,E00369,5,End area magazine despite player animal language determine then movie single.
T000839,E00480,4,On time and courteous driver.
T000839,E00714,4,"Driver was late, missed my shift start."
T000840,E00330,5,Way party form painting after reveal sort.
T000840,E00093,5,Vehicle was in poor condition.
T000841,E00517,3,"Smooth ride, no complaints."
T000842,E00778,5,Sister four good she as any decision.
T000842,E00471,5,Vehicle was in poor condition.
T000843,E00105,4,"Driver was late, missed my shift start."
T000843,E00485,4,Cup church movie teacher director soon treat former democratic safe vote already.
T000845,E00007,5,Great experience overall.
T000845,E00506,5,Sense money may social amount executive.
T000846,E00295,5,Discover significant easy evening buy six.
T000846,E00512,4,Vehicle was in poor condition.
T000847,E00399,5,Capital scientist establish be available reveal several indeed address store painting.
T000847,E00237,4,Believe open hospital story teacher size interesting.
T000847,E00674,4,Few learn between wide office heavy.
T000847,E00166,5,On time and courteous driver.
T000847,E00618,5,Great experience overall.
T000847,E00725,5,Route felt longer than usual today.
T000847,E00484,4,Behavior whom night low traditional mouth each admit market hour head.
T000847,E00187,5,Research laugh official agent side language live board financial century picture base.
T000848,E00308,5,"Driver was late, missed my shift start."
T000849,E00065,5,"Smooth ride, no complaints."
T000849,E00430,5,Great experience overall.
T000849,E00370,5,Vehicle was in poor condition.
T000850,E00133,5,Route felt longer than usual today.
T000850,E00483,5,On time and courteous driver.
T000850,E00695,5,College ten majority economic center pattern list rich note discussion should edge find.
T000850,E00175,5,Strong already ready out the environmental decide none major matter.
T000851,E00736,5,Focus remember method teach yeah bank bit recognize heart.
T000851,E00196,4,Vehicle was in poor condition.
T000851,E00652,5,Class security coach join will although.
T000852,E00235,4,Manager phone modern cause them industry across brother yet result they.
T000852,E00545,4,Vehicle was in poor condition.
T000852,E00764,5,"Smooth ride, no complaints."
T000853,E00713,5,Route felt longer than usual today.
T000854,E00513,5,Great experience overall.
T000855,E00385,5,Mission past he practice center model daughter pass research.
T000856,E00044,5,Vehicle was in poor condition.
T000857,E00184,5,Page line decision form section you until clearly resource listen fish conference.
T000857,E00700,4,On time and courteous driver.
T000858,E00412,5,"Driver was late, missed my shift start."
T000859,E00336,3,"Smooth ride, no complaints."
T000860,E00354,4,Route felt longer than usual today.
T000861,E00533,4,"Smooth ride, no complaints."
T000862,E00303,5,Attack with find could really Mrs former article light choose go next.
T000862,E00381,4,General add cover exist treatment international role happen.
T000864,E00698,5,Vehicle was in poor condition.
T000864,E00589,5,Various night political dark or bill describe condition nor camera mission.
T000865,E00182,4,Form sign option everyone southern the protect list collection situation.
T000866,E00404,5,Before sound chair close themselves follow time appear.
T000867,E00241,5,Southern international line few service drive hotel similar relationship great stuff first.
T000867,E00063,5,Third success western watch street represent style.
T000867,E00256,5,Kid reason economy build tonight present concern term talk side generation interest pay.
T000867,E00242,5,Route felt longer than usual today.
T000867,E00538,4,Him condition section action kind moment accept financial.
T000867,E00323,5,"Smooth ride, no complaints."
T000869,E00395,5,Treat trouble me actually event positive politics.
T000869,E00454,5,Route felt longer than usual today.
T000869,E00720,5,Vehicle was in poor condition.
T000869,E00141,4,Analysis receive education personal wife statement tell until young place make.
T000869,E00393,4,Route felt longer than usual today.
T000870,E00694,5,Route felt longer than usual today.
T000870,E00278,4,Route felt longer than usual today.
T000870,E00149,5,Great experience overall.
T000870,E00106,4,Seek positive nation billion hard party require relationship computer surface bar street.
T000871,E00109,4,Argue PM artist best name work create.
T000871,E00281,5,"Smooth ride, no complaints."
T000872,E00727,5,Scene four public tonight today college worry reveal hand add professor indicate property.
T000872,E00737,5,Vehicle was in poor condition.
T000873,E00264,5,Route felt longer than usual today.
T000873,E00771,5,Great experience overall.
T000873,E00528,4,Vehicle was in poor condition.
T000874,E00784,4,Route felt longer than usual today.
T000875,E00608,5,Route felt longer than usual today.
T000875,E00147,5,Assume stay may rock base kitchen.
T000876,E00163,3,Great experience overall.
T000876,E00146,5,Part read important play success wait find night brother.
T000876,E00073,4,Nothing recent not leg break bed role control option whole short.
T000876,E00188,4,"Driver was late, missed my shift start."
T000877,E00554,4,Route felt longer than usual today.
T000877,E00036,4,Vehicle was in poor condition.
T000877,E00028,4,Design hear ball right east study.
T000879,E00635,5,Section scene financial here expert everything north including.
T000880,E00189,4,Vehicle was in poor condition.
T000880,E00479,4,"Smooth ride, no complaints."
T000881,E00526,4,Great experience overall.
T000881,E00617,5,Vehicle was in poor condition.
T000883,E00145,4,Great experience overall.
T000883,E00119,4,Evening current without else keep begin great hair.
T000884,E00168,3,"Smooth ride, no complaints."
T000885,E00158,4,"Driver was late, missed my shift start."
T000885,E00387,4,Last piece story already strong history Mrs decision reduce get specific someone.
T000885,E00006,5,Garden why necessary sea especially message decision design.
T000885,E00118,4,All boy probably cost cause only head help open.
T000886,E00294,5,Follow bit grow too city little.
T000886,E00692,5,Vehicle was in poor condition.
T000888,E00776,4,Route felt longer than usual today.
T000888,E00274,5,Possible beyond tree fill level control against speak lead office.
T000889,E00434,4,On time and courteous driver.
T000889,E00290,4,Room list during rich over lot husband always upon doctor various.
T000889,E00462,4,Blue international especially officer or clearly coach feel others recently model week.
T000890,E00467,5,Sell candidate four whether wife finally she soon learn close a challenge third.
T000890,E00592,4,"Driver was late, missed my shift start."
T000890,E00590,4,Film continue tax job right child new simply above.
T000890,E00724,5,"Smooth ride, no complaints."
T000891,E00072,5,Great experience overall.
T000892,E00540,4,General likely rather recognize tree protect story relationship.
T000893,E00705,5,Route felt longer than usual today.
T000894,E00634,5,On time and courteous driver.
T000894,E00792,4,On time and courteous driver.
T000895,E00427,5,Hold five very hundred force executive push.
T000899,E00115,5,"Driver was late, missed my shift start."
T000899,E00696,5,On time and courteous driver.
T000899,E00355,4,Others move get prove wife agree those concern dog gun may.
T000899,E00226,5,Particular seem trip population catch could.
T000900,E00488,5,Vehicle was in poor condition.
T000901,E00372,5,Few behavior himself conference character find push lose.
T000901,E00255,5,When instead clear radio strong let bar rather big.
T000901,E00351,5,Great experience overall.
T000901,E00568,5,On time and courteous driver.
T000902,E00135,3,Sound activity five offer himself lawyer main whether I side field.
T000902,E00679,3,"Smooth ride, no complaints."
T000903,E00594,4,Vehicle was in poor condition.
T000903,E00201,4,Vehicle was in poor condition.
T000904,E00342,5,Vehicle was in poor condition.
T000905,E00041,5,Score break southern traditional maybe sit Republican such will.
T000905,E00085,5,Route felt longer than usual today.
T000905,E00360,3,Size wonder mother himself push character front.
T000908,E00366,4,Election method pass the itself let always test least anyone out hard international.
T000909,E00071,3,Short age environment fall indicate land fear along born.
T000909,E00296,5,On time and courteous driver.
T000910,E00367,4,Most how compare movement call certain.
T000911,E00424,4,"Driver was late, missed my shift start."
T000912,E00179,5,On time and courteous driver.
T000912,E00748,5,Issue ever will ready each stay strong run model learn baby head.
T000913,E00148,5,Route felt longer than usual today.
T000913,E00088,5,On time and courteous driver.
T000913,E00461,5,Participant rich speech big mention rise front.
T000913,E00522,4,Institution against wear either present third student item bring.
T000915,E00238,4,Vehicle was in poor condition.
T000915,E00518,3,"Smooth ride, no complaints."
T000915,E00657,4,Number yet past much soldier reason any of.
T000916,E00780,5,"Driver was late, missed my shift start."
T000916,E00157,5,On time and courteous driver.
T000916,E00116,5,"Smooth ride, no complaints."
T000918,E00280,3,Vehicle was in poor condition.
T000919,E00397,4,Set join section sing everybody provide painting travel.
T000919,E00760,5,Evening imagine affect increase candidate environment out wish fish.
T000922,E00329,5,"Smooth ride, no complaints."
T000922,E00129,5,"Smooth ride, no complaints."
T000922,E00647,5,"Driver was late, missed my shift start."
T000922,E00142,4,Different remember determine particularly rock participant leave inside.
T000923,E00556,4,Route felt longer than usual today.
T000923,E00077,4,Great experience overall.
T000923,E00291,5,"Smooth ride, no complaints."
T000924,E00038,5,"Driver was late, missed my shift start."
T000924,E00333,4,Route felt longer than usual today.
T000924,E00752,4,On time and courteous driver.
T000925,E00096,4,On time and courteous driver.
T000925,E00022,4,Vehicle was in poor condition.
T000925,E00607,4,Forget home upon actually future get know left sea decision recently pull eight.
T000925,E00716,4,Produce number bad main world bar.
T000925,E00542,4,Great experience overall.
T000926,E00789,5,Hard factor firm purpose ahead person coach goal it yet age wind.
T000926,E00597,5,Season writer heart Mrs her we but how deep book eye ten short.
T000926,E00033,4,"Driver was late, missed my shift start."
T000926,E00515,4,Great experience overall.
T000926,E00080,5,Vehicle was in poor condition.
T000927,E00335,5,Nearly goal design too everything side picture professional rather plan player.
T000927,E00759,4,"Smooth ride, no complaints."
T000927,E00272,5,Vehicle was in poor condition.
T000927,E00456,5,"Smooth ride, no complaints."
T000927,E00756,5,Movie hot teacher manager less step last under concern eye mouth free.
T000928,E00717,4,Great experience overall.
T000928,E00751,4,Vehicle was in poor condition.
T000929,E00619,5,On time and courteous driver.
T000929,E00661,5,Prevent raise better oil individual industry country ahead difference particular me.
T000929,E00616,4,Great experience overall.
T000929,E00137,4,Outside rule watch foot economic notice line.
T000930,E00581,5,On time and courteous driver.
T000930,E00675,4,On time and courteous driver.
T000930,E00259,5,Weight age over smile hope memory cover.
T000931,E00240,5,Great experience overall.
T000931,E00124,5,"Smooth ride, no complaints."
T000932,E00706,5,On time and courteous driver.
T000932,E00185,5,On time and courteous driver.
T000934,E00131,5,Leader rich dream line require current car ask.
T000934,E00665,5,On time and courteous driver.
T000934,E00160,4,On time and courteous driver.
T000935,E00797,4,On time and courteous driver.
T000935,E00546,4,Debate leave each owner wrong someone.
T000936,E00432,5,"Smooth ride, no complaints."
T000936,E00190,5,Matter book page former turn city left while according allow quality.
T000937,E00704,4,Yet television audience indicate employee respond building since positive move agency lose.
T000937,E00750,4,Fall huge state shoulder guy respond.
T000938,E00089,4,Picture key skin billion suggest serious often social reveal hand prevent center.
T000938,E00143,4,Somebody decide best politics available tonight man each employee.
T000939,E00541,5,"Driver was late, missed my shift start."
T000940,E00266,4,Ready former late election every along cause miss ago.
T000941,E00718,4,Nor research fill respond nothing fight require pull child source.
T000941,E00093,4,On time and courteous driver.
T000943,E00486,5,Chair factor his PM agreement deep field.
T000943,E00423,5,Activity hair meet thank might local tonight win popular onto may model her.
T000944,E00480,5,On time and courteous driver.
T000945,E00453,4,Vehicle was in poor condition.
T000946,E00477,4,"Driver was late, missed my shift start."
T000946,E00415,4,Possible that lot low here protect ask different deal change part rock.
T000947,E00215,5,"Driver was late, missed my shift start."
T000947,E00172,3,Practice ground least tree trade style suffer.
T000948,E00777,4,Together scientist hair allow phone weight medical even which suggest Mrs bag.
T000948,E00517,5,Land mission each something consumer view.
T000948,E00369,5,Vehicle was in poor condition.
T000949,E00742,5,On time and courteous driver.
T000950,E00286,5,Great experience overall.
T000951,E00651,4,Vehicle was in poor condition.
T000951,E00625,4,Route felt longer than usual today.
T000951,E00152,4,On time and courteous driver.
T000951,E00725,4,Direction response concern without entire everyone sea safe true.
T000952,E00279,5,"Driver was late, missed my shift start."
T000952,E00726,5,Mission article dinner one ok less Mr.
T000952,E00399,4,Five plant cultural bring bar culture.
T000952,E00582,4,Operation our feel act involve toward result kind politics open play sense.
T000952,E00295,5,On time and courteous driver.
T000952,E00112,5,Great experience overall.
T000953,E00429,5,Edge imagine establish piece forget low.
T000954,E00537,5,Week federal test eat every night final key with.
T000954,E00447,5,"Smooth ride, no complaints."
T000954,E00430,5,"Smooth ride, no complaints."
T000954,E00027,5,"Driver was late, missed my shift start."
T000955,E00464,5,Maintain five window like clear assume it fight.
T000955,E00175,4,Garden reach state cover board discussion film figure short line range.
T000955,E00584,4,Decision public food court how commercial citizen production for might listen organization indicate.
T000956,E00604,5,Director enjoy various strong he fill risk stop firm.
T000956,E00229,4,Interesting hour individual several identify why government south window.
T000957,E00736,4,"Driver was late, missed my shift start."
T000959,E00345,4,On time and courteous driver.
T000959,E00721,5,Affect region decade respond far health focus so for.
T000959,E00250,4,School something pay key ever avoid civil reveal walk or weight water sit.
T000959,E00695,5,Reach training main exactly parent heart big policy everybody hard.
T000961,E00311,5,Book care seek foot simple including charge character federal.
T000961,E00428,5,Great experience overall.
T000962,E00772,5,No just foreign national produce news stage ready.
T000963,E00589,4,"Driver was late, missed my shift start."
T000964,E00023,5,Sign attention skill represent finish table toward.
T000966,E00208,3,Vehicle was in poor condition.
T000967,E00400,5,Section Democrat fly direction gun current will else page usually cell.
T000968,E00587,4,Vehicle was in poor condition.
T000972,E00256,5,Interview south something story art writer health not yet where their.
T000972,E00766,3,Vehicle was in poor condition.
T000972,E00241,4,Vehicle was in poor condition.
T000972,E00600,5,"Smooth ride, no complaints."
T000972,E00352,4,"Smooth ride, no complaints."
T000972,E00122,5,Route felt longer than usual today.
T000972,E00733,4,On time and courteous driver.
T000972,E00117,5,Great experience overall.
T000973,E00489,4,So man offer plant same north wind sister mother sometimes.
T000974,E00047,5,Off life practice course authority range stand.
T000974,E00496,5,Later thing school practice authority possible fund month realize star it.
T000974,E00376,5,"Smooth ride, no complaints."
T000974,E00671,4,Vehicle was in poor condition.
T000974,E00149,4,Husband family perhaps hope across follow.
T000974,E00720,5,Else development purpose force leader program show.
T000975,E00081,3,Vehicle was in poor condition.
T000975,E00039,3,Route felt longer than usual today.
T000976,E00621,4,Understand throw resource officer country challenge final beyond mouth war always camera give.
T000977,E00264,5,Force firm discover decade field interest.
T000977,E00403,5,Do turn sign agree there want but way agent.
T000978,E00198,5,"Smooth ride, no complaints."
T000978,E00495,4,"Smooth ride, no complaints."
T000979,E00192,5,On time and courteous driver.
T000980,E00320,4,Herself land human day herself sport behavior compare.
T000980,E00608,5,Great experience overall.
T000981,E00553,5,On time and courteous driver.
T000982,E00195,5,"Smooth ride, no complaints."
T000982,E00554,5,Right business series build major painting see first course world son growth effort.
T000982,E00784,4,War administration herself information which beyond growth.
T000982,E00036,5,Student its summer feel yourself be poor hope likely.
T000984,E00005,5,Role today animal suggest concern act million cell like.
T000984,E00757,5,Vehicle was in poor condition.
T000985,E00231,4,Article sort term produce he increase.
T000986,E00640,5,"Driver was late, missed my shift start."
T000987,E00635,4,"Smooth ride, no complaints."
T000988,E00145,5,Information company million character speak protect half understand.
T000988,E00494,5,"Smooth ride, no complaints."
T000988,E00169,4,"Smooth ride, no complaints."
T000988,E00526,4,Air daughter idea health success perform agreement ago.
T000989,E00770,4,Route felt longer than usual today.
T000990,E00646,5,Threat alone the trial another help.
T000990,E00224,4,"Driver was late, missed my shift start."
T000990,E00387,3,Reveal college beyond give development information at why less indeed together key tax.
T000990,E00799,4,"Driver was late, missed my shift start."
T000990,E00543,5,Find light total campaign prevent half.
T000991,E00158,4,Protect benefit manage store number call method south central process sea response executive.
T000991,E00746,4,Great experience overall.
T000991,E00206,4,Black difficult continue process forget wind property mind officer third service capital instead.
T000991,E00118,4,"Driver was late, missed my shift start."
T000992,E00502,5,"Driver was late, missed my shift start."
T000992,E00306,5,Often various alone town his answer cup.
T000993,E00200,5,Add play structure down however activity lose tax.
T000993,E00174,4,Vehicle was in poor condition.
T000993,E00648,5,"Driver was late, missed my shift start."
T000994,E00274,5,Pick stage officer later Democrat perform national brother.
T000994,E00180,5,Great experience overall.
T000994,E00658,5,Pretty method front you control game the sign lead.
T000996,E00344,5,Great experience overall.
T000997,E00634,4,On time and courteous driver.
T000997,E00416,5,"Driver was late, missed my shift start."
T000998,E00202,5,Property garden mind as half politics who.
T000998,E00204,5,Vehicle was in poor condition.
T000999,E00072,4,Vehicle was in poor condition.
T000999,E00681,5,Vehicle was in poor condition.
T001000,E00753,5,"Smooth ride, no complaints."
T001000,E00470,4,Behind window store build require call girl.
T001000,E00120,5,Route felt longer than usual today.
T001002,E00078,4,Route felt longer than usual today.
T001002,E00384,3,Job worker bar term measure huge wait your crime style develop.
T001002,E00390,5,On time and courteous driver.
T001003,E00293,5,Great experience overall.
T001005,E00614,5,Cup seat moment sister none most.
T001005,E00642,5,Vehicle was in poor condition.
T001005,E00228,5,Great experience overall.
T001005,E00379,5,Song guy discover water most hear.
T001006,E00774,4,Quite play teacher difficult us respond must.
T001007,E00123,4,"Driver was late, missed my shift start."
T001007,E00372,5,Vehicle was in poor condition.
T001007,E00591,4,"Smooth ride, no complaints."
T001007,E00062,5,"Driver was late, missed my shift start."
T001007,E00084,5,Route felt longer than usual today.
T001007,E00796,5,Route felt longer than usual today.
T001008,E00418,4,Interest dark any wide husband hope miss instead live focus return feel avoid.
T001008,E00239,4,Property decade safe order at sense cell lose civil will with within hospital.
T001009,E00219,4,Great experience overall.
T001009,E00735,5,Position hospital cover strong audience white everybody throughout.
T001010,E00321,5,Rise one public day central every force.
T001010,E00342,5,"Driver was late, missed my shift start."
T001010,E00041,5,Route felt longer than usual today.
T001011,E00314,4,Minute modern sign out discussion just state.
T001011,E00233,5,Route felt longer than usual today.
T001012,E00085,4,"Smooth ride, no complaints."
T001012,E00360,5,Route felt longer than usual today.
T001012,E00411,5,Sea lawyer audience without treat game evening write high through both letter.
T001012,E00417,5,Collection report tend maintain fact mission become rule where ten drop sure manager.
T001013,E00312,3,"Driver was late, missed my shift start."
T001013,E00612,3,Route felt longer than usual today.
T001013,E00288,3,Instead point tend exactly right every edge meet information student work.
T001014,E00514,3,Actually require magazine one determine its entire.
T001016,E00179,4,Night study heart million understand him own opportunity soldier west offer brother.
T001017,E00356,4,Guess pull tough instead hour season girl small system.
T001019,E00601,5,Vehicle was in poor condition.
T001019,E00374,5,"Smooth ride, no complaints."
T001020,E00765,3,Tell also human source season it traditional democratic Congress piece forget factor include.
T001020,E00712,3,Route felt longer than usual today.
T001021,E00238,5,Rock support effect stand general wind.
T001021,E00194,4,Everybody situation foot recognize play shoulder civil next tell.
T001022,E00740,4,Great experience overall.
T001022,E00437,4,Route felt longer than usual today.
T001022,E00232,4,Scientist send sit common matter become goal Mrs source whole.
T001023,E00209,4,"Smooth ride, no complaints."
T001023,E00280,5,Great experience overall.
T001024,E00318,5,Vehicle was in poor condition.
T001024,E00639,4,Stock big reveal police fine market control him enter religious.
T001025,E00632,5,Front just guess city collection administration couple financial media politics.
T001026,E00114,5,Great experience overall.
T001027,E00497,4,Series Mrs huge receive cup bed our theory identify.
T001027,E00077,5,Certainly future government card history suddenly save theory sometimes.
T001027,E00253,5,On time and courteous driver.
T001027,E00258,5,On time and courteous driver.
T001028,E00009,4,Route felt longer than usual today.
T001028,E00752,4,Now bank yourself kind American nature property event manager street work early difficult.
T001028,E00018,4,"Smooth ride, no complaints."
T001028,E00565,4,On time and courteous driver.
T001029,E00230,5,Great experience overall.
T001029,E00129,5,On time and courteous driver.
T001029,E00178,5,Certainly father who tax low keep news your.
T001029,E00460,5,"Driver was late, missed my shift start."
T001029,E00329,4,Route felt longer than usual today.
T001030,E00448,5,On time and courteous driver.
T001030,E00723,4,"Smooth ride, no complaints."
T001030,E00515,4,Include summer ok physical thousand without section religious.
T001030,E00368,5,On time and courteous driver.
T001031,E00335,4,Sound enjoy have tonight view floor ground when care team.
T001031,E00597,3,Great experience overall.
T001031,E00732,5,Somebody often benefit true world remain movement bit step.
T001032,E00689,4,Vehicle was in poor condition.
T001032,E00759,4,Vehicle was in poor condition.
T001032,E00731,4,Great experience overall.
T001032,E00033,5,Result response population never world let off apply.
T001032,E00482,5,Just opportunity ask yet against large practice time live relationship as great western.
T001033,E00469,5,Route felt longer than usual today.
T001033,E00738,5,Now water road require make region wall worry Democrat.
T001033,E00443,5,On time and courteous driver.
T001033,E00564,5,"Smooth ride, no complaints."
T001034,E00758,4,Finally recent fight discussion sometimes meet imagine short woman only television.
T001034,E00678,3,Great experience overall.
T001034,E00185,4,Route felt longer than usual today.
T001035,E00706,4,Vehicle was in poor condition.
T001035,E00140,5,Great experience overall.
T001036,E00751,5,Apply senior onto simple audience as including claim create woman similar writer structure.
T001037,E00259,5,Power manager build become watch off.
T001037,E00382,4,"Smooth ride, no complaints."
T001038,E00510,4,Source high listen suggest consumer find concern involve edge before.
T001039,E00183,5,Great experience overall.
T001039,E00704,5,On time and courteous driver.
T001040,E00247,4,Husband dinner worry plan fund sell model after paper.
T001040,E00362,4,Arrive health collection white more above his agree toward nor teacher western country.
T001040,E00797,5,Great experience overall.
T001041,E00234,5,Marriage movement wish best raise choice hear computer key suffer sign medical sport.
T001041,E00222,5,Vehicle was in poor condition.
T001041,E00432,5,Air although Mr when wait southern find fact give Congress million.
T001042,E00313,5,"Driver was late, missed my shift start."
T001042,E00673,5,Marriage page young turn visit up nature.
T001042,E00111,5,Vehicle was in poor condition.
T001042,E00020,5,"Smooth ride, no complaints."
T001043,E00190,3,Six want protect assume east center whether make some among.
T001043,E00744,5,True TV specific travel remain stuff.
T001044,E00014,5,"Driver was late, missed my shift start."
T001046,E00070,4,Great experience overall.
T001046,E00615,5,Summer before pressure treatment none reduce miss.
T001049,E00714,5,Poor executive career shake fall phone identify help make make focus machine.
T001050,E00155,5,"Driver was late, missed my shift start."
T001051,E00215,5,Fill yeah side side recognize month among water film onto.
T001052,E00010,5,Myself political school move another field could who appear stay them school model.
T001054,E00742,4,Great experience overall.
T001055,E00583,5,Great experience overall.
T001056,E00670,4,Meet race and Democrat lead control develop fly.
T001056,E00292,4,Manager number party and high too break fact.
T001056,E00726,4,Great experience overall.
T001056,E00768,5,Process trip former computer hope direction true I choose.
T001056,E00709,5,Great experience overall.
T001056,E00076,4,East protect think institution now tell phone daughter these say evening real indeed.
T001057,E00217,5,"Driver was late, missed my shift start."
T001057,E00446,5,Great experience overall.
T001058,E00603,4,Vehicle was in poor condition.
T001058,E00625,5,Help successful couple single effect action realize among short can ready.
T001059,E00235,4,Point boy total major contain force.
T001060,E00652,5,Vehicle was in poor condition.
T001061,E00410,5,On time and courteous driver.
T001062,E00487,5,Western resource reason expect expert talk end set house.
T001063,E00511,4,"Driver was late, missed my shift start."
T001065,E00700,4,Vehicle was in poor condition.
T001066,E00184,4,Wear never marriage camera yet light body director.
T001066,E00450,3,"Driver was late, missed my shift start."
T001066,E00569,5,Route felt longer than usual today.
T001067,E00405,5,Great experience overall.
T001068,E00023,5,"Smooth ride, no complaints."
T001068,E00371,4,Continue several southern drop past just central others American value.
T001070,E00441,5,Shoulder right analysis add check teacher economy compare.
T001071,E00589,5,Customer popular hospital check factor as contain create price keep the.
T001072,E00781,4,Great experience overall.
T001072,E00498,5,Successful own explain claim natural fish.
T001072,E00525,5,Route felt longer than usual today.
T001073,E00303,4,Range improve move peace college usually have.
T001074,E00743,5,Top range accept about around hold note.
T001074,E00182,5,Several along nation after station live number history.
T001075,E00205,5,"Smooth ride, no complaints."
T001076,E00354,4,Hit travel down make economic woman PM look together lawyer these difference expert.
T001077,E00122,3,White home either civil science it feel amount.
T001077,E00323,4,On time and courteous driver.
T001077,E00691,3,Represent must dinner I style good walk inside individual safe know.
T001077,E00451,5,On time and courteous driver.
T001077,E00075,5,Less full program card morning early Republican nothing way role.
T001077,E00117,4,Guy leg television society hear fill hotel like myself laugh toward what thank.
T001077,E00256,4,Anything describe necessary church his military Congress kitchen really history project.
T001079,E00012,3,Worker quite shoulder political offer song character first early.
T001079,E00395,4,Several main particular shake most physical along.
T001079,E00004,3,"Driver was late, missed my shift start."
T001079,E00454,4,Skin beat across television apply system finish.
T001079,E00667,4,On time and courteous driver.
T001079,E00132,4,Route felt longer than usual today.
T001079,E00193,3,Data character defense subject guy training on stock little region.
T001080,E00585,4,Field sort civil thing clear budget travel important no.
T001080,E00720,5,Light work ready tough wish professional chair knowledge sense career herself here color after.
T001080,E00455,5,Us once consider thus wife water note those write though.
T001081,E00528,4,Concern perhaps quality true book various.
T001081,E00127,5,Vehicle was in poor condition.
T001082,E00495,5,"Smooth ride, no complaints."
T001082,E00281,4,Which fly represent we bar owner son administration.
T001082,E00737,4,Vehicle was in poor condition.
T001082,E00403,5,Vehicle was in poor condition.
T001083,E00771,5,Individual college surface court exactly minute trouble majority town appear draw fill large.
T001084,E00317,5,Great experience overall.
T001084,E00784,5,Vehicle was in poor condition.
T001084,E00028,5,Route felt longer than usual today.
T001084,E00192,5,Vehicle was in poor condition.
T001084,E00036,5,Great experience overall.
T001086,E00643,5,Front evening yet prevent process four all the unit action off.
T001086,E00641,5,Herself toward here along public recent friend sort table.
T001088,E00640,5,Great experience overall.
T001090,E00005,4,On time and courteous driver.
T001090,E00145,4,On time and courteous driver.
T001091,E00103,3,On time and courteous driver.
T001092,E00505,5,Great experience overall.
T001093,E00339,4,Vehicle was in poor condition.
T001094,E00098,4,Vehicle was in poor condition.
T001094,E00414,5,On time and courteous driver.
T001095,E00206,5,Vehicle was in poor condition.
T001095,E00224,5,Imagine garden wall rest need major entire tree try be program.
T001095,E00387,5,"Driver was late, missed my shift start."
T001095,E00684,4,Great experience overall.
T001095,E00701,5,Technology time age campaign seven drug computer assume occur down.
T001096,E00692,4,Tell act add southern thank pay choose.
T001097,E00170,5,Whole wide piece former professor partner argue catch truth unit control responsibility before item.
T001097,E00306,5,Decision response hit personal cover stage remain manager.
T001098,E00566,5,Light rule option team kind medical bag wind.
T001099,E00658,5,Great experience overall.
T001099,E00590,5,Vehicle was in poor condition.
T001099,E00467,5,On time and courteous driver.
T001099,E00121,5,On time and courteous driver.
T001102,E00293,5,Route felt longer than usual today.
T001102,E00634,5,Route felt longer than usual today.
T001102,E00681,5,Route felt longer than usual today.
T001103,E00390,5,"Driver was late, missed my shift start."
T001103,E00225,4,Century my win record reflect away cost focus yeah.
T001104,E00078,4,"Smooth ride, no complaints."
T001104,E00705,5,On time and courteous driver.
T001105,E00057,4,House structure father include political design economy general.
T001105,E00120,5,On time and courteous driver.
T001105,E00202,5,Vehicle was in poor condition.
T001105,E00595,5,On time and courteous driver.
T001107,E00753,4,Most pressure why edge senior ask artist general run.
T001107,E00682,4,Sense involve purpose together knowledge with purpose five sign trial recently painting where.
T001109,E00416,5,"Driver was late, missed my shift start."
T001110,E00228,4,Great experience overall.
T001110,E00653,5,"Smooth ride, no complaints."
T001110,E00774,4,Energy style late score lose matter shake finish yourself couple onto amount good.
T001110,E00226,4,"Smooth ride, no complaints."
T001110,E00104,5,They food someone war idea than less check scene history wear.
T001110,E00365,4,"Driver was late, missed my shift start."
T001110,E00095,5,Small high that change hand its stage.
T001111,E00379,5,Character watch describe administration line even cup market.
T001112,E00156,5,"Driver was late, missed my shift start."
T001112,E00610,5,Field western near direction main rich item water.
T001112,E00167,5,Route felt longer than usual today.
T001112,E00251,5,Great experience overall.
T001112,E00628,5,"Smooth ride, no complaints."
T001112,E00349,5,"Driver was late, missed my shift start."
T001113,E00420,5,Maintain program government black well relationship part center.
T001113,E00219,5,Great experience overall.
T001113,E00239,5,Wall sound indicate actually final city piece range investment business can example.
T001113,E00008,5,Route felt longer than usual today.
T001114,E00316,4,Southern ten hard wife as language indicate decide for do.
T001114,E00649,5,Plant top live exactly future soldier recognize top whole sit.
T001115,E00411,3,"Driver was late, missed my shift start."
T001115,E00085,4,Wife director or down standard major like affect memory believe seek perhaps ball.
T001116,E00041,4,"Smooth ride, no complaints."
T001116,E00350,5,Vehicle was in poor condition.
T001116,E00321,5,"Smooth ride, no complaints."
T001117,E00035,5,On time and courteous driver.
T001118,E00113,4,Leg too water road at hope cover show Republican hair sing listen.
T001118,E00424,3,Great experience overall.
T001120,E00296,5,Plan force station lot certainly evening floor world.
T001121,E00210,4,"Smooth ride, no complaints."
T001121,E00356,4,Third customer specific could type painting fast art those model mean eat heavy.
T001121,E00474,5,On time and courteous driver.
T001121,E00071,5,Great experience overall.
T001122,E00748,5,Great experience overall.
T001122,E00288,5,Great experience overall.
T001123,E00734,4,Fear daughter fast agreement popular instead.
T001123,E00601,3,"Driver was late, missed my shift start."
T001123,E00374,3,Vehicle was in poor condition.
T001123,E00248,4,Route felt longer than usual today.
T001123,E00148,4,Vehicle was in poor condition.
T001123,E00563,3,Great experience overall.
T001123,E00711,4,"Smooth ride, no complaints."
T001125,E00246,5,Let travel challenge personal new order serve blue event every.
T001126,E00749,5,Law clear campaign what buy test need hard firm result nearly pick position.
T001126,E00437,4,Route felt longer than usual today.
T001127,E00331,4,Concern party set poor food series always memory reveal require market.
T001129,E00690,5,Cause bill clear research begin growth.
T001129,E00244,4,Full include seem manage nation modern politics how choice state.
T001131,E00325,5,Large boy treat end dream population newspaper appear.
T001131,E00795,5,"Smooth ride, no complaints."
T001131,E00273,5,Long among serve wear west case floor hold.
T001131,E00077,5,Route felt longer than usual today.
T001131,E00549,5,Vehicle was in poor condition.
T001132,E00556,4,"Smooth ride, no complaints."
T001132,E00752,5,Route felt longer than usual today.
T001132,E00142,5,On time and courteous driver.
T001132,E00647,3,Vehicle was in poor condition.
T001132,E00161,4,Vehicle was in poor condition.
T001132,E00291,5,Affect she man prove recent nearly always operation decade old according.
T001132,E00038,5,Ok happy together clearly defense movie trip.
T001132,E00009,4,"Driver was late, missed my shift start."
T001133,E00409,3,Example news memory civil cut parent free force employee budget experience agreement owner.
T001133,E00333,5,Route felt longer than usual today.
T001134,E00596,4,Great experience overall.
T001134,E00186,5,Vehicle was in poor condition.
T001134,E00597,4,Vehicle was in poor condition.
T001134,E00368,5,Show daughter both hold blood value day service save fear ready Democrat.
T001135,E00536,4,Stand guess approach personal note this education memory finally describe Congress free matter.
T001135,E00631,5,Great experience overall.
T001136,E00159,4,On time and courteous driver.
T001136,E00577,5,"Driver was late, missed my shift start."
T001136,E00542,5,Result leader hospital send TV lose others some project visit.
T001137,E00466,4,Pattern this system people tax water.
T001137,E00751,5,Field high nothing city apply democratic.
T001137,E00730,5,"Smooth ride, no complaints."
T001137,E00465,4,"Smooth ride, no complaints."
T001138,E00661,5,Wife score health evidence president father alone build.
T001139,E00011,4,Vehicle was in poor condition.
T001139,E00510,4,On time and courteous driver.
T001140,E00282,4,"Driver was late, missed my shift start."
T001140,E00176,3,Enjoy us thought song daughter try season.
T001140,E00134,5,They usually company both right lay.
T001140,E00338,5,Reason event against none as reality democratic huge help also it letter company.
T001140,E00438,4,Officer analysis as show exactly example.
T001140,E00185,4,"Smooth ride, no complaints."
T001141,E00154,5,"Driver was late, missed my shift start."
T001141,E00137,4,Vehicle was in poor condition.
T001141,E00551,5,Dark environment provide white could ready special yet analysis none tax next.
T001142,E00259,5,"Smooth ride, no complaints."
T001142,E00769,5,Social resource score expert because happen star name health top risk must.
T001143,E00299,4,Same get community I level girl factor sport seem manager.
T001143,E00741,4,Imagine which beat education case under population late much quite threat gas.
T001143,E00503,4,Route felt longer than usual today.
T001144,E00432,4,Route felt longer than usual today.
T001144,E00301,5,Certain game plan seat surface off with society station how statement thing wrong name.
T001144,E00190,4,Vehicle was in poor condition.
T001145,E00183,4,Route felt longer than usual today.
T001145,E00797,5,Billion about various professor clearly dinner report friend bring rule someone nature.
T001145,E00665,4,"Driver was late, missed my shift start."
T001146,E00203,3,Vehicle was in poor condition.
T001146,E00313,3,On time and courteous driver.
T001146,E00704,4,Mission standard despite go impact seem blood policy law strong time.
T001147,E00407,5,Respond throw wide son manager trouble reason fill.
T001147,E00089,4,On time and courteous driver.
T001148,E00211,5,Field decide point week course administration fast debate still quite attack.
T001148,E00777,5,Week instead group idea recently feel hold decade investment operation long.
T001149,E00507,5,Order quickly with matter goal eight list something send show institution onto thing.
T001150,E00172,3,"Driver was late, missed my shift start."
T001151,E00615,5,Great experience overall.
T001152,E00059,5,Route felt longer than usual today.
T001153,E00742,5,Yes here while service beautiful edge begin early store piece behind here.
T001153,E00472,5,Drop worker alone finally since take describe improve act campaign.
T001154,E00007,4,On time and courteous driver.
T001154,E00471,5,Vehicle was in poor condition.
T001155,E00283,4,Vehicle was in poor condition.
T001155,E00357,4,Route felt longer than usual today.
T001156,E00477,4,"Smooth ride, no complaints."
T001156,E00423,5,Very know maybe leg recent hold.
T001157,E00778,5,President any one recently make total fall clear face former body choice.
T001158,E00677,5,"Driver was late, missed my shift start."
T001159,E00166,4,Route felt longer than usual today.
T001159,E00389,5,"Driver was late, missed my shift start."
T001159,E00150,5,Current main accept simply southern town.
T001159,E00544,5,Great experience overall.
T001159,E00728,4,Route felt longer than usual today.
T001160,E00431,5,Analysis consumer future raise suffer director know red treatment big.
T001160,E00435,5,Car without painting age many some involve.
T001160,E00484,4,Today happy myself industry almost job reduce at beautiful there professor listen.
T001160,E00429,4,Great experience overall.
T001160,E00618,4,"Driver was late, missed my shift start."
T001160,E00492,3,Great experience overall.
T001161,E00626,3,Try trade then building class now professor land you health enjoy at.
T001161,E00295,5,Old break always dark feel second hospital head.
T001161,E00292,3,Vehicle was in poor condition.
T001162,E00370,4,Route felt longer than usual today.
T001162,E00637,5,"Smooth ride, no complaints."
T001162,E00058,4,Small both program one across they case TV team song country listen.
T001162,E00049,3,Degree common need phone teach audience project tax certainly set local wrong.
T001162,E00433,4,"Smooth ride, no complaints."
T001163,E00666,5,Not east send style gun different.
T001163,E00345,5,Image sell amount fly house cover risk health last.
T001163,E00478,5,On time and courteous driver.
T001164,E00065,3,"Driver was late, missed my shift start."
T001164,E00229,3,Vehicle was in poor condition.
T001165,E00652,4,Great experience overall.
T001165,E00410,2,Route felt longer than usual today.
T001166,E00764,5,"Smooth ride, no complaints."
T001168,E00700,5,On time and courteous driver.
T001169,E00044,4,Vehicle was in poor condition.
T001170,E00354,5,Security camera past so thousand position sense church.
T001171,E00662,5,Miss market avoid outside individual no relate since significant always everyone exactly practice.
T001172,E00381,4,Field movement force final way memory history that read receive.
T001172,E00336,4,Great experience overall.
T001172,E00685,5,On time and courteous driver.
T001174,E00450,4,Out skill case front reality window mouth pattern as pick various themselves organization.
T001174,E00441,5,Vehicle was in poor condition.
T001175,E00533,5,Fine town trade not give fill stay military.
T001176,E00743,4,Great experience overall.
T001177,E00205,4,Everything our prove could party skin soon read couple rather Republican.
T001177,E00045,5,Fly something ok community right then police day so store consumer positive market.
T001178,E00569,4,Hot response usually learn game effort author buy heavy.
T001179,E00256,5,Route felt longer than usual today.
T001179,E00323,5,Vehicle was in poor condition.
T001179,E00733,5,"Smooth ride, no complaints."
T001179,E00766,5,Worker about country various until lawyer yard on everyone note current anything into.
T001179,E00241,5,Great experience overall.
T001179,E00117,4,Other live hit budget Congress guess soon approach suggest everyone nature environmental.
T001179,E00352,4,Understand rather daughter through note act front.
T001179,E00529,5,Rest exist drive determine page seem until government door age once several commercial.
T001179,E00063,5,Data pattern west before science without especially main believe suddenly.
T001181,E00081,5,Drug participant throughout truth evidence about provide itself.
T001181,E00598,5,Support land discussion suggest impact know character thousand sure seek age share day.
T001181,E00755,5,Vehicle was in poor condition.
T001181,E00149,5,On time and courteous driver.
T001181,E00454,4,Job themselves garden again medical hold kind day certain back student raise.
T001182,E00193,4,Small debate fire if eat fact discuss over.
T001182,E00376,5,Whether rather none population ask require against occur growth after job knowledge.
T001182,E00671,4,On time and courteous driver.
T001183,E00535,5,Route felt longer than usual today.
T001183,E00737,5,On time and courteous driver.
T001184,E00324,5,Become effort direction hand young long collection table population out special.
T001185,E00413,5,Route felt longer than usual today.
T001185,E00715,5,"Smooth ride, no complaints."
T001186,E00554,5,Without hair set bed trouble begin.
T001187,E00257,5,On time and courteous driver.
T001187,E00552,5,"Smooth ride, no complaints."
T001188,E00608,5,Vehicle was in poor condition.
T001188,E00317,4,Anyone bad use laugh fall teach everything trouble director find minute discussion begin.
T001189,E00036,3,Great experience overall.
T001189,E00195,4,Vehicle was in poor condition.
T001193,E00414,5,"Driver was late, missed my shift start."
T001193,E00231,5,On time and courteous driver.
T001194,E00794,5,Great experience overall.
T001195,E00103,5,Route felt longer than usual today.
T001196,E00002,4,On time and courteous driver.
T001198,E00017,5,Route felt longer than usual today.
T001198,E00799,5,Of situation the term scientist explain.
T001198,E00701,5,On time and courteous driver.
T001198,E00118,3,Great experience overall.
T001199,E00206,4,Vehicle was in poor condition.
T001200,E00343,5,Vehicle was in poor condition.
T001200,E00290,4,"Smooth ride, no complaints."
T001201,E00793,5,Walk thus door space crime Republican attack big stage condition buy leg.
T001201,E00592,5,On time and courteous driver.
T001201,E00576,5,Rich check usually early across talk short message again mean.
T001202,E00391,5,On time and courteous driver.
T001202,E00590,4,Hour cold light suffer drop participant.
T001202,E00776,5,On time and courteous driver.
T001203,E00151,4,Great experience overall.
T001203,E00268,5,"Driver was late, missed my shift start."
T001203,E00566,5,Off evidence early compare body eat policy senior attack help.
T001203,E00658,5,Route felt longer than usual today.
T001203,E00174,4,Expert more majority senior nearly risk.
T001204,E00792,5,Vehicle was in poor condition.
T001204,E00061,5,"Smooth ride, no complaints."
T001204,E00120,5,Level positive mind skill officer study if edge view cold teach call.
T001205,E00575,5,"Driver was late, missed my shift start."
T001205,E00334,4,On time and courteous driver.
T001205,E00401,5,"Smooth ride, no complaints."
T001207,E00050,4,Deal outside happen fear page include.
T001208,E00490,4,Federal agency maintain seek democratic simple seek last opportunity serve.
T001208,E00540,5,On time and courteous driver.
T001209,E00293,5,Power few each administration dinner keep main.
T001210,E00681,4,"Smooth ride, no complaints."
T001211,E00042,5,Require he daughter candidate where early certainly policy big hear go.
T001212,E00228,4,Great experience overall.
T001212,E00379,5,"Smooth ride, no complaints."
T001212,E00346,5,Thought the back family start necessary American wonder suggest attack.
T001212,E00069,4,Cover two coach yeah certainly represent especially agency despite minute.
T001212,E00560,5,Vehicle was in poor condition.
T001214,E00559,5,Large free party get force happy.
T001214,E00084,4,On time and courteous driver.
T001214,E00167,4,On time and courteous driver.
T001214,E00123,5,Great experience overall.
T001215,E00735,5,Great experience overall.
T001215,E00594,4,On time and courteous driver.
T001215,E00221,5,One third serve item method program nature see media your check station.
T001215,E00239,5,Great experience overall.
T001215,E00092,5,Produce key reveal environment central trip behavior himself hour among.
T001216,E00580,5,Great experience overall.
T001216,E00026,5,Activity card industry create son third interview nothing wrong.
T001218,E00342,5,Vehicle was in poor condition.
T001218,E00321,5,Great experience overall.
T001219,E00650,5,A at teach enter lot at life wonder.
T001219,E00417,5,"Smooth ride, no complaints."
T001220,E00071,5,On time and courteous driver.
T001221,E00113,5,Box prove speech garden road head light what officer nature top score.
T001223,E00312,5,Professor money property structure operation radio south sing early spring its evening vote feel.
T001224,E00366,5,"Driver was late, missed my shift start."
T001225,E00763,3,On time and courteous driver.
T001225,E00099,3,Vehicle was in poor condition.
T001225,E00248,3,Great experience overall.
T001225,E00148,2,Anything option soon election station never such despite what less check.
T001227,E00238,4,Recently media include hundred note federal drug.
T001228,E00588,4,On time and courteous driver.
T001230,E00025,5,"Smooth ride, no complaints."
T001230,E00397,5,Loss up at finish threat itself spring child list air visit brother dog.
T001231,E00639,4,"Driver was late, missed my shift start."
T001231,E00686,5,On time and courteous driver.
T001231,E00244,4,"Driver was late, missed my shift start."
T001232,E00760,5,Route felt longer than usual today.
T001233,E00331,5,Until how degree involve dog during source from our order table beyond.
T001234,E00252,4,On time and courteous driver.
T001234,E00630,5,Someone across music manage begin wide space.
T001234,E00337,4,"Smooth ride, no complaints."
T001234,E00178,5,Vehicle was in poor condition.
T001234,E00688,5,On time and courteous driver.
T001235,E00230,5,"Driver was late, missed my shift start."
T001235,E00565,5,Yeah able concern card worker happen rate.
T001235,E00800,5,On time and courteous driver.
T001235,E00409,5,On time and courteous driver.
T001235,E00710,5,Program beautiful close finally beyond you bank always a two.
T001235,E00258,5,Today station make environment fact student author partner.
T001235,E00199,5,Assume paper employee poor record benefit paper.
T001235,E00016,5,Great experience overall.
T001236,E00497,5,Great experience overall.
T001236,E00161,4,Allow system professor reason special grow meeting family relationship.
T001237,E00732,5,Great experience overall.
T001238,E00272,4,Vehicle was in poor condition.
T001239,E00731,4,Great experience overall.
T001239,E00456,4,Route felt longer than usual today.
T001240,E00338,5,On time and courteous driver.
T001240,E00532,4,Great experience overall.
T001240,E00675,5,Individual us some suggest program decision leave reflect already arrive themselves.
T001241,E00758,3,"Driver was late, missed my shift start."
T001241,E00443,2,Blue large chance available side reach often.
T001242,E00581,5,Route felt longer than usual today.
T001242,E00717,5,Route felt longer than usual today.
T001243,E00024,5,Itself but popular wall need onto visit decide list almost choose course.
T001243,E00154,5,Any subject sound hope speech less.
T001243,E00510,4,"Driver was late, missed my shift start."
T001243,E00738,4,On time and courteous driver.
T001243,E00134,4,Great experience overall.
T001244,E00176,5,Situation television last staff seat religious probably when seem test contain.
T001244,E00551,5,"Smooth ride, no complaints."
T001245,E00020,4,Great experience overall.
T001245,E00541,5,West indeed main write challenge this drive page.
T001246,E00111,4,Great experience overall.
T001247,E00299,5,Trade result individual side place represent song health able.
T001247,E00203,5,Sign wide cut challenge quite tax season event hospital more opportunity unit.
T001248,E00143,5,Itself wear song lawyer rest natural much sense.
T001248,E00407,4,Great experience overall.
T001248,E00673,5,Expect adult operation whole artist stop.
T001249,E00298,5,"Smooth ride, no complaints."
T001249,E00463,3,Upon trial participant discuss firm opportunity last feel present although director.
T001251,E00714,5,Effect enter most American weight last however involve when sort event sport national.
T001251,E00070,4,Administration than run short small shoulder professional market oil move need.
T001252,E00507,5,"Smooth ride, no complaints."
T001253,E00471,4,Vehicle was in poor condition.
T001253,E00486,4,Great experience overall.
T001253,E00485,5,Talk understand home rise concern prevent add.
T001254,E00423,5,Bag positive water again candidate see election price public indeed town.
T001254,E00059,5,Vehicle was in poor condition.
T001254,E00453,5,Vehicle was in poor condition.
T001255,E00172,5,Route felt longer than usual today.
T001255,E00777,5,Route felt longer than usual today.
T001257,E00573,3,Role guess share eye young reality police baby.
T001258,E00010,5,Their table about dream single some want.
T001262,E00150,4,Route felt longer than usual today.
T001262,E00707,3,On time and courteous driver.
T001262,E00499,4,Box later building she single let business property.
T001262,E00279,4,Size green begin computer southern nation economy adult trial.
T001262,E00399,2,Great experience overall.
T001262,E00237,3,Yeah class garden miss ready create yard.
T001263,E00076,4,Goal future home series billion mention speech defense couple point similar security at year.
T001263,E00422,5,"Smooth ride, no complaints."
T001263,E00651,4,Strong value sit newspaper leader focus hard tonight.
T001263,E00295,4,Laugh about green write value possible.
T001263,E00618,5,On time and courteous driver.
T001263,E00440,4,Route felt longer than usual today.
T001264,E00166,5,"Smooth ride, no complaints."
T001264,E00603,5,See account firm less care benefit minute she or list network.
T001264,E00094,4,Route felt longer than usual today.
T001264,E00709,5,Great experience overall.
T001265,E00171,4,Rise future person allow structure first fine state fall teach area feel who.
T001266,E00430,5,Route felt longer than usual today.
T001266,E00048,4,Receive staff yourself exactly sure wonder window.
T001266,E00197,5,Great experience overall.
T001266,E00175,5,Vehicle was in poor condition.
T001266,E00136,4,Avoid final feel age wonder foreign Republican thank use owner.
T001267,E00721,4,On time and courteous driver.
T001268,E00370,5,Great experience overall.
T001268,E00604,4,Guy believe enough free thousand consumer defense.
T001269,E00285,4,Vehicle was in poor condition.
T001269,E00487,5,Discuss everybody success nearly must teacher speech.
T001269,E00235,5,"Smooth ride, no complaints."
T001270,E00249,5,Very that national trade price beyond idea us find there behavior four scientist.
T001270,E00162,4,On time and courteous driver.
T001270,E00481,4,"Driver was late, missed my shift start."
T001271,E00182,5,Attention we open blood local light guess.
T001271,E00102,5,Blood city vote time easy free continue truth red billion speech like.
T001272,E00205,4,"Smooth ride, no complaints."
T001273,E00045,5,Route felt longer than usual today.
T001273,E00044,4,College whatever tell meeting writer accept mission.
T001273,E00336,5,Office role success manage draw involve party home stay.
T001274,E00442,5,General identify opportunity treat explain eat task by inside.
T001274,E00450,5,Great experience overall.
T001275,E00781,5,Vehicle was in poor condition.
T001275,E00441,5,Great experience overall.
T001276,E00405,5,Great experience overall.
T001277,E00302,4,"Driver was late, missed my shift start."
T001277,E00303,5,"Smooth ride, no complaints."
T001278,E00436,5,"Driver was late, missed my shift start."
T001278,E00404,4,Great experience overall.
T001279,E00698,4,On time and courteous driver.
T001280,E00023,5,Marriage within if course education campaign continue political build provide car American your.
T001280,E00412,5,"Smooth ride, no complaints."
T001281,E00381,3,Great experience overall.
T001283,E00256,4,Vehicle was in poor condition.
T001283,E00473,4,Vehicle was in poor condition.
T001283,E00489,4,Vehicle was in poor condition.
T001283,E00323,4,"Driver was late, missed my shift start."
T001283,E00691,4,"Driver was late, missed my shift start."
T001283,E00392,4,"Smooth ride, no complaints."
T001283,E00377,5,Route felt longer than usual today.
T001284,E00241,5,Rule range card design where off.
T001284,E00063,4,Response stop add blood deal certain right size.
T001285,E00193,3,Route felt longer than usual today.
T001285,E00454,4,On time and courteous driver.
T001285,E00782,3,"Smooth ride, no complaints."
T001285,E00081,4,Route felt longer than usual today.
T001285,E00602,3,On time and courteous driver.
T001285,E00106,4,Foot in process quite kitchen cut play deal good thank.
T001286,E00012,4,On time and courteous driver.
T001286,E00039,5,Majority we join edge item city sit street security.
T001286,E00694,4,Great experience overall.
T001286,E00755,4,"Smooth ride, no complaints."
T001286,E00004,3,Eye including thing cell evidence international add size morning only girl popular.
T001287,E00495,4,Vehicle was in poor condition.
T001287,E00785,5,Great experience overall.
T001287,E00264,4,Vehicle was in poor condition.
T001288,E00363,5,Cut tell style white especially lose just card sit population his.
T001289,E00327,5,Great experience overall.
T001289,E00127,4,Meeting value body return miss ready even probably son second after note those.
T001289,E00703,5,Great experience overall.
T001289,E00715,5,"Driver was late, missed my shift start."
T001290,E00147,5,Together edge each whatever use task off under two.
T001290,E00608,5,Vehicle was in poor condition.
T001291,E00192,5,Route felt longer than usual today.
T001291,E00554,5,Market more chance after shoulder show information game loss cost run result interesting receive.
T001291,E00163,5,Only pick prove whether north ground here person three.
T001291,E00257,5,Vehicle was in poor condition.
T001291,E00036,5,Animal from likely drop four dinner whatever administration baby north.
T001292,E00643,4,On time and courteous driver.
T001292,E00028,5,Discuss term day include you authority race.
T001294,E00479,5,Vehicle was in poor condition.
T001294,E00231,5,Kid career scene despite best either truth important yard poor threat throw behavior.
T001296,E00617,5,Route felt longer than usual today.
T001297,E00005,5,Partner behavior economy our second voice drop live everyone.
T001297,E00494,5,Vehicle was in poor condition.
T001298,E00414,5,Route felt longer than usual today.
T001298,E00263,5,Vehicle was in poor condition.
T001298,E00339,5,On time and courteous driver.
T001299,E00606,3,On time and courteous driver.
T001300,E00305,5,Price receive according success stage describe in former.
T001300,E00640,5,Mean director offer a recent various send.
T001302,E00138,4,Receive agree best physical again every common church scene run cultural decide car.
T001302,E00387,4,Vehicle was in poor condition.
T001302,E00646,5,Article last peace all rise right happen series seven strong it.
T001302,E00054,4,On time and courteous driver.
T001302,E00019,4,Street city her commercial along compare.
T001302,E00206,4,Board share deep child board director spend entire minute never quality.
T001302,E00017,5,On time and courteous driver.
T001303,E00294,5,On time and courteous driver.
T001304,E00502,4,Vehicle was in poor condition.
T001304,E00590,3,Together true worker though church young mouth note well interesting particularly some evidence.
T001305,E00164,5,Vehicle was in poor condition.
T001305,E00719,4,Paper unit sometimes structure cultural far significant let before.
T001306,E00306,4,Break reason too discover record wear both look training oil scene career military.
T001307,E00624,5,"Smooth ride, no complaints."
T001307,E00434,3,Then sometimes drive anything teach myself avoid much base modern behavior end.
T001309,E00144,4,Vehicle was in poor condition.
T001310,E00476,5,Vehicle was in poor condition.
T001310,E00540,4,"Driver was late, missed my shift start."
T001311,E00390,5,Great experience overall.
T001312,E00344,4,"Driver was late, missed my shift start."
T001313,E00470,4,Route felt longer than usual today.
T001314,E00490,5,"Smooth ride, no complaints."
T001314,E00353,5,Carry condition into sure day sort determine player military person author return national.
T001314,E00575,5,On time and courteous driver.
T001317,E00228,5,"Driver was late, missed my shift start."
T001317,E00379,5,Leave race yeah front almost activity agree professor agency special.
T001317,E00095,5,Base close score PM ball read.
T001317,E00069,5,Well better situation much he skin security painting rest write fine public.
T001317,E00521,4,"Driver was late, missed my shift start."
T001317,E00560,5,"Driver was late, missed my shift start."
T001317,E00373,5,Population sell end be spend outside office live make travel baby compare.
T001317,E00488,4,Great experience overall.
T001317,E00346,5,Great experience overall.
T001318,E00034,5,On time and courteous driver.
T001319,E00123,5,May small fire light medical level analysis any product.
T001320,E00201,4,Help PM become rich every change help but include.
T001322,E00307,4,Memory wrong hard any financial color officer role need.
T001322,E00233,4,"Smooth ride, no complaints."
T001323,E00314,4,Person apply debate improve task next.
T001323,E00411,5,"Smooth ride, no complaints."
T001323,E00035,5,Vehicle was in poor condition.
T001323,E00548,5,Great your sign single well task moment call art soon up tend education.
T001323,E00360,5,Vehicle was in poor condition.
T001323,E00021,5,Great experience overall.
T001323,E00270,5,Vehicle was in poor condition.
T001324,E00321,5,"Smooth ride, no complaints."
T001326,E00458,5,"Smooth ride, no complaints."
T001327,E00179,5,"Smooth ride, no complaints."
T001328,E00367,4,Buy new more above personal else tax concern way marriage us middle.
T001328,E00514,5,On time and courteous driver.
T001328,E00612,5,"Driver was late, missed my shift start."
T001328,E00210,5,Responsibility could positive hundred drug pull center hundred question rise.
T001329,E00474,4,Number prove room imagine citizen drug information response happy rise month degree.
T001330,E00734,3,"Smooth ride, no complaints."
T001330,E00099,4,"Smooth ride, no complaints."
T001330,E00374,3,Whether edge left American hope watch place church watch.
T001330,E00712,4,Vehicle was in poor condition.
T001330,E00504,3,"Driver was late, missed my shift start."
T001331,E00550,4,Vehicle was in poor condition.
T001332,E00740,5,"Smooth ride, no complaints."
T001332,E00238,5,On time and courteous driver.
T001333,E00657,4,Serious term amount idea director put future raise family where.
T001333,E00383,5,Protect like film society tell message.
T001334,E00280,4,Great experience overall.
T001336,E00639,4,Vehicle was in poor condition.
T001338,E00337,5,Vehicle was in poor condition.
T001338,E00297,5,Route felt longer than usual today.
T001338,E00561,4,Vehicle was in poor condition.
T001338,E00003,5,Great experience overall.
T001338,E00795,4,Great experience overall.
T001338,E00230,4,Measure truth sign room happy new may condition word former win letter.
T001339,E00565,4,Purpose future face police year fact.
T001339,E00125,5,Great experience overall.
T001339,E00460,5,Trouble decade share great stock election fire remember.
T001339,E00710,5,"Driver was late, missed my shift start."
T001339,E00038,5,Rock southern south bed represent lawyer letter these buy answer wish.
T001339,E00459,5,"Smooth ride, no complaints."
T001339,E00572,5,"Smooth ride, no complaints."
T001339,E00752,5,Order piece cup describe if follow difficult think talk.
T001340,E00497,5,On time and courteous driver.
T001340,E00688,4,On time and courteous driver.
T001340,E00773,5,Great experience overall.
T001340,E00191,5,Route felt longer than usual today.
T001340,E00762,5,"Smooth ride, no complaints."
T001340,E00051,5,What truth partner measure serve force.
T001340,E00199,4,Route felt longer than usual today.
T001340,E00325,5,Vehicle was in poor condition.
T001341,E00315,5,Believe whether teach single result modern across treatment decade ago.
T001341,E00037,5,Great experience overall.
T001341,E00536,5,"Smooth ride, no complaints."
T001341,E00542,3,Only free increase near study model.
T001341,E00680,5,Route felt longer than usual today.
T001341,E00272,4,"Smooth ride, no complaints."
T001341,E00265,5,Vehicle was in poor condition.
T001342,E00716,5,Each help line reflect enough exist.
T001342,E00676,3,Build right indeed able perform degree happy society care around find audience but.
T001342,E00597,4,On time and courteous driver.
T001342,E00482,4,Police offer board factor discuss morning gas ago cause young crime spring.
T001343,E00087,5,Route felt longer than usual today.
T001343,E00218,5,"Smooth ride, no complaints."
T001344,E00364,5,Walk paper media available later friend industry begin.
T001344,E00176,5,Receive tax family mind imagine section.
T001344,E00564,5,Piece sing front manage how itself so another really bring.
T001345,E00469,4,Route felt longer than usual today.
T001345,E00124,5,Interview suffer voice want themselves area those.
T001345,E00011,4,Hospital this because that agree child lay fly seat beyond.
T001346,E00154,5,Should effect future appear involve nearly job board.
T001346,E00769,4,Suggest interesting no total perform worker story face white break fight never soldier world.
T001346,E00706,5,Garden down television tree say more imagine deep.
T001347,E00581,4,Pass buy bill have reality adult state medical year oil.
T001347,E00738,5,"Smooth ride, no complaints."
T001347,E00751,5,Route felt longer than usual today.
T001348,E00173,5,"Smooth ride, no complaints."
T001349,E00259,5,Sort experience consider administration yet yeah.
T001350,E00359,5,On time and courteous driver.
T001350,E00520,5,Southern idea our of wall inside person space thank prevent store politics service.
T001352,E00131,4,On time and courteous driver.
T001352,E00089,5,Bed mission certain situation often PM notice chair north family sign.
T001353,E00313,5,"Smooth ride, no complaints."
T001353,E00362,5,Notice society task well three board stuff southern development.
T001353,E00665,5,Simply involve nor whether area performance age.
T001353,E00673,5,List huge brother shake win air kind see finally wall right mind determine.
T001353,E00468,5,"Smooth ride, no complaints."
T001353,E00247,5,Vehicle was in poor condition.
T001353,E00234,4,Traditional practice together minute price night admit standard expect able general imagine professional.
T001354,E00348,4,Great experience overall.
T001354,E00340,4,Total not its air source six image.
T001356,E00423,5,Name chair produce behavior nearly of general piece type describe.
T001356,E00471,5,Loss international public rate certainly couple more number wonder seek edge court environment.
T001358,E00357,4,Chance onto significant sure evening together take strategy clearly sell a property.
T001358,E00105,5,Vehicle was in poor condition.
T001359,E00777,5,Great experience overall.
T001360,E00286,5,"Driver was late, missed my shift start."
T001362,E00330,4,Its hospital those artist area street shake mean avoid property sport friend.
T001362,E00007,5,Route felt longer than usual today.
T001363,E00421,3,Answer at month partner evidence fall.
T001364,E00506,5,Vehicle was in poor condition.
T001365,E00283,5,Available scene approach imagine concern picture cultural old kitchen in century role determine.
T001365,E00266,5,Vehicle was in poor condition.
T001367,E00626,5,"Smooth ride, no complaints."
T001367,E00181,5,Establish time key out hospital around wall those rise.
T001367,E00166,4,Great experience overall.
T001367,E00674,4,On time and courteous driver.
T001367,E00555,5,Route felt longer than usual today.
T001367,E00508,5,Provide others general new begin their right step type type word.
T001368,E00627,5,Record own shoulder enjoy however model move attack crime dark discussion visit west.
T001368,E00150,5,Group us dark trouble husband level until less daughter you.
T001368,E00292,5,Question bad clear here despite instead stay woman.
T001368,E00512,5,Vehicle was in poor condition.
T001368,E00484,5,Car many of general building design avoid property father enough.
T001368,E00076,4,Rise collection often answer ten family.
T001370,E00197,5,Win behind every yet door daughter.
T001370,E00447,5,Route felt longer than usual today.
T001371,E00721,5,"Smooth ride, no complaints."
T001372,E00058,5,Vehicle was in poor condition.
T001372,E00027,5,"Driver was late, missed my shift start."
T001373,E00713,5,"Driver was late, missed my shift start."
T001373,E00481,5,Story huge move until toward scientist matter message trip.
T001374,E00277,5,Great experience overall.
T001374,E00637,5,Add claim begin man star movie.
T001374,E00410,5,Bill cover mind wind commercial national same man.
T001375,E00736,5,Just serious term discuss state drug boy middle myself you impact full occur.
T001375,E00633,5,Where age size open rest investment race yes law record I.
T001375,E00788,5,Great experience overall.
T001376,E00400,4,Door if sister chair society half able music base subject Congress pick.
T001376,E00023,5,Purpose beat hotel them hand since much language bit enter.
T001377,E00700,5,Change authority prepare view authority number force huge lead order always opportunity significant.
T001378,E00380,3,On time and courteous driver.
T001379,E00044,5,Great experience overall.
T001379,E00212,5,"Smooth ride, no complaints."
T001380,E00445,5,Great experience overall.
T001380,E00743,4,Dog perhaps my situation test well camera truth surface.
T001381,E00739,4,Route felt longer than usual today.
T001381,E00184,4,"Driver was late, missed my shift start."
T001381,E00214,5,"Smooth ride, no complaints."
T001382,E00547,4,Week reality discover success item rest.
T001383,E00102,5,Medical factor candidate think front save mention picture positive.
T001384,E00208,5,Get personal medical while seem along pressure begin type.
T001384,E00450,4,Vehicle was in poor condition.
T001386,E00525,5,"Driver was late, missed my shift start."
T001386,E00404,4,"Driver was late, missed my shift start."
T001387,E00662,5,Time I hospital cultural shoulder prevent ago past ever.
T001387,E00589,5,"Smooth ride, no complaints."
T001388,E00063,5,White as physical wind manager mother.
T001388,E00691,5,My tax off job market suddenly student can might cultural.
T001388,E00122,5,Great experience overall.
T001388,E00236,4,So mother race a poor radio.
T001388,E00439,5,Happy receive third professional test sense hope road forward.
T001388,E00451,3,"Driver was late, missed my shift start."
T001389,E00256,5,Vehicle was in poor condition.
T001389,E00075,5,Notice air by evidence my sing garden hear economy various hotel.
T001389,E00733,5,Hour cell step particularly control east weight raise school suggest smile store develop.
T001390,E00278,5,National top occur billion if end range trouble.
T001390,E00755,4,"Driver was late, missed my shift start."
T001390,E00039,4,"Smooth ride, no complaints."
T001390,E00452,5,Route felt longer than usual today.
T001391,E00720,4,Mouth full writer low trial gas cold offer.
T001391,E00454,4,On time and courteous driver.
T001391,E00455,3,Great experience overall.
T001392,E00535,5,"Driver was late, missed my shift start."
T001392,E00771,5,Watch develop reason gas part rather bill team vote blood represent.
T001392,E00127,5,Great experience overall.
T001393,E00109,3,Hand weight majority enjoy hit sure food particular series significant.
T001394,E00363,4,"Smooth ride, no complaints."
T001394,E00703,5,Route felt longer than usual today.
T001395,E00146,4,On time and courteous driver.
T001395,E00562,5,Vehicle was in poor condition.
T001395,E00553,4,Station difference create physical build push mention officer unit.
T001396,E00643,5,Trial out close current strategy four door.
T001396,E00608,5,Beat hair house because family blue.
T001396,E00262,5,Dark describe community people Democrat information road week best sometimes.
T001397,E00641,4,Surface animal where entire suggest recent poor board wear society along.
T001397,E00188,3,"Smooth ride, no complaints."
T001397,E00257,4,Concern him more young receive model no painting strong serious.
T001398,E00554,5,Even candidate suddenly money task give.
T001399,E00606,4,"Driver was late, missed my shift start."
T001400,E00145,5,Three very newspaper tree simply indicate western tell.
T001401,E00326,5,"Smooth ride, no complaints."
T001402,E00494,5,Media society last kind fear cold manage full front scientist protect must fund.
T001403,E00119,4,"Smooth ride, no complaints."
T001403,E00168,5,On time and courteous driver.
T001406,E00158,5,Vehicle was in poor condition.
T001406,E00006,4,Great experience overall.
T001406,E00030,5,Instead hair term skin success explain maybe fight pass budget bar really world.
T001406,E00019,5,"Driver was late, missed my shift start."
T001406,E00701,5,Vehicle was in poor condition.
T001406,E00599,5,On time and courteous driver.
T001407,E00684,4,Vehicle was in poor condition.
T001407,E00275,4,Carry surface think amount soon head.
T001408,E00174,4,"Driver was late, missed my shift start."
T001408,E00776,5,Only there authority door poor stay yard break.
T001408,E00724,4,Than attorney accept future almost daughter plan new consider beyond.
T001408,E00502,4,"Smooth ride, no complaints."
T001409,E00590,4,Great experience overall.
T001409,E00391,4,Expect mind pay history people respond century white real.
T001409,E00658,4,Great experience overall.
T001410,E00151,5,Great experience overall.
T001410,E00434,4,Institution together small rest fall including section can.
T001410,E00306,4,World region try explain wear attorney despite spend remain space black card.
T001411,E00180,4,Call paper these population phone perhaps.
T001413,E00416,4,Great experience overall.
T001414,E00753,4,"Driver was late, missed my shift start."
T001415,E00202,4,"Smooth ride, no complaints."
T001415,E00427,4,Great experience overall.
T001416,E00204,5,Help account bed each energy civil.
T001417,E00225,4,"Driver was late, missed my shift start."
T001417,E00681,4,Leg agency close likely million beautiful lay skin tonight lose fly section guy.
T001418,E00609,3,Enter career choice number allow central bed staff talk score him price drop bill.
T001418,E00050,5,"Smooth ride, no complaints."
T001420,E00540,3,Near consider keep building light as.
T001421,E00072,5,Cup skin rock understand pretty whom what unit.
T001422,E00115,5,Consider choice western travel degree in commercial beyond interview force.
T001422,E00346,4,On time and courteous driver.
T001423,E00642,4,"Smooth ride, no complaints."
T001423,E00104,4,"Smooth ride, no complaints."
T001423,E00379,4,On time and courteous driver.
T001424,E00251,5,"Smooth ride, no complaints."
T001424,E00084,5,Away field network century to foot hair who smile talk music floor vote.
T001425,E00239,5,Great experience overall.
T001425,E00221,5,Individual major popular say think despite space face walk.
T001426,E00679,3,Great experience overall.
T001426,E00316,4,Forward tend officer well marriage resource bring throw page summer old able number.
T001427,E00417,5,Attorney area east too life money marriage both make time force.
T001427,E00021,5,Route felt longer than usual today.
T001427,E00085,5,Week watch million candidate agreement push will care hair role risk approach could.
T001428,E00342,4,"Smooth ride, no complaints."
T001428,E00035,4,On time and courteous driver.
T001428,E00548,4,Third enter never paper vote those.
T001430,E00179,3,Me tell just raise really reveal these project group door movement under.
T001431,E00514,4,Dark everything few two population spring.
T001432,E00458,5,Great experience overall.
T001434,E00107,4,Fly least get the west the now up behavior single poor cold unit.
T001436,E00711,4,Route felt longer than usual today.
T001436,E00790,4,See professional begin current everyone test memory arm statement treatment office yeah bar.
T001438,E00383,5,Route felt longer than usual today.
T001440,E00786,5,Matter participant boy huge plan rule break church term under whether improve sell.
T001441,E00397,4,"Smooth ride, no complaints."
T001442,E00639,5,Route felt longer than usual today.
T001444,E00025,4,Apply paper second become both idea can.
T001445,E00325,4,"Smooth ride, no complaints."
T001445,E00297,4,Great experience overall.
T001445,E00273,4,Vehicle was in poor condition.
T001445,E00795,4,Vehicle was in poor condition.
T001446,E00773,4,Among pay all carry garden sea more join.
T001446,E00561,5,Cup performance role already occur issue front movie produce.
T001446,E00125,5,Practice professor feeling minute change size computer bed age next house.
T001448,E00033,4,Vehicle was in poor condition.
T001448,E00702,4,Route felt longer than usual today.
T001448,E00082,5,"Smooth ride, no complaints."
T001448,E00542,4,On time and courteous driver.
T001448,E00579,4,Great experience overall.
T001448,E00723,4,Cell front across professor word change expert can style option red happen.
T001449,E00536,5,Route felt longer than usual today.
T001449,E00052,3,Return style at score pretty south Democrat project other campaign.
T001449,E00087,5,Great experience overall.
T001449,E00153,4,Market admit best why budget every interest grow force happen film under deep.
T001449,E00388,4,Else avoid sea choose cell loss.
T001449,E00732,4,"Driver was late, missed my shift start."
T001449,E00680,5,Institution gun class discuss manager art.
T001450,E00672,4,"Driver was late, missed my shift start."
T001450,E00631,5,"Driver was late, missed my shift start."
T001451,E00758,5,Great experience overall.
T001451,E00240,5,Vehicle was in poor condition.
T001451,E00619,4,People kitchen return be international opportunity include candidate team most war blood floor.
T001452,E00581,5,Still range politics develop report experience economic by.
T001453,E00011,4,"Smooth ride, no complaints."
T001454,E00551,4,Route felt longer than usual today.
T001454,E00469,5,Vehicle was in poor condition.
T001454,E00661,5,Guy toward what north shoulder later institution skin performance he opportunity sing girl.
T001454,E00154,5,"Smooth ride, no complaints."
T001455,E00282,5,Vehicle was in poor condition.
T001457,E00432,5,"Driver was late, missed my shift start."
T001458,E00247,5,Vehicle was in poor condition.
T001458,E00234,5,Interesting common early look blood student economy its book.
T001459,E00056,5,"Smooth ride, no complaints."
T001460,E00131,4,"Driver was late, missed my shift start."
T001460,E00541,4,"Smooth ride, no complaints."
T001461,E00340,5,Route felt longer than usual today.
T001461,E00741,4,"Smooth ride, no complaints."
T001461,E00097,4,Vehicle was in poor condition.
T001461,E00644,5,Vehicle was in poor condition.
T001464,E00453,3,Arrive budget situation but debate south say include discover last everybody wall major.
T001464,E00507,2,Might name might speech prove language challenge air rest wind region.
T001465,E00615,5,Route felt longer than usual today.
T001465,E00286,5,On time and courteous driver.
T001466,E00172,4,On time and courteous driver.
T001466,E00486,5,Base meet impact big approach Republican forward why spend explain wide.
T001467,E00007,5,Vehicle was in poor condition.
T001468,E00128,5,Man current hundred box cultural admit itself give teacher.
T001469,E00093,4,On time and courteous driver.
T001469,E00271,5,Land region other many daughter night free yourself sound since.
T001470,E00472,5,I state try keep effect join hour statement bad one modern store record.
T001470,E00105,5,Affect arm entire increase beyond whole phone agent attack bring land magazine.
T001472,E00517,4,"Smooth ride, no complaints."
T001472,E00480,5,Buy edge after pretty one name walk attack resource serious teach.
T001473,E00423,4,Recent off fire property remain first common eight participant also operation position our market.
T001474,E00308,5,Vehicle was in poor condition.
T001474,E00683,5,Situation more manage difference assume leg keep build increase owner seek.
T001474,E00292,4,Route felt longer than usual today.
T001474,E00150,4,Improve high between describe expert any look.
T001474,E00539,4,Great experience overall.
T001474,E00625,5,On time and courteous driver.
T001474,E00674,5,Route felt longer than usual today.
T001475,E00508,5,Eat store several join decision read middle opportunity eye.
T001475,E00187,5,"Driver was late, missed my shift start."
T001475,E00726,4,Treatment yet land address represent treat close issue write produce ago level middle.
T001475,E00651,5,"Smooth ride, no complaints."
T001475,E00152,5,Route felt longer than usual today.
T001475,E00582,5,Great experience overall.
T001475,E00237,5,Great experience overall.
T001475,E00725,5,Such black improve subject produce process piece produce else support top nation.
T001476,E00499,5,Dog range seem number other those sister.
T001476,E00389,5,"Driver was late, missed my shift start."
T001476,E00787,5,Great experience overall.
T001476,E00309,5,On time and courteous driver.
T001476,E00217,5,Great experience overall.
T001477,E00049,4,"Driver was late, missed my shift start."
T001477,E00764,4,Too today base know against student mean onto face product air.
T001479,E00664,5,Great experience overall.
T001479,E00481,3,Great experience overall.
T001480,E00223,5,Vehicle was in poor condition.
T001480,E00695,5,"Smooth ride, no complaints."
T001481,E00545,4,Wife up thus fight catch serious.
T001481,E00430,5,Water third miss scene do work win health usually much article.
T001481,E00487,3,Great experience overall.
T001481,E00235,5,Else another listen list behavior successful.
T001481,E00449,5,On time and courteous driver.
T001482,E00250,4,Herself be other before possible base citizen through.
T001483,E00023,4,Establish close prove nice measure leg sell official yourself us local play environment.
T001484,E00700,5,Great require else so so interest great analysis tonight politics computer exist throw.
T001484,E00426,5,Route felt longer than usual today.
T001486,E00381,5,Next four help blood use ok teacher probably political consider policy those unit.
T001486,E00739,5,Strong heavy national result very investment enter memory charge.
T001487,E00525,5,Activity night bill central wonder green set stay image my by.
T001488,E00698,5,On time and courteous driver.
T001490,E00205,5,"Smooth ride, no complaints."
T001490,E00587,5,Great experience overall.
T001491,E00214,5,Whose whether single entire hundred recent direction American job world house character.
T001492,E00385,4,Knowledge office interesting perhaps as feel Democrat stop only series right group.
T001493,E00450,4,Policy clear star daughter imagine discussion little imagine a cost eat truth fly.
T001494,E00538,4,Behind forward stop against close trade everything few certain buy best fish.
T001494,E00392,3,Their recent event skin indicate suddenly.
T001494,E00323,3,Sense machine treatment section significant camera else Mrs send piece national what.
T001494,E00352,3,On time and courteous driver.
T001494,E00733,4,"Driver was late, missed my shift start."
T001494,E00117,3,On time and courteous driver.
T001495,E00489,5,Great experience overall.
T001496,E00570,4,"Driver was late, missed my shift start."
T001496,E00667,4,Great experience overall.
T001496,E00141,3,Term left necessary best bag even.
T001496,E00278,4,Summer bit difficult for continue house heavy enter instead production pay trip.
T001496,E00376,5,Great experience overall.
T001496,E00012,4,"Driver was late, missed my shift start."
T001497,E00496,4,How peace key us high fine throughout bed future end finish process book.
T001497,E00108,4,"Smooth ride, no complaints."
T001497,E00004,4,Care out Congress suddenly sit yes east up threat and box listen institution.
T001498,E00408,5,Route felt longer than usual today.
T001498,E00322,4,Route felt longer than usual today.
T001499,E00043,4,"Smooth ride, no complaints."
T001499,E00403,3,Dinner other sell new house instead.
T001499,E00703,3,Improve remember call method employee head argue magazine any.
T001500,E00327,5,Prevent occur southern federal will economic another turn your radio ever total technology.
T001500,E00621,5,Vehicle was in poor condition.
T001500,E00127,5,"Driver was late, missed my shift start."
T001501,E00264,5,Itself marriage anyone smile energy add so financial interest hair series future throughout.
T001502,E00586,4,Late well should who court media part interesting drug site election identify high.
T001502,E00317,5,Take contain industry red approach how free.
T001503,E00784,4,Vehicle was in poor condition.
T001503,E00055,4,Get understand across use international talk brother charge Congress seven later who long.
T001504,E00195,5,"Smooth ride, no complaints."
T001504,E00163,5,Great experience overall.
T001506,E00757,5,On time and courteous driver.
T001506,E00339,5,Route felt longer than usual today.
T001507,E00305,5,Vehicle was in poor condition.
T001507,E00098,5,Financial care firm attack agree bad exactly work begin treat system spring.
T001508,E00168,4,Mouth military hold art set woman address listen might.
T001509,E00794,4,Route felt longer than usual today.
T001509,E00110,5,Loss manager next cultural bad official think group us today us.
T001510,E00606,4,Vehicle was in poor condition.
T001511,E00119,5,Vehicle was in poor condition.
T001511,E00189,4,On time and courteous driver.
T001512,E00103,5,Land yes impact enjoy clearly speech away room try.
T001514,E00646,5,Vehicle was in poor condition.
T001514,E00543,5,"Driver was late, missed my shift start."
T001514,E00015,5,Data economy save this garden involve.
T001514,E00017,5,Role term mother leave go standard collection work way company campaign public reason.
T001517,E00462,3,"Driver was late, missed my shift start."
T001517,E00434,4,Me these gun sell wear another put investment.
T001518,E00151,5,"Driver was late, missed my shift start."
T001518,E00566,5,Great experience overall.
T001518,E00174,5,"Driver was late, missed my shift start."
T001518,E00624,5,"Driver was late, missed my shift start."
T001519,E00776,3,On time and courteous driver.
T001521,E00042,4,Present expect level science thank suddenly baby cause cover.
T001521,E00384,5,Experience Mr she room man vote safe work late top huge.
T001522,E00050,4,Drug fall political score majority air test never.
T001523,E00681,4,Great experience overall.
T001524,E00609,5,Route felt longer than usual today.
T001525,E00540,5,Vehicle was in poor condition.
T001526,E00470,5,Great experience overall.
T001526,E00061,3,"Smooth ride, no complaints."
T001528,E00069,4,Rate standard today government actually myself song attack six while.
T001528,E00696,5,Vehicle was in poor condition.
T001528,E00654,5,Effort resource create hit yes without.
T001528,E00034,4,Vehicle was in poor condition.
T001528,E00104,5,Rest me certain person director summer thing activity tax tell.
T001528,E00346,4,On time and courteous driver.
T001529,E00226,5,Vehicle was in poor condition.
T001529,E00115,4,Method resource how listen expert toward successful.
T001530,E00591,5,"Driver was late, missed my shift start."
T001530,E00351,5,"Driver was late, missed my shift start."
T001530,E00062,4,"Smooth ride, no complaints."
T001530,E00255,4,Writer everything effort prove growth energy apply mother standard these.
T001530,E00568,5,"Smooth ride, no complaints."
T001530,E00167,5,Vehicle was in poor condition.
T001531,E00008,5,"Smooth ride, no complaints."
T001531,E00580,5,Vehicle was in poor condition.
T001532,E00219,5,Little people late six blue politics.
T001532,E00092,5,Drive other chair lead maybe produce them save sound nothing.
T001532,E00316,4,"Smooth ride, no complaints."
T001532,E00135,5,"Smooth ride, no complaints."
T001533,E00289,4,Great experience overall.
T001533,E00321,5,Vehicle was in poor condition.
T001534,E00775,4,Route felt longer than usual today.
T001534,E00083,4,"Smooth ride, no complaints."
T001535,E00342,4,"Smooth ride, no complaints."
T001537,E00558,5,"Driver was late, missed my shift start."
T001539,E00210,5,Write month simply those share out fill world loss reflect study.
T001541,E00090,2,Great experience overall.
T001541,E00099,4,Ever last case heavy already become rock.
T001541,E00148,3,Vehicle was in poor condition.
T001541,E00663,4,Music white report company car data news difficult last miss draw society character.
T001542,E00248,5,World process matter hot stage want note.
T001543,E00116,5,Military method any official under cold building staff.
T001543,E00786,4,Continue compare able as miss leave.
T001543,E00194,4,Route felt longer than usual today.
T001543,E00207,5,Boy travel meet place public newspaper soon lose hit action.
T001543,E00657,4,Route felt longer than usual today.
T001544,E00157,4,Stand country himself behavior article right today.
T001544,E00749,5,Route felt longer than usual today.
T001546,E00690,5,Up practice political be member another lot inside seem.
T001547,E00632,5,On time and courteous driver.
T001547,E00397,5,"Driver was late, missed my shift start."
T001549,E00280,5,Route felt longer than usual today.
T001549,E00284,5,Political crime finally term open story so alone cup significant admit structure identify.
T001550,E00800,5,About stage everything forget score here street former.
T001550,E00409,5,"Driver was late, missed my shift start."
T001550,E00660,5,Vehicle was in poor condition.
T001550,E00230,5,Job win protect instead begin actually.
T001550,E00038,4,Trouble federal beautiful bed subject year different executive space must beyond.
T001550,E00605,5,"Smooth ride, no complaints."
T001551,E00337,4,"Smooth ride, no complaints."
T001551,E00572,5,Route felt longer than usual today.
T001551,E00297,5,"Driver was late, missed my shift start."
T001551,E00199,4,Vehicle was in poor condition.
T001551,E00191,4,Route felt longer than usual today.
T001551,E00142,3,Stand trouble especially peace among past happen no crime information dark network help.
T001551,E00762,4,Great experience overall.
T001552,E00018,5,"Smooth ride, no complaints."
T001552,E00561,4,Vehicle was in poor condition.
T001553,E00524,4,"Driver was late, missed my shift start."
T001553,E00689,5,Route felt longer than usual today.
T001553,E00153,5,"Driver was late, missed my shift start."
T001553,E00515,4,North if home learn address doctor item new today not line yet produce.
T001553,E00676,5,Sit authority air sort investment guy such notice to age organization call.
T001553,E00448,5,Great experience overall.
T001554,E00272,4,Route felt longer than usual today.
T001554,E00577,4,Car thing shake grow support piece officer.
T001554,E00756,5,Herself few bad take set woman occur various.
T001555,E00482,5,"Smooth ride, no complaints."
T001555,E00723,4,Six guess member will brother main.
T001556,E00564,4,Great experience overall.
T001556,E00730,5,Vehicle was in poor condition.
T001556,E00581,5,"Smooth ride, no complaints."
T001556,E00140,4,Relationship provide case father own six benefit pull strong.
T001557,E00466,3,Certain begin require idea case entire class owner local mention avoid apply religious.
T001557,E00557,4,Return hand trouble black network race health street animal.
T001557,E00154,4,Single call suddenly center suddenly happen store report adult same as.
T001557,E00443,4,On time and courteous driver.
T001558,E00675,5,Detail region garden every apply commercial still everything ten yeah me.
T001558,E00126,5,Particularly thought those evidence around magazine present treatment might claim energy laugh bed.
T001558,E00769,5,Authority walk my use significant according assume skill wall political send.
T001559,E00619,4,Great experience overall.
T001559,E00444,4,"Smooth ride, no complaints."
T001560,E00469,5,Before off window particular such though.
T001561,E00541,4,Wonder prevent fire into section analysis guy.
T001561,E00301,4,Apply notice current allow audience involve finish address whatever eight red.
T001562,E00797,4,Great experience overall.
T001562,E00203,4,Theory off fine represent recognize dinner position.
T001563,E00269,5,Miss including new degree tax general organization everything line break student because person.
T001565,E00503,4,On time and courteous driver.
T001565,E00247,4,Vehicle was in poor condition.
T001565,E00348,5,"Smooth ride, no complaints."
T001565,E00089,5,Understand within dark financial Mrs degree side similar along forward child simple.
T001565,E00234,4,"Driver was late, missed my shift start."
T001566,E00677,5,Idea range attention throughout degree think so growth eight shake statement front truth.
T001566,E00718,5,On time and courteous driver.
T001567,E00059,4,Vehicle was in poor condition.
T001567,E00010,4,On time and courteous driver.
T001568,E00485,3,Morning if event nation although investment create nature wrong you through.
T001568,E00583,5,"Driver was late, missed my shift start."
T001569,E00172,5,Me natural whose fish direction TV something piece sure image case answer.
T001569,E00593,5,Apply staff until relate hour large friend bag which city.
T001570,E00472,5,Route felt longer than usual today.
T001571,E00507,4,Great experience overall.
T001572,E00007,5,Consumer station order must four she blue management record room program outside threat.
T001573,E00271,2,Route felt longer than usual today.
T001574,E00128,5,On time and courteous driver.
T001575,E00070,5,Great experience overall.
T001577,E00308,5,Week you leg medical hold over rather.
T001577,E00492,5,Forget far wall radio approach reflect collection.
T001577,E00389,5,Image per try fire turn environmental.
T001577,E00276,5,Radio your throw project consider too size.
T001577,E00484,5,Great experience overall.
T001578,E00429,5,"Smooth ride, no complaints."
T001578,E00683,4,Ground while action teacher service record anything floor front television us trade get.
T001578,E00626,4,"Driver was late, missed my shift start."
T001578,E00707,5,"Smooth ride, no complaints."
T001579,E00582,5,Great experience overall.
T001579,E00422,5,"Smooth ride, no complaints."
T001580,E00285,5,On time and courteous driver.
T001580,E00430,4,Route felt longer than usual today.
T001581,E00249,5,Employee plant pay allow executive what manage share region suddenly less nearly us.
T001581,E00250,4,"Smooth ride, no complaints."
T001581,E00171,5,Purpose popular tree project stop answer work explain quality democratic fight return data.
T001582,E00637,4,Route felt longer than usual today.
T001582,E00604,4,"Smooth ride, no complaints."
T001582,E00513,5,Budget everyone call all Democrat animal particularly win exist author feel party behind.
T001582,E00277,4,Wrong front past throughout whether grow service during.
T001582,E00695,5,Great experience overall.
T001582,E00652,5,"Smooth ride, no complaints."
T001583,E00449,5,"Driver was late, missed my shift start."
T001583,E00136,5,Rather future animal hold almost imagine main wait actually affect.
T001583,E00058,5,Investment trial station arrive national response local analysis receive drop look environment quite.
T001584,E00223,5,Vehicle was in poor condition.
T001584,E00433,5,Route felt longer than usual today.
T001584,E00487,5,Production now eye ok white heart different able.
T001585,E00666,5,Learn serve suffer free account claim girl action manage world finish candidate.
T001585,E00478,5,"Smooth ride, no complaints."
T001586,E00133,5,Contain black Mr contain article cost water reflect change smile film.
T001586,E00065,5,"Smooth ride, no complaints."
T001588,E00001,4,Vehicle was in poor condition.
T001588,E00184,5,Route felt longer than usual today.
T001590,E00358,5,On time and courteous driver.
T001591,E00547,5,Attorney say allow always time instead quality.
T001591,E00509,4,On time and courteous driver.
T001593,E00739,5,On time and courteous driver.
T001593,E00311,4,Great experience overall.
T001593,E00302,5,Each PM where new including education add though bring himself.
T001594,E00698,5,Detail carry until example question whatever type lead senior you news.
T001594,E00212,5,Route felt longer than usual today.
T001599,E00451,5,Later tax team because order order interest cold another well drive provide.
T001599,E00377,5,Vehicle was in poor condition.
T001599,E00075,5,Something those center have minute back left leg.
T001599,E00323,5,Reason call traditional boy song success.
T001599,E00063,3,Great experience overall.
T001600,E00691,4,Require nearly Congress issue whatever between somebody rise.
T001601,E00567,4,Vehicle was in poor condition.
T001601,E00108,5,Attack trade modern buy of major above hand.
T001601,E00720,5,Its significant me deep he nearly bank.
T001601,E00452,5,On time and courteous driver.
T001601,E00671,3,Route felt longer than usual today.
T001601,E00585,5,Route felt longer than usual today.
T001602,E00278,5,Thing notice less win cold real high might remember seek significant true long.
T001602,E00081,5,Great experience overall.
T001603,E00737,4,On time and courteous driver.
T001604,E00771,5,Great experience overall.
T001604,E00043,4,"Smooth ride, no complaints."
T001604,E00495,5,Route felt longer than usual today.
T001605,E00322,5,Teach attack without participant choice training look common meeting forward think term price.
T001605,E00109,5,On time and courteous driver.
T001605,E00403,5,"Driver was late, missed my shift start."
T001605,E00629,5,On time and courteous driver.
T001605,E00363,5,"Smooth ride, no complaints."
T001606,E00055,5,Route felt longer than usual today.
T001606,E00147,5,Route felt longer than usual today.
T001606,E00130,4,Route felt longer than usual today.
T001606,E00163,5,Great experience overall.
T001607,E00257,4,Route felt longer than usual today.
T001608,E00554,5,Catch reveal live ability concern degree far camera unit without career watch.
T001608,E00320,4,Edge everyone maintain everything deep capital.
T001608,E00146,4,Security at wind what officer report red pull save same camera plant.
T001608,E00036,5,On time and courteous driver.
T001610,E00526,4,Everybody research chance system candidate keep.
T001611,E00326,4,"Driver was late, missed my shift start."
T001613,E00606,5,Sure camera then during responsibility among since candidate behavior friend.
T001613,E00168,4,Great experience overall.
T001616,E00165,3,Vehicle was in poor condition.
T001616,E00006,4,On time and courteous driver.
T001616,E00019,3,Imagine how able worker arm resource.
T001616,E00158,4,Route felt longer than usual today.
T001617,E00118,5,Discuss stock lead green total benefit Mr car audience age class our indeed.
T001617,E00030,4,Vehicle was in poor condition.
T001618,E00502,5,Like her part team city see.
T001618,E00274,5,"Smooth ride, no complaints."
T001619,E00268,5,"Driver was late, missed my shift start."
T001620,E00434,5,"Smooth ride, no complaints."
T001620,E00227,4,Design want ahead easy whole must every per hot character ball than.
T001620,E00708,4,Route felt longer than usual today.
T001621,E00180,4,"Driver was late, missed my shift start."
T001621,E00590,5,"Smooth ride, no complaints."
T001622,E00120,5,Information add argue image those why individual.
T001623,E00540,5,On time and courteous driver.
T001623,E00705,5,On time and courteous driver.
T001623,E00293,5,Leave send through himself red upon base mention hour gun field.
T001623,E00353,5,"Smooth ride, no complaints."
T001625,E00681,4,On time and courteous driver.
T001626,E00416,5,Single situation feel already whole hot cultural fill show.
T001627,E00490,5,Great experience overall.
T001630,E00791,5,Nothing gas few page cold couple suffer history.
T001630,E00034,5,Think brother far chair describe in case stock gas pressure receive.
T001630,E00696,5,"Smooth ride, no complaints."
T001630,E00654,4,Pull big method message though always same we order.
T001630,E00521,5,"Smooth ride, no complaints."
T001630,E00574,4,Great experience overall.
T001630,E00373,5,Better performance imagine police right traditional represent price number herself determine nice source.
T001631,E00226,5,Result while example leave when threat project.
T001631,E00095,5,Vehicle was in poor condition.
T001632,E00084,5,Mother different end dark spring speak drive bad strong summer.
T001632,E00167,4,Route felt longer than usual today.
T001632,E00559,4,Matter agreement woman environment tell sing hospital ready push material somebody husband.
T001632,E00255,4,"Smooth ride, no complaints."
T001632,E00123,5,Vehicle was in poor condition.
T001632,E00156,5,Vehicle was in poor condition.
T001632,E00372,4,Route felt longer than usual today.
T001632,E00568,4,"Driver was late, missed my shift start."
T001633,E00026,4,Return wall trouble friend current whose job nor yard.
T001633,E00239,5,Hotel use organization me while as decade exactly bad.
T001634,E00580,4,"Driver was late, missed my shift start."
T001634,E00679,5,"Smooth ride, no complaints."
T001634,E00092,5,Experience against recently account forward stuff peace vote meet spring.
T001635,E00360,5,Set other follow vote office however such consider.
T001635,E00314,5,"Driver was late, missed my shift start."
T001636,E00254,5,Add thank everybody dream since open budget consider business.
T001637,E00021,5,Apply property enter name crime society church indeed break.
T001638,E00612,5,Great experience overall.
T001638,E00394,4,Route felt longer than usual today.
T001638,E00029,5,Route felt longer than usual today.
T001639,E00514,5,Though degree special laugh include price leader bit traditional tough.
T001640,E00312,4,Vehicle was in poor condition.
T001640,E00107,5,Move rather business vote state turn.
T001641,E00356,5,Use bag role land trouble news five.
T001641,E00458,5,Great experience overall.
T001641,E00210,4,"Smooth ride, no complaints."
T001643,E00550,5,Great experience overall.
T001643,E00374,5,"Driver was late, missed my shift start."
T001643,E00790,3,"Driver was late, missed my shift start."
T001643,E00090,4,Great experience overall.
T001643,E00765,5,"Driver was late, missed my shift start."
T001643,E00099,4,Route felt longer than usual today.
T001643,E00332,4,Guy wide evidence to item town something employee.
T001643,E00711,4,Great experience overall.
T001645,E00780,3,"Driver was late, missed my shift start."
T001645,E00238,3,Any market poor clear possible staff agent more someone themselves star development.
T001645,E00157,3,"Driver was late, missed my shift start."
T001646,E00341,4,Great experience overall.
T001646,E00656,5,Leg car involve radio image crime about everything artist still understand.
T001647,E00437,5,Vehicle was in poor condition.
T001649,E00397,5,"Smooth ride, no complaints."
T001649,E00318,4,"Driver was late, missed my shift start."
T001650,E00244,4,Great experience overall.
T001650,E00578,5,Vehicle was in poor condition.
T001652,E00003,3,On time and courteous driver.
T001652,E00178,4,Record spring sport usually as until happen power probably animal agent charge task condition.
T001652,E00605,4,Great experience overall.
T001652,E00549,4,Assume control leg suggest crime international page.
T001653,E00191,5,"Driver was late, missed my shift start."
T001653,E00773,5,Whose realize but truth several more physical beautiful.
T001653,E00779,5,Route felt longer than usual today.
T001653,E00800,4,Training cup cup performance go child simply compare.
T001653,E00252,5,"Driver was late, missed my shift start."
T001653,E00258,5,"Smooth ride, no complaints."
T001654,E00077,4,"Driver was late, missed my shift start."
T001654,E00497,5,Over cost risk task six gas.
T001654,E00333,3,Whom good throw process degree doctor college policy side kind.
T001654,E00795,5,Couple mission part ability hair list really thus story site different dinner interview.
T001654,E00230,5,On time and courteous driver.
T001655,E00798,4,Glass alone however traditional necessary learn memory home marriage where share southern.
T001655,E00579,5,Great experience overall.
T001655,E00186,5,High better man choose between population weight wonder.
T001655,E00524,5,Great experience overall.
T001655,E00655,5,Route felt longer than usual today.
T001656,E00033,5,Throw next nice while relationship white manage soldier.
T001656,E00759,4,"Driver was late, missed my shift start."
T001656,E00731,5,Itself religious energy teacher single long food send capital decide wide describe real check.
T001656,E00754,5,Great experience overall.
T001656,E00680,5,"Smooth ride, no complaints."
T001657,E00676,3,Try meet play senior factor young get wrong.
T001658,E00738,3,"Smooth ride, no complaints."
T001658,E00024,4,On time and courteous driver.
T001659,E00438,4,Great experience overall.
T001659,E00126,4,Child staff yard place contain safe government arm consumer thousand year front he.
T001659,E00465,5,Too drug today so long sometimes.
T001659,E00140,4,Talk boy area however society every.
T001660,E00466,5,According protect director next figure business no chance thousand.
T001660,E00581,5,Route felt longer than usual today.
T001661,E00338,4,"Driver was late, missed my shift start."
T001661,E00769,4,"Smooth ride, no complaints."
T001662,E00510,5,"Driver was late, missed my shift start."
T001662,E00176,5,Detail history husband arm six professional.
T001664,E00348,3,Route felt longer than usual today.
T001664,E00704,3,Number result prevent history finish everybody live gun.
T001664,E00222,4,Notice son view process happy into result author not.
T001664,E00359,4,Great experience overall.
T001665,E00741,4,Form even now provide office heavy world opportunity late market.
T001666,E00546,4,On time and courteous driver.
T001666,E00131,4,"Smooth ride, no complaints."
T001666,E00298,5,"Driver was late, missed my shift start."
T001667,E00665,5,"Driver was late, missed my shift start."
T001667,E00673,5,Art sound specific adult collection with project author.
T001667,E00503,5,"Smooth ride, no complaints."
T001668,E00190,4,Benefit rock bed film wait number sell involve water idea mother positive.
T001668,E00111,5,Already western listen avoid international throw discuss something world continue just.
T001668,E00056,4,"Driver was late, missed my shift start."
T001668,E00301,5,"Driver was late, missed my shift start."
T001669,E00744,5,Great experience overall.
T001670,E00215,4,Great experience overall.
T001671,E00480,4,Great experience overall.
T001671,E00507,4,Push agreement where receive white movement little name good subject.
T001673,E00573,5,On time and courteous driver.
T001674,E00778,5,Wait rate too recognize final boy begin show.
T001674,E00357,4,On time and courteous driver.
T001675,E00286,5,On time and courteous driver.
T001676,E00369,5,"Driver was late, missed my shift start."
T001677,E00211,5,Final air mention rise official friend do certain citizen only.
T001678,E00421,4,Success simple main her year none lay TV lose represent.
T001679,E00266,5,Cell why less fill name several.
T001681,E00181,4,Route felt longer than usual today.
T001681,E00651,5,"Smooth ride, no complaints."
T001681,E00217,5,Route felt longer than usual today.
T001681,E00166,4,Husband occur or type those become staff history girl real almost teach.
T001681,E00709,5,Age each fire determine current open.
T001682,E00429,5,Window north pattern while kid body play practice case receive.
T001682,E00726,5,Fly anyone he letter account happy body more.
T001682,E00237,4,Including deal feel would table pass trouble per nice now friend.
T001682,E00603,5,Give example price easy win send themselves walk factor determine remember.
T001682,E00152,5,Social figure building notice owner each.
T001682,E00094,5,Drug relationship tax every late difficult thing theory enough moment put price no.
T001683,E00508,5,On time and courteous driver.
T001683,E00150,5,Route felt longer than usual today.
T001683,E00787,5,"Smooth ride, no complaints."
T001684,E00410,3,Vehicle was in poor condition.
T001685,E00664,5,Different order matter campaign reveal rich despite.
T001685,E00277,4,Protect mouth side mission teach especially eat billion account thus number can reality.
T001686,E00788,5,"Driver was late, missed my shift start."
T001686,E00048,3,Great experience overall.
T001686,E00695,5,Vehicle was in poor condition.
T001687,E00545,5,On time and courteous driver.
T001687,E00433,5,Team seven look feeling surface girl expert.
T001688,E00065,5,"Driver was late, missed my shift start."
T001688,E00652,5,"Smooth ride, no complaints."
T001690,E00685,5,Great experience overall.
T001691,E00441,5,On time and courteous driver.
T001692,E00428,5,Have line one teacher call each amount everything item fight up.
T001692,E00450,5,Vehicle was in poor condition.
T001693,E00589,5,Rich development area agree today themselves blood.
T001694,E00214,4,"Smooth ride, no complaints."
T001695,E00212,4,Daughter tell four hour green religious hot.
T001698,E00182,4,"Smooth ride, no complaints."
T001699,E00442,5,Old physical style white new involve south two participant want.
T001701,E00473,5,On time and courteous driver.
T001701,E00733,5,On time and courteous driver.
T001701,E00242,5,Route felt longer than usual today.
T001701,E00241,5,Route felt longer than usual today.
T001701,E00236,5,"Smooth ride, no complaints."
T001702,E00392,5,On time and courteous driver.
T001703,E00106,4,On time and courteous driver.
T001703,E00782,4,On time and courteous driver.
T001703,E00132,5,"Smooth ride, no complaints."
T001703,E00720,5,On time and courteous driver.
T001703,E00193,5,Relationship need country receive however determine authority various nearly.
T001704,E00567,5,"Smooth ride, no complaints."
T001704,E00454,5,Vehicle was in poor condition.
T001704,E00004,5,Those father contain stock citizen provide.
T001704,E00278,4,Almost eat financial fall enter debate blue.
T001705,E00043,5,Discussion late often mean really song how start story.
T001705,E00715,3,Great experience overall.
T001705,E00621,5,Need top wear finish remain cell.
T001705,E00127,5,Great experience overall.
T001706,E00528,5,Great experience overall.
T001706,E00727,5,Vehicle was in poor condition.
T001706,E00703,5,"Driver was late, missed my shift start."
T001707,E00785,4,High old anyone though president position win just experience.
T001707,E00322,5,Enjoy year few success around direction soldier strong water clear spring.
T001707,E00109,5,Want instead full large front the two city cut minute check soldier act.
T001708,E00060,5,"Driver was late, missed my shift start."
T001708,E00784,5,Care husband yard democratic there discover.
T001709,E00562,4,Vehicle was in poor condition.
T001710,E00147,4,Culture impact kid safe but too situation half.
T001710,E00139,4,"Smooth ride, no complaints."
T001710,E00055,5,Join interview simply participant girl sport.
T001711,E00553,5,Great experience overall.
T001712,E00501,4,Route felt longer than usual today.
T001712,E00305,5,Together arm everyone have argue walk community discuss ok.
T001713,E00757,5,Staff color ahead establish truth society another music learn.
T001714,E00606,4,"Smooth ride, no complaints."
T001716,E00414,4,Special something true administration lawyer clear clear someone fall thing around sport reveal.
T001716,E00645,5,"Smooth ride, no complaints."
T001717,E00339,4,Produce national role when story live player manager station.
T001717,E00002,4,"Smooth ride, no complaints."
T001718,E00168,5,"Smooth ride, no complaints."
T001718,E00479,4,Great experience overall.
T001719,E00387,4,Vehicle was in poor condition.
T001719,E00275,3,Route felt longer than usual today.
T001719,E00030,4,Black skill over television understand anyone growth must Mr turn child.
T001719,E00684,4,"Driver was late, missed my shift start."
T001719,E00746,3,Pick fund the ask choose out sort once read history serve example.
T001720,E00017,4,Great experience overall.
T001720,E00158,5,Trip right challenge easy eat could of wait some.
T001720,E00006,5,Candidate beat another most whole among recent.
T001721,E00290,4,"Driver was late, missed my shift start."
T001721,E00467,4,Indeed truth pass prove through together lawyer anyone station fact already picture different.
T001721,E00164,5,Great experience overall.
T001722,E00274,3,Vehicle was in poor condition.
T001722,E00151,5,On time and courteous driver.
T001722,E00306,4,Good onto people edge great our same.
T001723,E00620,5,Vehicle was in poor condition.
T001723,E00462,5,Management common center man hold effort detail.
T001725,E00575,4,Consider again tax change both computer quickly rate end these him.
T001725,E00061,5,Training science ability much crime wish family kind.
T001726,E00072,4,Vehicle was in poor condition.
T001726,E00490,4,On time and courteous driver.
T001727,E00682,4,"Driver was late, missed my shift start."
T001727,E00470,5,Fight subject material out two activity.
T001728,E00050,4,Again coach team pass help medical glass partner themselves country radio.
T001728,E00344,4,"Driver was late, missed my shift start."
T001729,E00390,4,Great experience overall.
T001730,E00595,5,On time and courteous driver.
T001731,E00144,5,Either reduce consider interview price civil there scientist increase environmental laugh marriage.
T001731,E00634,5,"Smooth ride, no complaints."
T001731,E00225,5,Some civil grow child industry though glass base special card.
T001732,E00427,5,Of until character experience author under western shoulder despite charge.
T001733,E00379,4,Great experience overall.
T001733,E00791,4,Firm professor ok discussion each property speech position common performance.
T001733,E00614,4,"Smooth ride, no complaints."
T001733,E00653,4,"Driver was late, missed my shift start."
T001734,E00373,5,"Smooth ride, no complaints."
T001734,E00696,3,Professional west amount help friend else method position necessary.
T001735,E00610,4,Vehicle was in poor condition.
T001735,E00156,5,Create rich development Mrs surface analysis off.
T001735,E00568,5,Route felt longer than usual today.
T001736,E00316,5,Great experience overall.
T001736,E00201,4,Region church standard base sure behind stock site.
T001736,E00135,5,See memory treatment both head child itself individual matter husband.
T001737,E00008,4,Billion old most energy Mr hope.
T001737,E00092,5,Vehicle was in poor condition.
T001738,E00233,5,"Smooth ride, no complaints."
T001739,E00314,5,Seek student purpose amount home now maybe usually kind.
T001739,E00350,3,On time and courteous driver.
T001741,E00091,5,Lose story minute simply where point example thank see simple budget itself.
T001742,E00312,5,Design probably born cell us speak condition.
T001742,E00375,4,Consumer figure ask expect particularly mother somebody both.
T001744,E00394,3,Great experience overall.
T001744,E00210,5,"Driver was late, missed my shift start."
T001745,E00288,4,On time and courteous driver.
T001746,E00734,4,"Driver was late, missed my shift start."
T001746,E00765,5,Visit true nothing technology tend bed television land stay image participant with.
T001746,E00522,5,Offer money prepare message current save after despite it.
T001746,E00663,5,Again read collection able accept view security much cover how their.
T001746,E00763,5,Route felt longer than usual today.
T001746,E00088,5,Great experience overall.
T001746,E00563,5,Great experience overall.
T001746,E00461,5,Route felt longer than usual today.
T001746,E00090,5,Focus another special establish though tonight.
T001748,E00207,5,Report very network class individual special color sing should artist later move it.
T001748,E00116,4,Series value tax concern new threat think maybe throw pull third.
T001748,E00437,5,"Smooth ride, no complaints."
T001749,E00588,5,"Driver was late, missed my shift start."
T001749,E00786,4,Route felt longer than usual today.
T001751,E00244,5,Democrat low too bar from box piece my.
T001752,E00331,5,Computer lawyer easy need whole board win couple professional social cut.
T001752,E00632,5,Response charge pull support room difference today leave.
T001754,E00460,5,"Driver was late, missed my shift start."
T001754,E00267,4,Great experience overall.
T001754,E00762,4,Great experience overall.
T001754,E00710,4,Great experience overall.
T001755,E00556,5,Rock as local remain share wait after well lot history practice institution pick.
T001755,E00800,5,Stay cold play various mission task spend easy avoid camera.
T001755,E00459,5,Know important leave me book wide industry table poor must federal produce condition.
T001755,E00291,5,On time and courteous driver.
T001755,E00273,5,On time and courteous driver.
T001755,E00549,5,Wrong state character hospital happy well.
T001755,E00779,5,Route felt longer than usual today.
T001755,E00773,5,Move shake particularly government stop catch large final medical not weight.
T001755,E00230,5,Route felt longer than usual today.
T001756,E00406,4,Vehicle was in poor condition.
T001756,E00009,4,For own provide pick across know fear carry technology against.
T001757,E00732,4,"Smooth ride, no complaints."
T001757,E00680,4,Great experience overall.
T001757,E00676,5,Vehicle was in poor condition.
T001757,E00716,5,Physical central pay institution write fight share off how.
T001757,E00607,4,Route felt longer than usual today.
T001758,E00597,4,None network other film quite effort.
T001758,E00448,4,Rate sure exist every well cover part mean few in.
T001758,E00159,5,Eye learn want gas human ok space blood herself.
T001759,E00759,4,Move enter firm society coach policy south then force color structure worry clearly.
T001759,E00767,4,Which although hundred need top adult name.
T001760,E00466,5,On time and courteous driver.
T001760,E00126,5,Great experience overall.
T001761,E00675,4,Route felt longer than usual today.
T001761,E00706,4,Vehicle was in poor condition.
T001762,E00678,4,Movement education minute show a theory of couple program.
T001762,E00619,5,Form figure spring necessary peace say.
T001762,E00338,5,Great experience overall.
T001762,E00124,5,Street sea black girl worker door change whether small.
T001763,E00616,4,Vehicle was in poor condition.
T001764,E00532,4,On time and courteous driver.
T001764,E00500,4,On time and courteous driver.
T001765,E00190,5,Another defense quickly result service idea.
T001765,E00160,5,Route felt longer than usual today.
T001766,E00673,3,Route felt longer than usual today.
T001766,E00546,3,Vehicle was in poor condition.
T001767,E00056,5,Thousand sing green data treat wear hold best end north stay without professor.
T001768,E00613,4,"Driver was late, missed my shift start."
T001768,E00222,4,It notice me look return affect brother line increase.
T001768,E00493,5,"Smooth ride, no complaints."
T001769,E00463,5,All piece daughter head reach answer.
T001769,E00213,5,On time and courteous driver.
T001770,E00299,5,On time and courteous driver.
T001771,E00271,5,Try field why capital other analysis low professor western.
T001771,E00714,5,"Smooth ride, no complaints."
T001773,E00421,5,Total husband trouble close vote help skin call food general our the carry.
T001773,E00105,4,"Driver was late, missed my shift start."
T001774,E00485,4,Should contain talk by account door use positive far soldier else.
T001775,E00177,5,Vehicle was in poor condition.
T001777,E00211,4,Great experience overall.
T001782,E00431,4,Lose home must range for others over for benefit.
T001782,E00152,5,Route felt longer than usual today.
T001782,E00582,5,"Smooth ride, no complaints."
T001782,E00670,5,On time and courteous driver.
T001782,E00166,4,"Driver was late, missed my shift start."
T001782,E00279,5,Great experience overall.
T001782,E00094,5,On time and courteous driver.
T001783,E00429,5,"Driver was late, missed my shift start."
T001783,E00484,5,Vehicle was in poor condition.
T001783,E00446,3,"Smooth ride, no complaints."
T001783,E00725,5,Move fine major bank case four girl big.
T001783,E00627,5,On time and courteous driver.
T001784,E00112,5,Great experience overall.
T001784,E00669,3,Argue scientist hour probably water us attention response line type policy plan leg.
T001784,E00683,3,"Smooth ride, no complaints."
T001784,E00519,5,"Driver was late, missed my shift start."
T001785,E00277,5,International establish politics rule pay new Republican fly.
T001786,E00133,4,"Driver was late, missed my shift start."
T001786,E00171,5,Commercial once figure race get require fine image within foreign.
T001786,E00511,5,Great experience overall.
T001787,E00136,4,Past large area trouble more PM guy out election law.
T001787,E00664,5,On time and courteous driver.
T001787,E00430,5,Likely share police ground center just more sea run.
T001788,E00162,5,Street such budget oil reduce woman least.
T001788,E00285,5,Eye top data four major move develop by design.
T001788,E00483,5,"Driver was late, missed my shift start."
T001788,E00410,5,"Driver was late, missed my shift start."
T001789,E00713,3,Them attention cut stay miss over consider.
T001789,E00447,4,On time and courteous driver.
T001790,E00637,3,Message media threat speech news good.
T001790,E00229,5,"Smooth ride, no complaints."
T001791,E00212,3,Vehicle was in poor condition.
T001792,E00445,5,Lose little act still itself firm artist consider.
T001795,E00311,4,Reality impact story defense force difficult speech six anyone mention tell.
T001795,E00405,4,Interesting long fall thank market same kind her class speak.
T001796,E00436,4,"Driver was late, missed my shift start."
T001797,E00412,5,Usually would difference sport carry painting either heavy soldier energy town apply onto.
T001797,E00533,5,"Smooth ride, no complaints."
T001798,E00023,4,Vehicle was in poor condition.
T001801,E00698,5,So ready born mother never look officer most doctor use remember clear region.
T001801,E00739,5,"Smooth ride, no complaints."
T001803,E00451,5,Vehicle was in poor condition.
T001803,E00489,4,Organization professional fact explain practice hope save method might people voice style.
T001803,E00242,4,Great experience overall.
T001803,E00075,4,Great experience overall.
T001805,E00720,5,Vehicle was in poor condition.
T001805,E00455,5,Right old just night theory statement three forget report give mind watch score.
T001805,E00570,4,Vehicle was in poor condition.
T001805,E00106,5,Anything century kid on room participant today suffer stuff star federal music police.
T001805,E00193,5,Route felt longer than usual today.
T001805,E00694,4,On time and courteous driver.
T001807,E00413,5,Together left unit seek more trouble enjoy forget between entire unit.
T001808,E00737,5,Vehicle was in poor condition.
T001808,E00771,2,On time and courteous driver.
T001808,E00324,3,"Smooth ride, no complaints."
T001810,E00130,5,Many them mission hospital model bar risk point decide me sell.
T001811,E00192,4,"Smooth ride, no complaints."
T001811,E00641,5,Box bank early worry man much every trouble office thought age some.
T001811,E00784,5,Picture cold black life another firm night interesting institution debate statement health physical.
T001811,E00643,5,Season Mrs again return which activity structure five call house.
T001811,E00552,5,"Driver was late, missed my shift start."
T001812,E00195,5,"Driver was late, missed my shift start."
T001813,E00147,4,Great experience overall.
T001814,E00326,5,On time and courteous driver.
T001816,E00305,5,Route felt longer than usual today.
T001816,E00606,5,Business drop once action when mouth table.
T001816,E00145,5,Film position firm building rich amount arrive most step something talk response.
T001817,E00013,4,Great experience overall.
T001818,E00103,5,Route felt longer than usual today.
T001819,E00005,5,Exist article career defense leave hundred.
T001819,E00794,5,Usually somebody most day serious cause key describe give result.
T001821,E00543,3,On time and courteous driver.
T001821,E00516,5,Nothing decade drop peace region phone name wish with success involve.
T001821,E00294,4,Plan factor program beat free history heart once nothing ground.
T001821,E00015,4,Big face hotel quickly amount care meet.
T001821,E00138,4,On time and courteous driver.
T001821,E00224,5,Likely consider agreement citizen organization you practice important gas.
T001822,E00158,5,"Smooth ride, no complaints."
T001822,E00275,5,"Driver was late, missed my shift start."
T001823,E00170,4,Far miss help effort attention relate include alone bit.
T001823,E00121,5,Where follow through friend the play federal stock amount health buy.
T001823,E00164,5,Route felt longer than usual today.
T001824,E00274,5,Protect natural career woman across central information instead.
T001824,E00658,5,"Smooth ride, no complaints."
T001825,E00151,5,"Smooth ride, no complaints."
T001825,E00227,5,Their enjoy else establish break sense discover first deep again in something.
T001826,E00624,3,Manager employee series true team phone reality about community measure shake.
T001826,E00306,5,Vehicle was in poor condition.
T001826,E00708,4,Voice meeting she that senior go talk down story.
T001827,E00057,4,"Driver was late, missed my shift start."
T001828,E00042,4,"Driver was late, missed my shift start."
T001829,E00061,5,On time and courteous driver.
T001830,E00078,4,Great experience overall.
T001831,E00470,5,"Smooth ride, no complaints."
T001831,E00595,4,"Smooth ride, no complaints."
T001832,E00681,5,"Smooth ride, no complaints."
T001832,E00634,5,Route felt longer than usual today.
T001834,E00488,4,"Driver was late, missed my shift start."
T001834,E00614,5,Mrs throughout career make law thousand again whose south whether.
T001834,E00228,5,Vehicle was in poor condition.
T001834,E00521,5,"Smooth ride, no complaints."
T001834,E00069,5,Great experience overall.
T001834,E00226,5,On time and courteous driver.
T001834,E00574,5,Small serious stuff star simply she along.
T001835,E00373,5,"Driver was late, missed my shift start."
T001836,E00610,5,Route felt longer than usual today.
T001836,E00084,4,Water opportunity service top medical day like prepare grow.
T001836,E00251,5,Great experience overall.
T001836,E00796,5,Develop doctor identify set last stop behind response painting performance both week.
T001836,E00349,5,Mention PM industry age nation how give skin.
T001836,E00123,5,Under attack suggest television discussion be.
T001837,E00316,4,Right green left account serious at.
T001838,E00221,4,Religious manager option region between Democrat.
T001838,E00092,5,Great experience overall.
T001839,E00041,4,"Smooth ride, no complaints."
T001839,E00321,5,On time and courteous driver.
T001839,E00411,5,"Driver was late, missed my shift start."
T001839,E00233,4,"Smooth ride, no complaints."
T001840,E00650,4,He sit style poor arrive lot pattern better plant.
T001840,E00035,4,Great experience overall.
T001840,E00046,5,"Driver was late, missed my shift start."
T001840,E00342,4,Certain everyone weight agreement room newspaper character.
T001840,E00548,5,Work tend off daughter concern back many fear century face.
T001841,E00350,5,Strategy really pull common between move perform along figure.
T001844,E00296,4,On time and courteous driver.
T001844,E00748,5,It reach Democrat little chance human reason college various charge along organization.
T001845,E00612,3,"Driver was late, missed my shift start."
T001845,E00288,5,Great experience overall.
T001845,E00558,5,"Smooth ride, no complaints."
T001846,E00356,5,Hospital sort return audience growth important myself all fund.
T001846,E00367,5,"Smooth ride, no complaints."
T001846,E00312,5,Vehicle was in poor condition.
T001847,E00310,3,Painting air benefit during four something whole ago left past become sell.
T001847,E00734,4,On time and courteous driver.
T001847,E00712,3,Vehicle was in poor condition.
T001847,E00522,2,Pressure commercial behavior daughter spend not.
T001849,E00786,5,Great experience overall.
T001849,E00116,5,"Smooth ride, no complaints."
T001850,E00194,4,Route felt longer than usual today.
T001850,E00657,4,"Driver was late, missed my shift start."
T001850,E00341,5,Great experience overall.
T001853,E00284,5,Route felt longer than usual today.
T001853,E00639,5,"Driver was late, missed my shift start."
T001854,E00760,5,Route felt longer than usual today.
T001856,E00762,4,"Driver was late, missed my shift start."
T001856,E00077,4,Great experience overall.
T001856,E00273,4,Route felt longer than usual today.
T001856,E00003,4,Line away hope central build sound effect thank report evidence imagine born.
T001856,E00460,4,Vehicle was in poor condition.
T001856,E00142,5,Vehicle was in poor condition.
T001856,E00086,5,Book cold space who listen according either each approach within stay service.
T001857,E00199,4,On time and courteous driver.
T001857,E00773,5,Task us capital guess behavior however century Congress treat.
T001857,E00333,5,Great experience overall.
T001857,E00783,5,"Smooth ride, no complaints."
T001857,E00630,5,"Driver was late, missed my shift start."
T001857,E00406,4,On time and courteous driver.
T001858,E00605,5,Sense center run view room on figure statement something.
T001859,E00022,5,"Smooth ride, no complaints."
T001859,E00515,5,"Smooth ride, no complaints."
T001859,E00680,5,On time and courteous driver.
T001859,E00702,4,Third heart against purpose inside personal firm different candidate important prepare owner.
T001859,E00631,5,Result agency wife care way still grow music born.
T001859,E00676,4,Great experience overall.
T001859,E00153,5,On time and courteous driver.
T001859,E00272,4,Capital blood property floor us ok.
T001860,E00388,5,Color involve thing year reflect run sort.
T001860,E00756,4,Effort new social traditional message instead degree here arrive act moment.
T001860,E00087,5,Lay age see just price with with body allow.
T001860,E00759,4,"Smooth ride, no complaints."
T001860,E00596,3,People note beat feeling anyone number risk more statement.
T001860,E00037,5,Route felt longer than usual today.
T001860,E00789,5,Vehicle was in poor condition.
T001860,E00655,4,Route felt longer than usual today.
T001860,E00159,4,On time and courteous driver.
T001861,E00096,5,Route felt longer than usual today.
T001861,E00693,5,Hotel while personal street size woman everything especially.
T001861,E00607,4,Establish war although citizen difference whole improve ever could research act.
T001861,E00335,5,Young current risk rather sea term.
T001862,E00699,5,Route felt longer than usual today.
T001862,E00126,5,Total ability decade design article adult million eat factor research.
T001862,E00551,5,Law order partner about minute should nothing bed edge image able.
T001863,E00717,5,Great experience overall.
T001863,E00240,5,Route felt longer than usual today.
T001864,E00465,4,Western sure his send physical star catch manager value score old mother significant.
T001865,E00134,4,Science pay hold my run feel writer week wall term natural.
T001865,E00564,5,"Driver was late, missed my shift start."
T001866,E00616,5,Yourself home American age others subject operation everyone despite its three rich.
T001866,E00124,5,On time and courteous driver.
T001866,E00730,5,Great experience overall.
T001866,E00185,5,Well bar benefit think five product new hard else.
T001868,E00313,5,Center of source change adult player source professor attention data several everyone.
T001868,E00797,5,Air focus want parent economy old region tell it challenge approach.
T001868,E00097,5,"Smooth ride, no complaints."
T001869,E00183,5,On time and courteous driver.
T001869,E00203,5,Nearly environment popular administration cause show.
T001869,E00744,4,Read charge case development land two eye.
T001869,E00704,5,Vehicle was in poor condition.
T001870,E00503,3,Chance three cell most may attorney.
T001871,E00750,5,Read toward life smile grow wife in civil us.
T001872,E00111,4,Yet admit far city behind sign wear necessary forward near.
T001872,E00298,4,Voice pick skill window generation adult program throughout boy all let.
T001875,E00415,4,Despite enough impact approach campaign drug century beautiful.
T001875,E00777,5,Vehicle was in poor condition.
T001876,E00330,5,"Smooth ride, no complaints."
T001877,E00718,5,Route felt longer than usual today.
T001877,E00477,4,Rich second compare worker camera same understand.
T001878,E00453,5,Attention become ahead toward water resource activity save itself foot what.
T001878,E00480,5,Vehicle was in poor condition.
T001879,E00286,4,Vehicle was in poor condition.
T001879,E00573,4,Fine rise wife figure concern certain key would system.
T001880,E00506,4,"Smooth ride, no complaints."
T001880,E00211,5,Him whom blood because door hand rest sometimes work.
T001881,E00421,4,Vehicle was in poor condition.
T001882,E00687,5,"Driver was late, missed my shift start."
T001885,E00492,5,Man chance dog next instead make important college vote.
T001885,E00651,4,See call learn well hour would meeting.
T001885,E00709,5,Region hold go recognize hundred check candidate worker what perform kind.
T001885,E00076,5,Vehicle was in poor condition.
T001885,E00295,4,System kind task especially perhaps list stop production official police gun.
T001886,E00237,5,On time and courteous driver.
T001886,E00683,5,Include usually south field not year.
T001886,E00627,4,By finish even decide approach risk these.
T001886,E00726,5,"Driver was late, missed my shift start."
T001886,E00446,5,Natural water character from PM such painting seem clear either.
T001886,E00292,5,Admit hundred real song poor because buy provide.
T001886,E00422,4,Manage crime nearly most less able protect do different quality smile matter tell.
T001886,E00618,4,"Driver was late, missed my shift start."
T001886,E00582,5,Route felt longer than usual today.
T001887,E00217,3,Route felt longer than usual today.
T001887,E00187,5,Vehicle was in poor condition.
T001887,E00669,5,Right month everyone soon Mr year if term.
T001888,E00430,4,Girl better beyond analysis before spring.
T001888,E00049,4,Vehicle was in poor condition.
T001888,E00695,4,Great experience overall.
T001888,E00652,4,Financial prevent everything soon cost tell budget husband financial season.
T001889,E00220,4,Interest statement dream central require politics measure apply around clear yourself cut.
T001889,E00487,4,"Smooth ride, no complaints."
T001891,E00229,5,Land stock performance treatment anyone become everybody voice decide try little bring blood.
T001892,E00788,5,"Driver was late, missed my shift start."
T001893,E00449,4,Section operation level present increase sit bit piece hold until set vote.
T001893,E00545,5,"Smooth ride, no complaints."
T001893,E00464,5,Within wrong return election ok expect within level model test TV pick baby.
T001894,E00483,5,Future front close budget line coach more test kitchen seat likely.
T001895,E00001,5,Out argue dinner born indeed interview need mention single like strong.
T001895,E00404,5,Throw quality these open write edge make.
T001896,E00381,5,Route felt longer than usual today.
T001897,E00412,5,"Smooth ride, no complaints."
T001898,E00311,4,Route felt longer than usual today.
T001900,E00533,4,"Driver was late, missed my shift start."
T001900,E00428,5,Movement magazine study American there nice black.
T001900,E00184,4,Consider expert address reveal near six.
T001901,E00336,4,Term matter address prepare protect fall sometimes career then who class.
T001901,E00400,4,Hospital also year own shake necessary suggest.
T001902,E00205,4,Route felt longer than usual today.
T001902,E00450,5,Vehicle was in poor condition.
T001903,E00743,4,Great experience overall.
T001904,E00498,4,Huge line home kind radio at people brother official.
T001904,E00023,4,Recent vote wall become area break image fear certain authority.
T001905,E00445,5,Until design hair without western possible short throughout church summer reflect reason.
T001908,E00691,3,"Smooth ride, no complaints."
T001908,E00600,5,Mrs develop carry my fall at age feeling blue interesting speak avoid administration.
T001908,E00538,3,"Smooth ride, no complaints."
T001908,E00242,3,Route felt longer than usual today.
T001908,E00529,5,Great experience overall.
T001908,E00063,4,Great experience overall.
T001909,E00117,5,Great experience overall.
T001909,E00122,4,Vehicle was in poor condition.
T001909,E00304,5,On time and courteous driver.
T001910,E00141,4,"Smooth ride, no complaints."
T001910,E00567,4,Another big treatment help rest shake research writer.
T001911,E00395,5,Route felt longer than usual today.
T001911,E00585,5,"Driver was late, missed my shift start."
T001911,E00376,4,Identify some discuss test pass form finally before about.
T001911,E00667,5,Route felt longer than usual today.
T001911,E00193,4,"Driver was late, missed my shift start."
T001912,E00785,5,Star they everybody material employee year.
T001912,E00737,5,Great experience overall.
T001913,E00495,5,Vehicle was in poor condition.
T001913,E00528,5,"Driver was late, missed my shift start."
T001913,E00322,5,Vehicle was in poor condition.
T001914,E00703,5,Measure space skin talk business line necessary fly share ten carry side.
T001914,E00715,4,Traditional forget better doctor head none media game employee heavy voice.
T001914,E00198,5,Several speech left dinner himself child.
T001914,E00629,5,"Driver was late, missed my shift start."
T001915,E00784,5,Itself scene yard sign institution leg center group kid.
T001915,E00139,5,"Smooth ride, no complaints."
T001915,E00641,5,"Driver was late, missed my shift start."
T001915,E00586,5,"Smooth ride, no complaints."
T001916,E00130,4,"Driver was late, missed my shift start."
T001916,E00262,4,Leave article matter business his enjoy.
T001917,E00192,4,Mother political discover professor article best fish without morning simply thousand fast.
T001917,E00146,4,Subject me food learn Congress anyone.
T001917,E00320,4,"Smooth ride, no complaints."
T001918,E00188,5,On time and courteous driver.
T001918,E00147,4,Common employee seem rate idea challenge late never street young large investment carry.
T001918,E00729,4,Present help deal long attack strong deal full risk whom husband.
T001920,E00305,5,"Driver was late, missed my shift start."
T001922,E00617,4,On time and courteous driver.
T001922,E00640,4,Vehicle was in poor condition.
T001922,E00494,5,Route felt longer than usual today.
T001924,E00505,5,"Driver was late, missed my shift start."
T001925,E00645,5,Reality group by throw issue mean little appear time really something.
T001926,E00006,5,Route felt longer than usual today.
T001926,E00543,5,Truth model hotel quickly computer really sister since employee get agent modern.
T001926,E00017,5,Sign listen officer score whatever force table investment either across court prevent focus.
T001927,E00224,5,Around list other leg represent general city sure only television drop.
T001927,E00138,4,On time and courteous driver.
T001928,E00174,3,Route felt longer than usual today.
T001928,E00793,4,Great experience overall.
T001928,E00658,3,On time and courteous driver.
T001929,E00576,4,"Smooth ride, no complaints."
T001929,E00170,4,"Driver was late, missed my shift start."
T001930,E00343,5,Employee suddenly local team see candidate rock Congress relationship compare poor lot.
T001930,E00624,4,On time and courteous driver.
T001931,E00227,4,"Driver was late, missed my shift start."
T001931,E00462,5,Vehicle was in poor condition.
T001931,E00306,5,Vehicle was in poor condition.
T001932,E00225,4,Seven structure store prepare majority parent why.
T001933,E00575,5,Institution arm family pattern myself box environmental.
T001934,E00344,5,Identify network allow compare billion interesting official debate task condition ahead conference including.
T001935,E00057,5,Vehicle was in poor condition.
T001938,E00120,5,Some add you three continue however many back institution agent author let thought.
T001938,E00050,4,"Smooth ride, no complaints."
T001940,E00791,4,"Driver was late, missed my shift start."
T001940,E00346,4,Tv south ball under knowledge sing.
T001940,E00614,5,"Driver was late, missed my shift start."
T001940,E00034,4,On time and courteous driver.
T001941,E00574,4,Great experience overall.
T001941,E00228,5,Rate walk fact cup continue strong contain true heavy difference.
T001942,E00351,4,"Smooth ride, no complaints."
T001942,E00628,5,"Driver was late, missed my shift start."
T001942,E00251,4,Route felt longer than usual today.
T001942,E00084,5,Television key none site item drop new.
T001942,E00255,5,Develop none scientist series foot article thing past partner would foot recognize.
T001942,E00349,5,Scene different left citizen serve conference technology civil.
T001943,E00008,3,"Driver was late, missed my shift start."
T001943,E00594,3,Brother hold girl answer window none investment by involve information house former commercial.
T001943,E00239,4,Need field with open enter see only age.
T001943,E00649,5,On time and courteous driver.
T001944,E00420,4,"Smooth ride, no complaints."
T001944,E00735,4,Vehicle was in poor condition.
T001945,E00417,5,Route felt longer than usual today.
T001946,E00360,4,Vehicle was in poor condition.
T001946,E00548,4,Great experience overall.
T001946,E00035,3,Media national feeling able security year.
T001947,E00254,5,Suffer against and act resource billion where such organization coach sign.
T001948,E00210,4,Since war think draw allow else occur alone different together.
T001948,E00107,5,On time and courteous driver.
T001950,E00071,5,Whatever easy community whatever each attack child hear present former.
T001950,E00366,5,Great experience overall.
T001950,E00356,4,Box those difficult front forget responsibility.
T001951,E00367,4,Vehicle was in poor condition.
T001951,E00514,5,Difficult if mean never night reason.
T001951,E00179,5,Perhaps sense early themselves far east try option.
T001952,E00375,5,Great experience overall.
T001954,E00310,5,Account Mr get second Mrs population business.
T001954,E00148,5,"Smooth ride, no complaints."
T001954,E00090,5,On time and courteous driver.
T001954,E00734,5,Route felt longer than usual today.
T001954,E00550,5,Great experience overall.
T001954,E00790,5,Great experience overall.
T001954,E00601,5,Vehicle was in poor condition.
T001954,E00711,5,"Smooth ride, no complaints."
T001955,E00040,5,"Driver was late, missed my shift start."
T001956,E00238,5,Sell bed they arm sister seem hotel traditional particularly.
T001957,E00207,4,Care argue central whom husband away least onto everyone assume address consider simple.
T001957,E00116,4,Great experience overall.
T001959,E00280,4,Great experience overall.
T001960,E00397,5,On time and courteous driver.
T001961,E00686,4,"Smooth ride, no complaints."
T001961,E00209,5,Political not top game worry best car how away.
T001962,E00639,5,Between head reveal campaign interest week list character.
T001963,E00752,5,Picture human him today center agent per build speak direction above or.
T001963,E00337,5,Total firm case article coach black government discover forward act behind decide.
T001963,E00325,5,Beyond policy federal program any surface magazine.
T001963,E00688,5,Leave cause letter wind hear scientist team check behavior nation remain effect something.
T001963,E00795,5,Route felt longer than usual today.
T001964,E00333,5,"Driver was late, missed my shift start."
T001964,E00018,5,"Smooth ride, no complaints."
T001965,E00460,4,Red music body Congress until account sign low among manage.
T001965,E00129,5,Stop cup decade doctor color operation next great group pay.
T001965,E00003,5,"Smooth ride, no complaints."
T001965,E00561,4,Coach level myself face item arm.
T001965,E00161,5,Great experience overall.
T001966,E00265,5,Route felt longer than usual today.
T001966,E00597,4,Four me six same most stop must win fly join soldier career.
T001966,E00579,5,Adult meet huge by once collection figure describe.
T001966,E00759,5,On time and courteous driver.
T001966,E00388,5,"Driver was late, missed my shift start."
T001966,E00033,5,Say bag one collection city contain go sense mouth good.
T001966,E00693,5,Collection third feel common in open edge Congress actually surface college.
T001967,E00022,4,Early event explain of order small painting pretty.
T001967,E00542,5,Color really always improve a truth through stock apply oil involve.
T001967,E00315,5,At structure positive affect discuss avoid say base.
T001967,E00524,4,Vehicle was in poor condition.
T001967,E00456,5,Early several much concern civil student behavior wear.
T001967,E00631,5,"Smooth ride, no complaints."
T001968,E00676,5,On time and courteous driver.
T001968,E00082,4,Vehicle was in poor condition.
T001968,E00723,4,"Driver was late, missed my shift start."
T001968,E00596,5,Him accept another whole use century magazine also.
T001969,E00124,5,Great experience overall.
T001969,E00024,5,Route felt longer than usual today.
T001969,E00185,4,"Smooth ride, no complaints."
T001969,E00260,4,Exactly book rate individual subject listen job candidate example remember require.
T001970,E00564,5,Action occur direction community even bed step probably tax pull.
T001970,E00465,5,Work though skill boy poor society else Republican.
T001970,E00382,5,Federal voice resource home everybody stage break see least less probably.
T001970,E00557,5,Model live inside truth all teach decade economy factor perhaps.
T001971,E00751,5,Route felt longer than usual today.
T001971,E00011,4,Standard they speak list teach beyond.
T001971,E00137,5,"Driver was late, missed my shift start."
T001972,E00126,4,On time and courteous driver.
T001972,E00619,4,Route felt longer than usual today.
T001972,E00738,4,"Driver was late, missed my shift start."
T001972,E00678,4,Great experience overall.
T001972,E00282,4,"Driver was late, missed my shift start."
T001973,E00240,4,"Smooth ride, no complaints."
T001973,E00532,5,Kid your structure manager past country feel consumer think expert despite film sign.
T001973,E00443,5,Route felt longer than usual today.
T001974,E00444,5,Great experience overall.
T001975,E00419,4,"Smooth ride, no complaints."
T001976,E00190,5,"Smooth ride, no complaints."
T001976,E00503,5,Vehicle was in poor condition.
T001977,E00750,4,"Driver was late, missed my shift start."
T001977,E00301,4,"Driver was late, missed my shift start."
T001977,E00056,5,Shoulder collection environmental into friend cultural.
T001978,E00741,5,Occur large set action grow fall movie seat her set.
T001978,E00348,5,Nice among read common middle safe entire present without about fund.
T001979,E00665,4,"Smooth ride, no complaints."
T001980,E00007,4,On time and courteous driver.
T001981,E00718,5,Themselves personal fine score environmental before risk doctor sister owner structure allow.
T001981,E00480,4,Local back public anyone major positive improve behind.
T001983,E00471,5,On time and courteous driver.
T001985,E00517,5,Route felt longer than usual today.
T001986,E00369,4,Vehicle was in poor condition.
T001986,E00172,5,On time and courteous driver.
T001987,E00593,5,Vehicle was in poor condition.
T001989,E00777,4,Lay what mission every lead how heart my.
T001989,E00128,5,"Smooth ride, no complaints."
T001989,E00283,5,Vehicle was in poor condition.
T001990,E00181,5,Great experience overall.
T001990,E00431,5,Successful white goal indeed to support capital theory sense identify under.
T001990,E00150,5,Happy father really mind staff second.
T001990,E00544,5,Almost art laugh under cold successful action military free recently power study his.
T001991,E00440,4,Wish guy send into front already relationship know trip.
T001991,E00295,5,On time and courteous driver.
T001991,E00435,4,Meeting deep how popular program against identify red thought build usually consumer contain.
T001991,E00292,4,Thousand little off example ball administration mention meet medical forget maybe.
T001992,E00787,4,"Smooth ride, no complaints."
T001992,E00670,3,Put space another likely day increase fight spend recent really.
T001993,E00065,4,Series would agency such sometimes point summer such PM number catch brother.
T001993,E00447,5,Around possible night share share nation husband rich ahead hospital cost.
T001993,E00478,5,"Driver was late, missed my shift start."
T001994,E00449,5,Vehicle was in poor condition.
T001994,E00483,4,Several I clear us put they.
T001994,E00430,5,"Driver was late, missed my shift start."
T001995,E00058,5,Court special ok short meeting past pull note movie civil build child.
T001996,E00652,5,On time and courteous driver.
T001996,E00513,4,"Smooth ride, no complaints."
T001996,E00370,4,Whole show significant do bed scene two move state final.
T001997,E00487,5,Commercial onto citizen deal receive movie west doctor this.
T001998,E00713,5,Route felt longer than usual today.
T001998,E00695,5,Route felt longer than usual today.
T001998,E00136,3,Route felt longer than usual today.
T001999,E00001,4,Whatever few writer own affect executive simple particular industry.
T001999,E00302,4,Yes out as future Mrs couple.
T002000,E00525,5,Vehicle was in poor condition.
T002000,E00450,5,Route felt longer than usual today.
T002002,E00214,4,Election parent class yourself discussion tree score everyone skill speech.
T002002,E00182,4,Situation really state away right born likely.
T002002,E00208,5,Hit heavy political professional question gas.
T002003,E00381,4,Oil sense total appear here surface think ok reveal center sure memory.
T002004,E00045,5,Vehicle was in poor condition.
T002004,E00412,5,Vehicle was in poor condition.
T002004,E00698,5,Vehicle was in poor condition.
T002005,E00428,5,"Smooth ride, no complaints."
T002006,E00587,4,On time and courteous driver.
T002008,E00400,5,Vehicle was in poor condition.
T002009,E00404,4,Ability vote simple boy approach out choose piece amount they.
T002009,E00336,5,All pick all political term teacher lawyer I.
T002009,E00442,5,Vehicle was in poor condition.
T002011,E00392,4,Close watch nearly prepare side strategy successful for water produce affect challenge.
T002011,E00352,4,On time and courteous driver.
T002011,E00691,5,Process whole week contain positive place become industry able view rate rest.
T002011,E00122,4,Teach commercial line hot administration almost card admit person lead.
T002011,E00117,5,Yes instead pull think exactly despite sort high.
T002012,E00242,2,"Driver was late, missed my shift start."
T002013,E00395,4,"Smooth ride, no complaints."
T002013,E00149,5,Politics free miss start machine accept condition save.
T002013,E00455,5,Specific us central class theory Democrat others one voice.
T002014,E00496,5,Whatever learn eat consumer travel now if.
T002014,E00454,4,Great experience overall.
T002014,E00039,5,"Smooth ride, no complaints."
T002015,E00198,5,On time and courteous driver.
T002015,E00327,5,Vehicle was in poor condition.
T002016,E00785,5,"Driver was late, missed my shift start."
T002016,E00621,5,Economic heavy set a truth family.
T002016,E00403,5,Five such through final goal develop shake eight senior record.
T002017,E00408,5,On time and courteous driver.
T002017,E00528,4,Smile single everything administration during hundred reduce subject together national budget.
T002017,E00703,5,Later marriage military everybody Republican in yourself whether discuss although idea less simple.
T002019,E00055,4,"Driver was late, missed my shift start."
T002019,E00074,4,On time and courteous driver.
T002021,E00130,5,Imagine one can ok note machine treat thought toward care anything either.
T002021,E00608,5,"Smooth ride, no complaints."
T002021,E00586,4,Route felt longer than usual today.
T002022,E00552,5,Modern continue which nor can himself huge whom we notice impact country general.
T002023,E00145,5,On time and courteous driver.
T002023,E00098,5,"Smooth ride, no complaints."
T002023,E00505,5,Vehicle was in poor condition.
T002024,E00501,4,On time and courteous driver.
T002025,E00635,5,World training way price child trip owner week nature democratic seem same tend.
T002025,E00263,5,Route felt longer than usual today.
T002027,E00526,4,"Driver was late, missed my shift start."
T002027,E00794,5,"Driver was late, missed my shift start."
T002028,E00617,4,New less many particularly head sit activity building effort common model.
T002029,E00002,5,Time spend believe customer month couple share be yard.
T002029,E00169,5,Act above at father present probably letter human style right want.
T002029,E00494,5,Great experience overall.
T002030,E00770,5,Vehicle was in poor condition.
T002031,E00684,3,Route felt longer than usual today.
T002031,E00224,4,Scientist product table that room nor design brother daughter.
T002031,E00015,5,Route felt longer than usual today.
T002031,E00516,5,Many charge player myself car option music popular strategy himself civil skill vote.
T002031,E00275,3,Father activity perform remember character million do.
T002031,E00799,4,On time and courteous driver.
T002031,E00543,5,All usually year into wall bill wall next.
T002032,E00387,5,Husband trip nothing with since TV without almost write have move these be.
T002033,E00576,5,Great experience overall.
T002033,E00590,5,Early very large impact beyond moment occur within check share.
T002033,E00227,5,Vehicle was in poor condition.
T002034,E00053,5,"Driver was late, missed my shift start."
T002034,E00170,4,"Driver was late, missed my shift start."
T002035,E00164,5,Support according easy vote make building clear different authority.
T002035,E00306,5,Route felt longer than usual today.
T002035,E00174,5,Lot peace sure best appear majority cultural college.
T002036,E00620,5,Wrong glass difficult beat offer professional whole chair four perform structure our.
T002036,E00386,5,Opportunity middle cover least couple rule.
T002036,E00624,4,Vehicle was in poor condition.
T002037,E00293,5,System financial suggest expert participant sister management agent seek.
T002037,E00427,4,Route felt longer than usual today.
T002038,E00401,4,Indeed campaign different worry type those reality like focus since part skill.
T002038,E00353,5,Route felt longer than usual today.
T002040,E00078,4,Vehicle was in poor condition.
T002041,E00575,4,Alone try newspaper sit ground low draw price tell or bad goal cover eight.
T002042,E00682,3,Route felt longer than usual today.
T002043,E00705,5,"Driver was late, missed my shift start."
T002043,E00470,5,"Driver was late, missed my shift start."
T002045,E00488,4,Sport next government ability get score rock space fly strong end responsibility people.
T002045,E00560,4,"Driver was late, missed my shift start."
T002045,E00653,4,Route felt longer than usual today.
T002045,E00095,3,Great experience overall.
T002045,E00373,4,Eat project two another man list anything action early stock.
T002046,E00115,2,Response five find much world yes.
T002046,E00614,3,Page small national condition sound agency decade him shoulder.
T002046,E00379,4,Draw he star never range everything.
T002047,E00628,4,Process move actually hot church recently.
T002047,E00372,5,Route felt longer than usual today.
T002047,E00796,4,Wife him reality remember deal data door.
T002047,E00591,5,Car area couple world feel sure me medical apply shoulder it.
T002047,E00062,5,Measure who next yeah amount collection.
T002048,E00316,5,"Smooth ride, no complaints."
T002048,E00735,5,Outside past must reveal realize though example.
T002048,E00092,4,Bad current task certainly hope beyond friend every.
T002049,E00594,5,Night garden song drive probably born prevent allow yes sometimes.
T002049,E00679,5,Chair finish over like according local evening represent.
T002050,E00548,4,Lose recently so tell quickly quickly case policy cultural.
T002050,E00314,4,Seek eye second statement occur role office instead society sound young.
T002050,E00083,5,"Smooth ride, no complaints."
T002050,E00342,4,"Driver was late, missed my shift start."
T002051,E00650,3,Their conference force serve heavy able discussion.
T002051,E00270,4,Case his science feeling can main.
T002053,E00113,5,Vehicle was in poor condition.
T002054,E00514,4,"Driver was late, missed my shift start."
T002054,E00288,5,Trade accept trade might any up appear door how draw stop he can.
T002055,E00474,5,Vehicle was in poor condition.
T002055,E00458,5,Route felt longer than usual today.
T002055,E00375,4,"Smooth ride, no complaints."
T002056,E00748,5,Route felt longer than usual today.
T002057,E00312,4,Thought because plan entire account nation building teacher only or write around.
T002058,E00563,5,Great experience overall.
T002058,E00088,4,Great experience overall.
T002058,E00040,5,Police century career part fund read should least he.
T002058,E00790,5,Vehicle was in poor condition.
T002058,E00765,4,Vehicle was in poor condition.
T002058,E00090,5,Receive happen tax off station wide among perhaps mouth amount tell.
T002058,E00601,4,Give spring manage far focus specific word opportunity case five section.
T002061,E00238,4,"Driver was late, missed my shift start."
T002061,E00157,3,Vehicle was in poor condition.
T002062,E00194,5,"Smooth ride, no complaints."
T002064,E00632,5,Example experience forget message buy administration night responsibility organization girl go deep though.
T002064,E00578,4,Vehicle was in poor condition.
T002064,E00209,5,Seven huge image term others rate change management manager.
T002065,E00284,4,Record here doctor speech bill information cause my air action.
T002067,E00660,5,Vehicle was in poor condition.
T002067,E00800,4,On time and courteous driver.
T002067,E00561,5,"Driver was late, missed my shift start."
T002067,E00086,5,Tell child instead TV administration culture son as mean agree hear.
T002067,E00409,4,Great experience overall.
T002068,E00398,5,Race attack discover rise week institution speak firm.
T002068,E00630,5,"Driver was late, missed my shift start."
T002068,E00038,5,Get key artist can eight avoid.
T002069,E00267,5,Opportunity film note argue heart enough seat degree quite.
T002069,E00565,5,Reason would level approach reveal but value bag poor modern.
T002070,E00672,4,Vehicle was in poor condition.
T002070,E00033,5,"Smooth ride, no complaints."
T002070,E00388,4,On time and courteous driver.
T002070,E00022,3,"Driver was late, missed my shift start."
T002070,E00315,4,Great experience overall.
T002071,E00272,5,Mother itself season feel responsibility oil involve home but dog thing require manager.
T002071,E00080,4,On time and courteous driver.
T002071,E00607,4,Provide least natural according rather any control drug second long listen room my each.
T002071,E00731,4,South beyond control agent growth major.
T002071,E00756,5,Couple stage real page look skill card not.
T002071,E00542,5,Eye always than TV focus several spring various time least pay.
T002071,E00759,5,Route felt longer than usual today.
T002072,E00676,4,On time and courteous driver.
T002072,E00798,4,Present election keep truth perform remember difference movement full cell carry rather against.
T002073,E00661,4,Great experience overall.
T002073,E00717,3,Edge yard assume pattern direction sometimes might.
T002073,E00465,4,On time and courteous driver.
T002074,E00124,5,"Smooth ride, no complaints."
T002075,E00581,5,Vehicle was in poor condition.
T002075,E00137,4,Catch which manager audience opportunity change part son low.
T002075,E00176,5,Television foreign environmental garden to arm unit food nothing participant.
T002075,E00134,5,Cut where buy about strategy small.
T002075,E00259,4,Great experience overall.
T002076,E00758,5,Degree choice similar it personal single trial manage level.
T002076,E00154,4,Route felt longer than usual today.
T002078,E00247,5,"Smooth ride, no complaints."
T002078,E00741,5,On time and courteous driver.
T002078,E00298,5,"Driver was late, missed my shift start."
T002079,E00546,4,Vehicle was in poor condition.
T002079,E00089,4,Route felt longer than usual today.
T002079,E00299,5,Data away though media whether western I federal.
T002080,E00359,4,"Smooth ride, no complaints."
T002080,E00673,5,Agreement sort about next appear her alone pass college me fight picture.
T002080,E00213,5,Road also list remain road car many.
T002081,E00613,5,"Smooth ride, no complaints."
T002081,E00160,4,Great experience overall.
T002082,E00520,4,Great experience overall.
T002083,E00143,4,Great experience overall.
T002084,E00105,5,Push than list serve media into.
T002085,E00472,5,Great experience overall.
T002085,E00517,5,Vehicle was in poor condition.
T002087,E00714,4,"Driver was late, missed my shift start."
T002087,E00425,5,Case notice able unit store add always religious course meet word.
T002089,E00155,5,"Driver was late, missed my shift start."
T002089,E00172,5,Third somebody watch rock executive language fire magazine only bit understand.
T002089,E00421,4,Vehicle was in poor condition.
T002090,E00777,4,Recognize number machine off must everyone young smile election trial media alone science.
T002090,E00330,5,Vehicle was in poor condition.
T002091,E00718,5,Sport add example reduce product central indicate their fast camera.
T002091,E00477,5,"Driver was late, missed my shift start."
T002093,E00059,5,Vehicle was in poor condition.
T002095,E00670,3,On time and courteous driver.
T002095,E00295,3,Great experience overall.
T002095,E00399,5,Wish either herself candidate church nature region they.
T002095,E00626,4,"Smooth ride, no complaints."
T002095,E00422,5,"Smooth ride, no complaints."
T002095,E00429,4,"Smooth ride, no complaints."
T002095,E00094,5,Produce travel forget explain usually direction.
T002095,E00292,5,Route felt longer than usual today.
T002096,E00308,4,On time and courteous driver.
T002096,E00279,5,"Driver was late, missed my shift start."
T002096,E00446,5,Route felt longer than usual today.
T002096,E00237,5,"Driver was late, missed my shift start."
T002097,E00309,4,About available rate join recognize try.
T002097,E00627,5,Vehicle was in poor condition.
T002097,E00539,5,"Smooth ride, no complaints."
T002098,E00243,5,Case cover option most trip voice feel step.
T002098,E00545,4,Route felt longer than usual today.
T002099,E00175,3,On time and courteous driver.
T002099,E00285,3,Game resource second receive ask message may center.
T002099,E00652,2,Vehicle was in poor condition.
T002100,E00277,5,Route felt longer than usual today.
T002100,E00447,5,Route felt longer than usual today.
T002100,E00250,5,On time and courteous driver.
T002101,E00481,3,Day moment national low form national summer.
T002102,E00721,5,Hold anyone recently would customer rich.
T002102,E00637,4,Politics husband level woman outside win why hot send foot into kitchen especially.
T002102,E00136,5,On time and courteous driver.
T002103,E00220,4,"Smooth ride, no complaints."
T002103,E00713,5,"Driver was late, missed my shift start."
T002104,E00410,5,Cover question drop about per truth child house budget style.
T002105,E00208,5,"Driver was late, missed my shift start."
T002105,E00428,4,Off cell base husband account industry.
T002106,E00045,5,"Driver was late, missed my shift start."
T002106,E00547,4,Route felt longer than usual today.
T002107,E00302,4,Too run range image everyone material unit water follow seem.
T002107,E00336,5,"Driver was late, missed my shift start."
T002108,E00182,4,Thousand goal yard common like ever according hit land minute.
T002112,E00745,4,Space task fact arm author him effort blood compare either few.
T002113,E00214,5,Show open line fast century summer.
T002114,E00587,5,Cut image move international mention do five like.
T002114,E00685,4,Room laugh when impact animal performance.
T002115,E00426,5,On time and courteous driver.
T002116,E00450,5,Child defense poor article and really rule music save.
T002117,E00733,5,On time and courteous driver.
T002117,E00063,5,Air participant their section defense property activity show.
T002117,E00489,5,Statement little machine suddenly start office.
T002117,E00122,5,Career evening wrong new body guy participant money federal trial less government.
T002117,E00529,5,Great experience overall.
T002117,E00242,5,"Smooth ride, no complaints."
T002117,E00451,5,"Smooth ride, no complaints."
T002117,E00256,4,Seem man write wind add focus policy well of quality.
T002117,E00473,5,Once physical nature cell work ability response economy chair the.
T002118,E00352,5,"Driver was late, missed my shift start."
T002119,E00455,4,Soon wide government most window cause.
T002119,E00132,5,Route felt longer than usual today.
T002119,E00567,5,Great experience overall.
T002119,E00667,4,Exactly success adult course fine American benefit season professor likely mouth least.
T002120,E00039,5,Route felt longer than usual today.
T002120,E00755,3,"Driver was late, missed my shift start."
T002120,E00671,4,Route felt longer than usual today.
T002120,E00278,5,Half we prevent at tonight scene year rather return cut may senior can.
T002120,E00047,5,On time and courteous driver.
T002121,E00535,4,"Smooth ride, no complaints."
T002121,E00771,5,"Driver was late, missed my shift start."
T002121,E00043,4,Vehicle was in poor condition.
T002122,E00324,4,On time and courteous driver.
T002122,E00475,5,Vehicle was in poor condition.
T002123,E00322,5,"Driver was late, missed my shift start."
T002123,E00363,5,On time and courteous driver.
T002123,E00785,5,On time and courteous driver.
T002123,E00327,4,"Smooth ride, no complaints."
T002123,E00281,4,Floor political them recent south everybody number city position detail wife investment say.
T002125,E00608,4,On time and courteous driver.
T002125,E00074,5,Great experience overall.
T002126,E00562,5,Route felt longer than usual today.
T002126,E00317,4,Route felt longer than usual today.
T002126,E00320,5,"Driver was late, missed my shift start."
T002126,E00188,5,Vehicle was in poor condition.
T002127,E00060,4,"Driver was late, missed my shift start."
T002127,E00055,4,Reveal heavy performance evidence learn stuff fall might better word.
T002127,E00729,3,Route felt longer than usual today.
T002129,E00145,5,Record himself consider opportunity price politics race he.
T002129,E00635,5,"Smooth ride, no complaints."
T002130,E00005,4,On time and courteous driver.
T002130,E00606,4,Great experience overall.
T002131,E00305,5,Type sometimes bed must change single though statement start none increase nature.
T002132,E00231,4,Great experience overall.
T002132,E00189,4,Value until dog least certain president.
T002133,E00494,5,Late me often wonder this direction quickly.
T002133,E00770,5,Vehicle was in poor condition.
T002133,E00110,5,"Driver was late, missed my shift start."
T002133,E00098,5,Argue remain someone without first evening son my point argue thousand exactly letter.
T002135,E00640,5,Ok reflect audience social inside finish dark modern writer these name.
T002135,E00645,5,"Smooth ride, no complaints."
T002136,E00479,4,Rate successful see leg at on fly owner newspaper few member part Republican.
T002137,E00599,4,Route felt longer than usual today.
T002137,E00684,3,Cold step decision enjoy memory in modern technology where rate.
T002137,E00543,3,Bad down human board boy place property agreement sure scene natural.
T002137,E00692,3,Between up positive music poor suggest six better short spring ago still.
T002139,E00180,4,"Smooth ride, no complaints."
T002139,E00776,4,Great experience overall.
T002139,E00502,4,On time and courteous driver.
T002139,E00648,4,On time and courteous driver.
T002139,E00434,4,On time and courteous driver.
T002140,E00290,5,"Smooth ride, no complaints."
T002140,E00200,4,Trip hold set whole already brother.
T002142,E00576,5,On time and courteous driver.
T002144,E00225,4,Only detail single operation century network throw difference town memory upon.
T002146,E00609,4,Great experience overall.
T002146,E00390,4,Great experience overall.
T002146,E00204,5,Product parent law animal research analysis make least pass television situation.
T002147,E00575,5,On time and courteous driver.
T002147,E00293,5,"Smooth ride, no complaints."
T002148,E00490,4,"Driver was late, missed my shift start."
T002150,E00416,5,You course great land song kind science she.
T002151,E00034,4,Beyond forget place race should key toward group.
T002151,E00379,5,Modern pay push school might represent exactly.
T002151,E00346,4,Vehicle was in poor condition.
T002151,E00521,5,Vehicle was in poor condition.
T002151,E00642,5,Find word Mr bit baby ask.
T002153,E00255,5,Vehicle was in poor condition.
T002153,E00349,4,Week prepare reduce sell view within soldier surface cup movie know food.
T002153,E00156,5,Route felt longer than usual today.
T002153,E00251,4,Great experience overall.
T002154,E00221,4,"Smooth ride, no complaints."
T002155,E00201,5,Standard simply own season old just their pay Mrs them central.
T002155,E00219,5,"Smooth ride, no complaints."
T002155,E00239,3,Sound physical ground mention enjoy with off fall trip.
T002156,E00650,5,Standard institution task west sport at design care.
T002157,E00046,5,"Smooth ride, no complaints."
T002157,E00021,4,Look serve media decade budget old marriage laugh true over.
T002157,E00523,4,Route felt longer than usual today.
T002158,E00548,5,On time and courteous driver.
T002158,E00411,4,Production do meeting which similar decade also.
T002158,E00041,4,"Smooth ride, no complaints."
T002158,E00350,4,Stop former happy relate fight clear start dinner feel heavy yeah health nearly.
T002158,E00289,4,School Mr on someone agency level debate factor his likely effort computer business sea.
T002159,E00514,5,"Smooth ride, no complaints."
T002160,E00113,5,"Smooth ride, no complaints."
T002160,E00367,5,Great experience overall.
T002161,E00091,5,"Smooth ride, no complaints."
T002162,E00107,5,"Smooth ride, no complaints."
T002163,E00071,3,Great experience overall.
T002164,E00374,5,Route felt longer than usual today.
T002164,E00712,5,Route felt longer than usual today.
T002164,E00734,5,Route felt longer than usual today.
T002166,E00780,5,Ground exist bank phone environment use upon boy as able actually claim close.
T002166,E00194,5,"Driver was late, missed my shift start."
T002166,E00656,4,On time and courteous driver.
T002166,E00341,5,"Driver was late, missed my shift start."
T002167,E00518,5,Professor identify necessary population wall through between skin feel event look recognize.
T002167,E00588,4,On time and courteous driver.
T002167,E00657,5,"Driver was late, missed my shift start."
T002169,E00690,4,Great experience overall.
T002169,E00632,5,Relate effort none really specific explain.
T002169,E00114,4,Option rest by if professor young wife.
T002170,E00284,5,On time and courteous driver.
T002170,E00025,5,On time and courteous driver.
T002171,E00209,4,Vehicle was in poor condition.
T002171,E00578,5,Speech interesting table girl usually ahead.
T002173,E00337,5,Great experience overall.
T002173,E00125,5,His standard bring three indeed laugh but second wrong including weight ability young.
T002173,E00018,4,Trip everyone specific TV care support campaign quite without environmental open.
T002174,E00409,4,Route felt longer than usual today.
T002174,E00009,5,"Driver was late, missed my shift start."
T002174,E00779,4,"Driver was late, missed my shift start."
T002174,E00565,5,"Smooth ride, no complaints."
T002174,E00086,4,Great experience overall.
T002175,E00556,5,Authority write rise will network through.
T002176,E00702,3,Group science behind ten pass force player everybody idea ever agree clearly.
T002176,E00689,4,Since go leader surface traditional its film than heavy.
T002176,E00153,3,Vehicle was in poor condition.
T002176,E00536,5,"Driver was late, missed my shift start."
T002176,E00732,4,Great experience overall.
T002177,E00524,5,Body himself majority campaign design nothing.
T002177,E00542,5,Same poor throw plant green serious police magazine just surface.
T002177,E00597,5,Speech fear and describe teach society sport follow win.
T002179,E00185,5,Route felt longer than usual today.
T002179,E00675,5,"Smooth ride, no complaints."
T002180,E00751,5,Gas rock without story site even eye raise themselves human.
T002180,E00532,5,Vehicle was in poor condition.
T002180,E00154,5,Route felt longer than usual today.
T002180,E00699,4,On time and courteous driver.
T002181,E00259,4,Congress treat director a light drop do.
T002181,E00134,4,Understand every rule receive health lot oil cup group.
T002182,E00011,3,End sit leader military operation first as.
T002182,E00619,4,Face on experience kid practice interesting.
T002183,E00137,5,Route felt longer than usual today.
T002183,E00769,5,"Driver was late, missed my shift start."
T002184,E00407,5,"Smooth ride, no complaints."
T002185,E00665,5,Route felt longer than usual today.
T002185,E00131,5,Create recognize source maybe art rich movie whole beat deal base begin.
T002186,E00340,5,Economic item movement color billion son.
T002186,E00348,4,"Smooth ride, no complaints."
T002186,E00097,5,Route felt longer than usual today.
T002186,E00056,4,"Smooth ride, no complaints."
T002187,E00744,3,Great experience overall.
T002187,E00234,5,Sometimes back lay animal provide piece floor feeling former law apply politics.
T002187,E00432,5,Route felt longer than usual today.
T002187,E00493,5,Route felt longer than usual today.
T002187,E00247,4,"Smooth ride, no complaints."
T002187,E00419,5,Central into official cup under return.
T002188,E00014,4,Vehicle was in poor condition.
T002188,E00301,5,Route felt longer than usual today.
T002189,E00750,5,Route felt longer than usual today.
T002190,E00007,5,"Driver was late, missed my shift start."
T002191,E00283,5,Walk conference sea activity almost continue approach where it friend.
T002192,E00271,3,"Driver was late, missed my shift start."
T002193,E00415,5,Travel affect for store collection scientist benefit small agree important.
T002194,E00425,5,Billion away floor open center believe.
T002194,E00093,5,Interesting economic support mind campaign table everyone all floor than onto.
T002194,E00615,5,Professor another help pretty believe professional pass another.
T002196,E00453,5,Vehicle was in poor condition.
T002198,E00215,4,Box debate move decide office court.
T002199,E00593,4,Great experience overall.
T002200,E00112,5,Hair military western bring Democrat during our friend.
T002200,E00709,5,Route felt longer than usual today.
T002200,E00670,4,Vehicle was in poor condition.
T002200,E00166,5,Quickly four describe control hundred significant fear kind soldier community on.
T002200,E00544,5,"Smooth ride, no complaints."
T002201,E00446,5,"Driver was late, missed my shift start."
T002201,E00707,5,Investment environment seat role on ground join law prove person term.
T002201,E00626,4,Everybody of PM guess perform store green strong begin.
T002201,E00726,4,Route felt longer than usual today.
T002201,E00217,5,Young word identify sport none at maintain today.
T002201,E00555,5,Route felt longer than usual today.
T002202,E00429,3,"Driver was late, missed my shift start."
T002202,E00431,4,Have east policy art trouble indicate black list.
T002202,E00279,5,On time and courteous driver.
T002202,E00276,4,Despite identify ok he eye kid yeah establish share its.
T002203,E00511,4,Project full night recognize record imagine seven thing office thousand.
T002203,E00537,5,"Smooth ride, no complaints."
T002203,E00220,4,Child dark treat sense hold type character billion little.
T002204,E00235,5,Great experience overall.
T002204,E00171,4,Political tell recently industry cultural personal use food.
T002205,E00721,5,On time and courteous driver.
T002205,E00487,5,Vehicle was in poor condition.
T002205,E00370,5,Vote expert nature matter investment protect ago size.
T002206,E00430,4,Room chair not opportunity door part threat national price indeed great.
T002206,E00197,4,"Driver was late, missed my shift start."
T002206,E00229,5,Purpose matter big to middle culture left ahead.
T002207,E00483,3,Market decade capital arrive reality simple.
T002207,E00478,5,"Driver was late, missed my shift start."
T002208,E00049,4,"Driver was late, missed my shift start."
T002208,E00481,3,"Smooth ride, no complaints."
T002208,E00736,3,Wall event party sport where tough.
T002208,E00410,3,Great experience overall.
T002210,E00405,5,"Driver was late, missed my shift start."
T002211,E00698,5,New cause rule off brother without.
T002213,E00442,5,Vehicle was in poor condition.
T002214,E00380,5,Vehicle was in poor condition.
T002214,E00587,5,Huge cultural should situation kind contain politics stuff security.
T002216,E00045,4,Home reflect general if true course board catch.
T002216,E00208,5,Team open tonight activity house of measure professor year body politics reflect himself.
T002217,E00498,4,"Smooth ride, no complaints."
T002217,E00743,5,Route felt longer than usual today.
T002218,E00044,5,Great experience overall.
T002220,E00547,5,Note because improve writer agent radio nearly despite determine.
T002220,E00436,5,"Driver was late, missed my shift start."
T002220,E00354,5,Great experience overall.
T002222,E00529,3,Route felt longer than usual today.
T002222,E00075,4,Allow what blue glass significant agree husband.
T002222,E00538,3,Great experience overall.
T002222,E00377,4,On time and courteous driver.
T002223,E00451,5,Great experience overall.
T002224,E00108,5,Nothing evening one seven ball difficult evening evening live.
T002224,E00047,5,Street prevent day rate move beyond animal nor something enter rock.
T002224,E00671,4,Vehicle was in poor condition.
T002224,E00455,5,On time and courteous driver.
T002224,E00106,5,Ten management describe available economy name.
T002225,E00393,4,Hundred wish official report production bar agent.
T002225,E00132,4,Route felt longer than usual today.
T002225,E00720,5,Prevent two throw although morning store individual indicate budget.
T002225,E00149,5,Yourself security authority per always factor business suffer customer maybe sea forget.
T002225,E00395,4,Route felt longer than usual today.
T002226,E00327,5,On time and courteous driver.
T002227,E00413,4,End choose art five avoid article long worker benefit study up between TV.
T002227,E00495,5,Route felt longer than usual today.
T002227,E00771,5,Arrive food lose talk this so break theory site best.
T002228,E00621,5,Unit stage you field less test claim usually new.
T002228,E00198,4,Great experience overall.
T002228,E00475,5,Great experience overall.
T002228,E00629,5,Great experience overall.
T002229,E00073,4,Eye budget subject least place first training.
T002229,E00608,5,"Smooth ride, no complaints."
T002229,E00320,5,Great experience overall.
T002230,E00147,5,Vehicle was in poor condition.
T002230,E00562,4,Route felt longer than usual today.
T002230,E00163,5,On time and courteous driver.
T002231,E00643,4,"Smooth ride, no complaints."
T002232,E00757,5,Significant parent wide live member make.
T002232,E00606,5,Vehicle was in poor condition.
T002233,E00145,3,Team could author never who also PM feeling wife.
T002234,E00505,5,"Smooth ride, no complaints."
T002234,E00640,5,Business officer experience economic charge give theory away down turn.
T002237,E00168,5,Vehicle was in poor condition.
T002238,E00794,4,"Smooth ride, no complaints."
T002239,E00006,4,Route felt longer than usual today.
T002239,E00158,4,Route felt longer than usual today.
T002239,E00799,3,Vehicle was in poor condition.
T002239,E00684,4,"Smooth ride, no complaints."
T002239,E00701,4,"Driver was late, missed my shift start."
T002239,E00746,4,Vehicle was in poor condition.
T002240,E00206,5,Route felt longer than usual today.
T002240,E00017,5,Great experience overall.
T002241,E00590,4,"Smooth ride, no complaints."
T002241,E00306,4,Great experience overall.
T002241,E00180,5,Great experience overall.
T002242,E00708,4,Route felt longer than usual today.
T002242,E00200,4,Route felt longer than usual today.
T002243,E00776,5,Former in professional whole control at natural sport.
T002244,E00268,4,Cold follow serious market find avoid catch guy main speak.
T002244,E00719,4,On others party minute trip grow hospital executive now wear determine.
T002244,E00793,5,"Smooth ride, no complaints."
T002244,E00151,5,Vehicle was in poor condition.
T002245,E00174,5,Air black wrong red future later.
T002248,E00202,5,"Smooth ride, no complaints."
T002248,E00609,4,Decade hair measure though system contain point beat choose identify set.
T002248,E00470,3,"Driver was late, missed my shift start."
T002250,E00753,5,If ago him account against amount family your TV born.
T002252,E00293,5,Above stand meeting what inside conference American red.
T002252,E00225,5,"Smooth ride, no complaints."
T002254,E00355,4,Vehicle was in poor condition.
T002254,E00653,5,On time and courteous driver.
T002254,E00488,5,Vehicle was in poor condition.
T002254,E00696,5,Sing bill above why wonder in must arrive evening will service.
T002255,E00373,4,Route felt longer than usual today.
T002255,E00642,3,On time and courteous driver.
T002257,E00649,5,Career cell line collection may born go society claim director need Congress.
T002257,E00008,5,"Smooth ride, no complaints."
T002258,E00135,5,Choice actually everyone force choose cover yourself opportunity father ability begin risk never.
T002258,E00580,4,Great experience overall.
T002259,E00360,5,Vehicle was in poor condition.
T002259,E00775,5,Painting break health site relate very get ahead table similar create.
T002259,E00321,5,Great experience overall.
T002260,E00270,4,On time and courteous driver.
T002260,E00254,5,Route felt longer than usual today.
T002261,E00548,5,Great experience overall.
T002262,E00367,5,Vehicle was in poor condition.
T002262,E00458,5,Until clearly poor option type account upon eye policy very grow.
T002262,E00424,4,"Driver was late, missed my shift start."
T002263,E00312,5,News American service model ahead unit admit authority time bill explain term.
T002264,E00071,5,Drug baby four service skill member trade upon enjoy light.
T002264,E00394,5,"Driver was late, missed my shift start."
T002264,E00179,5,Son explain this can already be member new particular against develop.
T002265,E00748,4,"Driver was late, missed my shift start."
T002266,E00612,4,Marriage tree politics whose purpose dinner next significant property best.
T002266,E00356,4,Rise responsibility economy truth dream result other add sport need when trip six.
T002267,E00550,5,Vehicle was in poor condition.
T002267,E00522,4,Great experience overall.
T002267,E00504,4,"Driver was late, missed my shift start."
T002267,E00765,5,Great experience overall.
T002268,E00374,4,"Smooth ride, no complaints."
T002269,E00341,5,Route felt longer than usual today.
T002270,E00657,5,"Driver was late, missed my shift start."
T002270,E00207,4,Route felt longer than usual today.
T002270,E00740,5,Route felt longer than usual today.
T002272,E00397,5,Occur recently again service cost thus a industry who note any fear throw.
T002272,E00318,5,"Smooth ride, no complaints."
T002273,E00578,5,"Driver was late, missed my shift start."
T002274,E00280,5,Vehicle was in poor condition.
T002276,E00398,5,Part myself address at any former least do series he throw bar.
T002276,E00291,5,"Driver was late, missed my shift start."
T002276,E00077,4,Century increase unit industry nice federal together around group play.
T002276,E00460,5,Great experience overall.
T002276,E00267,5,Great experience overall.
T002277,E00297,5,"Driver was late, missed my shift start."
T002277,E00009,4,Great experience overall.
T002277,E00630,4,Exactly look huge party policy support fast feeling similar material travel follow.
T002277,E00051,5,Great experience overall.
T002277,E00762,5,Mother push drive cell economy defense.
T002277,E00337,5,On time and courteous driver.
T002277,E00129,4,On time and courteous driver.
T002278,E00086,5,Above all bag remember film result garden walk huge blue movement firm.
T002279,E00448,5,Suffer once agreement company material speak address everyone hard.
T002279,E00037,5,"Driver was late, missed my shift start."
T002279,E00716,5,"Driver was late, missed my shift start."
T002279,E00702,5,Dream several develop certain some put.
T002280,E00607,5,Grow us summer focus Mrs special moment difficult evidence.
T002280,E00798,5,"Smooth ride, no complaints."
T002280,E00754,5,Great experience overall.
T002280,E00693,4,Great experience overall.
T002280,E00096,5,Vehicle was in poor condition.
T002281,E00676,5,"Smooth ride, no complaints."
T002281,E00080,4,"Smooth ride, no complaints."
T002281,E00022,4,Great experience overall.
T002282,E00510,5,On time and courteous driver.
T002283,E00364,3,On time and courteous driver.
T002283,E00730,3,On time and courteous driver.
T002283,E00024,4,Painting hot toward real outside kind between.
T002283,E00185,4,Week outside stop ago beautiful less until computer budget.
T002284,E00466,5,"Driver was late, missed my shift start."
T002285,E00581,5,Route felt longer than usual today.
T002285,E00011,5,Vehicle was in poor condition.
T002286,E00469,5,Opportunity tonight him decide teach strong how worry standard.
T002287,E00183,5,"Driver was late, missed my shift start."
T002287,E00097,4,Will building discover church and mother.
T002287,E00247,3,Account character individual provide any office poor deep people majority.
T002287,E00111,4,"Driver was late, missed my shift start."
T002288,E00407,4,On time and courteous driver.
T002288,E00203,4,Be artist around against remember possible involve heavy contain future resource quality.
T002288,E00744,4,"Smooth ride, no complaints."
T002288,E00797,5,Ask science government outside able last young speech central a soldier general.
T002289,E00089,5,"Smooth ride, no complaints."
T002289,E00503,4,Great experience overall.
T002289,E00269,5,Carry doctor while prepare light trouble move away.
T002289,E00673,5,Great experience overall.
T002289,E00234,4,Heavy kid explain each actually science past war good question.
T002290,E00741,5,Turn prove wind into inside into around.
T002290,E00362,5,On time and courteous driver.
T002291,E00131,5,Route felt longer than usual today.
T002291,E00359,5,Probably possible service at ago offer network start.
T002292,E00573,5,Live area product something person choose early push hospital personal.
T002294,E00283,4,Agency pick local into friend career cup main much one author.
T002295,E00172,5,Her player result positive happen determine marriage.
T002295,E00593,4,"Smooth ride, no complaints."
T002296,E00615,4,"Smooth ride, no complaints."
T002300,E00472,4,"Driver was late, missed my shift start."
T002300,E00687,4,Experience charge find again ahead second law.
T002300,E00778,4,Significant early sell north recent them reflect available century join.
T002301,E00583,5,Probably maybe herself partner camera long who require billion probably cut raise include.
T002301,E00105,4,Author world time try cause behind single project air hold good red hotel.
T002302,E00217,4,"Driver was late, missed my shift start."
T002302,E00512,5,Vehicle was in poor condition.
T002302,E00399,5,Issue tend theory the hard south maintain year.
T002303,E00626,5,Wall determine space eat wear half hot us history light.
T002303,E00627,5,Route felt longer than usual today.
T002303,E00768,5,Route felt longer than usual today.
T002303,E00112,4,Great experience overall.
T002303,E00237,4,"Smooth ride, no complaints."
T002303,E00651,5,Employee kid fall international clearly sport official remain store against image.
T002303,E00728,4,Route felt longer than usual today.
T002304,E00166,5,Vehicle was in poor condition.
T002304,E00094,4,Fire when official wife industry him up.
T002304,E00618,4,Route felt longer than usual today.
T002305,E00713,5,Route felt longer than usual today.
T002305,E00433,5,"Smooth ride, no complaints."
T002305,E00537,5,Central public term she seek then represent.
T002305,E00136,5,Great experience overall.
T002306,E00277,4,Others discuss floor against kid sing either theory.
T002306,E00511,5,Authority offer feeling than prevent too control.
T002306,E00197,4,"Smooth ride, no complaints."
T002306,E00666,4,Great experience overall.
T002306,E00633,5,Fall management nearly tax various recognize role according.
T002306,E00481,4,Great experience overall.
T002307,E00250,5,Win rich less theory health tell fact pretty learn data.
T002307,E00229,5,Morning behavior laugh quite water world century drug know room choose argue note.
T002308,E00027,5,"Smooth ride, no complaints."
T002308,E00721,5,First response house hundred role activity culture picture provide.
T002309,E00584,5,On time and courteous driver.
T002309,E00513,4,Great experience overall.
T002310,E00604,4,On time and courteous driver.
T002310,E00370,4,Great experience overall.
T002311,E00208,5,International above attack catch soldier charge start subject through result military me.
T002313,E00311,5,Call stage significant thank data year defense support put.
T002314,E00371,5,Age so coach with music if rich point recently high.
T002315,E00685,5,Route felt longer than usual today.
T002319,E00336,5,"Smooth ride, no complaints."
T002319,E00212,5,On time and courteous driver.
T002322,E00400,4,Route felt longer than usual today.
T002323,E00538,4,Route felt longer than usual today.
T002323,E00766,4,"Smooth ride, no complaints."
T002324,E00256,2,"Driver was late, missed my shift start."
T002325,E00454,3,Policy education true three theory outside agency world true evidence.
T002325,E00782,5,On time and courteous driver.
T002325,E00585,3,Box could end hard test traditional.
T002325,E00694,4,Route felt longer than usual today.
T002325,E00667,4,"Driver was late, missed my shift start."
T002325,E00132,4,Great experience overall.
T002326,E00720,4,Route felt longer than usual today.
T002326,E00755,5,On time and courteous driver.
T002326,E00598,4,On time and courteous driver.
T002326,E00141,4,"Smooth ride, no complaints."
T002327,E00322,4,Hear station wide themselves back together factor body.
T002327,E00264,4,"Smooth ride, no complaints."
T002328,E00109,4,"Driver was late, missed my shift start."
T002330,E00188,4,On time and courteous driver.
T002330,E00163,5,Skin most real remain art there describe model meeting police.
T002332,E00552,5,Experience point article article drop give.
T002332,E00586,5,"Driver was late, missed my shift start."
T002332,E00130,5,Throw future reach street course plant billion middle describe financial.
T002333,E00146,5,Good anyone among police billion idea use high language main.
T002335,E00098,5,"Smooth ride, no complaints."
T002336,E00645,5,Nature already while part choice leg treatment bill today money next.
T002336,E00231,3,Low bill behavior hand until interest sometimes within.
T002337,E00770,5,Vehicle was in poor condition.
T002337,E00501,5,Route felt longer than usual today.
T002338,E00168,4,Vehicle was in poor condition.
T002339,E00002,5,Be number step history green save miss.
T002339,E00263,5,"Smooth ride, no complaints."
T002340,E00005,5,Civil assume thank rest ten four without debate.
T002340,E00526,5,Eight poor attack girl force relationship nation east.
T002341,E00169,5,Great experience overall.
T002342,E00118,5,Would official order seven clear city hundred center life.
T002342,E00030,4,Friend analysis race much environment interesting nature painting debate spring simply according.
T002342,E00275,5,On time and courteous driver.
T002342,E00799,5,Game citizen stay condition senior involve nice positive effort attorney he school.
T002342,E00138,5,Route felt longer than usual today.
T002342,E00516,4,Vehicle was in poor condition.
T002342,E00165,5,"Smooth ride, no complaints."
T002342,E00017,4,Clearly call military want interview why.
T002342,E00206,4,Sound level couple trip movement nor.
T002343,E00054,4,By reveal account lead stock new resource cold low little lay section.
T002345,E00434,4,Building service fall five really lose mean.
T002346,E00658,5,Cup sister article kind bar available still respond everything cover.
T002346,E00391,3,"Smooth ride, no complaints."
T002346,E00174,4,Major thousand who give probably support reality language like.
T002346,E00386,5,On time and courteous driver.
T002347,E00724,5,Strong situation tough various question old listen heavy report its sign I lay.
T002348,E00427,5,Route felt longer than usual today.
T002349,E00540,4,On time and courteous driver.
T002349,E00705,5,"Smooth ride, no complaints."
T002349,E00682,5,On time and courteous driver.
T002350,E00490,4,"Smooth ride, no complaints."
T002351,E00353,5,"Smooth ride, no complaints."
T002351,E00293,5,American participant race model doctor explain entire admit require.
T002353,E00609,5,Claim station example catch purpose radio hair.
T002353,E00225,5,Route felt longer than usual today.
T002354,E00344,5,Person whatever consumer study often set during perhaps actually again really.
T002356,E00774,5,Vehicle was in poor condition.
T002356,E00654,5,Public instead several free small only bar war also reduce analysis however.
T002356,E00373,4,Industry air allow husband night response prove.
T002356,E00228,5,Route felt longer than usual today.
T002356,E00115,5,Travel our tell truth data five medical research group thus outside.
T002356,E00346,4,Great experience overall.
T002356,E00614,5,Exist idea now stand his wife represent.
T002356,E00104,4,World hold exist story speech age debate wall wear realize stage.
T002357,E00791,5,Vehicle was in poor condition.
T002357,E00365,5,"Driver was late, missed my shift start."
T002358,E00084,4,Interest chair million financial much enough threat top write marriage campaign.
T002358,E00591,3,Route felt longer than usual today.
T002358,E00372,4,"Smooth ride, no complaints."
T002359,E00679,5,Great experience overall.
T002359,E00221,5,Great experience overall.
T002361,E00041,5,On time and courteous driver.
T002361,E00021,3,On time and courteous driver.
T002362,E00350,4,Vehicle was in poor condition.
T002363,E00342,5,"Driver was late, missed my shift start."
T002363,E00233,5,Always alone thing push center national.
T002363,E00321,4,On time and courteous driver.
T002363,E00035,5,"Smooth ride, no complaints."
T002364,E00474,4,Route felt longer than usual today.
T002365,E00312,5,On time and courteous driver.
T002365,E00558,5,Vehicle was in poor condition.
T002365,E00367,4,Beat project help admit beat agency.
T002366,E00179,4,On time and courteous driver.
T002370,E00763,5,Evidence station many boy west data arm population rise write.
T002370,E00765,5,Together suddenly travel high require strategy customer actually trade arm.
T002370,E00734,4,Operation money organization doctor network minute.
T002370,E00712,5,Route felt longer than usual today.
T002370,E00040,5,"Smooth ride, no complaints."
T002370,E00088,5,Special finally station whose community popular.
T002370,E00461,4,From weight ask myself wall series person anything.
T002371,E00550,5,"Smooth ride, no complaints."
T002372,E00518,4,Any energy determine kitchen interesting drug individual color.
T002373,E00246,4,Great experience overall.
T002374,E00331,5,"Smooth ride, no complaints."
T002375,E00209,5,Mention specific cell case play mind.
T002377,E00578,5,"Driver was late, missed my shift start."
T002378,E00291,4,Great experience overall.
T002378,E00142,5,Route felt longer than usual today.
T002378,E00018,5,Great experience overall.
T002378,E00660,5,Route felt longer than usual today.
T002378,E00460,3,"Driver was late, missed my shift start."
T002378,E00795,5,On time and courteous driver.
T002379,E00406,4,Table tend occur sister thus wonder shoulder suggest the treat.
T002379,E00398,3,Route felt longer than usual today.
T002379,E00253,4,Vehicle was in poor condition.
T002379,E00779,4,Vehicle was in poor condition.
T002379,E00329,4,Vehicle was in poor condition.
T002379,E00086,5,Available stock young already give nature deep sister.
T002380,E00273,5,"Smooth ride, no complaints."
T002380,E00009,5,"Smooth ride, no complaints."
T002380,E00800,5,"Driver was late, missed my shift start."
T002381,E00607,5,On time and courteous driver.
T002381,E00596,5,"Smooth ride, no complaints."
T002381,E00577,5,Vehicle was in poor condition.
T002381,E00315,5,Across party market dark language mean without behind once.
T002381,E00052,4,Section cause instead do your safe green.
T002381,E00272,5,Serious billion speech interview real better.
T002382,E00767,5,On time and courteous driver.
T002382,E00693,5,Long thank by most special describe unit it moment professor group because.
T002382,E00082,5,"Smooth ride, no complaints."
T002382,E00368,5,These site claim under commercial city interesting itself method reality action.
T002382,E00515,5,Great experience overall.
T002382,E00335,5,Language however wear writer foot cost true own.
T002383,E00388,5,Whose a fact on space not blood food performance lose charge follow.
T002384,E00443,4,Route felt longer than usual today.
T002384,E00176,4,Structure herself agent stuff treatment hard score agency ahead authority report various by.
T002384,E00173,4,On time and courteous driver.
T002384,E00465,4,Body water hold lot old occur well cause whatever television test.
T002384,E00769,5,"Driver was late, missed my shift start."
T002385,E00137,5,"Smooth ride, no complaints."
T002385,E00706,5,Route felt longer than usual today.
T002385,E00730,4,Soon move kid possible success final investment argue prepare similar.
T002386,E00134,5,Responsibility contain especially region Congress way.
T002386,E00551,4,"Smooth ride, no complaints."
T002386,E00124,3,"Smooth ride, no complaints."
T002387,E00466,5,Structure man police yeah phone politics similar operation adult big theory future actually.
T002387,E00259,4,"Smooth ride, no complaints."
T002387,E00581,5,Hot personal management color senior age product over chance Congress dinner country.
T002388,E00469,3,On time and courteous driver.
T002388,E00678,3,Decision budget night his though add weight police after carry energy common his.
T002389,E00463,3,Great experience overall.
T002389,E00362,5,Vehicle was in poor condition.
T002389,E00299,4,"Smooth ride, no complaints."
T002390,E00020,5,Catch reduce off guy light society play yes recently force this.
T002391,E00359,5,Southern several figure watch which happen impact.
T002391,E00493,5,Vehicle was in poor condition.
T002391,E00097,4,Eight result myself manage decade position education head effort right exactly pretty.
T002391,E00613,4,On time and courteous driver.
T002391,E00269,4,Great experience overall.
T002392,E00213,5,Vehicle was in poor condition.
T002392,E00744,5,Window production industry until method program their media skill no task product unit.
T002392,E00203,5,War picture take story democratic without stop military drive ahead production leave half.
T002392,E00160,5,Above meet participant during significant practice sign particular despite stop edge during.
T002393,E00298,5,Route felt longer than usual today.
T002393,E00190,5,You real term all agency right figure son guess result other.
T002394,E00517,5,Great experience overall.
T002395,E00330,5,On time and courteous driver.
T002397,E00283,5,Especially less run account leader exactly truth serve serve note recent land.
T002398,E00070,4,Great experience overall.
T002399,E00486,5,Trade suddenly opportunity especially small generation pick rate drop understand as case.
T002401,E00453,5,Year body although car recent above yeah age continue none find gas those.
T002401,E00177,5,Vehicle was in poor condition.
T002402,E00477,2,"Driver was late, missed my shift start."
T002403,E00714,5,Great experience overall.
T002404,E00484,5,Route felt longer than usual today.
T002404,E00166,5,Training others sign rather range station seek.
T002404,E00618,5,"Driver was late, missed my shift start."
T002404,E00435,4,On time and courteous driver.
T002404,E00539,5,On time and courteous driver.
T002404,E00308,5,"Driver was late, missed my shift start."
T002404,E00725,4,Teach serve could something right beyond central prevent office ever than husband continue.
T002404,E00603,5,"Smooth ride, no complaints."
T002405,E00512,4,Vehicle was in poor condition.
T002405,E00626,4,"Driver was late, missed my shift start."
T002405,E00276,4,Route felt longer than usual today.
T002405,E00627,4,Route felt longer than usual today.
T002405,E00651,5,Stage chance its put town south gas reality model many more.
T002406,E00446,4,Resource glass fall west employee series with sometimes statement personal once food bad.
T002406,E00726,5,Route felt longer than usual today.
T002406,E00187,4,Vehicle was in poor condition.
T002406,E00683,4,General group sense detail law all share career cost.
T002406,E00279,4,Indeed customer kind history young cell beautiful.
T002406,E00217,5,Vehicle was in poor condition.
T002407,E00713,5,Store hear institution return thank coach international third community interesting.
T002408,E00483,3,Great experience overall.
T002408,E00027,4,"Driver was late, missed my shift start."
T002408,E00223,4,"Driver was late, missed my shift start."
T002409,E00537,5,Great experience overall.
T002409,E00048,4,"Smooth ride, no complaints."
T002410,E00736,5,"Driver was late, missed my shift start."
T002410,E00345,4,"Driver was late, missed my shift start."
T002411,E00049,4,Election budget wish pretty hot add perform arrive number base strategy drive.
T002411,E00695,4,Great experience overall.
T002411,E00721,4,Type our wear job management arrive friend Republican return.
T002411,E00513,4,"Driver was late, missed my shift start."
T002412,E00604,5,On time and courteous driver.
T002412,E00300,5,Music truth by quality rich key quality beyond community set exactly director simple.
T002412,E00196,5,Route felt longer than usual today.
T002413,E00385,5,On time and courteous driver.
T002413,E00371,5,Vehicle was in poor condition.
T002414,E00214,5,Most although maybe sure bed factor charge certainly part drug fear animal quickly.
T002415,E00302,5,Compare reveal blood effort likely short kid level paper ask responsibility fall agency.
T002415,E00569,5,Pick create be surface data federal job past different.
T002416,E00525,5,On time and courteous driver.
T002417,E00044,4,Though rate talk professor one low question.
T002418,E00509,4,Fly impact raise boy pull life call.
T002418,E00354,4,Speak travel degree class born interview rate bar approach me.
T002419,E00336,4,Star choose better near however tonight skin kind.
T002419,E00743,4,"Smooth ride, no complaints."
T002420,E00533,4,Itself machine significant grow north radio maintain kind factor sure scientist.
T002420,E00358,4,Health cultural effect fish action write accept.
T002421,E00303,5,Score minute night never alone defense vote point they color.
T002421,E00685,5,"Smooth ride, no complaints."
T002422,E00745,4,Me laugh however down single evening painting responsibility day impact.
T002423,E00781,5,Quickly father attention represent certainly small must benefit away during near.
T002424,E00589,5,Route felt longer than usual today.
T002425,E00600,4,Great experience overall.
T002425,E00473,4,"Driver was late, missed my shift start."
T002425,E00733,5,On time and courteous driver.
T002425,E00439,4,Land author the finish during exactly art.
T002425,E00538,4,"Driver was late, missed my shift start."
T002425,E00122,4,On time and courteous driver.
T002425,E00063,5,Great experience overall.
T002425,E00075,3,Financial chance better movement natural gun door all nearly culture room thing.
T002425,E00236,4,"Smooth ride, no complaints."
T002426,E00304,5,Route felt longer than usual today.
T002427,E00455,4,"Smooth ride, no complaints."
T002428,E00132,4,"Driver was late, missed my shift start."
T002428,E00004,4,Great experience overall.
T002428,E00755,4,Great experience overall.
T002428,E00720,4,On time and courteous driver.
T002429,E00629,5,Vehicle was in poor condition.
T002430,E00703,4,Mission rich PM develop subject down north property beat voice.
T002431,E00528,5,On time and courteous driver.
T002431,E00413,5,Route felt longer than usual today.
T002431,E00109,5,On time and courteous driver.
T002431,E00535,4,Wrong scene outside letter member relationship possible into contain amount government ball.
T002431,E00322,5,On time and courteous driver.
T002432,E00074,4,Great experience overall.
T002432,E00195,5,"Smooth ride, no complaints."
T002433,E00552,5,Route felt longer than usual today.
T002433,E00055,4,Sister whom tree lead its especially half.
T002433,E00192,4,Route felt longer than usual today.
T002433,E00036,4,Some provide study fly Congress learn.
T002434,E00139,4,He share think once ball enter politics gun various inside line pattern.
T002434,E00320,5,Full state outside law material door land range break sense.
T002434,E00262,4,"Smooth ride, no complaints."
T002434,E00130,5,Great experience overall.
T002435,E00060,5,Matter seek suffer drive great blood score share high simply name vote.
T002435,E00643,5,"Driver was late, missed my shift start."
T002435,E00257,5,Guy debate better name system local expert yeah coach cause.
T002436,E00757,5,Great experience overall.
T002436,E00103,5,Route felt longer than usual today.
T002437,E00635,5,On time and courteous driver.
T002439,E00231,4,Vehicle was in poor condition.
T002440,E00606,5,Vehicle was in poor condition.
T002441,E00640,5,Project which few skin though compare interest road a.
T002442,E00526,4,Great experience overall.
T002442,E00505,4,Author lead single range company provide hear.
T002444,E00746,5,Memory both however mother instead thought indeed look success.
T002444,E00017,5,Finish much north or total until describe necessary single discuss.
T002444,E00543,5,"Driver was late, missed my shift start."
T002444,E00646,5,Route felt longer than usual today.
T002446,E00200,4,Everything detail raise turn direction rock.
T002448,E00164,5,Vehicle was in poor condition.
T002449,E00590,5,She office Congress weight single religious way.
T002450,E00384,5,Vehicle was in poor condition.
T002451,E00072,4,Route felt longer than usual today.
T002451,E00042,5,Vehicle was in poor condition.
T002452,E00476,5,Product cold various himself our exactly analysis.
T002452,E00061,5,Anyone sea rate often bank later campaign church look.
T002452,E00225,5,On time and courteous driver.
T002453,E00753,5,Court beautiful box recent significant watch present summer lose quality moment rock.
T002454,E00427,5,Prevent strategy local expect pass person arm claim than blood buy evidence.
T002454,E00609,4,Route felt longer than usual today.
T002455,E00078,3,So write green scene need movement bill wait whose item manage.
T002455,E00416,4,"Smooth ride, no complaints."
T002455,E00050,4,Vehicle was in poor condition.
T002456,E00705,5,"Smooth ride, no complaints."
T002456,E00540,4,"Driver was late, missed my shift start."
T002458,E00774,4,Song take tend finish technology behind impact stop collection leave western strategy large concern.
T002458,E00379,5,Vehicle was in poor condition.
T002458,E00069,5,Billion others participant design trial medical become stuff deep table report.
T002458,E00226,5,On time and courteous driver.
T002458,E00560,4,Thought apply most way recently box debate statement matter international management country raise.
T002460,E00591,4,Great experience overall.
T002461,E00239,5,Boy develop worker create TV sort drug like.
T002461,E00201,4,Forget official senior animal ready strong drug pull over see he since.
T002461,E00135,4,Great experience overall.
T002461,E00649,4,Vehicle was in poor condition.
T002462,E00679,5,Vehicle was in poor condition.
T002463,E00417,5,"Driver was late, missed my shift start."
T002464,E00360,5,Different reason tough star doctor our only serve buy loss everything run.
T002464,E00523,5,On time and courteous driver.
T002464,E00307,4,Place certainly focus which garden just evening street red contain newspaper there picture.
T002464,E00254,4,Story test today toward blood reflect consider could specific.
T002465,E00046,5,Recent house number end election station rich.
T002466,E00514,4,Great experience overall.
T002466,E00071,5,Vehicle was in poor condition.
T002466,E00179,4,Edge do finish design apply drug thus song our miss say simple perform.
T002466,E00029,5,"Smooth ride, no complaints."
T002468,E00367,5,On time and courteous driver.
T002470,E00288,5,On time and courteous driver.
T002471,E00310,5,On time and courteous driver.
T002471,E00790,4,Investment product gun small Mrs career everyone role none see painting compare blue.
T002471,E00763,5,On time and courteous driver.
T002471,E00332,4,Player throughout forget watch understand industry meet at deal white like various.
T002471,E00734,5,Agreement realize building prevent religious window relationship Congress car commercial color.
T002472,E00550,5,Behind pattern they style director speak in treatment continue.
T002473,E00116,5,Its final add through between so face collection set.
T002474,E00588,4,Their establish protect property church evidence speak senior account over keep go thus.
T002474,E00657,5,"Smooth ride, no complaints."
T002474,E00238,3,Route felt longer than usual today.
T002476,E00331,4,Great experience overall.
T002478,E00397,4,On time and courteous driver.
T002479,E00018,5,Route felt longer than usual today.
T002479,E00783,5,"Smooth ride, no complaints."
T002479,E00077,4,Great experience overall.
T002479,E00630,4,Brother save international assume from writer account.
T002479,E00086,4,"Smooth ride, no complaints."
T002480,E00016,4,Great experience overall.
T002480,E00565,4,Route felt longer than usual today.
T002480,E00409,4,Expect final goal per per assume court although find player feel foot behavior.
T002481,E00199,5,Route felt longer than usual today.
T002482,E00482,5,Argue training condition team property start audience poor five floor environment see order.
T002482,E00597,5,Vehicle was in poor condition.
T002482,E00037,5,Along whatever drop him high on view interest.
T002482,E00542,5,On time and courteous driver.
T002482,E00315,4,Simple now do Mr behavior economic strong person.
T002483,E00022,5,"Smooth ride, no complaints."
T002483,E00672,5,Site court quality structure soldier situation figure exactly piece chance able interesting.
T002483,E00087,5,Vehicle was in poor condition.
T002483,E00096,5,Mention could improve cut feel military page weight.
T002483,E00186,3,Route felt longer than usual today.
T002483,E00579,5,Decade he voice scene high total effort also itself.
T002483,E00456,5,Speech compare eat no himself per card form again especially.
T002484,E00676,5,Great experience overall.
T002484,E00798,4,On time and courteous driver.
T002485,E00465,4,Start against technology clear service nice tough mission perform health.
T002485,E00751,5,These TV such tend eat interview toward them instead.
T002486,E00510,5,Decide over style like foreign else buy near cut also.
T002486,E00011,5,"Driver was late, missed my shift start."
T002486,E00444,5,Route felt longer than usual today.
T002487,E00581,4,"Smooth ride, no complaints."
T002487,E00438,5,Sometimes future carry meet lay various worry science particular I help while involve.
T002487,E00126,4,Much often lead impact blood record talk against tell talk once be end.
T002488,E00619,4,Route felt longer than usual today.
T002491,E00419,5,Great experience overall.
T002491,E00056,5,Traditional ball white Democrat model someone week usually large from lose.
T002491,E00503,5,"Smooth ride, no complaints."
T002491,E00797,4,Industry road a full myself measure want rather his product.
T002492,E00665,5,Route felt longer than usual today.
T002492,E00359,4,On time and courteous driver.
T002493,E00546,5,"Driver was late, missed my shift start."
T002493,E00301,5,None rich Congress exist debate whole particular policy itself.
T002493,E00463,5,Route felt longer than usual today.
T002493,E00111,5,On time and courteous driver.
T002493,E00520,4,"Smooth ride, no complaints."
T002493,E00234,4,Route felt longer than usual today.
T002494,E00362,5,Foreign third yeah everything service admit friend important tax office way machine.
T002494,E00741,5,"Driver was late, missed my shift start."
T002495,E00020,4,Vehicle was in poor condition.
T002495,E00299,5,Animal station see enough concern night authority story Mr.
T002496,E00172,5,Vehicle was in poor condition.
T002496,E00425,5,Route felt longer than usual today.
T002497,E00010,4,Tonight soon buy where such form woman radio.
T002497,E00573,4,Route felt longer than usual today.
T002499,E00007,5,Much the yourself into common heavy store method smile.
T002499,E00421,4,Vehicle was in poor condition.
T002501,E00211,4,"Smooth ride, no complaints."
T002501,E00215,5,In sense military explain each security teacher test provide cultural mention determine result be.
T002503,E00615,5,Sure center near help four whom particular.
T002503,E00777,5,On time and courteous driver.
T002504,E00517,5,"Driver was late, missed my shift start."
T002505,E00677,4,Vehicle was in poor condition.
T002505,E00593,5,Ability family turn teacher challenge than remain least.
T002505,E00070,5,Heavy little through hold increase appear create institution effect quite deep organization.
T002505,E00485,4,Meet our section responsibility discussion Mr purpose character develop keep instead.
T002506,E00709,4,"Smooth ride, no complaints."
T002506,E00279,4,"Smooth ride, no complaints."
T002506,E00603,4,"Driver was late, missed my shift start."
T002506,E00499,5,Vehicle was in poor condition.
T002506,E00399,4,Great experience overall.
T002506,E00539,5,On time and courteous driver.
T002507,E00512,5,Vehicle was in poor condition.
T002507,E00217,5,Great experience overall.
T002507,E00787,4,On time and courteous driver.
T002507,E00276,4,Research sea answer third study though feeling term leave though community including.
T002507,E00683,5,Hold wall know finish American pass travel.
T002507,E00152,3,Vehicle was in poor condition.
T002507,E00446,4,Major many situation whom teach party range practice wait stuff require catch government.
T002507,E00544,3,On time and courteous driver.
T002507,E00625,4,Land least effect stay agree send drive hope.
T002507,E00707,4,Newspaper example enter change when lose level ball others go fear.
T002508,E00519,4,First likely debate since arrive open.
T002508,E00431,5,Poor another surface school someone head.
T002508,E00076,5,Great experience overall.
T002509,E00229,5,Rise change seat reveal gas moment when four price half.
T002509,E00243,4,West trial ten candidate in worker piece trip provide add.
T002509,E00235,5,"Smooth ride, no complaints."
T002509,E00345,5,Employee ahead yourself say audience save.
T002509,E00449,4,"Driver was late, missed my shift start."
T002510,E00249,5,"Driver was late, missed my shift start."
T002510,E00736,4,Once send gun instead bad ready our nothing save.
T002511,E00250,5,Vehicle was in poor condition.
T002512,E00666,5,Great experience overall.
T002512,E00464,5,Great experience overall.
T002512,E00511,5,Year beautiful big thought maybe see language upon I baby.
T002513,E00664,5,"Driver was late, missed my shift start."
T002513,E00370,5,Like interesting behavior poor possible memory protect exactly left.
T002513,E00300,5,Great experience overall.
T002513,E00430,4,In provide teach street natural chair pass science Republican hard gas outside heart.
T002513,E00604,5,On time and courteous driver.
T002516,E00426,5,Politics attack responsibility reduce reality about Congress region many traditional talk firm.
T002516,E00184,5,Quite perhaps institution trip attack area attack then mother heavy final film.
T002518,E00772,3,Degree opportunity bed law scientist fund end federal few.
T002518,E00587,5,Able force energy billion us second public.
T002519,E00509,5,Vehicle was in poor condition.
T002519,E00533,4,"Smooth ride, no complaints."
T002520,E00102,5,Vehicle was in poor condition.
T002521,E00450,3,Situation lose difficult ground bank trouble radio senior.
T002521,E00212,4,Including understand ten look believe bed data hand measure could center.
T002522,E00547,4,On time and courteous driver.
T002523,E00385,5,Hear environment war industry five spring glass week very simply half cold.
T002524,E00428,5,Major own gas performance people speak mission.
T002524,E00412,5,True wife network heart guess million.
T002525,E00303,5,Route felt longer than usual today.
T002525,E00045,5,"Smooth ride, no complaints."
T002526,E00529,5,Great experience overall.
T002526,E00733,4,Vehicle was in poor condition.
T002526,E00075,5,Route felt longer than usual today.
T002527,E00236,4,Heavy generation per Democrat day take onto.
T002528,E00694,5,Vehicle was in poor condition.
T002528,E00081,4,Route felt longer than usual today.
T002528,E00598,4,"Smooth ride, no complaints."
T002528,E00149,3,"Smooth ride, no complaints."
T002528,E00455,5,Great experience overall.
T002529,E00671,5,Mouth west begin through she run yeah whether assume.
T002530,E00043,5,Term country camera parent staff find church ready then.
T002530,E00127,5,Great experience overall.
T002530,E00771,5,Route felt longer than usual today.
T002531,E00621,4,"Driver was late, missed my shift start."
T002531,E00198,5,Great experience overall.
T002532,E00363,5,Leg subject within suggest subject save big as fire line cover before beautiful.
T002532,E00629,5,Because economic forward political gun support weight fly although arrive film.
T002533,E00785,4,On time and courteous driver.
T002534,E00036,5,Great experience overall.
T002534,E00317,4,Last mouth public between answer yourself.
T002534,E00586,4,Guess near professional fine lead scientist remain down song for though.
T002535,E00643,5,Route felt longer than usual today.
T002536,E00060,4,Situation score contain opportunity center voice tax.
T002536,E00552,5,Environment check indicate range various true sound age will truth security word herself.
T002536,E00130,4,Behavior arrive send style reduce money car professional care science identify center station.
T002538,E00110,4,Charge base specific green point color site.
T002538,E00168,4,"Driver was late, missed my shift start."
T002540,E00339,3,Nothing high certainly more place market son remain second action notice cause son.
T002541,E00305,5,Manage set necessary lay region citizen air whether produce tree.
T002541,E00606,5,"Driver was late, missed my shift start."
T002541,E00770,5,On time and courteous driver.
T002542,E00414,5,Next past same effect course leg business particular because.
T002542,E00794,5,"Smooth ride, no complaints."
T002542,E00479,5,Control response and quality memory understand politics religious challenge place.
T002543,E00757,4,Vehicle was in poor condition.
T002543,E00526,4,On time and courteous driver.
T002546,E00054,4,Human south analysis need community very consider actually situation suggest though enjoy.
T002546,E00543,4,On time and courteous driver.
T002546,E00015,4,"Smooth ride, no complaints."
T002546,E00206,4,Realize parent game responsibility age that play will once form hot.
T002546,E00275,5,Vehicle was in poor condition.
T002548,E00268,5,Vehicle was in poor condition.
T002548,E00290,4,Daughter behind home phone great source determine next most.
T002549,E00434,5,Kind they girl recently treat party stop available hope where indicate campaign.
T002549,E00467,4,Route felt longer than usual today.
T002549,E00180,5,Great experience overall.
T002549,E00793,5,"Driver was late, missed my shift start."
T002550,E00227,5,"Smooth ride, no complaints."
T002551,E00053,5,Vehicle was in poor condition.
T002553,E00334,4,Great experience overall.
T002553,E00490,4,Successful age because best risk cover him.
T002554,E00476,5,"Driver was late, missed my shift start."
T002554,E00470,5,Lot operation program language think send past Democrat admit.
T002555,E00753,5,Vehicle was in poor condition.
T002556,E00225,4,"Smooth ride, no complaints."
T002556,E00609,4,Vehicle was in poor condition.
T002557,E00202,4,On time and courteous driver.
T002557,E00682,5,"Driver was late, missed my shift start."
T002558,E00390,5,On time and courteous driver.
T002559,E00061,5,On time and courteous driver.
T002560,E00488,4,Great experience overall.
T002560,E00104,2,On time and courteous driver.
T002560,E00521,4,Great experience overall.
T002560,E00560,4,Building return eight yes only wrong follow early collection responsibility.
T002560,E00346,4,Great experience overall.
T002560,E00574,4,Final operation send employee speak room whatever do key.
T002561,E00226,5,Route felt longer than usual today.
T002562,E00349,4,On time and courteous driver.
T002562,E00156,4,Dream grow behavior save listen policy star former determine price hour account news.
T002563,E00026,5,Service identify phone security including son here produce or coach similar vote.
T002565,E00046,4,"Driver was late, missed my shift start."
T002566,E00085,4,Professional their city town response too set book despite early decide join.
T002566,E00314,5,On time and courteous driver.
T002566,E00083,5,"Driver was late, missed my shift start."
T002566,E00523,4,Method interview road race story machine important manager adult we everything soon.
T002567,E00321,4,Route felt longer than usual today.
T002567,E00775,5,"Driver was late, missed my shift start."
T002569,E00113,5,Look especially exactly for offer friend bag group.
T002569,E00366,5,Great experience overall.
T002570,E00748,5,"Driver was late, missed my shift start."
T002570,E00210,5,Ball local today raise remember outside city me.
T002572,E00091,5,On time and courteous driver.
T002572,E00375,5,Vehicle was in poor condition.
T002573,E00612,5,On time and courteous driver.
T002574,E00765,5,"Smooth ride, no complaints."
T002574,E00332,2,Major Mr leader everybody whom ask player wife history thought up investment follow.
T002574,E00374,4,Route felt longer than usual today.
T002574,E00763,4,Stuff present so peace interesting free environmental.
T002576,E00437,4,Great experience overall.
T002576,E00657,4,"Driver was late, missed my shift start."
T002576,E00740,4,On time and courteous driver.
T002577,E00238,5,"Driver was late, missed my shift start."
T002577,E00780,4,"Smooth ride, no complaints."
T002577,E00157,5,On time and courteous driver.
T002577,E00232,4,Route felt longer than usual today.
T002578,E00246,5,Green five should single job thought particularly key out down reveal.
T002579,E00244,3,"Smooth ride, no complaints."
T002581,E00690,5,"Smooth ride, no complaints."
T002582,E00025,4,Route felt longer than usual today.
T002583,E00561,5,Not deal say stand article book.
T002583,E00337,5,Student beat say offer present choice two certain.
T002583,E00161,5,Great experience overall.
T002583,E00191,5,"Smooth ride, no complaints."
T002584,E00710,5,"Smooth ride, no complaints."
T002584,E00267,3,Exactly must seat figure production cold high network nothing mind effect pressure.
T002584,E00565,5,Western source them wife ever soldier.
T002584,E00125,4,Route felt longer than usual today.
T002584,E00800,4,Travel network author take that just drop some.
T002584,E00051,4,On time and courteous driver.
T002584,E00329,5,"Smooth ride, no complaints."
T002584,E00630,3,"Driver was late, missed my shift start."
T002585,E00178,4,Human would magazine up for evening thing generation one throughout American three.
T002585,E00660,5,Vehicle was in poor condition.
T002585,E00572,4,Talk use station idea red many answer four deal understand system federal.
T002585,E00497,5,As out check most word impact school understand child may scene color beat.
T002586,E00577,4,Wide reveal sure power prevent news team purpose law themselves.
T002586,E00579,5,Route felt longer than usual today.
T002586,E00456,4,Catch trial hit indicate design parent huge political environment security able night since.
T002586,E00052,4,Story store bank sit none now.
T002586,E00033,4,Parent ask low have check quality everyone.
T002586,E00631,3,"Driver was late, missed my shift start."
T002586,E00482,4,Vehicle was in poor condition.
T002586,E00693,4,On time and courteous driver.
T002586,E00723,4,"Driver was late, missed my shift start."
T002587,E00756,5,Great experience overall.
T002587,E00524,5,Soldier page close deal beyond truth people.
T002587,E00732,5,"Smooth ride, no complaints."
T002587,E00265,5,Route felt longer than usual today.
T002587,E00159,4,Route felt longer than usual today.
T002588,E00798,3,Mind pull each sister from now evening knowledge.
T002588,E00759,4,Route felt longer than usual today.
T002589,E00500,5,"Smooth ride, no complaints."
T002589,E00438,5,On time and courteous driver.
T002589,E00382,4,Great experience overall.
T002590,E00173,4,Here five today loss gun field partner possible remain police.
T002590,E00532,5,"Driver was late, missed my shift start."
T002591,E00176,5,Route felt longer than usual today.
T002591,E00443,4,"Driver was late, missed my shift start."
T002592,E00240,5,Development she Mr price big teacher song company cell.
T002593,E00126,4,"Driver was late, missed my shift start."
T002593,E00185,5,Vehicle was in poor condition.
T002593,E00717,5,"Smooth ride, no complaints."
T002593,E00011,5,On time and courteous driver.
T002595,E00234,4,"Driver was late, missed my shift start."
T002595,E00056,5,Route felt longer than usual today.
T002596,E00463,5,Stop enter partner today main water.
T002596,E00359,5,"Smooth ride, no complaints."
T002596,E00247,4,Route felt longer than usual today.
T002597,E00089,5,Fear both decision order level yes professional body wear.
T002597,E00299,5,Left teach short pass enjoy production stand process reason.
T002598,E00704,5,On time and courteous driver.
T002598,E00348,5,On time and courteous driver.
T002599,E00160,4,Card good half while front effort development establish whom plant finally hour.
T002599,E00014,4,Then hear degree professor charge team movie whom glass adult.
T002599,E00131,4,"Smooth ride, no complaints."
T002601,E00615,5,Size student magazine our strategy gun maybe president I choice today most training.
T002601,E00453,4,Policy since improve draw score pretty while few ability adult big hundred or wish.
T002602,E00215,4,On time and courteous driver.
T002602,E00007,5,"Smooth ride, no complaints."
T002604,E00677,5,"Driver was late, missed my shift start."
T002606,E00415,3,Effort without prove major speak star early.
T002606,E00283,5,Buy glass floor future among require material exist research.
T002606,E00059,5,Also left course station beyond back girl question probably always bit.
T002608,E00714,4,Vote least so especially almost myself.
T002608,E00425,4,Concern more finish better tough choose see half special door near social one.
T002610,E00271,5,Route felt longer than usual today.
T002610,E00421,4,"Driver was late, missed my shift start."
T002610,E00573,5,I economic your so main drive these somebody reflect organization animal.
T002611,E00718,4,Lawyer car Mrs establish be degree.
T002611,E00507,4,Great experience overall.
T002612,E00094,5,On time and courteous driver.
T002612,E00431,4,Vehicle was in poor condition.
T002612,E00150,5,Vehicle was in poor condition.
T002613,E00446,5,Star send partner avoid couple page treat finally manage finally.
T002613,E00181,5,"Smooth ride, no complaints."
T002613,E00276,5,Dinner if public different look sign nothing kid star artist reason minute against.
T002613,E00187,5,"Smooth ride, no complaints."
T002614,E00389,5,Vehicle was in poor condition.
T002614,E00484,4,Vehicle was in poor condition.
T002614,E00707,4,Professional trial purpose direction hair pick.
T002615,E00513,5,Night check station message window garden we protect down role.
T002615,E00637,5,"Driver was late, missed my shift start."
T002616,E00065,3,Watch remain son center media shake hospital voice billion special public whatever someone.
T002617,E00604,4,Route felt longer than usual today.
T002617,E00136,5,Away phone coach term source bar board majority.
T002617,E00223,5,Nothing without successful special tend hour serve five white pick evening trip.
T002617,E00229,4,Vehicle was in poor condition.
T002618,E00277,5,Congress rather first expert baby minute something reach.
T002619,E00197,5,Be high late memory adult full around need possible music.
T002619,E00196,5,Great experience overall.
T002619,E00652,4,Describe study reveal message sister Mr today technology voice employee provide coach watch.
T002619,E00171,5,Product during drug environment arrive best continue college debate.
T002619,E00633,4,Activity ability loss sing turn light lot run action instead.
T002619,E00666,5,Route felt longer than usual today.
T002620,E00584,5,Great experience overall.
T002621,E00405,4,"Driver was late, missed my shift start."
T002621,E00426,3,Itself will down let certain page able inside lot stuff PM control.
T002622,E00381,4,Material among nation suffer house any feel.
T002623,E00436,4,"Smooth ride, no complaints."
T002625,E00509,5,"Smooth ride, no complaints."
T002625,E00685,5,On time and courteous driver.
T002626,E00184,5,On time and courteous driver.
T002627,E00743,4,Hope off and though provide hit father foreign hundred pass level body.
T002628,E00336,5,"Smooth ride, no complaints."
T002629,E00182,5,On time and courteous driver.
T002630,E00498,5,"Smooth ride, no complaints."
T002631,E00385,5,Bar already responsibility range discuss race hit treatment somebody notice whole rest seek.
T002632,E00241,4,Director candidate sport your relate other.
T002632,E00451,5,But attorney tell next between however.
T002632,E00392,4,Central hospital west left compare whether two attack eat top rock sit.
T002633,E00766,5,Weight husband about company interest same series nearly member happen.
T002633,E00473,4,Method center successful owner current year nation series still.
T002633,E00691,5,"Driver was late, missed my shift start."
T002634,E00496,5,On time and courteous driver.
T002634,E00755,5,"Smooth ride, no complaints."
T002634,E00108,4,Great experience overall.
T002634,E00278,4,Radio perform bar impact large those for be.
T002634,E00012,4,On time and courteous driver.
T002635,E00081,5,Full effect off sign relationship business then same fight.
T002635,E00039,4,Route felt longer than usual today.
T002635,E00452,4,On time and courteous driver.
T002636,E00198,5,On time and courteous driver.
T002636,E00043,5,Great experience overall.
T002636,E00322,5,Great experience overall.
T002637,E00281,4,Character myself country number happen week on.
T002637,E00737,5,On time and courteous driver.
T002638,E00727,5,On time and courteous driver.
T002638,E00528,5,"Driver was late, missed my shift start."
T002638,E00535,5,Not activity determine space television law manage manage tax recognize court generation.
T002639,E00147,4,"Smooth ride, no complaints."
T002640,E00195,4,Vehicle was in poor condition.
T002641,E00139,5,"Smooth ride, no complaints."
T002642,E00320,4,Vehicle was in poor condition.
T002642,E00262,4,Later arm of available effect usually high form white effect speak set.
T002643,E00119,5,Vehicle was in poor condition.
T002644,E00305,4,Great experience overall.
T002644,E00635,4,New fly dream history else series law strategy leader tend itself art hold difference.
T002644,E00526,5,Great experience overall.
T002645,E00414,5,On time and courteous driver.
T002645,E00098,4,Great experience overall.
T002646,E00263,5,Walk prevent research onto respond put property do bag several.
T002646,E00645,5,"Smooth ride, no complaints."
T002649,E00640,5,"Smooth ride, no complaints."
T002649,E00005,5,And difficult enough social security reveal later treatment worker.
T002651,E00746,4,"Driver was late, missed my shift start."
T002651,E00006,4,Yes future single few exactly mouth amount field their.
T002651,E00701,4,Route felt longer than usual today.
T002651,E00387,5,On time and courteous driver.
T002651,E00165,4,"Smooth ride, no complaints."
T002652,E00692,4,Vehicle was in poor condition.
T002652,E00158,4,Rise describe bring behavior general affect game face low lawyer single.
T002653,E00180,4,Route felt longer than usual today.
T002654,E00719,4,Route felt longer than usual today.
T002654,E00151,4,Through growth often threat sort including bring blue machine year line fill last.
T002654,E00227,5,Purpose go game change north lay coach raise decide.
T002655,E00592,4,Full wall quite serve oil participant election rate more give indicate successful.
T002657,E00681,5,Great experience overall.
T002657,E00353,4,Rich rock consider tend practice television attack mind use site.
T002657,E00293,5,Almost should kitchen key lay other life series day north stay certain.
T002659,E00540,4,Market operation these space type attorney size area.
T002660,E00078,4,Service write but network information cost society imagine whom president collection.
T002660,E00401,4,On time and courteous driver.
T002661,E00595,5,Clearly cover walk drop skin democratic operation discover.
T002661,E00609,5,Great experience overall.
T002663,E00753,4,"Driver was late, missed my shift start."
T002663,E00575,4,Here skin sport threat strong weight help world else.
T002665,E00115,2,Quite able partner pressure course join they follow.
T002665,E00346,1,Vehicle was in poor condition.
T002665,E00774,2,"Driver was late, missed my shift start."
T002665,E00365,3,"Smooth ride, no complaints."
T002667,E00167,5,"Driver was late, missed my shift start."
T002667,E00062,5,On time and courteous driver.
T002667,E00559,5,"Smooth ride, no complaints."
T002667,E00568,4,Out bed media drug resource any size.
T002667,E00610,4,Route felt longer than usual today.
T002667,E00255,5,Great experience overall.
T002668,E00420,5,Vehicle was in poor condition.
T002668,E00239,5,Vehicle was in poor condition.
T002668,E00735,4,Effect though new expert long water early bring official.
T002669,E00219,5,"Smooth ride, no complaints."
T002669,E00201,4,Situation eight gun white toward morning according easy know set few car.
T002669,E00316,5,Song look teacher week nearly point land however quickly among.
T002670,E00046,4,Route felt longer than usual today.
T002670,E00254,5,Week collection eat avoid lose top behavior why tough nice who two week.
T002671,E00035,5,Route felt longer than usual today.
T002671,E00083,4,"Driver was late, missed my shift start."
T002671,E00411,4,"Smooth ride, no complaints."
T002671,E00289,5,"Smooth ride, no complaints."
T002672,E00270,4,Vehicle was in poor condition.
T002673,E00288,4,Route felt longer than usual today.
T002673,E00474,4,Product music line modern low turn mind data something baby soon south note.
T002674,E00394,5,Community stage listen project hot feel interview doctor set my media.
T002676,E00312,5,"Smooth ride, no complaints."
T002676,E00210,5,Above food reduce condition maintain full bad voice chair city reflect sell.
T002677,E00424,4,Rich major father water at every marriage.
T002677,E00107,5,Probably receive area thousand image capital letter.
T002678,E00113,5,Vehicle was in poor condition.
T002679,E00332,5,On time and courteous driver.
T002679,E00765,5,Vehicle was in poor condition.
T002679,E00040,5,Sister green if quite language every.
T002679,E00563,5,On time and courteous driver.
T002679,E00734,5,"Driver was late, missed my shift start."
T002679,E00461,4,Great experience overall.
T002680,E00711,4,Discover return area movement short factor.
T002680,E00088,4,Vehicle was in poor condition.
T002681,E00786,5,Use source cut of head weight center draw new huge religious action.
T002681,E00588,5,Somebody ten friend within child care.
T002681,E00194,4,Away score mother matter between plant according half reveal not many wonder.
T002681,E00341,5,"Smooth ride, no complaints."
T002682,E00157,5,Protect agree can available candidate budget none near result call dinner change.
T002682,E00207,4,Vehicle was in poor condition.
T002683,E00740,5,Last about environmental positive culture live future claim travel gas who place head.
T002684,E00025,5,Specific back success soon position bar own wind tough level.
T002684,E00284,5,Few teacher yet white trip federal specific step old citizen candidate.
T002686,E00686,5,"Smooth ride, no complaints."
T002687,E00639,5,Route felt longer than usual today.
T002688,E00258,5,Great experience overall.
T002688,E00549,5,Bag understand down audience feel offer with social like last service position remain.
T002688,E00688,5,Route felt longer than usual today.
T002688,E00460,5,"Driver was late, missed my shift start."
T002688,E00230,4,Vehicle was in poor condition.
T002688,E00647,5,Lose think election course figure picture garden fight to million close.
T002688,E00038,5,Great experience overall.
T002689,E00125,5,Route felt longer than usual today.
T002689,E00406,5,On time and courteous driver.
T002690,E00273,5,Great experience overall.
T002690,E00051,5,On time and courteous driver.
T002691,E00159,5,Route felt longer than usual today.
T002691,E00732,4,Great experience overall.
T002691,E00577,5,Gun book tough sell surface development million put amount church.
T002691,E00368,4,Great experience overall.
T002691,E00335,5,Another south establish move affect father fall ok industry anything air anyone expert.
T002691,E00702,5,Route felt longer than usual today.
T002691,E00631,4,Vehicle was in poor condition.
T002691,E00689,5,Great experience overall.
T002691,E00536,4,Assume recognize lot long camera these if reason why street call energy child.
T002692,E00756,4,Route felt longer than usual today.
T002692,E00082,5,On time and courteous driver.
T002692,E00524,5,Determine site discuss other be whatever.
T002692,E00218,5,Window treatment quickly chance drop want box least standard how treatment else whether foreign.
T002692,E00096,5,Route felt longer than usual today.
T002692,E00655,4,Great experience overall.
T002693,E00087,5,Route felt longer than usual today.
T002693,E00716,5,Vehicle was in poor condition.
T002693,E00482,5,Wide actually activity assume entire truth something design form month say large fill.
T002694,E00382,5,"Smooth ride, no complaints."
T002694,E00024,5,Great experience overall.
T002694,E00706,5,Great experience overall.
T002695,E00011,5,Route felt longer than usual today.
T002695,E00465,5,On time and courteous driver.
T002695,E00769,4,Offer PM street while positive follow individual indeed.
T002695,E00338,5,Skin something bar good tell after collection issue tree score let single.
T002696,E00282,5,"Smooth ride, no complaints."
T002696,E00140,5,On time and courteous driver.
T002696,E00717,5,"Driver was late, missed my shift start."
T002697,E00581,5,Foot amount dark painting administration also will area feel law attack.
T002697,E00438,5,Feeling later major success relationship fish probably appear TV.
T002697,E00557,5,Political by people out right seek same kitchen.
T002697,E00173,5,Great experience overall.
T002698,E00551,5,On time and courteous driver.
T002699,E00234,5,Specific environment number perform figure discuss off onto everyone table.
T002699,E00213,5,Vehicle was in poor condition.
T002699,E00183,5,Tend social read company light really free cup still step better determine after.
T002700,E00131,3,Vehicle was in poor condition.
T002700,E00673,2,Vehicle was in poor condition.
T002700,E00520,3,"Smooth ride, no complaints."
T002700,E00089,2,Discussion future pick study decade Congress discover financial suddenly check serve value.
T002700,E00299,2,Plant much course standard church drop.
T002701,E00340,4,Route felt longer than usual today.
T002701,E00111,5,And trouble hundred by start force standard maintain bed water.
T002702,E00301,5,Great experience overall.
T002702,E00313,4,Vehicle was in poor condition.
T002702,E00744,5,Great experience overall.
T002702,E00056,5,"Driver was late, missed my shift start."
T002703,E00493,5,Route felt longer than usual today.
T002706,E00471,4,Great experience overall.
T002706,E00485,2,"Smooth ride, no complaints."
T002706,E00517,4,"Smooth ride, no complaints."
T002706,E00718,3,Vehicle was in poor condition.
T002707,E00177,5,Move material sound what environment young appear charge time stand.
T002708,E00677,5,Watch hotel author order choose spend task capital discussion.
T002708,E00007,5,Walk side away before economic with.
T002710,E00319,5,Tough glass sea role financial which use wind pattern themselves.
T002710,E00369,5,"Driver was late, missed my shift start."
T002711,E00105,5,Four market series group we thus hot.
T002712,E00421,5,"Driver was late, missed my shift start."
T002712,E00357,5,Vehicle was in poor condition.
T002712,E00271,5,Great experience overall.
T002713,E00215,5,"Smooth ride, no complaints."
T002714,E00266,5,"Smooth ride, no complaints."
T002714,E00128,5,Community method power wonder important admit six build.
T002715,E00544,4,Care system provide their price through respond down capital them a.
T002715,E00626,5,Great experience overall.
T002715,E00152,4,Vote fine eye area parent process may grow present other leave.
T002715,E00725,5,On time and courteous driver.
T002715,E00429,5,Fill rate realize institution tree measure.
T002715,E00308,5,"Smooth ride, no complaints."
T002715,E00582,4,Route felt longer than usual today.
T002716,E00279,5,"Smooth ride, no complaints."
T002716,E00440,5,Vehicle was in poor condition.
T002716,E00389,4,Also analysis trouble she individual benefit anyone describe chance store modern newspaper Mrs.
T002716,E00309,5,Vehicle was in poor condition.
T002716,E00625,5,Although son time prevent history during mission imagine.
T002716,E00484,3,On time and courteous driver.
T002717,E00726,5,List movie good month rate usually us animal go along option free.
T002717,E00237,4,"Driver was late, missed my shift start."
T002718,E00223,5,Serve movie civil long model activity we research church ability point.
T002718,E00481,5,Great experience overall.
T002718,E00433,5,Great experience overall.
T002718,E00250,5,"Smooth ride, no complaints."
T002719,E00788,3,Both protect ten language place leader goal executive letter development right sit where.
T002720,E00370,5,Vehicle was in poor condition.
T002720,E00285,5,On time and courteous driver.
T002720,E00345,5,"Driver was late, missed my shift start."
T002721,E00545,5,Anyone hundred kitchen this set once write he.
T002721,E00249,5,"Driver was late, missed my shift start."
T002722,E00664,4,Great experience overall.
T002722,E00449,5,Great experience overall.
T002723,E00243,5,Get exist nature in through employee lose nor want.
T002723,E00027,5,On time and courteous driver.
T002726,E00772,5,Route felt longer than usual today.
T002727,E00509,5,Money rich last attention night several throw base fight issue.
T002727,E00380,3,Protect somebody start debate field unit become any personal keep.
T002730,E00445,4,Use administration allow glass strong get former social drive like live some adult.
T002732,E00102,5,Between manager newspaper board situation style blue executive.
T002733,E00442,5,Great experience overall.
T002734,E00685,4,Pull actually billion enjoy arm west western face fly probably you fast.
T002735,E00182,4,Medical season already nor truth successful.
T002736,E00075,4,On time and courteous driver.
T002736,E00323,4,Vehicle was in poor condition.
T002736,E00392,5,Vehicle was in poor condition.
T002736,E00256,4,Suggest husband leader minute long finally best Democrat dark soldier example moment significant.
T002736,E00236,5,Agree oil fact fine past peace.
T002736,E00691,5,"Driver was late, missed my shift start."
T002736,E00122,5,"Smooth ride, no complaints."
T002736,E00600,5,"Driver was late, missed my shift start."
T002737,E00455,4,"Smooth ride, no complaints."
T002737,E00782,4,Worry man wind everyone join nothing which include.
T002737,E00106,4,Route felt longer than usual today.
T002737,E00570,5,Including hold mention market crime between paper help certainly.
T002737,E00671,4,Laugh force identify above camera also difference.
T002737,E00755,4,Although him life table wish bill growth process million.
T002737,E00004,4,Step bill might pick sign medical.
T002738,E00039,5,Front include issue report song sure.
T002738,E00132,5,On time and courteous driver.
T002738,E00496,5,Route felt longer than usual today.
T002739,E00413,5,Route felt longer than usual today.
T002739,E00727,4,"Smooth ride, no complaints."
T002739,E00737,5,On time and courteous driver.
T002739,E00363,5,Often maintain network side magazine pass on high.
T002740,E00621,5,Indicate for list particularly stop special talk example.
T002740,E00495,4,Route felt longer than usual today.
T002740,E00327,5,Vehicle was in poor condition.
T002741,E00703,5,"Driver was late, missed my shift start."
T002741,E00264,5,"Smooth ride, no complaints."
T002742,E00257,4,"Smooth ride, no complaints."
T002743,E00553,4,"Driver was late, missed my shift start."
T002744,E00402,4,"Smooth ride, no complaints."
T002744,E00139,4,Choice certain son else new economy name hotel right.
T002744,E00784,4,Great experience overall.
T002745,E00100,5,Than doctor baby happen difficult available structure body mouth.
T002746,E00013,5,Herself herself onto business enjoy building several.
T002746,E00494,4,Great experience overall.
T002747,E00145,5,Vehicle was in poor condition.
T002747,E00794,4,Great experience overall.
T002748,E00326,5,"Driver was late, missed my shift start."
T002748,E00263,5,Great experience overall.
T002749,E00005,4,Impact himself agency lawyer site begin may street buy big oil son by.
T002750,E00168,4,"Driver was late, missed my shift start."
T002750,E00103,4,Route felt longer than usual today.
T002751,E00501,4,On time and courteous driver.
T002753,E00543,5,Suggest her price out thousand risk important need since face.
T002753,E00599,4,Determine bad behavior sense middle book.
T002753,E00692,4,Plant fine we game beat region church player knowledge onto able find although.
T002753,E00224,5,Increase occur ever answer yourself hit beyond produce me money.
T002753,E00165,5,"Driver was late, missed my shift start."
T002753,E00206,5,"Smooth ride, no complaints."
T002755,E00624,5,Against bit speak government treat even.
T002755,E00658,5,By share leader product line environmental area rise agree Democrat year last.
T002755,E00151,5,Peace oil TV moment about wall east blood director.
T002755,E00793,4,Eye control picture white audience street admit cold service late do assume position.
T002756,E00268,5,Route felt longer than usual today.
T002757,E00434,5,"Smooth ride, no complaints."
T002757,E00290,4,"Driver was late, missed my shift start."
T002759,E00416,5,Girl understand however because student ball.
T002760,E00401,5,"Smooth ride, no complaints."
T002761,E00705,5,Owner popular far skill close difficult also use again exactly fact minute.
T002761,E00384,4,"Driver was late, missed my shift start."
T002762,E00792,5,On time and courteous driver.
T002763,E00595,4,Outside theory her player on million even education attorney activity power.
T002763,E00202,4,On time and courteous driver.
T002764,E00470,5,Vehicle was in poor condition.
T002765,E00427,5,Space agent approach throughout something about author main what technology president.
T002765,E00390,5,Off finally culture dark wrong already month book those kind.
T002766,E00365,5,"Smooth ride, no complaints."
T002766,E00614,5,Vehicle was in poor condition.
T002766,E00346,5,Region institution appear already pattern color behavior expert beat will ground support institution.
T002766,E00696,4,Dinner do product field north imagine red garden vote.
T002767,E00226,3,"Smooth ride, no complaints."
T002768,E00591,4,"Driver was late, missed my shift start."
T002768,E00372,5,On time and courteous driver.
T002768,E00628,4,Nothing board simply ago decision doctor during ability.
T002768,E00351,4,Find reason one conference phone woman.
T002769,E00201,5,Rest response whatever party positive lead billion lawyer.
T002769,E00092,5,"Smooth ride, no complaints."
T002769,E00679,5,Route felt longer than usual today.
T002771,E00041,4,Great experience overall.
T002771,E00085,4,Than shake reason choice media response charge truth society speech state suffer heavy.
T002771,E00035,5,"Driver was late, missed my shift start."
T002772,E00342,5,Wide during perform tend probably hold law begin red yard.
T002772,E00775,5,On time and courteous driver.
T002772,E00233,5,Event customer buy share true hospital visit involve half.
T002773,E00307,4,Political local director floor parent budget response home fund hotel specific newspaper could.
T002775,E00107,4,"Smooth ride, no complaints."
T002775,E00071,5,Seek hotel husband standard movement other administration voice production pick.
T002777,E00424,5,On time and courteous driver.
T002777,E00514,5,"Driver was late, missed my shift start."
T002777,E00288,3,Vehicle was in poor condition.
T002778,E00612,5,Guess above them out down product little style between must.
T002779,E00394,4,Route felt longer than usual today.
T002780,E00763,4,Route felt longer than usual today.
T002780,E00504,5,Huge section who gun call street possible forget perform community world.
T002780,E00765,4,Great experience overall.
T002780,E00461,4,Great experience overall.
T002780,E00332,5,Route felt longer than usual today.
T002781,E00786,5,Great experience overall.
T002781,E00246,5,Answer bag when standard project seek.
T002781,E00740,4,Great experience overall.
T002782,E00116,4,Route felt longer than usual today.
T002782,E00657,5,Route felt longer than usual today.
T002782,E00157,5,Vehicle was in poor condition.
T002783,E00341,4,On time and courteous driver.
T002784,E00690,5,Stand interest indeed suffer least no skin.
T002784,E00760,5,Phone bank way talk ability pull new cause shake most field will strategy.
T002785,E00114,4,On time and courteous driver.
T002786,E00578,5,"Smooth ride, no complaints."
T002786,E00331,5,Anything quite wear tree star system long cultural usually available enough energy by.
T002788,E00561,5,Great experience overall.
T002788,E00459,4,Route felt longer than usual today.
T002788,E00406,4,Route felt longer than usual today.
T002788,E00337,4,We each yeah task voice wide right audience catch write sign.
T002788,E00688,3,Natural these again degree bank road huge explain lose as picture window.
T002788,E00178,3,"Driver was late, missed my shift start."
T002789,E00230,3,"Smooth ride, no complaints."
T002789,E00630,5,Stock choose including share real job draw medical.
T002789,E00086,4,Tree participant at summer its address during different officer attack.
T002789,E00129,4,"Driver was late, missed my shift start."
T002789,E00565,4,Great experience overall.
T002789,E00077,3,Safe probably within cause tonight chance thought source source treatment company thousand drive.
T002790,E00199,5,Employee suffer nothing suffer close cost continue past seven election raise everything which.
T002790,E00125,5,"Smooth ride, no complaints."
T002790,E00783,5,"Smooth ride, no complaints."
T002790,E00752,5,Route felt longer than usual today.
T002790,E00273,5,"Driver was late, missed my shift start."
T002791,E00456,4,Vehicle was in poor condition.
T002791,E00022,4,On time and courteous driver.
T002791,E00756,5,Investment region my medical the this avoid situation development animal election painting mind fly.
T002791,E00082,4,Look subject fish girl push site argue policy home threat sister most.
T002791,E00689,4,On time and courteous driver.
T002791,E00315,5,"Smooth ride, no complaints."
T002791,E00702,5,Vehicle was in poor condition.
T002792,E00723,5,Appear two officer read administration role west west life break condition right however.
T002792,E00579,5,"Driver was late, missed my shift start."
T002792,E00052,4,"Smooth ride, no complaints."
T002792,E00037,5,Describe couple meet authority someone compare.
T002792,E00716,5,"Smooth ride, no complaints."
T002792,E00607,5,Vehicle was in poor condition.
T002792,E00672,5,Vehicle was in poor condition.
T002793,E00388,5,"Smooth ride, no complaints."
T002794,E00699,5,"Smooth ride, no complaints."
T002794,E00510,4,Route felt longer than usual today.
T002794,E00126,4,"Smooth ride, no complaints."
T002794,E00758,5,"Smooth ride, no complaints."
T002796,E00382,4,General people nothing majority show return wife someone crime store.
T002796,E00551,5,On time and courteous driver.
T002797,E00173,4,"Driver was late, missed my shift start."
T002797,E00500,4,System firm get nor poor certainly rest especially be ask push would.
T002798,E00259,5,"Driver was late, missed my shift start."
T002798,E00140,4,Activity report international which hotel president television bit civil way factor.
T002798,E00444,5,Route felt longer than usual today.
T002798,E00557,5,Day air add amount huge economic sea meet.
T002800,E00432,4,Official coach education point cause letter which.
T002800,E00143,5,Route felt longer than usual today.
T002800,E00741,4,"Smooth ride, no complaints."
T002800,E00234,4,Route felt longer than usual today.
T002800,E00362,4,Son always line respond modern bar PM director.
T002801,E00111,5,Word several fact give contain line according pay suddenly nearly case.
T002801,E00247,4,Effect pull join respond majority recently seven decide how at person room.
T002801,E00613,5,Forward range affect whatever those allow boy field Mrs eight.
T002802,E00750,5,On time and courteous driver.
T002803,E00183,5,Route felt longer than usual today.
T002803,E00797,5,Can theory debate answer decide action later.
T002803,E00744,5,Route felt longer than usual today.
T002804,E00269,4,"Driver was late, missed my shift start."
T002804,E00032,4,"Smooth ride, no complaints."
T002804,E00203,4,Drive although second more able toward prove.
T002805,E00421,5,Route felt longer than usual today.
T002806,E00485,5,Theory policy culture lead southern off wonder.
T002806,E00777,5,Center what air paper that remember determine instead tonight international history newspaper risk.
T002806,E00778,5,Great experience overall.
T002808,E00007,5,On time and courteous driver.
T002808,E00423,4,On time and courteous driver.
T002809,E00573,4,Vehicle was in poor condition.
T002811,E00093,4,Across deal ability health travel ask affect between hospital.
T002811,E00070,4,Great experience overall.
T002813,E00472,5,Great experience overall.
T002814,E00687,5,Less air national face same need between rock believe imagine central war store.
T002815,E00670,4,Vehicle was in poor condition.
T002815,E00276,4,Vehicle was in poor condition.
T002815,E00435,5,Vehicle was in poor condition.
T002815,E00308,5,On time and courteous driver.
T002815,E00217,5,Middle only fast budget accept stand pressure who.
T002815,E00292,5,Past within indeed room significant business student remain head recently recent.
T002815,E00768,5,Great experience overall.
T002815,E00709,5,"Driver was late, missed my shift start."
T002816,E00399,4,Vehicle was in poor condition.
T002816,E00112,5,"Driver was late, missed my shift start."
T002816,E00150,5,Vehicle was in poor condition.
T002816,E00429,4,Produce woman very food study cover lay.
T002816,E00446,4,Player dog TV science west surface fill yet company future that.
T002816,E00389,5,Great experience overall.
T002817,E00544,5,"Driver was late, missed my shift start."
T002817,E00726,5,"Driver was late, missed my shift start."
T002817,E00187,5,Other another blood break form city foot media.
T002818,E00049,3,Route felt longer than usual today.
T002818,E00487,4,Great experience overall.
T002818,E00511,5,"Smooth ride, no complaints."
T002819,E00513,4,Strong leg region need concern American bar knowledge mother affect draw.
T002819,E00695,5,Training grow total through medical religious or brother myself.
T002819,E00058,5,On time and courteous driver.
T002820,E00736,5,Great experience overall.
T002820,E00048,4,Son support finally too concern yard.
T002820,E00481,5,Happy reflect where should produce hair these and.
T002820,E00584,4,"Driver was late, missed my shift start."
T002820,E00300,5,Nor kitchen knowledge outside work because quite size writer something.
T002821,E00136,4,Adult figure former in central them foot test.
T002821,E00788,5,Because home near without support whose now.
T002821,E00537,5,Something board give up collection break.
T002821,E00243,5,On time and courteous driver.
T002824,E00044,5,Cut remember organization heavy account method evening item.
T002824,E00587,5,"Driver was late, missed my shift start."
T002825,E00045,4,"Smooth ride, no complaints."
T002826,E00498,5,Candidate medical official might pay dinner.
T002828,E00371,4,"Driver was late, missed my shift start."
T002828,E00781,5,Route felt longer than usual today.
T002829,E00698,5,Great experience overall.
T002830,E00450,4,On time and courteous driver.
T002831,E00426,5,"Smooth ride, no complaints."
T002833,E00205,5,Exactly total science security room occur sense look this suffer call black.
T002833,E00442,4,"Smooth ride, no complaints."
T002834,E00662,3,Great experience overall.
T002836,E00600,5,Receive various treatment task detail minute magazine must million good.
T002836,E00691,5,Route felt longer than usual today.
T002836,E00451,5,Great experience overall.
T002836,E00241,5,On time and courteous driver.
T002836,E00063,5,Message safe white night pass however present.
T002838,E00141,4,Significant election dog offer how drug Republican to across about down onto.
T002838,E00694,4,Old particularly situation road statement site fine range politics education son everyone sure.
T002838,E00108,4,"Driver was late, missed my shift start."
T002839,E00755,4,"Smooth ride, no complaints."
T002839,E00570,4,"Driver was late, missed my shift start."
T002839,E00671,4,Later ok stock season career policy.
T002839,E00039,5,"Driver was late, missed my shift start."
T002840,E00198,5,Expect discussion shoulder store year board hospital view safe economic.
T002840,E00495,5,On time and courteous driver.
T002840,E00727,4,"Driver was late, missed my shift start."
T002841,E00264,4,"Driver was late, missed my shift start."
T002841,E00324,5,Route felt longer than usual today.
T002842,E00475,5,Route felt longer than usual today.
T002844,E00130,4,Present middle TV middle western PM television scientist left paper situation whom hair.
T002844,E00139,5,Vehicle was in poor condition.
T002846,E00320,5,"Smooth ride, no complaints."
T002847,E00169,5,Late series two market indicate worry need her moment you.
T002847,E00526,5,Yard quality major western decision you present better.
T002848,E00005,4,On time and courteous driver.
T002848,E00103,3,Great experience overall.
T002849,E00505,5,Letter hold they rather teacher first agent phone man movement hold.
T002850,E00606,5,Chance culture represent focus add tough impact onto.
T002851,E00119,5,Great experience overall.
T002851,E00501,5,On time and courteous driver.
T002852,E00098,4,Candidate never radio amount cost beautiful yourself catch start song.
T002852,E00339,5,Crime learn finish provide former budget performance choose organization approach.
T002853,E00002,5,Why early lot avoid interest partner though.
T002855,E00019,4,"Smooth ride, no complaints."
T002855,E00138,4,Great experience overall.
T002855,E00799,5,"Driver was late, missed my shift start."
T002855,E00646,4,Route felt longer than usual today.
T002855,E00684,5,On time and courteous driver.
T002855,E00165,5,"Smooth ride, no complaints."
T002856,E00118,4,Drug ground happy reason would among word already in like available individual finally.
T002857,E00180,5,Vehicle was in poor condition.
T002857,E00343,4,Vehicle was in poor condition.
T002857,E00724,5,On time and courteous driver.
T002857,E00708,5,Great experience overall.
T002858,E00151,2,Nor son son book civil necessary economic production behavior play.
T002858,E00719,3,Great experience overall.
T002859,E00274,5,Quality sense add industry ahead same billion child thank trade must door.
T002860,E00290,3,Ago hit exist newspaper good provide view he food vote oil anything wide defense.
T002861,E00120,5,Investment matter maintain much soon find soldier discussion carry improve.
T002862,E00753,5,Great experience overall.
T002863,E00072,4,"Smooth ride, no complaints."
T002864,E00682,5,Office over enjoy statement along mind reason station.
T002864,E00202,5,"Driver was late, missed my shift start."
T002865,E00416,4,On time and courteous driver.
T002865,E00427,5,"Smooth ride, no complaints."
T002866,E00344,4,Vehicle was in poor condition.
T002867,E00476,3,Not result work strong way interest upon admit water contain artist.
T002869,E00228,5,Vehicle was in poor condition.
T002869,E00521,5,Hear front age bit significant also poor trouble agency return what.
T002869,E00654,5,On time and courteous driver.
T002870,E00614,5,"Smooth ride, no complaints."
T002870,E00346,5,"Smooth ride, no complaints."
T002870,E00574,4,"Driver was late, missed my shift start."
T002870,E00355,5,Common argue once decade finally almost job.
T002871,E00255,5,Vehicle was in poor condition.
T002871,E00372,5,Thus treatment him rock necessary create down rather discuss same talk authority.
T002871,E00568,5,Route felt longer than usual today.
T002871,E00351,4,Church turn situation participant both sure difference lose city try among argue nice.
T002872,E00026,5,On time and courteous driver.
T002872,E00420,5,On time and courteous driver.
T002873,E00221,5,Memory present know evidence law approach experience.
T002873,E00594,4,Great experience overall.
T002873,E00418,4,Route felt longer than usual today.
T002874,E00360,4,Route felt longer than usual today.
T002874,E00411,4,Great experience overall.
T002875,E00083,5,"Driver was late, missed my shift start."
T002875,E00650,5,Food save movement knowledge coach natural certainly hundred character realize million really score.
T002875,E00041,5,Great experience overall.
T002875,E00548,3,On time and courteous driver.
T002876,E00307,4,Great experience overall.
T002877,E00558,4,Route felt longer than usual today.
T002877,E00474,4,Wonder cold wish network top else region.
T002878,E00375,4,Me food scientist establish impact suddenly indicate realize affect interview.
T002879,E00113,5,Route felt longer than usual today.
T002880,E00367,5,Key reason either staff garden gun design nearly reason.
T002880,E00612,5,Manager town end kid special recognize evening fish life simple apply its.
T002881,E00091,5,Route felt longer than usual today.
T002881,E00312,4,"Driver was late, missed my shift start."
T002882,E00148,3,On time and courteous driver.
T002882,E00504,3,"Driver was late, missed my shift start."
T002882,E00712,4,Toward method parent well check fill human.
T002882,E00522,3,Somebody carry someone chair husband rest.
T002882,E00765,4,Either join ability cultural manage population walk almost hit response.
T002882,E00763,3,"Smooth ride, no complaints."
T002883,E00040,4,Middle some avoid stuff political her yourself wide officer happy ask letter.
T002883,E00248,5,Course but company seven energy news guess work public establish stuff social.
T002884,E00780,3,Officer beat pattern race news mission able.
T002884,E00740,4,On time and courteous driver.
T002884,E00116,3,Great experience overall.
T002884,E00341,4,Likely realize single rate magazine together happen.
T002885,E00246,5,Look power right area still around.
T002885,E00786,5,"Driver was late, missed my shift start."
T002885,E00657,4,Vehicle was in poor condition.
T002888,E00209,5,Great experience overall.
T002889,E00244,5,Great experience overall.
T002889,E00632,4,Great experience overall.
T002890,E00760,5,Different window often rule others laugh charge treatment.
T002891,E00297,5,On time and courteous driver.
T002891,E00762,4,Bar approach window before unit number a put anything blood new.
T002891,E00800,4,Agreement computer head chance professor north clear several phone reflect.
T002891,E00178,4,Vehicle was in poor condition.
T002891,E00086,5,Route felt longer than usual today.
T002891,E00647,5,Compare bank wrong common top likely toward so list possible purpose president team.
T002891,E00565,5,Policy test institution organization security later finally story cold character.
T002891,E00273,5,Shake election possible argue bar exist glass responsibility kid always soldier quite hand.
T002891,E00688,5,Great experience overall.
T002891,E00125,4,Draw visit work should than smile someone how.
T002892,E00779,5,Great experience overall.
T002892,E00795,5,Vehicle was in poor condition.
T002892,E00459,5,"Smooth ride, no complaints."
T002892,E00630,5,"Driver was late, missed my shift start."
T002892,E00199,5,Sign rather language move sea too short above morning gas short space leader.
T002892,E00253,5,Route felt longer than usual today.
T002892,E00773,4,Vehicle was in poor condition.
T002892,E00230,4,On time and courteous driver.
T002893,E00191,5,Route felt longer than usual today.
T002893,E00018,5,Price son minute past hospital meeting every open alone around what someone me.
T002894,E00607,4,"Smooth ride, no complaints."
T002894,E00536,4,Exist and green eight former north officer join.
T002894,E00388,4,"Driver was late, missed my shift start."
T002894,E00756,5,On time and courteous driver.
T002894,E00186,5,Great experience overall.
T002895,E00368,4,Vehicle was in poor condition.
T002895,E00723,5,"Smooth ride, no complaints."
T002895,E00689,4,Election share fish wind say body top bed.
T002895,E00153,5,"Smooth ride, no complaints."
T002895,E00577,5,Treat million song technology while economy.
T002896,E00456,3,Today particular property risk others stand baby ground officer brother program.
T002896,E00265,4,On time and courteous driver.
T002896,E00096,4,Vehicle was in poor condition.
T002897,E00758,4,Stand law reason practice really surface.
T002897,E00173,4,There always choose prevent industry choice.
T002898,E00699,4,Route felt longer than usual today.
T002898,E00510,5,Whose manager usually across surface fast step state military this machine social ten.
T002898,E00282,4,Great experience overall.
T002899,E00717,5,On time and courteous driver.
T002899,E00443,5,"Smooth ride, no complaints."
T002899,E00124,4,Great experience overall.
T002899,E00438,5,Cell ask serve example will effort rock evidence figure above company easy lay.
T002899,E00140,5,Route felt longer than usual today.
T002899,E00126,5,Loss natural edge listen some Congress energy.
T002900,E00382,4,"Smooth ride, no complaints."
T002901,E00185,4,Vehicle was in poor condition.
T002901,E00469,5,Leader material movement speak general century strategy.
T002903,E00299,5,Vehicle was in poor condition.
T002903,E00468,5,Route felt longer than usual today.
T002903,E00089,5,Interest ten stuff people me power lawyer year.
T002904,E00213,5,"Smooth ride, no complaints."
T002904,E00020,5,Leave like fall forget election later far attorney everyone break particular yet.
T002905,E00750,3,Great experience overall.
T002905,E00097,5,"Driver was late, missed my shift start."
T002905,E00056,5,Great experience overall.
T002905,E00234,5,On time and courteous driver.
T002905,E00546,5,"Driver was late, missed my shift start."
T002906,E00503,5,Vehicle was in poor condition.
T002906,E00143,5,Great experience overall.
T002906,E00407,4,Yard worker indeed three about foreign own consider law professional ask recognize decade.
T002906,E00313,5,On time and courteous driver.
T002906,E00190,5,Time middle agree check everything within expert far page instead.
T002907,E00348,5,On time and courteous driver.
T002909,E00583,5,Great experience overall.
T002912,E00677,5,Route felt longer than usual today.
T002913,E00010,4,Imagine TV attorney growth never I relate red drive to.
T002914,E00319,4,Agreement industry party million term whose bill along religious last under.
T002915,E00777,4,Vehicle was in poor condition.
T002916,E00778,5,"Driver was late, missed my shift start."
T002916,E00357,5,"Smooth ride, no complaints."
T002917,E00506,5,Route felt longer than usual today.
T002917,E00266,5,Easy defense key push space trial resource training attack.
T002918,E00172,5,Great experience overall.
T002918,E00471,4,Route felt longer than usual today.
T002920,E00499,4,Route felt longer than usual today.
T002920,E00292,4,Player class fear the goal could artist southern candidate baby myself.
T002920,E00555,4,On time and courteous driver.
T002920,E00431,5,Great experience overall.
T002920,E00618,4,Route felt longer than usual today.
T002920,E00094,5,"Smooth ride, no complaints."
T002921,E00669,3,Vehicle was in poor condition.
T002921,E00076,5,Man suggest newspaper major serve answer.
T002921,E00484,4,Indicate five think get technology former husband discuss item remember fast.
T002921,E00166,5,Us close take quite compare cause visit trip model music item among.
T002921,E00625,4,"Driver was late, missed my shift start."
T002921,E00627,4,Great experience overall.
T002921,E00683,5,Route felt longer than usual today.
T002922,E00603,5,Great experience overall.
T002922,E00152,4,"Smooth ride, no complaints."
T002922,E00492,5,Street party hope two paper seven compare may choose realize.
T002922,E00181,5,"Smooth ride, no complaints."
T002922,E00707,4,Wrong large along child drug prove style cold pay new toward before.
T002923,E00065,5,Route felt longer than usual today.
T002924,E00249,5,Decide city admit test war mission woman camera.
T002924,E00637,4,"Smooth ride, no complaints."
T002924,E00027,4,Upon see nation carry war reflect sing control century leg her.
T002924,E00713,5,Reveal change media tree large difficult.
T002925,E00721,5,Join bag sea image program dinner develop point get.
T002925,E00545,4,On time and courteous driver.
T002926,E00511,4,Lose garden interesting cover practice teach surface laugh popular short.
T002926,E00410,5,Effort defense most relationship like article.
T002927,E00449,5,Simply determine player station color general under.
T002927,E00604,5,Type against remember small among risk charge garden face improve page.
T002928,E00370,3,Wonder somebody throughout work power fall billion live.
T002928,E00537,4,"Smooth ride, no complaints."
T002929,E00445,4,"Driver was late, missed my shift start."
T002929,E00743,5,Vehicle was in poor condition.
T002930,E00700,4,Mr west growth on point ten hundred population do hospital skill them herself.
T002931,E00208,4,Father whole method until enough provide.
T002931,E00358,5,Second debate Republican perhaps audience ready exist own good let ready ahead.
T002932,E00739,5,Through dream past vote old or success where instead all include.
T002932,E00569,2,Route felt longer than usual today.
T002932,E00698,5,"Smooth ride, no complaints."
T002933,E00498,3,"Smooth ride, no complaints."
T002934,E00400,4,Organization deal be want another teacher each memory really drop war material term.
T002934,E00441,4,Route felt longer than usual today.
T002935,E00354,5,Century difference green near apply through nature your although purpose.
T002935,E00182,5,Hand despite lead study culture idea again.
T002936,E00685,5,"Driver was late, missed my shift start."
T002937,E00450,5,Vehicle was in poor condition.
T002937,E00405,5,On time and courteous driver.
T002939,E00781,5,Route felt longer than usual today.
T002939,E00381,4,Make memory leave your unit hand issue per leg trouble property.
T002939,E00102,4,"Driver was late, missed my shift start."
T002941,E00600,5,On time and courteous driver.
T002941,E00451,5,Great experience overall.
T002941,E00304,4,Vehicle was in poor condition.
T002941,E00122,5,On time and courteous driver.
T002942,E00691,4,On time and courteous driver.
T002942,E00063,5,Great experience overall.
T002943,E00585,5,Great experience overall.
T002943,E00108,5,On time and courteous driver.
T002943,E00004,4,Route felt longer than usual today.
T002944,E00755,4,"Smooth ride, no complaints."
T002944,E00141,5,Great experience overall.
T002944,E00602,4,Government manager nothing particularly he happy through food possible.
T002944,E00598,4,"Driver was late, missed my shift start."
T002945,E00629,4,Great experience overall.
T002945,E00771,4,Hit none place kitchen feel hair three style today next person walk ready capital.
T002945,E00043,3,"Smooth ride, no complaints."
T002946,E00621,5,"Driver was late, missed my shift start."
T002946,E00413,4,Century usually wall thus similar population may simple avoid practice.
T002947,E00281,4,Them particular report begin strategy hear far.
T002947,E00737,4,"Driver was late, missed my shift start."
T002947,E00703,4,Route felt longer than usual today.
T002948,E00130,4,Floor art daughter smile professor list history performance energy.
T002948,E00552,4,Great experience overall.
T002948,E00195,4,On time and courteous driver.
T002949,E00074,5,"Driver was late, missed my shift start."
T002949,E00073,5,Agent room natural feel arm state gun teach.
T002949,E00060,5,Vehicle was in poor condition.
T002951,E00608,5,On time and courteous driver.
T002952,E00635,5,Rich before collection yeah there experience say common.
T002952,E00103,5,Your job face structure skill office bed something.
T002953,E00505,5,State top gun store clearly long first.
T002954,E00145,5,Article agree understand long tree because song pretty toward foot image beat tonight.
T002954,E00169,5,"Driver was late, missed my shift start."
T002955,E00617,5,Route felt longer than usual today.
T002955,E00013,4,Vehicle was in poor condition.
T002955,E00645,5,"Driver was late, missed my shift start."
T002956,E00606,5,Vehicle was in poor condition.
T002956,E00005,5,On time and courteous driver.
T002957,E00110,5,On time and courteous driver.
T002958,E00339,4,Western site daughter few white within energy.
T002960,E00701,4,Report list dark over rate it compare left natural beautiful management face.
T002960,E00275,5,Break bring ago close beat receive data.
T002960,E00017,4,Yes always face teacher night clear moment.
T002960,E00294,4,Vehicle was in poor condition.
T002961,E00158,4,"Driver was late, missed my shift start."
T002961,E00387,5,On time and courteous driver.
T002962,E00121,4,"Driver was late, missed my shift start."
T002962,E00566,5,Anything nation month audience here include special citizen bring occur put than already.
T002962,E00151,4,Vehicle was in poor condition.
T002962,E00467,4,Vehicle was in poor condition.
T002963,E00343,4,Audience describe fly who risk recent behind.
T002963,E00708,3,Do issue television human approach feel understand.
T002964,E00306,5,Vehicle was in poor condition.
T002965,E00793,4,Treat be teach design natural none.
T002966,E00384,4,Boy media several fact fly term born reveal site age thought eat well.
T002966,E00390,5,Or involve when baby thus listen hospital around resource.
T002967,E00057,4,Get reflect group teacher learn difficult stay sense decade hour structure.
T002967,E00470,5,On time and courteous driver.
T002967,E00634,5,Vehicle was in poor condition.
T002968,E00416,5,Where mean baby present table season shoulder firm threat sense with wife.
T002968,E00050,4,"Driver was late, missed my shift start."
T002969,E00072,5,Service of here sign art human left add.
T002970,E00595,4,Parent I others study however rather early resource would easy real arrive manage.
T002971,E00061,4,Mission across ago many tree ever any inside economic democratic.
T002972,E00490,5,Such sometimes image threat sing fall think my.
T002972,E00681,5,Vehicle was in poor condition.
T002972,E00476,4,"Driver was late, missed my shift start."
T002973,E00753,4,"Smooth ride, no complaints."
T002973,E00225,5,On time and courteous driver.
T002974,E00642,5,"Smooth ride, no complaints."
T002974,E00226,5,Need performance prepare during friend rule subject manage central surface foot my.
T002974,E00614,5,Rather nearly front ever first that deep.
T002974,E00488,5,Thus western site white try mind close.
T002974,E00791,5,Into my training natural major how none play certainly.
T002974,E00365,5,Mother allow reason in keep million including together event.
T002974,E00774,5,Great experience overall.
T002974,E00379,5,Route felt longer than usual today.
T002974,E00574,4,On time and courteous driver.
T002975,E00653,4,Scene want entire hotel make because although direction leader generation collection.
T002976,E00372,2,Lose also employee message above billion see especially son have condition.
T002976,E00084,1,Religious represent reflect through authority much brother.
T002976,E00351,2,Hit all cup heart become parent hundred security site.
T002977,E00649,4,Fund piece here go election score may east media eight.
T002977,E00580,4,Route felt longer than usual today.
T002977,E00679,5,Matter become environment agree face son evening rather.
T002977,E00135,4,Yeah summer government improve interest across yeah surface behavior.
T002978,E00594,5,"Driver was late, missed my shift start."
T002978,E00420,4,Route felt longer than usual today.
T002979,E00021,5,Poor case market change determine mission son likely environment call between.
T002979,E00314,5,Season sort hospital morning movement probably themselves walk foot quickly late.
T002979,E00046,5,Route felt longer than usual today.
T002980,E00650,5,On time and courteous driver.
T002980,E00360,5,"Smooth ride, no complaints."
T002980,E00035,5,Create ahead respond of image try guess myself attorney in really employee through.
T002980,E00523,4,Great experience overall.
T002984,E00091,5,Drive staff pick no country seat.
T002984,E00356,5,Spend almost real common main now Republican office then buy specific order.
T002985,E00424,5,On time and courteous driver.
T002985,E00612,5,Effort party hit office family structure wonder seem live receive.
T002987,E00663,5,"Driver was late, missed my shift start."
T002987,E00040,5,Suddenly candidate garden matter whose born whom score you us.
T002987,E00310,4,Vehicle was in poor condition.
T002987,E00148,4,Possible land even leave production expect.
T002987,E00601,4,One doctor purpose staff represent nearly statement institution travel method.
T002987,E00765,5,"Smooth ride, no complaints."
T002987,E00088,5,Vehicle was in poor condition.
T002987,E00504,5,On time and courteous driver.
T002989,E00207,4,Vehicle was in poor condition.
T002990,E00116,4,Responsibility rather raise animal bed actually news watch by Republican exist prevent.
T002990,E00780,5,If avoid school American establish yourself water not nice bed TV.
T002990,E00194,5,"Driver was late, missed my shift start."
T002990,E00740,4,"Driver was late, missed my shift start."
T002990,E00238,4,Community relationship PM threat early require similar skin thought.
T002992,E00114,4,Great experience overall.
T002993,E00686,5,Vehicle was in poor condition.
T002994,E00397,4,Dark degree college movement line grow if man year by decade truth.
T002994,E00209,5,Those her PM week line still game night third rock ask.
T002994,E00331,5,Tend whether where push miss organization authority return ability road building writer.
T002994,E00578,5,Great experience overall.
T002996,E00258,4,"Driver was late, missed my shift start."
T002996,E00253,4,On time and courteous driver.
T002996,E00016,4,Route felt longer than usual today.
T002996,E00129,5,"Smooth ride, no complaints."
T002997,E00561,4,Away usually election high power whose yourself.
T002997,E00191,5,Great experience overall.
T002997,E00333,5,Drop serve leader song common should their majority where spend provide true.
T002997,E00406,4,"Smooth ride, no complaints."
T002997,E00795,5,Wide continue market return lot factor push will many above.
T002997,E00630,5,Great experience overall.
T002997,E00199,5,"Driver was late, missed my shift start."
T002997,E00329,5,Great experience overall.
T002997,E00660,5,Night thought plan future common use church seem risk never air why.
T002997,E00018,5,On time and courteous driver.
T002997,E00051,5,"Driver was late, missed my shift start."
T002997,E00409,5,Image occur one pass program in affect must.
T002997,E00783,5,"Driver was late, missed my shift start."
T002998,E00460,4,Route felt longer than usual today.
T002998,E00572,5,Treat such near Democrat number young least important I stay.
T002998,E00800,3,On time and courteous driver.
T002999,E00388,5,"Driver was late, missed my shift start."
T002999,E00022,5,"Smooth ride, no complaints."
T002999,E00335,5,Route felt longer than usual today.
T002999,E00596,5,Card board response stop country year line story see successful again another.
T003000,E00186,4,Maintain since month mention run try relate itself space.
T003000,E00754,5,"Smooth ride, no complaints."
T003001,E00159,5,Different already song some relationship number threat method event even choice receive itself.
T003001,E00607,5,"Smooth ride, no complaints."
T003001,E00756,4,Vehicle was in poor condition.
T003001,E00655,5,"Driver was late, missed my shift start."
T003001,E00798,5,Must tend value compare important arrive little expert tell.
T003001,E00315,5,House kid interview house quality bed our civil bill young.
T003002,E00134,5,"Smooth ride, no complaints."
T003002,E00124,5,Marriage officer about try American film share senior article.
T003003,E00675,4,Route felt longer than usual today.
T003003,E00500,5,Window however yard difficult describe suddenly home weight eight commercial unit.
T003003,E00364,4,"Smooth ride, no complaints."
T003003,E00678,5,Development act treat serve yourself left simple election set run dinner.
T003004,E00510,5,Item garden positive even hundred long business.
T003004,E00706,4,On time and courteous driver.
T003004,E00738,5,Great experience overall.
T003005,E00240,4,"Driver was late, missed my shift start."
T003005,E00469,5,Great experience overall.
T003005,E00465,4,Remain customer set offer work artist sometimes subject they human.
T003006,E00382,5,Great experience overall.
T003007,E00301,5,Over decade carry its describe election change want recent city water.
T003007,E00111,5,Discuss cause skill talk despite purpose control seem debate along special response.
T003008,E00419,5,Route felt longer than usual today.
T003008,E00131,5,Route felt longer than usual today.
T003008,E00665,5,Vehicle was in poor condition.
T003008,E00014,5,According realize fine pressure economy to.
T003009,E00503,5,"Driver was late, missed my shift start."
T003009,E00741,5,On time and courteous driver.
T003009,E00407,5,Sea action culture do seven radio place Mr.
T003010,E00797,5,Great experience overall.
T003011,E00203,4,Vehicle was in poor condition.
T003011,E00299,5,Decision exactly human she bar growth main natural two especially despite big.
T003011,E00359,3,Vehicle was in poor condition.
T003011,E00298,5,Song politics he very quality local inside probably music throw present history.
T003013,E00425,5,Such ground few story century happen program much development per.
T003014,E00105,4,Vehicle was in poor condition.
T003014,E00714,5,Itself air deal certainly station cup wide why.
T003015,E00155,4,Route felt longer than usual today.
T003015,E00687,3,"Smooth ride, no complaints."
T003016,E00211,5,Vehicle was in poor condition.
T003017,E00472,5,Mission guy daughter rise car yeah degree sort also owner party.
T003018,E00007,4,Light trouble public television question bag head draw behind member serious station inside.
T003019,E00573,4,On time and courteous driver.
T003020,E00215,3,Something single race road campaign activity job theory say model.
T003020,E00718,3,"Driver was late, missed my shift start."
T003020,E00357,4,Route felt longer than usual today.
T003021,E00507,5,Vehicle was in poor condition.
T003022,E00010,5,Idea leader wrong management likely that.
T003022,E00615,5,"Driver was late, missed my shift start."
T003023,E00415,5,"Smooth ride, no complaints."
T003024,E00508,4,On time and courteous driver.
T003024,E00431,4,Vehicle was in poor condition.
T003024,E00787,4,Officer mother east nice group past three a month continue chair like collection.
T003024,E00725,5,"Smooth ride, no complaints."
T003025,E00446,5,"Smooth ride, no complaints."
T003025,E00217,4,Foot not hundred traditional kid day quality.
T003025,E00728,5,Vehicle was in poor condition.
T003025,E00076,5,Great experience overall.
T003025,E00166,5,Direction page past true eye cut none fly season increase itself.
T003025,E00726,5,Cup like message describe approach scene before product save war.
T003026,E00309,4,Herself heavy raise win go hospital some daughter.
T003026,E00709,4,On time and courteous driver.
T003026,E00308,4,Vehicle was in poor condition.
T003026,E00422,4,Color role expect measure environmental degree woman international.
T003027,E00637,5,On time and courteous driver.
T003027,E00196,5,"Smooth ride, no complaints."
T003027,E00664,5,"Smooth ride, no complaints."
T003028,E00049,4,Above benefit buy owner few mind how wife age kind wish.
T003029,E00197,4,Route felt longer than usual today.
T003030,E00048,5,Including fight sense similar newspaper number real.
T003031,E00370,4,Vehicle was in poor condition.
T003031,E00250,5,Great experience overall.
T003031,E00481,4,Method pass picture evidence machine issue around staff provide outside many truth.
T003031,E00410,4,Trip side prevent hand wear blue experience seem sport.
T003031,E00478,5,Industry which structure effort management degree whether doctor key.
T003032,E00695,5,Think season skill war for may occur process home general would network kind.
T003032,E00633,5,Science kind order two music door knowledge early enough.
T003032,E00513,4,Vehicle was in poor condition.
T003035,E00385,5,Paper idea five Democrat American citizen.
T003035,E00739,4,Route felt longer than usual today.
T003036,E00182,5,Around dream memory number option pull exactly soon weight close.
T003036,E00662,4,Fear themselves group more organization computer born star.
T003037,E00208,4,Home state mean as miss and form financial perform high.
T003037,E00436,4,Toward onto around local employee everybody.
T003042,E00303,4,"Smooth ride, no complaints."
T003042,E00380,4,Route felt longer than usual today.
T003042,E00001,5,On time and courteous driver.
T003043,E00184,5,Great experience overall.
T003045,E00733,5,Same old price thing international control break full world down off.
T003045,E00352,5,Recognize without necessary impact me unit audience none police amount stock.
T003045,E00473,4,Finish own Democrat head suddenly indeed resource.
T003045,E00256,5,"Smooth ride, no complaints."
T003045,E00529,5,Ability spring middle firm a television cold full take cover million.
T003045,E00323,5,Yard this attention talk specific task behind.
T003046,E00691,4,"Driver was late, missed my shift start."
T003047,E00602,5,On time and courteous driver.
T003047,E00376,5,Begin hear area section pressure bed far nothing official couple husband six.
T003047,E00149,5,Already green building believe spend specific development up in just.
T003047,E00720,5,"Driver was late, missed my shift start."
T003047,E00452,5,Vehicle was in poor condition.
T003047,E00012,5,"Driver was late, missed my shift start."
T003047,E00667,5,Item produce baby account activity find way our daughter clear structure when.
T003048,E00782,4,Great experience overall.
T003048,E00039,4,On time and courteous driver.
T003048,E00585,5,Trade west suggest writer admit truth reduce outside base while detail spend avoid.
T003048,E00455,5,Evidence good which among the teacher space among.
T003048,E00393,3,Want step long put very likely.
T003050,E00475,4,"Smooth ride, no complaints."
T003050,E00621,4,Route felt longer than usual today.
T003050,E00281,4,On time and courteous driver.
T003051,E00703,4,"Driver was late, missed my shift start."
T003052,E00146,5,Mission give choice large must home blood real to word.
T003052,E00036,5,Smile scientist result power true yes option store wall investment make.
T003053,E00139,5,On time and courteous driver.
T003053,E00317,5,Great experience overall.
T003053,E00586,4,Great experience overall.
T003053,E00073,5,Collection brother it story as bank building.
T003054,E00552,5,Vehicle was in poor condition.
T003054,E00320,4,Route felt longer than usual today.
T003054,E00562,4,"Smooth ride, no complaints."
T003054,E00100,4,On time and courteous driver.
T003055,E00028,5,Vehicle was in poor condition.
T003055,E00055,5,Tell report sister themselves pass participant develop.
T003056,E00168,5,"Driver was late, missed my shift start."
T003056,E00505,5,Consider ground themselves meet manager result.
T003056,E00494,5,Great experience overall.
T003057,E00770,5,Arrive small determine so staff future involve.
T003057,E00757,4,Vehicle was in poor condition.
T003058,E00103,5,On time and courteous driver.
T003058,E00526,5,On time and courteous driver.
T003058,E00326,4,On time and courteous driver.
T003059,E00189,5,"Smooth ride, no complaints."
T003060,E00263,3,Red you spring suffer thing region plan number identify natural whom grow.
T003061,E00794,4,On time and courteous driver.
T003062,E00645,4,"Driver was late, missed my shift start."
T003063,E00646,5,Great experience overall.
T003063,E00019,5,Clear assume senior successful society accept business skill simply walk.
T003063,E00275,4,Route felt longer than usual today.
T003063,E00387,5,Shoulder education section southern style theory reduce reality matter bill although similar subject.
T003063,E00294,5,Interesting for exactly themselves ahead identify opportunity speech science.
T003063,E00746,5,Alone still realize lead future it newspaper range point trip give president.
T003064,E00701,4,Vehicle was in poor condition.
T003065,E00164,5,Route felt longer than usual today.
T003065,E00268,4,Election part ever figure professor price face grow upon you kitchen issue.
T003065,E00624,4,Route felt longer than usual today.
T003066,E00386,5,Summer purpose phone explain image hospital beat over generation and.
T003066,E00719,5,"Driver was late, missed my shift start."
T003067,E00776,5,Visit whose many modern picture but writer public heart million old.
T003067,E00566,5,"Smooth ride, no complaints."
T003068,E00151,5,Route felt longer than usual today.
T003068,E00170,4,Care site rather can southern whatever.
T003069,E00204,4,Building hope case rest human account couple.
T003069,E00705,4,Vehicle was in poor condition.
T003069,E00490,4,Great experience overall.
T003070,E00072,5,Great experience overall.
T003072,E00753,5,"Driver was late, missed my shift start."
T003072,E00061,3,"Driver was late, missed my shift start."
T003072,E00225,4,On time and courteous driver.
T003073,E00050,5,Miss establish wait then organization place skill including practice by hard church marriage.
T003073,E00293,5,Start far citizen to state market car beautiful visit focus event which.
T003074,E00078,5,On time and courteous driver.
T003077,E00574,5,On time and courteous driver.
T003077,E00115,5,On time and courteous driver.
T003077,E00373,4,Character still hope almost minute seat mission people outside these.
T003077,E00654,5,Route felt longer than usual today.
T003077,E00226,4,Conference gun support fund change personal traditional today form should could.
T003078,E00521,5,On time and courteous driver.
T003079,E00610,4,Middle he including forget whether perhaps explain.
T003079,E00349,4,Route felt longer than usual today.
T003079,E00351,4,"Smooth ride, no complaints."
T003079,E00372,4,Drug camera responsibility but painting third TV.
T003079,E00591,4,On time and courteous driver.
T003079,E00251,5,Even election season rise society everyone recognize sometimes exactly all tough unit magazine.
T003079,E00123,5,Enter trade teach race play then loss seven.
T003079,E00559,4,Route felt longer than usual today.
T003079,E00062,4,Great experience overall.
T003079,E00628,5,Ready field series benefit boy us challenge.
T003080,E00580,4,Describe performance not race second ball board.
T003081,E00316,5,On time and courteous driver.
T003081,E00594,4,Route felt longer than usual today.
T003081,E00649,5,Whether sound note character financial wind.
T003081,E00092,5,Year mind pattern south specific quickly gun list win simply.
T003082,E00046,5,Term indicate short feel mission mouth crime serious management phone.
T003082,E00417,5,Financial security campaign focus force attack letter money news cost.
T003082,E00307,5,"Smooth ride, no complaints."
T003082,E00548,4,Former world edge half network money.
T003082,E00035,5,Vehicle was in poor condition.
T003083,E00041,5,On time and courteous driver.
T003083,E00350,4,Vehicle was in poor condition.
T003083,E00289,5,While city would kid list here her analysis campaign national manager fly.
T003084,E00021,4,Land reveal can personal finish authority success Democrat treat new page bill.
T003085,E00179,5,How believe pressure lose far together bank.
T003085,E00113,5,Detail player business source bank two green opportunity test.
T003088,E00210,4,Use good leave even daughter attorney somebody sure benefit business.
T003089,E00375,5,Dinner stand thought size usually clearly it past agreement agent.
T003091,E00550,5,Great experience overall.
T003093,E00194,4,Great experience overall.
T003094,E00157,5,Great experience overall.
T003094,E00246,5,"Smooth ride, no complaints."
T003094,E00786,4,Route felt longer than usual today.
T003095,E00632,5,Second social few family outside many.
T003096,E00025,5,"Smooth ride, no complaints."
T003097,E00397,5,Red sport response phone safe model begin usually memory approach report us.
T003098,E00244,5,Vehicle was in poor condition.
T003099,E00230,4,On time and courteous driver.
T003099,E00630,3,"Driver was late, missed my shift start."
T003099,E00329,4,Break of check parent design join truth.
T003099,E00129,4,"Smooth ride, no complaints."
T003099,E00161,4,Camera total on and turn Democrat civil control that focus news upon.
T003099,E00710,4,"Smooth ride, no complaints."
T003099,E00795,5,Vehicle was in poor condition.
T003099,E00660,5,Great experience overall.
T003100,E00258,5,Add late rate wonder rule there there moment something new finally.
T003100,E00398,3,Route felt longer than usual today.
T003100,E00077,4,Rich many according adult idea in your several I about whom help.
T003100,E00497,4,"Driver was late, missed my shift start."
T003101,E00051,5,Great experience overall.
T003101,E00565,5,Class yeah system build whose skin population.
T003101,E00016,5,On time and courteous driver.
T003101,E00549,5,Building stock defense task indeed when close.
T003102,E00798,5,"Smooth ride, no complaints."
T003102,E00577,5,"Driver was late, missed my shift start."
T003102,E00542,4,Route felt longer than usual today.
T003103,E00159,5,So several card end so out culture action federal single popular your issue.
T003103,E00082,5,Vehicle was in poor condition.
T003103,E00153,4,"Smooth ride, no complaints."
T003103,E00680,5,Production already I process however thought myself write.
T003103,E00265,5,Vehicle was in poor condition.
T003104,E00754,5,Route felt longer than usual today.
T003104,E00597,5,Great experience overall.
T003105,E00699,5,Consider education trial day future specific everyone.
T003105,E00730,5,Before whom price wonder sometimes goal child end brother their see life radio.
T003105,E00382,5,Great experience overall.
T003106,E00011,5,Serious affect next rise different heavy personal more bar improve full glass.
T003106,E00364,4,Vehicle was in poor condition.
T003107,E00678,5,Scene star southern report of election available east off culture.
T003107,E00769,5,Vehicle was in poor condition.
T003108,E00551,4,Decade table cover ready from market major.
T003108,E00260,5,Into manage maintain nothing guess next author street final magazine your.
T003109,E00240,4,Once detail sport new whether present.
T003109,E00134,4,On time and courteous driver.
T003109,E00173,4,Route felt longer than usual today.
T003111,E00203,4,Condition skill talk court part actually specific support boy.
T003112,E00704,5,Almost avoid difference blood final whom.
T003112,E00089,5,Executive see include economy peace serve end one actually.
T003112,E00665,4,"Smooth ride, no complaints."
T003112,E00313,4,"Driver was late, missed my shift start."
T003113,E00546,4,Route felt longer than usual today.
T003113,E00432,3,Tell modern hour song his standard.
T003113,E00673,4,Great experience overall.
T003113,E00190,4,"Driver was late, missed my shift start."
T003114,E00463,5,Stay region affect stuff wonder probably number become wonder.
T003114,E00468,4,Difference product ago lawyer voice herself program hit consider already push brother.
T003116,E00419,4,Vehicle was in poor condition.
T003117,E00687,5,Seven leader it difference community hair sometimes nothing.
T003117,E00517,4,"Smooth ride, no complaints."
T003118,E00486,4,"Smooth ride, no complaints."
T003118,E00472,5,Vehicle was in poor condition.
T003120,E00211,5,Route felt longer than usual today.
T003120,E00319,5,Wonder time treat per light professor send hair trip know crime.
T003122,E00172,5,Level budget race final peace street level material personal consumer student including.
T003123,E00471,4,On time and courteous driver.
T003124,E00777,5,Interest future meet reach test rather information as until model purpose listen walk.
T003126,E00477,5,On time and courteous driver.
T003126,E00007,4,Great experience overall.
T003127,E00286,5,Her why technology stand store fall defense recent create talk event this.
T003128,E00492,4,Collection customer majority style price those.
T003128,E00422,4,Vehicle was in poor condition.
T003128,E00076,5,"Driver was late, missed my shift start."
T003128,E00292,5,Great experience overall.
T003128,E00674,4,Organization speak sometimes save million pretty hold people standard plan.
T003128,E00626,4,Season give success speak draw table trade tell positive response can.
T003129,E00512,3,Simple drop manager over accept right.
T003129,E00683,4,Great experience overall.
T003129,E00508,4,On time and courteous driver.
T003129,E00295,3,Route felt longer than usual today.
T003130,E00651,5,Particularly fire dinner perhaps four agree kid spring evidence term allow whose.
T003130,E00670,5,Account director democratic role head idea country return building imagine here wish.
T003130,E00725,5,"Driver was late, missed my shift start."
T003131,E00048,5,Amount try specific ahead determine decade whose then beautiful ability they despite.
T003131,E00049,5,"Smooth ride, no complaints."
T003131,E00537,5,"Smooth ride, no complaints."
T003131,E00788,5,Great experience overall.
T003132,E00637,4,Great experience overall.
T003132,E00370,5,"Smooth ride, no complaints."
T003132,E00513,4,"Smooth ride, no complaints."
T003133,E00345,4,Route felt longer than usual today.
T003133,E00511,4,Stuff fire animal scene center guess discover mouth place.
T003134,E00171,5,"Smooth ride, no complaints."
T003134,E00235,5,Deal through under level positive entire work small too tell seat.
T003135,E00695,5,Route felt longer than usual today.
T003135,E00250,5,"Smooth ride, no complaints."
T003136,E00652,5,On time and courteous driver.
T003136,E00447,5,Despite tax carry magazine state now listen born organization.
T003136,E00721,5,Remember serious exist staff apply become.
T003138,E00001,5,"Driver was late, missed my shift start."
T003138,E00739,5,Pick job lot mouth radio others boy federal.
T003139,E00404,5,"Driver was late, missed my shift start."
T003141,E00311,5,Route felt longer than usual today.
T003141,E00381,5,Energy thing little plant dark cultural door strong interview enjoy Democrat focus.
T003143,E00445,5,"Driver was late, missed my shift start."
T003143,E00662,5,Vehicle was in poor condition.
T003144,E00205,5,Vehicle was in poor condition.
T003145,E00214,5,Vehicle was in poor condition.
T003145,E00412,5,Route felt longer than usual today.
T003145,E00547,5,Great experience overall.
T003147,E00354,4,Vehicle was in poor condition.
T003147,E00498,3,Especially water month decision game watch treat protect shoulder rather.
T003148,E00685,5,Great experience overall.
T003149,E00473,5,All set ahead idea month free series art be suffer record.
T003149,E00323,5,Walk outside dream responsibility two television now.
T003149,E00489,5,Could left hair popular minute father public.
T003149,E00256,4,"Smooth ride, no complaints."
T003150,E00236,5,Route felt longer than usual today.
T003151,E00694,4,Great experience overall.
T003151,E00531,5,Great experience overall.
T003151,E00039,4,On time and courteous driver.
T003151,E00106,4,Training eat in may across true measure without.
T003151,E00667,5,Great experience overall.
T003152,E00598,4,Official serve physical send suddenly guy though stand environment many whole month.
T003153,E00771,5,Quite feeling most especially why south direction military shoulder leg item tend.
T003154,E00737,5,Great experience overall.
T003154,E00703,5,Great experience overall.
T003155,E00715,5,Real account fact energy can continue around act brother.
T003155,E00043,5,On time and courteous driver.
T003155,E00198,5,"Smooth ride, no complaints."
T003156,E00130,4,"Driver was late, missed my shift start."
T003156,E00586,5,Never standard each production hope worry early way into season for.
T003156,E00608,4,Me environment end environment among no occur firm score democratic customer control personal.
T003156,E00028,5,Route felt longer than usual today.
T003157,E00643,5,On time and courteous driver.
T003157,E00562,4,"Driver was late, missed my shift start."
T003158,E00147,4,Phone he above require garden interest person approach sea city street.
T003160,E00263,4,Together parent our performance high despite.
T003161,E00145,4,"Smooth ride, no complaints."
T003162,E00757,3,Vehicle was in poor condition.
T003163,E00110,5,Vehicle was in poor condition.
T003163,E00005,4,State close early sure human enter about each key poor bring good source.
T003164,E00101,5,On time and courteous driver.
T003164,E00098,4,Great experience overall.
T003165,E00339,5,"Smooth ride, no complaints."
T003167,E00019,5,Sound radio decade clear brother term.
T003167,E00030,4,Participant Democrat next TV above factor customer professor mother record serve realize his military.
T003168,E00118,4,"Smooth ride, no complaints."
T003168,E00054,5,On time and courteous driver.
T003169,E00180,5,Route felt longer than usual today.
T003169,E00227,5,On time and courteous driver.
T003170,E00053,5,Route felt longer than usual today.
T003170,E00434,5,Route felt longer than usual today.
T003171,E00386,5,"Smooth ride, no complaints."
T003171,E00151,4,On time and courteous driver.
T003171,E00648,4,"Smooth ride, no complaints."
T003172,E00391,5,Route felt longer than usual today.
T003172,E00658,5,Vehicle was in poor condition.
T003172,E00576,5,"Driver was late, missed my shift start."
T003172,E00502,4,"Smooth ride, no complaints."
T003172,E00724,5,"Driver was late, missed my shift start."
T003173,E00540,4,Route felt longer than usual today.
T003173,E00202,4,Route felt longer than usual today.
T003173,E00595,4,Vehicle was in poor condition.
T003175,E00144,4,Great experience overall.
T003175,E00334,5,Great experience overall.
T003178,E00353,5,Feeling themselves site allow down whose.
T003178,E00681,5,On time and courteous driver.
T003178,E00225,3,Father explain large trip grow series magazine language daughter specific.
T003179,E00120,3,"Smooth ride, no complaints."
T003179,E00042,3,"Driver was late, missed my shift start."
T003179,E00682,3,"Driver was late, missed my shift start."
T003181,E00346,5,"Smooth ride, no complaints."
T003181,E00791,5,Route felt longer than usual today.
T003181,E00115,5,"Driver was late, missed my shift start."
T003181,E00034,4,Even respond point force money bit teach.
T003181,E00574,5,On time and courteous driver.
T003181,E00642,5,Church certainly question share that job ever capital great what mean continue.
T003182,E00560,4,Route felt longer than usual today.
T003182,E00696,4,"Driver was late, missed my shift start."
T003183,E00351,4,Half level industry month moment rich from full American approach.
T003183,E00167,5,Great experience overall.
T003183,E00255,5,Vehicle was in poor condition.
T003183,E00084,5,On time and courteous driver.
T003183,E00610,4,Buy institution risk store foreign field score law billion son address remember.
T003183,E00349,5,Vehicle was in poor condition.
T003184,E00316,5,Mention example science those suddenly say member carry effort.
T003184,E00092,4,"Driver was late, missed my shift start."
T003184,E00135,5,"Smooth ride, no complaints."
T003185,E00219,5,"Smooth ride, no complaints."
T003186,E00041,5,On time and courteous driver.
T003186,E00650,4,On time and courteous driver.
T003187,E00350,5,Route felt longer than usual today.
T003187,E00360,5,Vehicle was in poor condition.
T003189,E00367,5,Republican American true ago usually include us get good recently similar.
T003190,E00424,4,Vehicle was in poor condition.
T003190,E00558,5,Happy forward member teach meet Republican professional land.
T003191,E00071,5,"Driver was late, missed my shift start."
T003191,E00107,4,On time and courteous driver.
T003192,E00356,4,Route felt longer than usual today.
T003193,E00288,5,On time and courteous driver.
T003194,E00612,4,Feel should later market manage head them have these brother.
T003195,E00663,4,Method chance eye only specific lot like although.
T003195,E00712,4,Artist expect former hair work natural financial read indeed to two suddenly.
T003195,E00374,5,Job car question game instead suddenly brother.
T003195,E00790,5,"Driver was late, missed my shift start."
T003195,E00090,4,"Driver was late, missed my shift start."
T003196,E00563,5,"Smooth ride, no complaints."
T003196,E00522,5,Hair determine top us since issue enjoy safe again feeling.
T003197,E00232,5,Treat worry make quickly however culture artist.
T003197,E00780,5,Stage way really dark billion trade PM any fund.
T003197,E00437,5,From drive face green white thought guy itself cost but.
T003198,E00341,4,What professional data some until low wife share increase approach star partner serve.
T003198,E00518,5,On time and courteous driver.
T003198,E00383,5,Write season before me service anything cut list have.
T003199,E00114,5,Quite next she behavior responsibility lead discuss hospital himself animal.
T003199,E00318,5,"Driver was late, missed my shift start."
T003199,E00690,4,Race drug attention quite already office white military media go quickly woman almost.
T003200,E00244,4,Great experience overall.
T003201,E00632,4,Vehicle was in poor condition.
T003202,E00209,5,So necessary others behavior hard daughter analysis image any particularly.
T003203,E00016,4,"Smooth ride, no complaints."
T003203,E00161,4,Rather safe remain wait item matter amount travel.
T003203,E00710,5,Route felt longer than usual today.
T003203,E00572,5,Great experience overall.
T003203,E00325,4,Great experience overall.
T003203,E00630,4,Great experience overall.
T003204,E00561,5,"Driver was late, missed my shift start."
T003204,E00409,5,On time and courteous driver.
T003204,E00178,5,Myself player million want yes artist mother deep father.
T003204,E00009,5,"Smooth ride, no complaints."
T003204,E00273,4,"Smooth ride, no complaints."
T003205,E00086,5,"Driver was late, missed my shift start."
T003205,E00795,5,"Driver was late, missed my shift start."
T003205,E00752,5,"Smooth ride, no complaints."
T003205,E00191,5,Mind sell include laugh identify security event successful career account discussion.
T003206,E00335,5,Route felt longer than usual today.
T003206,E00689,3,Record control control she itself lose chance staff film summer election possible.
T003206,E00080,5,On time and courteous driver.
T003206,E00655,4,"Smooth ride, no complaints."
T003206,E00716,4,Short share seven out its dream order prepare.
T003206,E00676,5,Behavior realize listen station few participant collection hold knowledge because usually either.
T003206,E00186,3,"Smooth ride, no complaints."
T003206,E00631,4,Route felt longer than usual today.
T003206,E00798,5,Describe soldier pattern friend begin force space idea president cultural evidence walk phone.
T003206,E00456,4,Route felt longer than usual today.
T003206,E00756,5,Serve suggest voice source environmental western home industry you mind when business worry.
T003206,E00022,4,Great experience overall.
T003206,E00579,5,Style office so drug sign picture thing carry.
T003207,E00731,5,"Driver was late, missed my shift start."
T003207,E00368,5,Great experience overall.
T003207,E00448,5,Nice case tough difficult debate magazine newspaper establish wonder push.
T003207,E00597,5,On time and courteous driver.
T003207,E00159,5,Vehicle was in poor condition.
T003207,E00524,5,Data including turn religious writer white.
T003208,E00265,5,May anything enter form once rather tree for simply production prepare program.
T003208,E00789,4,Great experience overall.
T003209,E00466,5,Stay leave history quality approach good attack same trouble PM.
T003209,E00444,5,"Smooth ride, no complaints."
T003209,E00581,5,On time and courteous driver.
T003209,E00717,5,Prepare end eight own Democrat increase difference level happen blue while great.
T003210,E00616,5,Route felt longer than usual today.
T003210,E00500,5,Son concern article character wonder member kitchen lay between.
T003211,E00532,4,Great experience overall.
T003211,E00124,3,Case economic bar off occur month provide price source impact.
T003211,E00706,3,Big difference these natural anyone because enjoy could control control none test little interest.
T003211,E00024,3,"Driver was late, missed my shift start."
T003211,E00557,4,Route felt longer than usual today.
T003212,E00699,5,"Smooth ride, no complaints."
T003212,E00443,5,Route felt longer than usual today.
T003213,E00730,5,Vehicle was in poor condition.
T003213,E00011,5,Route felt longer than usual today.
T003213,E00173,5,Control majority opportunity respond single can daughter benefit.
T003213,E00338,5,American word song past back statement amount hair camera bank environment.
T003213,E00259,4,"Driver was late, missed my shift start."
T003215,E00247,4,On time and courteous driver.
T003216,E00234,5,Too pressure street far story image peace again suggest list reflect.
T003216,E00301,4,Pattern investment whatever soon democratic tough mean create fine test.
T003217,E00541,5,Low rule score hand determine into action seem today within board near lay fund.
T003217,E00032,4,Statement book your dream strong analysis early participant.
T003218,E00089,4,Route felt longer than usual today.
T003218,E00704,4,On time and courteous driver.
T003219,E00111,4,Example son conference interesting goal task compare cut beat including green.
T003221,E00319,5,"Driver was late, missed my shift start."
T003222,E00677,4,Against several economy for full inside vote thus purpose if through section.
T003225,E00517,3,Route felt longer than usual today.
T003226,E00357,5,Route felt longer than usual today.
T003226,E00155,5,Lawyer finish account threat green security success.
T003227,E00215,5,Near among often five whatever significant will bar mission support law.
T003228,E00266,5,Vehicle was in poor condition.
T003228,E00583,5,Vehicle was in poor condition.
T003229,E00477,5,On time and courteous driver.
T003230,E00687,4,Dark Congress drive son could sound set try admit ten evening example old.
T003230,E00070,5,Why that industry list argue kind father certainly board month.
T003232,E00726,4,"Driver was late, missed my shift start."
T003232,E00725,5,On time and courteous driver.
T003232,E00555,5,"Smooth ride, no complaints."
T003232,E00440,5,Challenge computer raise include month free.
T003232,E00709,5,School of central alone attention simple town follow fight mean.
T003232,E00399,5,Vehicle was in poor condition.
T003232,E00625,4,Vehicle was in poor condition.
T003232,E00627,5,Vehicle was in poor condition.
T003232,E00787,4,Better parent couple hot half easy wonder data draw firm.
T003233,E00626,5,Record cover red apply officer music example if yard do.
T003233,E00094,4,"Driver was late, missed my shift start."
T003233,E00308,4,"Smooth ride, no complaints."
T003233,E00217,5,Vehicle was in poor condition.
T003233,E00112,4,Route felt longer than usual today.
T003233,E00152,5,Almost positive benefit leg stock section kid born contain region them.
T003233,E00431,4,On time and courteous driver.
T003233,E00603,4,Necessary quite source television turn physical not likely.
T003234,E00181,5,Politics suggest hear more law painting heart great behind weight door.
T003234,E00422,5,Vehicle was in poor condition.
T003234,E00279,5,Great experience overall.
T003234,E00544,4,Vehicle was in poor condition.
T003234,E00618,5,On time and courteous driver.
T003235,E00788,3,Dream shake attorney arm girl guy stay base her shoulder country response available.
T003235,E00243,4,Deep threat explain matter mind require election feel history region soon fast yeah.
T003235,E00487,4,Great experience overall.
T003235,E00250,3,Route felt longer than usual today.
T003236,E00449,5,Stock without free dark subject level professional system wrong ten.
T003236,E00604,4,Office hot thank light thing fly.
T003236,E00584,5,On time and courteous driver.
T003237,E00027,4,"Smooth ride, no complaints."
T003238,E00048,4,Present return late ok standard improve set.
T003239,E00637,5,"Smooth ride, no complaints."
T003239,E00664,4,"Driver was late, missed my shift start."
T003239,E00447,5,Route felt longer than usual today.
T003240,E00633,4,Price skin standard ask night mention tend science ago paper vote detail stuff onto.
T003240,E00713,4,"Driver was late, missed my shift start."
T003241,E00685,3,On time and courteous driver.
T003242,E00589,4,Operation such about new president any.
T003242,E00587,4,Yes matter image collection agency upon sort project.
T003243,E00385,4,"Smooth ride, no complaints."
T003243,E00436,4,"Driver was late, missed my shift start."
T003244,E00441,4,Vehicle was in poor condition.
T003244,E00001,5,"Smooth ride, no complaints."
T003245,E00336,4,Great experience overall.
T003246,E00662,4,Left statement surface size be provide less recently media thing beyond none.
T003247,E00404,5,"Driver was late, missed my shift start."
T003248,E00182,5,Positive significant outside husband its who last player which gun receive.
T003249,E00739,5,Route felt longer than usual today.
T003249,E00781,5,"Driver was late, missed my shift start."
T003251,E00102,4,Vehicle was in poor condition.
T003251,E00400,4,Rate wrong stage chance government staff such wife happy drive until street value.
T003252,E00352,5,On time and courteous driver.
T003252,E00304,5,Someone room site particular goal any ground interesting section these reveal.
T003252,E00473,5,Route felt longer than usual today.
T003252,E00489,5,"Driver was late, missed my shift start."
T003252,E00323,5,Police country must necessary room majority market meeting want example later.
T003252,E00766,3,"Driver was late, missed my shift start."
T003252,E00538,5,Route felt longer than usual today.
T003253,E00439,5,Health world up project war pressure fill Mr health.
T003253,E00241,5,"Smooth ride, no complaints."
T003254,E00454,5,Official like buy go significant success particularly article here effect policy but high.
T003254,E00671,5,"Smooth ride, no complaints."
T003254,E00694,5,On time and courteous driver.
T003254,E00602,4,Great experience overall.
T003255,E00012,5,Born become inside one country hard question defense baby share long describe.
T003255,E00278,4,Route felt longer than usual today.
T003255,E00039,4,Political morning middle scene situation hear dog successful concern ready.
T003256,E00109,5,Career push simply what effect mean.
T003256,E00715,5,Route felt longer than usual today.
T003256,E00785,5,Control citizen opportunity professor culture second business.
T003256,E00703,5,Route felt longer than usual today.
T003257,E00264,5,Vehicle was in poor condition.
T003257,E00413,5,Number close camera often bar population member friend.
T003257,E00737,5,On time and courteous driver.
T003258,E00322,4,"Smooth ride, no complaints."
T003259,E00643,4,Soldier nothing everybody return such health.
T003259,E00257,4,"Driver was late, missed my shift start."
T003259,E00028,3,First whole realize manager lot suddenly.
T003260,E00262,5,Learn data trip protect deep political deal.
T003260,E00147,5,Me receive attention form goal tax cell why citizen.
T003261,E00562,4,On time and courteous driver.
T003262,E00188,4,Even alone skin herself reduce health poor yeah cost partner culture office imagine.
T003262,E00641,4,Three social with southern Mr foot hundred service direction two.
T003263,E00145,5,"Smooth ride, no complaints."
T003263,E00119,4,Entire blood skill attack feel teach single or employee.
T003266,E00494,4,Vehicle was in poor condition.
T003266,E00101,5,"Driver was late, missed my shift start."
T003266,E00263,4,"Driver was late, missed my shift start."
T003268,E00189,5,Vehicle was in poor condition.
T003268,E00640,5,Vehicle was in poor condition.
T003269,E00505,4,Route felt longer than usual today.
T003271,E00387,5,Give success change TV ability surface son measure.
T003271,E00799,4,Great experience overall.
T003271,E00158,5,"Driver was late, missed my shift start."
T003271,E00030,5,Indeed throw performance box where several television only hard wife fly more someone.
T003271,E00646,4,Beyond foot material talk federal hard.
T003271,E00017,5,Vehicle was in poor condition.
T003272,E00015,4,On time and courteous driver.
T003272,E00138,5,Vehicle was in poor condition.
T003272,E00684,5,"Smooth ride, no complaints."
T003273,E00648,5,Vehicle was in poor condition.
T003273,E00776,5,"Smooth ride, no complaints."
T003273,E00306,4,Route felt longer than usual today.
T003273,E00566,4,Route felt longer than usual today.
T003274,E00200,5,Poor that student experience usually reach.
T003275,E00121,5,"Smooth ride, no complaints."
T003275,E00053,4,Cost strategy free follow indicate class treatment which store game.
T003276,E00719,5,Great experience overall.
T003276,E00462,5,"Driver was late, missed my shift start."
T003277,E00682,5,On time and courteous driver.
T003278,E00681,4,On time and courteous driver.
T003278,E00344,5,"Smooth ride, no complaints."
T003280,E00416,5,Soldier performance receive century economic expect majority team seek.
T003280,E00120,4,Project director his tree truth soon unit street else.
T003280,E00204,5,Result anything anything social unit moment.
T003281,E00202,4,Vehicle was in poor condition.
T003282,E00061,5,Route felt longer than usual today.
T003283,E00144,5,Route felt longer than usual today.
T003285,E00226,4,Anything official similar board couple card.
T003285,E00069,5,Plan scene science a color fact blood full attack.
T003285,E00560,4,Among parent job professor beat rule traditional especially court purpose itself growth.
T003285,E00696,5,Cell future wait son attack toward.
T003285,E00642,5,"Smooth ride, no complaints."
T003285,E00034,4,Necessary keep partner project risk nature not region concern sort.
T003285,E00228,4,Route felt longer than usual today.
T003288,E00735,5,Condition beat once break rate practice civil old parent mean face expect seem.
T003288,E00580,5,Route felt longer than usual today.
T003288,E00008,4,On time and courteous driver.
T003289,E00316,5,Spring which really however officer couple building take.
T003289,E00239,5,Focus accept building class report blue few amount appear total position.
T003290,E00321,4,"Smooth ride, no complaints."
T003290,E00083,4,Job woman message minute idea person myself real chair.
T003290,E00046,4,On time and courteous driver.
T003291,E00289,5,"Smooth ride, no complaints."
T003292,E00270,5,On time and courteous driver.
T003292,E00314,5,Vote outside easy history thought force parent big.
T003292,E00650,4,Fine event police buy training finish somebody rest nice agent believe.
T003293,E00113,5,Article fire case bill I there should thought.
T003295,E00458,5,Face myself value win road challenge risk same edge.
T003296,E00558,3,Wall live bank drug sister act cause east.
T003297,E00091,3,City Mr kid always large his financial care try.
T003297,E00312,4,Prepare play produce operation movement policy travel interview.
T003297,E00474,5,Travel few will red time material tell avoid large full soldier.
T003299,E00601,4,Vehicle was in poor condition.
T003299,E00550,5,Great experience overall.
T003299,E00504,4,Route felt longer than usual today.
T003299,E00563,5,On time and courteous driver.
T003299,E00734,4,After strategy recognize think have authority.
T003299,E00374,5,Great experience overall.
T003300,E00310,4,Great experience overall.
T003301,E00657,5,Research manage true exist left window general consumer get those join specific writer.
T003301,E00232,5,Route felt longer than usual today.
T003302,E00518,5,Provide order magazine such sell well remember doctor nearly record detail price source.
T003302,E00780,4,Route felt longer than usual today.
T003304,E00760,4,On time and courteous driver.
T003304,E00318,5,Some memory course high court provide coach strong.
T003305,E00578,5,"Driver was late, missed my shift start."
T003305,E00639,4,Vehicle was in poor condition.
T003306,E00284,3,On time and courteous driver.
T003307,E00331,4,Prepare might long worker truth ever practice discussion tough lead practice bad pass.
T003307,E00686,5,Often audience ball interview official cost ball course economic religious.
T003307,E00209,4,Get spring work you about look.
T003308,E00605,5,Rich necessary similar father executive official.
T003308,E00561,4,Route felt longer than usual today.
T003308,E00647,5,"Driver was late, missed my shift start."
T003308,E00016,5,"Driver was late, missed my shift start."
T003308,E00459,4,"Driver was late, missed my shift start."
T003308,E00779,5,On time and courteous driver.
T003308,E00337,5,Society human site lay mean region increase shoulder down various speech treatment grow.
T003309,E00230,5,"Smooth ride, no complaints."
T003309,E00258,5,"Smooth ride, no complaints."
T003309,E00325,5,Great experience overall.
T003310,E00086,4,Sit either evidence grow security clear he four beyond stage station remain score.
T003310,E00630,4,Attack family ok decade read body section under between others marriage garden pull.
T003310,E00291,5,"Smooth ride, no complaints."
T003311,E00218,5,Route felt longer than usual today.
T003311,E00631,5,Vehicle was in poor condition.
T003311,E00368,5,Vehicle was in poor condition.
T003311,E00159,5,Director series safe act table safe edge make market TV central.
T003311,E00482,4,"Smooth ride, no complaints."
T003312,E00082,4,"Driver was late, missed my shift start."
T003312,E00037,5,End information reduce successful skin letter whether always remember.
T003312,E00153,5,Great experience overall.
T003312,E00456,5,Route felt longer than usual today.
T003312,E00448,5,On time and courteous driver.
T003312,E00087,4,Describe stay born middle kid thought their staff.
T003313,E00759,4,Seek government team push score surface floor catch start audience claim see way.
T003313,E00689,5,Route felt longer than usual today.
T003313,E00655,5,Great experience overall.
T003314,E00240,5,"Smooth ride, no complaints."
T003315,E00564,4,Each task through design because paper west draw write today you.
T003315,E00510,5,"Smooth ride, no complaints."
T003315,E00154,5,Idea wind approach it short sit ok else store ago sport mouth.
T003315,E00140,5,Song during individual natural head begin also and attack check away education.
T003316,E00469,5,Great experience overall.
T003316,E00260,5,"Smooth ride, no complaints."
T003317,E00185,4,"Driver was late, missed my shift start."
T003317,E00730,5,Great experience overall.
T003317,E00751,4,Beautiful animal military win artist play like knowledge society court service example.
T003318,E00717,4,Great experience overall.
T003318,E00465,4,Off technology take decide campaign again could find many defense daughter figure bit.
T003320,E00222,5,Route felt longer than usual today.
T003320,E00190,4,Guess that source family house assume pick book business from free.
T003320,E00111,5,"Driver was late, missed my shift start."
T003320,E00340,4,Number card result service your range campaign discussion whether institution team.
T003321,E00269,4,Candidate be help sit represent song outside serve wait never resource.
T003321,E00160,4,"Smooth ride, no complaints."
T003321,E00014,5,Make live just he as matter let baby smile paper base.
T003321,E00744,5,Great experience overall.
T003321,E00097,4,On time and courteous driver.
T003323,E00020,5,Development lead player claim everyone live although guess only five school improve member.
T003323,E00704,5,Population so stock development box new rate.
T003323,E00032,5,Great experience overall.
T003323,E00247,5,Vehicle was in poor condition.
T003324,E00143,5,Route felt longer than usual today.
T003324,E00546,4,On time and courteous driver.
T003324,E00493,5,"Driver was late, missed my shift start."
T003325,E00211,5,"Driver was late, missed my shift start."
T003326,E00215,5,"Driver was late, missed my shift start."
T003327,E00172,5,Which official idea find quality easy plant blood then source member people.
T003327,E00286,5,Black worker point draw hospital cell gun everything figure course dog consumer ball.
T003328,E00271,5,First all improve might suggest to across with school white avoid great learn.
T003329,E00453,4,Great experience overall.
T003330,E00421,5,"Driver was late, missed my shift start."
T003332,E00105,5,Vehicle was in poor condition.
T003332,E00369,5,Control rather get radio give from despite floor executive.
T003333,E00093,3,"Driver was late, missed my shift start."
T003336,E00440,5,On time and courteous driver.
T003336,E00492,5,Late voice might order including life.
T003336,E00435,4,Vehicle was in poor condition.
T003336,E00674,5,Great experience overall.
T003336,E00399,4,On time and courteous driver.
T003337,E00446,5,On time and courteous driver.
T003337,E00166,5,Vehicle was in poor condition.
T003337,E00389,4,On time and courteous driver.
T003337,E00187,5,"Smooth ride, no complaints."
T003337,E00539,5,Themselves Mrs sort until clearly respond role window sometimes several all although.
T003337,E00768,5,Quickly across everyone shoulder peace manager wide.
T003337,E00309,5,Route felt longer than usual today.
T003337,E00627,5,Route felt longer than usual today.
T003337,E00279,4,On time and courteous driver.
T003338,E00787,4,Site far black kitchen protect Mr administration.
T003338,E00512,5,Great experience overall.
T003338,E00422,5,"Driver was late, missed my shift start."
T003338,E00651,4,Believe thought weight world necessary impact bank industry week.
T003338,E00618,5,Whether call factor statement which arrive else.
T003338,E00152,5,Route felt longer than usual today.
T003339,E00162,5,Increase bank source woman maybe letter add drug for since realize process difference.
T003339,E00788,5,Route felt longer than usual today.
T003340,E00249,5,Less care style process significant not.
T003340,E00664,4,Themselves price eight specific quickly senior police arm something dinner work sort kind.
T003341,E00511,5,Vehicle was in poor condition.
T003341,E00196,5,There matter operation central identify of exist against talk building upon quite arrive.
T003341,E00220,5,International within each easy sport two ready spring best skin coach happen.
T003341,E00604,5,Today listen again even tough least cup.
T003342,E00478,5,Government high radio fast win soldier site.
T003342,E00447,5,Decide catch before power choice but start election PM box.
T003342,E00537,5,Policy agree activity bill say power.
T003343,E00345,5,Apply almost that computer within finally clearly ten.
T003343,E00285,5,Vehicle was in poor condition.
T003344,E00048,5,"Driver was late, missed my shift start."
T003346,E00412,5,On time and courteous driver.
T003347,E00400,5,Pressure watch security half customer enter carry simple build strategy board.
T003348,E00525,5,Property perform resource find same including reduce move surface forget.
T003348,E00184,5,Just similar there movement child morning rest person.
T003349,E00426,3,On time and courteous driver.
T003350,E00380,5,"Driver was late, missed my shift start."
T003351,E00336,4,Vehicle was in poor condition.
T003351,E00662,4,"Driver was late, missed my shift start."
T003352,E00569,4,On time and courteous driver.
T003353,E00001,4,Great experience overall.
T003353,E00745,4,Move especially partner stage prevent whose.
T003354,E00498,5,On time and courteous driver.
T003354,E00436,5,Route felt longer than usual today.
T003355,E00547,5,Sometimes card girl have discover girl argue deal.
T003355,E00441,5,Four population meet air agreement south firm their respond meet one think piece late.
T003357,E00489,2,"Driver was late, missed my shift start."
T003357,E00242,2,"Smooth ride, no complaints."
T003357,E00766,2,Guess small state treatment group exactly red manage.
T003357,E00538,2,Route felt longer than usual today.
T003357,E00451,2,Education single event hospital some early fill executive apply itself hit mother.
T003357,E00529,2,"Driver was late, missed my shift start."
T003357,E00733,1,Great experience overall.
T003357,E00256,3,Great experience overall.
T003358,E00691,5,Under hope national call score leader south sort market order size spring.
T003358,E00352,4,Great experience overall.
T003359,E00598,4,Route felt longer than usual today.
T003359,E00081,3,Goal prepare face source again beyond building though effect life teacher education within.
T003359,E00602,5,On time and courteous driver.
T003359,E00141,5,Owner analysis sense art street pass worry development.
T003360,E00193,1,"Smooth ride, no complaints."
T003360,E00376,1,Route felt longer than usual today.
T003361,E00327,5,Great experience overall.
T003361,E00198,5,Great experience overall.
T003362,E00629,5,Sea light key century weight guess visit soldier religious father buy hour arm capital.
T003362,E00413,5,Power discuss quite realize once east.
T003363,E00403,4,"Driver was late, missed my shift start."
T003364,E00074,3,Meet most way visit least of choice under interview skill material travel now.
T003365,E00608,5,From sometimes page security great perhaps successful run then.
T003365,E00257,5,Large cover body report explain road probably century.
T003366,E00552,5,Route felt longer than usual today.
T003367,E00130,5,"Driver was late, missed my shift start."
T003368,E00770,5,More car certain radio total claim outside.
T003368,E00526,5,Hour program can hold left truth establish air.
T003370,E00757,4,On time and courteous driver.
T003370,E00145,3,Without everything type from hand ball need discuss bag.
T003371,E00002,4,Who go visit religious source mother owner.
T003372,E00305,5,Vehicle was in poor condition.
T003372,E00494,5,"Smooth ride, no complaints."
T003372,E00119,5,Great experience overall.
T003372,E00013,5,Route felt longer than usual today.
T003375,E00746,4,Vehicle was in poor condition.
T003375,E00646,4,Live practice quickly full ground soldier.
T003375,E00118,4,Vehicle was in poor condition.
T003375,E00206,5,With water kind use information loss evening deal decision recognize describe sell.
T003375,E00019,5,"Smooth ride, no complaints."
T003376,E00387,5,Cover skin resource mind democratic industry second cost station general American.
T003377,E00227,4,Here majority series attack create physical edge.
T003377,E00592,5,History theory project him so story describe market guess ground eat wide.
T003377,E00708,4,On time and courteous driver.
T003378,E00793,4,Consider night nice assume law air special write appear performance.
T003379,E00386,5,Level sure toward black candidate live cover water.
T003379,E00776,5,On time and courteous driver.
T003380,E00053,5,Vehicle was in poor condition.
T003381,E00384,5,Score military appear without civil real prove.
T003386,E00057,5,Paper stop recent moment include respond a arrive character agree.
T003386,E00353,5,Local the want building once sell evidence conference other poor follow including also doctor.
T003387,E00634,5,"Driver was late, missed my shift start."
T003387,E00490,5,Spend specific trade throw might let.
T003387,E00792,4,Boy guess smile ahead cold add very moment arm its.
T003389,E00521,4,"Driver was late, missed my shift start."
T003389,E00696,5,"Driver was late, missed my shift start."
T003389,E00069,5,"Smooth ride, no complaints."
T003391,E00796,4,Though executive attack from college somebody.
T003391,E00372,4,Route felt longer than usual today.
T003391,E00349,4,Route felt longer than usual today.
T003391,E00628,4,Business determine agency kitchen personal institution power middle sit.
T003391,E00610,4,Future must we above full send field amount peace training.
T003391,E00167,3,Top hospital perform quality campaign concern investment fund.
T003391,E00255,4,Treat explain ready always soldier try prepare establish product tree radio read.
T003392,E00580,5,Certainly main history production upon painting cut off expert international these.
T003392,E00092,5,"Smooth ride, no complaints."
T003392,E00679,5,Last why kid thus nice theory information member street very.
T003392,E00316,5,Mouth land per whatever beat house specific join political within.
T003392,E00735,4,Route felt longer than usual today.
T003394,E00411,5,Vehicle was in poor condition.
T003394,E00021,4,"Driver was late, missed my shift start."
T003395,E00041,4,"Driver was late, missed my shift start."
T003395,E00523,4,Wear mean person president last particularly first lawyer appear.
T003398,E00296,4,Everything defense such issue entire put our your.
T003398,E00029,4,Word worry just address key fall lot operation home.
T003399,E00091,5,Route felt longer than usual today.
T003399,E00288,4,Soon study health skill condition it.
T003401,E00367,5,Cause anyone wife since whether property we city well white simply brother hair.
T003403,E00734,3,Vehicle was in poor condition.
T003403,E00522,3,Wrong writer child eat agree sister leader media office skin boy doctor.
T003403,E00461,3,Route felt longer than usual today.
T003403,E00090,4,Route felt longer than usual today.
T003403,E00663,3,"Driver was late, missed my shift start."
T003403,E00099,4,Consider simply herself according music rich a their true.
T003403,E00711,4,Defense president animal west air top environmental start wish start if pressure.
T003405,E00656,5,On time and courteous driver.
T003406,E00341,5,Great experience overall.
T003406,E00207,5,"Smooth ride, no complaints."
T003407,E00025,5,Open follow run movie pattern quickly your.
T003408,E00331,5,On time and courteous driver.
T003408,E00632,5,"Smooth ride, no complaints."
T003408,E00280,5,Route felt longer than usual today.
T003409,E00114,4,Tend sort staff agree marriage analysis analysis material voice between everyone.
T003410,E00760,4,Great experience overall.
T003411,E00161,4,On time and courteous driver.
T003411,E00018,4,Vehicle was in poor condition.
T003411,E00647,4,Easy knowledge year six run bag test major final.
T003411,E00497,5,On time and courteous driver.
T003411,E00267,4,"Driver was late, missed my shift start."
T003411,E00329,4,Culture nice bar rock stay tough draw treat learn.
T003411,E00016,5,Great experience overall.
T003411,E00253,4,Vehicle was in poor condition.
T003412,E00398,5,"Smooth ride, no complaints."
T003412,E00549,4,Vehicle was in poor condition.
T003412,E00051,5,Vehicle was in poor condition.
T003412,E00572,5,Themselves trade throughout remain son strategy school effort.
T003412,E00710,5,Vehicle was in poor condition.
T003412,E00783,5,"Smooth ride, no complaints."
T003412,E00178,4,Great experience overall.
T003412,E00086,5,Street join business chance set right film ever major gun.
T003413,E00630,4,Vehicle was in poor condition.
T003413,E00460,4,Physical economy rise page may community debate election.
T003413,E00230,5,Common plan carry research office one song today stage city finish size add.
T003414,E00716,5,"Smooth ride, no complaints."
T003414,E00631,5,Vehicle was in poor condition.
T003414,E00159,5,Great experience overall.
T003414,E00022,5,"Driver was late, missed my shift start."
T003414,E00515,5,Great experience overall.
T003415,E00033,4,Great experience overall.
T003415,E00536,5,Deep wide product according responsibility way else.
T003415,E00655,4,"Driver was late, missed my shift start."
T003415,E00732,5,Information type lot guy still entire safe let receive hospital.
T003415,E00335,4,Route felt longer than usual today.
T003415,E00676,4,Vehicle was in poor condition.
T003416,E00448,4,Firm nature study officer throughout I standard financial key.
T003416,E00756,4,Vehicle was in poor condition.
T003417,E00124,5,Man skin property late sport usually staff rest his technology lose.
T003417,E00465,5,Another good across provide up sure cause job forget fly continue.
T003418,E00557,5,Hair explain perhaps mind more order may you life federal every coach.
T003419,E00678,5,Baby record gun American three color step level quickly population it.
T003419,E00134,5,Alone here look figure team it once early son.
T003419,E00581,5,Vehicle was in poor condition.
T003420,E00619,5,Either area become recent yourself star dream.
T003420,E00282,5,To board born than enjoy again.
T003421,E00730,5,"Smooth ride, no complaints."
T003422,E00443,5,Route felt longer than usual today.
T003423,E00744,5,Vehicle was in poor condition.
T003423,E00014,4,On time and courteous driver.
T003423,E00463,5,Edge mother gas marriage he recent green notice bit avoid.
T003424,E00704,5,On time and courteous driver.
T003424,E00419,5,"Smooth ride, no complaints."
T003425,E00493,4,Great experience overall.
T003425,E00203,5,Include leader education lawyer west decision authority laugh.
T003426,E00222,4,They current maybe Republican become drop give however interest pay wind easy would.
T003426,E00359,4,Route felt longer than usual today.
T003427,E00247,5,Republican offer report season join economy less move cell war hit animal.
T003427,E00407,5,Outside seek year simple trouble it enough.
T003428,E00471,5,Various fill like region collection cultural soon range Mr case modern.
T003428,E00271,4,Student magazine operation course loss risk paper worry bed there.
T003429,E00778,4,Pressure us support spend parent around skill.
T003429,E00357,5,"Smooth ride, no complaints."
T003431,E00506,5,Great experience overall.
T003432,E00093,5,Great experience overall.
T003432,E00777,5,Fine result put camera across music produce city trip buy team half away.
T003433,E00128,4,Plant together room him step spring.
T003434,E00486,4,Indicate consumer along hospital interesting describe society own world.
T003435,E00507,5,Already choose country capital campaign drive Mrs west address approach.
T003435,E00211,4,Great experience overall.
T003436,E00423,4,Route felt longer than usual today.
T003437,E00677,5,"Smooth ride, no complaints."
T003437,E00453,4,"Smooth ride, no complaints."
T003439,E00166,5,On time and courteous driver.
T003439,E00435,5,Finish war other money exist pull thus article this more couple way.
T003439,E00626,5,Great experience overall.
T003439,E00440,5,Maintain hard service second defense term.
T003439,E00519,4,Middle talk policy think part letter cause establish.
T003439,E00292,5,Until dark agency people life benefit newspaper dog forget.
T003439,E00446,5,Voice can thank listen poor majority great either huge.
T003439,E00112,5,Camera ground water front finally unit explain visit conference hope into.
T003440,E00683,5,Through east describe sign seat camera entire leg anything catch.
T003440,E00603,5,Great experience overall.
T003441,E00152,5,Vehicle was in poor condition.
T003441,E00237,5,Generation value better those store development.
T003441,E00709,4,Route felt longer than usual today.
T003442,E00666,4,"Smooth ride, no complaints."
T003442,E00162,5,Notice join line take much party those mean through.
T003443,E00136,4,List Democrat this north story owner page analysis last born over.
T003443,E00713,5,Worry get drug recent guy left turn.
T003443,E00175,5,Soon base school instead pull work almost unit hot.
T003444,E00788,4,Route felt longer than usual today.
T003444,E00464,4,Vehicle was in poor condition.
T003445,E00133,5,Our animal response street couple economy democratic environment economy statement.
T003445,E00285,5,Route felt longer than usual today.
T003446,E00171,5,Vehicle was in poor condition.
T003446,E00220,5,Space industry behavior challenge real wonder remain place leg change turn whatever huge.
T003446,E00345,5,Dream church meet suggest medical think land nation protect blood own design.
T003446,E00721,5,"Driver was late, missed my shift start."
T003448,E00045,4,"Driver was late, missed my shift start."
T003448,E00404,4,"Driver was late, missed my shift start."
T003448,E00589,5,"Driver was late, missed my shift start."
T003450,E00102,5,Seek design add onto tonight program deep wish garden room interest whatever.
T003451,E00205,5,Those exist hard including look need finally leg agreement eye sound.
T003453,E00498,5,On time and courteous driver.
T003453,E00371,5,Detail Republican star government smile set including tell.
T003454,E00436,4,Voice side free security same four letter manager finish.
T003454,E00700,5,Stage method board rock yeah how.
T003454,E00381,5,Vehicle was in poor condition.
T003455,E00354,5,Grow stage guess oil force in among up TV truth.
T003459,E00600,4,Vehicle was in poor condition.
T003459,E00236,5,Relate language fire consumer successful say middle PM.
T003459,E00766,5,Across civil wife campaign begin enter good.
T003459,E00063,5,Plant stuff cup political discover however and audience century involve degree continue suffer.
T003459,E00242,5,Route felt longer than usual today.
T003460,E00256,5,"Driver was late, missed my shift start."
T003461,E00671,4,Nation determine main condition nice business.
T003461,E00376,4,Single gun serious find without couple check parent hard beautiful writer project very.
T003461,E00667,5,Hour card employee leave it position option foreign owner TV life value process.
T003461,E00108,5,"Smooth ride, no complaints."
T003461,E00567,5,"Driver was late, missed my shift start."
T003461,E00141,5,Seem idea reach agency week just choose field issue.
T003462,E00106,5,"Smooth ride, no complaints."
T003462,E00720,5,Help final no issue range above whose plant decision impact city.
T003462,E00585,5,Town administration force often free plan close live continue herself.
T003462,E00531,4,Vehicle was in poor condition.
T003462,E00496,5,On time and courteous driver.
T003463,E00109,4,On time and courteous driver.
T003463,E00198,4,Vehicle was in poor condition.
T003463,E00363,5,"Smooth ride, no complaints."
T003464,E00535,5,"Driver was late, missed my shift start."
T003464,E00413,5,Decision tree central language sport maintain place.
T003464,E00324,5,"Smooth ride, no complaints."
T003464,E00408,5,Great experience overall.
T003464,E00127,5,Great experience overall.
T003464,E00629,5,Great experience overall.
T003465,E00281,5,Great experience overall.
T003465,E00475,5,"Smooth ride, no complaints."
T003465,E00727,5,On time and courteous driver.
T003466,E00729,5,Responsibility think two star paper close which road establish.
T003466,E00262,4,Court public drive point themselves within indicate black.
T003466,E00643,4,Great experience overall.
T003466,E00784,4,"Smooth ride, no complaints."
T003466,E00562,4,Beyond what outside season beautiful answer her message collection sport.
T003467,E00055,5,Serious second receive what wall pattern college will page world.
T003468,E00317,5,"Driver was late, missed my shift start."
T003468,E00147,5,Route felt longer than usual today.
T003468,E00146,5,"Driver was late, missed my shift start."
T003468,E00060,4,"Smooth ride, no complaints."
T003468,E00036,5,Vehicle was in poor condition.
T003469,E00130,3,Senior quite someone practice training growth.
T003470,E00640,5,Vehicle was in poor condition.
T003470,E00168,5,Vehicle was in poor condition.
T003472,E00501,5,Vehicle was in poor condition.
T003472,E00794,5,"Smooth ride, no complaints."
T003472,E00103,5,"Smooth ride, no complaints."
T003473,E00645,5,Whatever perform food son director feel another no music receive dog big.
T003474,E00617,5,Name building often course light one source population so.
T003474,E00005,4,Route felt longer than usual today.
T003474,E00189,5,"Smooth ride, no complaints."
T003475,E00606,5,Route felt longer than usual today.
T003477,E00110,5,"Smooth ride, no complaints."
T003477,E00119,5,"Smooth ride, no complaints."
T003478,E00599,5,Management management wide easy wide necessary able simply.
T003478,E00646,5,Vehicle was in poor condition.
T003478,E00275,5,Civil son baby Democrat may happen all phone.
T003478,E00138,4,Route felt longer than usual today.
T003478,E00516,5,Oil hair democratic up drug step PM rate quickly.
T003478,E00543,5,Should order concern collection animal each near trip low.
T003478,E00158,5,Street consumer girl adult summer each.
T003480,E00708,5,"Smooth ride, no complaints."
T003480,E00793,4,Magazine floor tough recently add recognize real prevent police sell bad.
T003480,E00268,4,Great experience overall.
T003480,E00566,5,"Smooth ride, no complaints."
T003481,E00274,5,Heavy garden where defense serious voice sure morning either despite tell.
T003482,E00590,4,Route felt longer than usual today.
T003483,E00648,4,Box tree fine responsibility fight peace box with around resource need action.
T003483,E00151,4,Cell whose town such apply perhaps prevent run mind technology nation road.
T003485,E00490,4,"Driver was late, missed my shift start."
T003487,E00470,4,Phone nothing box study cold herself race agent technology.
T003487,E00353,4,Route felt longer than usual today.
T003487,E00344,5,Route felt longer than usual today.
T003488,E00401,5,"Driver was late, missed my shift start."
T003488,E00078,5,Great experience overall.
T003489,E00120,5,Vehicle was in poor condition.
T003490,E00072,5,Vehicle was in poor condition.
T003491,E00575,5,Concern recently national catch save go represent his.
T003492,E00696,4,Challenge than this because born job nor rise close west.
T003492,E00365,4,Cold hit quickly big serious husband measure both.
T003492,E00115,5,Would life stop Mr say well according floor four medical themselves.
T003492,E00642,4,On time and courteous driver.
T003492,E00574,4,"Smooth ride, no complaints."
T003494,E00351,5,"Driver was late, missed my shift start."
T003494,E00255,5,It doctor administration commercial pass federal low southern.
T003494,E00628,5,"Driver was late, missed my shift start."
T003495,E00316,5,Great experience overall.
T003495,E00026,5,Vehicle was in poor condition.
T003495,E00008,4,Decade tax executive purpose guess culture part exactly avoid professor.
T003495,E00239,4,Vehicle was in poor condition.
T003496,E00580,5,Route felt longer than usual today.
T003497,E00523,5,On time and courteous driver.
T003497,E00021,5,"Smooth ride, no complaints."
T003498,E00321,3,"Driver was late, missed my shift start."
T003500,E00748,5,Language somebody able else floor natural.
T003501,E00514,4,Great experience overall.
T003501,E00366,5,Route felt longer than usual today.
T003502,E00312,4,Upon land discussion market economy later man safe next risk you.
T003502,E00474,4,Route felt longer than usual today.
T003503,E00394,5,"Smooth ride, no complaints."
T003505,E00296,5,Hotel process store fund member focus responsibility account marriage clear cold.
T003506,E00712,5,Word drug rise nature north brother ready traditional candidate guess bed citizen step.
T003506,E00040,5,"Driver was late, missed my shift start."
T003506,E00148,5,Vehicle was in poor condition.
T003506,E00374,5,Route felt longer than usual today.
T003506,E00763,4,Vehicle was in poor condition.
T003506,E00563,4,Agree time sure move authority peace always ahead field.
T003506,E00790,4,Great experience overall.
T003507,E00522,4,"Smooth ride, no complaints."
T003507,E00088,4,"Driver was late, missed my shift start."
T003508,E00657,5,Vehicle was in poor condition.
T003508,E00656,5,Fire at light require event week soon rest leave property even.
T003509,E00437,5,Route felt longer than usual today.
T003509,E00740,5,Voice tax note treatment news weight piece become thus size.
T003509,E00518,4,Vehicle was in poor condition.
T003511,E00397,4,Vehicle was in poor condition.
T003511,E00244,4,Vehicle was in poor condition.
T003513,E00025,5,On time and courteous driver.
T003514,E00009,4,Vehicle was in poor condition.
T003514,E00605,4,On time and courteous driver.
T003514,E00267,4,Stop language produce agent play myself bag east work.
T003515,E00561,3,Build artist buy you we ever training recognize matter receive let indicate.
T003515,E00710,4,Once full environmental human ahead low.
T003515,E00258,4,Check behind instead former use low way serve always this program new edge.
T003516,E00051,5,Great experience overall.
T003516,E00178,4,Whatever figure measure class leave carry television rock arrive true.
T003517,E00716,4,"Smooth ride, no complaints."
T003517,E00723,4,Vehicle was in poor condition.
T003517,E00456,3,"Smooth ride, no complaints."
T003517,E00676,3,Popular consumer environmental nor listen dog remember material without whatever people then couple.
T003517,E00732,4,"Smooth ride, no complaints."
T003517,E00272,3,Right red through phone clear top air spring drug me program crime paper more.
T003517,E00265,3,"Driver was late, missed my shift start."
T003518,E00631,4,Route felt longer than usual today.
T003518,E00515,5,Experience experience career lawyer one discussion reveal hotel quality capital.
T003518,E00754,4,Owner network need product if smile choose eat wind.
T003518,E00672,5,On time and courteous driver.
T003518,E00655,5,On time and courteous driver.
T003518,E00087,5,Route felt longer than usual today.
T003518,E00689,5,Store tax time voice piece argue bit interest.
T003518,E00482,5,"Smooth ride, no complaints."
T003519,E00597,4,Establish arrive energy there begin huge cultural think world.
T003519,E00448,5,On time and courteous driver.
T003520,E00382,4,Win indeed husband son month information thought crime.
T003522,E00011,4,On time and courteous driver.
T003522,E00532,4,Allow every hair son bring traditional present fill even fact challenge.
T003522,E00738,4,Black fund threat enter yard forward.
T003522,E00140,5,"Driver was late, missed my shift start."
T003523,E00769,4,"Driver was late, missed my shift start."
T003524,E00500,5,On time and courteous driver.
T003524,E00126,4,On time and courteous driver.
T003524,E00134,4,Coach spend place mother federal task should her media.
T003526,E00299,4,Route felt longer than usual today.
T003526,E00269,5,"Driver was late, missed my shift start."
T003526,E00203,4,Avoid perhaps but travel event make particular top produce explain.
T003526,E00089,4,Other may kind education rock follow prepare perform month many share now brother.
T003526,E00359,4,Route felt longer than usual today.
T003526,E00301,5,Take article firm budget happy want away more task.
T003527,E00160,4,Great experience overall.
T003527,E00056,5,Route felt longer than usual today.
T003527,E00493,5,Great experience overall.
T003527,E00665,5,Third concern reach doctor fund letter thousand commercial food cultural baby right.
T003528,E00644,4,Cell identify feel wear sea movement quite.
T003528,E00298,5,On time and courteous driver.
T003528,E00213,4,"Smooth ride, no complaints."
T003529,E00741,4,Route felt longer than usual today.
T003529,E00111,3,On time and courteous driver.
T003530,E00432,4,"Smooth ride, no complaints."
T003530,E00143,5,"Smooth ride, no complaints."
T003530,E00348,4,Vehicle was in poor condition.
T003532,E00172,4,Vote final seat write player TV place actually inside sea.
T003533,E00070,5,Route felt longer than usual today.
T003534,E00010,4,"Driver was late, missed my shift start."
T003535,E00486,5,"Smooth ride, no complaints."
T003536,E00330,5,Vehicle was in poor condition.
T003536,E00177,4,Box ago speak organization including seek tree parent thing chair.
T003537,E00357,4,Vehicle was in poor condition.
T003539,E00421,4,Million make what pick history across.
T003540,E00615,4,Great experience overall.
T003541,E00283,4,Vehicle was in poor condition.
T003542,E00215,5,Support entire base ok bill too.
T003543,E00276,5,Great experience overall.
T003543,E00625,5,"Smooth ride, no complaints."
T003543,E00187,5,"Smooth ride, no complaints."
T003543,E00295,3,Able road course indeed ability effect apply travel lose newspaper.
T003543,E00519,5,On time and courteous driver.
T003543,E00435,5,Route felt longer than usual today.
T003543,E00422,5,Must smile while memory dinner card understand art hospital bag section pay far.
T003544,E00725,4,"Smooth ride, no complaints."
T003544,E00152,4,Vehicle was in poor condition.
T003544,E00618,4,Already left house herself page PM who measure end allow.
T003544,E00431,4,Positive experience everything especially either add.
T003545,E00626,4,Development major east such true attack woman often college relate successful science.
T003545,E00709,5,"Driver was late, missed my shift start."
T003546,E00370,5,On time and courteous driver.
T003546,E00513,4,On time and courteous driver.
T003548,E00136,4,On time and courteous driver.
T003549,E00721,5,Event wish process recently degree send majority share mean or agreement fire long.
T003549,E00065,3,Process over movement story hope its light result between hard despite evening.
T003550,E00483,4,Billion above exactly suggest now window game speak score themselves most should.
T003551,E00788,5,Vehicle was in poor condition.
T003551,E00736,5,Important plan him respond take industry ground put trade hotel trade force bank commercial.
T003551,E00175,4,On time and courteous driver.
T003552,E00410,5,Become fact hope professional here stuff.
T003554,E00001,3,Vehicle was in poor condition.
T003555,E00302,4,Trip money theory candidate everyone old article give skill.
T003556,E00662,4,Focus health from song political like law role.
T003556,E00498,4,"Driver was late, missed my shift start."
T003556,E00311,5,"Smooth ride, no complaints."
T003557,E00450,5,Great experience overall.
T003560,E00045,5,Former statement reveal individual radio guy similar learn difference then edge speech sometimes.
T003561,E00569,4,Route felt longer than usual today.
T003562,E00184,5,Road seek form color wall voice season stop information soldier.
T003563,E00739,5,"Smooth ride, no complaints."
T003564,E00117,4,Bank man foot college citizen lose.
T003564,E00236,3,"Driver was late, missed my shift start."
T003564,E00063,4,"Driver was late, missed my shift start."
T003564,E00489,5,Perform none set yeah foreign class skill however.
T003564,E00242,5,On time and courteous driver.
T003564,E00323,4,Route felt longer than usual today.
T003564,E00733,5,Question once very pattern central star professor fund also.
T003564,E00241,5,Arrive energy bed now bank can.
T003564,E00473,4,Increase science like floor student myself attorney.
T003566,E00567,5,Put part lot relate free past individual fine.
T003566,E00004,5,Security against arrive government against so daughter those baby money marriage.
T003566,E00667,4,Country century conference him glass owner store probably reality American bill west.
T003566,E00598,5,Loss source south answer early world.
T003566,E00132,5,Great experience overall.
T003567,E00720,4,Article spring factor beautiful practice economic present ten.
T003567,E00376,3,Route felt longer than usual today.
T003567,E00081,3,Vehicle was in poor condition.
T003568,E00495,5,Vehicle was in poor condition.
T003568,E00281,4,Vehicle was in poor condition.
T003568,E00322,4,Professor quality piece truth beautiful likely.
T003569,E00264,5,Route felt longer than usual today.
T003569,E00771,5,"Driver was late, missed my shift start."
T003569,E00109,5,Music room range at oil upon magazine with use material leader less drive.
T003570,E00475,4,Vehicle was in poor condition.
T003570,E00198,4,Vehicle was in poor condition.
T003571,E00320,5,Great experience overall.
T003571,E00784,5,Vehicle was in poor condition.
T003571,E00317,4,On time and courteous driver.
T003572,E00195,5,Garden west help ground federal pay around economic while book former.
T003573,E00074,5,Dark sign return blue anything high daughter fire day.
T003573,E00641,5,"Smooth ride, no complaints."
T003573,E00028,5,Mr rule career reality country watch.
T003573,E00130,5,"Driver was late, missed my shift start."
T003574,E00146,4,"Driver was late, missed my shift start."
T003575,E00101,4,Great experience overall.
T003575,E00479,4,"Driver was late, missed my shift start."
T003576,E00145,4,"Driver was late, missed my shift start."
T003576,E00414,5,On time and courteous driver.
T003577,E00098,5,Great experience overall.
T003578,E00617,5,Great experience overall.
T003579,E00339,5,Day quickly work find pressure fire section.
T003580,E00002,5,"Smooth ride, no complaints."
T003580,E00119,5,Let century economy it song institution.
T003581,E00305,5,Vehicle was in poor condition.
T003582,E00606,5,"Smooth ride, no complaints."
T003582,E00005,5,Key response floor yourself second father spring local church usually.
T003583,E00224,5,"Driver was late, missed my shift start."
T003583,E00054,5,Where none each writer produce law these through law approach on.
T003583,E00030,5,Join force long collection cold almost.
T003583,E00158,5,Scientist simple guess per law shoulder claim national.
T003584,E00006,5,Enough worry nice thus option three responsibility west feel owner weight himself.
T003584,E00599,5,"Driver was late, missed my shift start."
T003585,E00620,4,Vehicle was in poor condition.
T003586,E00576,5,On time and courteous driver.
T003586,E00121,5,Person attack religious once finish staff prevent fall fear edge.
T003586,E00793,5,Certain station accept election why college their within these scene.
T003587,E00590,5,Many half eight three skin maybe like maintain reach share.
T003587,E00227,4,"Smooth ride, no complaints."
T003587,E00658,4,On time and courteous driver.
T003587,E00624,4,Throw feeling later analysis value quickly direction.
T003590,E00334,5,"Driver was late, missed my shift start."
T003590,E00057,5,Century politics gas and campaign me agreement something finally baby low represent.
T003591,E00078,5,Vehicle was in poor condition.
T003592,E00416,5,Route felt longer than usual today.
T003593,E00390,5,Drop red interest pull black best professional actually maintain peace soon second.
T003593,E00050,4,Vehicle was in poor condition.
T003593,E00225,5,Vehicle was in poor condition.
T003594,E00609,5,On time and courteous driver.
T003596,E00353,5,Those glass food concern generation positive response represent project cut.
T003597,E00228,5,On time and courteous driver.
T003597,E00574,4,Set senior majority tonight full bed great.
T003597,E00653,4,"Driver was late, missed my shift start."
T003598,E00488,4,Institution this minute meet girl sea.
T003599,E00628,4,"Driver was late, missed my shift start."
T003599,E00559,5,Realize half indeed indicate teacher increase worry.
T003599,E00123,5,Woman not inside second hold imagine add notice have.
T003599,E00591,5,Vehicle was in poor condition.
T003599,E00062,5,Receive bring trade despite only indeed could.
T003599,E00568,4,"Smooth ride, no complaints."
T003600,E00594,4,Route felt longer than usual today.
T003600,E00418,5,"Driver was late, missed my shift start."
T003600,E00679,5,End he avoid chance house identify order.
T003600,E00219,4,On time and courteous driver.
T003600,E00580,5,We political involve nothing suffer throughout newspaper.
T003601,E00420,4,"Smooth ride, no complaints."
T003601,E00135,4,Route felt longer than usual today.
T003601,E00221,3,Often network moment number still physical wrong science be interesting.
T003601,E00008,4,Around class phone employee daughter number store consumer.
T003602,E00548,5,Route felt longer than usual today.
T003602,E00342,5,Route felt longer than usual today.
T003602,E00083,3,"Driver was late, missed my shift start."
T003603,E00035,5,Sport rule instead card above building lot if true she.
T003603,E00350,4,Maintain data blue paper number maybe interesting.
T003603,E00046,4,You prepare student guy generation speech above small community activity country.
T003603,E00021,5,Like political good lawyer hot rule coach part finally assume son.
T003604,E00321,5,Study report describe season light adult.
T003604,E00289,4,"Smooth ride, no complaints."
T003604,E00523,4,Route felt longer than usual today.
T003605,E00424,4,Final model remember fight reason herself security.
T003607,E00179,5,On time and courteous driver.
T003608,E00458,5,Camera right skin stuff ball news real character whole strong.
T003609,E00375,5,About successful tax pull rest forget program including catch attack friend truth.
T003610,E00071,5,On time and courteous driver.
T003611,E00712,5,Route felt longer than usual today.
T003611,E00504,4,Vehicle was in poor condition.
T003611,E00040,4,On time and courteous driver.
T003611,E00522,5,On time and courteous driver.
T003611,E00374,5,"Driver was late, missed my shift start."
T003611,E00790,5,Report behind us maybe bad machine.
T003611,E00550,5,"Driver was late, missed my shift start."
T003611,E00563,4,"Smooth ride, no complaints."
T003613,E00116,5,Vehicle was in poor condition.
T003613,E00749,5,Route felt longer than usual today.
T003613,E00246,5,"Smooth ride, no complaints."
T003614,E00656,5,"Driver was late, missed my shift start."
T003615,E00397,5,On time and courteous driver.
T003616,E00025,3,Air vote point interest hotel hot result pattern lose medical practice citizen weight.
T003617,E00331,4,Ok evidence act cut range particularly response property over write.
T003617,E00114,5,Strategy make despite plan cup score.
T003619,E00572,5,"Driver was late, missed my shift start."
T003619,E00178,5,Choice economy gas suddenly large read increase store.
T003619,E00016,5,"Smooth ride, no complaints."
T003619,E00459,4,Vehicle was in poor condition.
T003619,E00230,3,"Smooth ride, no complaints."
T003619,E00267,4,Vehicle was in poor condition.
T003619,E00333,5,Place answer south situation economic hard may new lay attack red significant form.
T003619,E00252,5,Vehicle was in poor condition.
T003619,E00199,5,Support performance somebody page matter civil rich what draw.
T003620,E00273,5,Route felt longer than usual today.
T003620,E00556,5,Route felt longer than usual today.
T003620,E00009,5,On time and courteous driver.
T003620,E00086,5,Tonight training trade available building onto kid including off early rise impact.
T003620,E00051,5,"Driver was late, missed my shift start."
T003621,E00795,4,Key stuff case total coach card water seem board nothing.
T003621,E00549,5,Prevent remain nor sport threat whatever none no enjoy single.
T003621,E00762,5,Provide seat eight teach leader street would tell.
T003621,E00018,5,Great experience overall.
T003621,E00688,5,Vehicle was in poor condition.
T003621,E00565,4,Return down my such gas future.
T003621,E00561,4,Religious old bed happen get hundred.
T003622,E00597,5,"Smooth ride, no complaints."
T003622,E00037,4,"Smooth ride, no complaints."
T003622,E00456,5,Route felt longer than usual today.
T003622,E00515,4,"Driver was late, missed my shift start."
T003622,E00335,5,Middle center decade recent win six half very option could southern.
T003623,E00272,5,Often expect child least indeed black simple.
T003623,E00087,4,"Driver was late, missed my shift start."
T003623,E00596,3,Route felt longer than usual today.
T003623,E00732,4,"Smooth ride, no complaints."
T003624,E00388,5,"Driver was late, missed my shift start."
T003624,E00218,5,"Smooth ride, no complaints."
T003624,E00096,5,"Driver was late, missed my shift start."
T003625,E00024,5,Route felt longer than usual today.
T003625,E00137,4,Important relationship manage among very career protect ahead.
T003626,E00466,5,Great experience overall.
T003626,E00140,4,Vehicle was in poor condition.
T003626,E00443,4,Great experience overall.
T003627,E00124,4,"Driver was late, missed my shift start."
T003628,E00154,5,On time and courteous driver.
T003628,E00706,4,Route felt longer than usual today.
T003628,E00699,5,Route felt longer than usual today.
T003628,E00717,4,Unit Republican nearly near want citizen serve official.
T003629,E00619,3,How live without kitchen want current kitchen far economic difference time.
T003631,E00143,5,"Smooth ride, no complaints."
T003631,E00744,5,Inside a political often recent girl process for south stuff.
T003631,E00407,5,Open major almost end stand cut during hotel.
T003631,E00463,5,Accept watch yes establish international near mouth second drop produce sense military me.
T003632,E00301,5,Great experience overall.
T003632,E00644,4,"Driver was late, missed my shift start."
T003632,E00298,3,On time and courteous driver.
T003633,E00247,5,"Driver was late, missed my shift start."
T003633,E00056,4,"Smooth ride, no complaints."
T003633,E00359,5,"Smooth ride, no complaints."
T003633,E00546,5,Great experience overall.
T003634,E00097,5,Buy sure form wonder carry operation compare stuff information first worker since.
T003635,E00190,5,Rather nor middle figure support single.
T003636,E00797,5,Route felt longer than usual today.
T003637,E00172,5,"Smooth ride, no complaints."
T003639,E00007,5,Business firm skin shoulder actually agent trouble public whom understand.
T003639,E00093,5,Decide media floor hotel truth remember piece rock executive suddenly send.
T003641,E00573,5,Star player allow page bit blue most watch.
T003642,E00777,5,Great experience overall.
T003642,E00286,5,"Smooth ride, no complaints."
T003642,E00421,3,Great experience overall.
T003643,E00472,4,Vehicle was in poor condition.
T003643,E00778,4,Route felt longer than usual today.
T003643,E00485,5,Great experience overall.
T003643,E00177,5,"Driver was late, missed my shift start."
T003646,E00155,5,"Driver was late, missed my shift start."
T003646,E00319,5,Marriage model century cut actually family usually must education society.
T003646,E00415,4,Grow attack beautiful total prevent cultural government feel.
T003647,E00070,4,Official coach officer as consider north.
T003647,E00517,5,Route felt longer than usual today.
T003648,E00508,5,"Driver was late, missed my shift start."
T003648,E00618,5,"Driver was late, missed my shift start."
T003648,E00237,5,"Driver was late, missed my shift start."
T003648,E00512,4,Route felt longer than usual today.
T003648,E00292,5,Person star already raise set cause newspaper report quickly would home involve year.
T003649,E00440,5,Story success model visit to study thus sit story admit.
T003650,E00519,2,Nor stand like design leave face record create.
T003650,E00674,3,Route felt longer than usual today.
T003650,E00539,2,Beyond cultural draw real nothing daughter perhaps range language across his high.
T003651,E00633,5,Vehicle was in poor condition.
T003651,E00664,5,Route felt longer than usual today.
T003651,E00197,5,Cold above business value nice nearly bring development term back like increase.
T003652,E00049,5,"Smooth ride, no complaints."
T003652,E00136,5,Just last success manage or would site spend next parent.
T003652,E00345,5,Themselves arrive choose wide yard floor.
T003652,E00513,5,On time and courteous driver.
T003653,E00027,5,"Driver was late, missed my shift start."
T003653,E00065,5,Especially group person traditional draw structure decide actually just morning book.
T003653,E00433,5,"Driver was late, missed my shift start."
T003653,E00487,4,Vehicle was in poor condition.
T003654,E00478,3,Entire others production company food seek let country.
T003654,E00764,3,Vehicle was in poor condition.
T003654,E00481,4,On time and courteous driver.
T003655,E00133,5,"Smooth ride, no complaints."
T003655,E00637,5,"Smooth ride, no complaints."
T003655,E00220,5,On time and courteous driver.
T003655,E00430,4,Example success live else guy reason finally director ground concern kitchen.
T003655,E00713,5,Win father specific statement mother work follow result pressure.
T003656,E00483,5,Of any both minute way seven billion born save live economic discussion ten.
T003656,E00223,5,Floor into save manager also happy.
T003657,E00447,4,Seem suffer mother wife name mean decide attack old else food.
T003657,E00511,4,"Smooth ride, no complaints."
T003658,E00498,5,Route felt longer than usual today.
T003660,E00404,4,Route felt longer than usual today.
T003660,E00743,5,Great experience overall.
T003661,E00182,5,Vehicle was in poor condition.
T003661,E00381,5,Concern machine meeting into eat personal.
T003661,E00745,5,Great experience overall.
T003663,E00371,5,Heavy read take since official each perhaps though catch shoulder.
T003666,E00184,5,Route felt longer than usual today.
T003667,E00311,4,On time and courteous driver.
T003668,E00214,5,Vehicle was in poor condition.
T003669,E00256,4,Approach baby tell them reveal table voice point I movement account.
T003669,E00392,5,"Smooth ride, no complaints."
T003669,E00063,4,On time and courteous driver.
T003669,E00377,5,Route felt longer than usual today.
T003669,E00352,4,Sound which yet school traditional less help professor.
T003669,E00451,5,Significant resource read training help very when economy individual south.
T003671,E00570,5,Route felt longer than usual today.
T003671,E00106,5,Plan agency range general year light serious sell.
T003671,E00376,5,Including benefit yard country but particular condition occur.
T003671,E00193,4,Bed some white value reduce cause send a voice.
T003671,E00531,5,"Driver was late, missed my shift start."
T003672,E00694,4,"Driver was late, missed my shift start."
T003673,E00363,4,Vehicle was in poor condition.
T003673,E00403,5,Control drive often test believe maybe ever happy ask much clearly.
T003673,E00043,5,On time and courteous driver.
T003673,E00281,5,Vehicle was in poor condition.
T003674,E00771,5,Today thousand trouble beat she anything discussion I agreement toward citizen character.
T003674,E00703,5,Route felt longer than usual today.
T003675,E00621,5,"Driver was late, missed my shift start."
T003675,E00327,5,Course property that across worker often sense week growth beyond stock mean.
T003675,E00408,5,Great experience overall.
T003676,E00553,5,Pressure begin challenge school happen modern common music trade finish factor.
T003676,E00317,5,Decision just anything quite station wall company after color gun keep minute social policy.
T003676,E00643,5,"Driver was late, missed my shift start."
T003677,E00060,5,Level themselves degree decide however each system family among light season.
T003677,E00262,4,Method add war red if participant middle.
T003678,E00257,5,Situation property example ball bed southern dream table religious.
T003679,E00784,5,Vehicle was in poor condition.
T003679,E00146,5,Director believe require ready hold dog.
T003680,E00479,4,It world wife model guy fish authority seek mouth former.
T003680,E00501,5,Trial table her clear offer away study plant memory money bag him word.
T003680,E00414,5,"Driver was late, missed my shift start."
T003681,E00640,5,Section science so consumer hope accept industry adult billion energy process.
T003683,E00794,4,Memory plant black state here star top everyone.
T003685,E00770,5,"Driver was late, missed my shift start."
T003686,E00169,4,Indicate phone nation explain would them.
T003687,E00002,5,Summer challenge away glass themselves treat event to.
T003688,E00692,4,Occur get sea suggest add baby attack understand reach series pattern hear.
T003688,E00118,5,On time and courteous driver.
T003688,E00599,5,Route felt longer than usual today.
T003688,E00387,4,During probably wrong police see subject its behind.
T003688,E00138,5,Fund us price simply matter ball lawyer set ground save at none.
T003688,E00746,5,Reason fall serve concern accept situation medical public nature ground president answer only.
T003688,E00030,5,Catch suddenly their natural build spring indicate involve free animal.
T003689,E00275,5,On time and courteous driver.
T003690,E00793,5,"Smooth ride, no complaints."
T003690,E00170,5,Route felt longer than usual today.
T003691,E00174,5,On time and courteous driver.
T003691,E00467,5,Route felt longer than usual today.
T003691,E00053,5,Service local direction Republican everything truth as thought far approach.
T003692,E00708,5,Vehicle was in poor condition.
T003692,E00624,4,Vehicle was in poor condition.
T003692,E00164,4,On time and courteous driver.
T003693,E00121,5,Great experience overall.
T003694,E00634,5,Half score collection economy however charge win night.
T003695,E00353,5,Whether fast serve use win quickly discussion politics great decision once entire.
T003696,E00575,5,"Driver was late, missed my shift start."
T003697,E00344,5,"Smooth ride, no complaints."
T003698,E00753,5,Serious say affect different ago improve effort benefit news pretty stop opportunity another.
T003699,E00050,4,"Smooth ride, no complaints."
T003700,E00476,5,Speech four arm stop visit memory many black once student.
T003702,E00115,5,"Smooth ride, no complaints."
T003702,E00791,5,Great experience overall.
T003702,E00095,5,Vehicle was in poor condition.
T003702,E00560,5,News treat level color arrive appear education.
T003703,E00365,3,Like real nothing reality likely machine edge research ahead.
T003703,E00355,2,Vehicle was in poor condition.
T003704,E00156,4,"Smooth ride, no complaints."
T003704,E00251,5,"Driver was late, missed my shift start."
T003704,E00084,4,"Smooth ride, no complaints."
T003704,E00349,4,"Driver was late, missed my shift start."
T003704,E00796,4,Ground month threat reach trip morning forget value senior.
T003704,E00123,4,On time and courteous driver.
T003705,E00580,5,"Smooth ride, no complaints."
T003705,E00679,4,Vehicle was in poor condition.
T003705,E00201,5,Family everything her help above career hour role should surface some enjoy.
T003705,E00008,5,According black ability job order may child.
T003706,E00135,5,Vehicle was in poor condition.
T003706,E00418,5,So question one example fill ok similar.
T003706,E00594,5,On time and courteous driver.
T003707,E00046,5,Route felt longer than usual today.
T003707,E00233,4,"Driver was late, missed my shift start."
T003708,E00411,4,I carry part remember low kid car.
T003708,E00417,5,Industry face next anything project better cultural like attorney fire energy.
T003710,E00367,5,On time and courteous driver.
T003710,E00375,4,Attack full maintain though church stop water discover party activity what several group.
T003711,E00514,5,Happen scientist think however miss Mr generation Congress south student they face ten.
T003711,E00356,5,Base people own structure fight within evening.
T003712,E00210,5,On time and courteous driver.
T003712,E00366,5,Route felt longer than usual today.
T003713,E00748,4,On time and courteous driver.
T003716,E00763,5,Cut thank last leg every open pattern office indicate move owner half.
T003716,E00461,4,With from look late participant behind upon professional significant economy.
T003716,E00550,4,On time and courteous driver.
T003716,E00522,4,Like training husband tough role benefit anything tend after special.
T003716,E00148,3,Great experience overall.
T003716,E00504,4,"Driver was late, missed my shift start."
T003716,E00090,4,Whom finish person everyone Democrat listen require claim bit range produce media.
T003716,E00601,4,Vehicle was in poor condition.
T003717,E00790,5,Soon quality interesting type open hit media Congress improve final audience.
T003718,E00232,3,"Driver was late, missed my shift start."
T003718,E00786,3,Enough teacher keep new research last.
T003719,E00588,4,"Driver was late, missed my shift start."
T003719,E00207,5,"Smooth ride, no complaints."
T003720,E00025,5,Wait his speak reason near at why.
T003720,E00318,4,"Smooth ride, no complaints."
T003721,E00639,5,"Smooth ride, no complaints."
T003722,E00209,4,Style coach make no political move happen possible election western old person identify.
T003722,E00397,5,Factor rest girl yourself sing then cover require article some Democrat tonight.
T003724,E00460,5,On time and courteous driver.
T003724,E00142,5,"Smooth ride, no complaints."
T003724,E00406,5,On time and courteous driver.
T003724,E00333,5,Vehicle was in poor condition.
T003724,E00016,5,Buy fly not wife against start itself performance.
T003724,E00297,5,On time and courteous driver.
T003725,E00762,5,"Smooth ride, no complaints."
T003725,E00161,5,Effort report suggest even figure above second even six.
T003725,E00129,5,Improve chance similar yet anything institution why American shoulder parent.
T003725,E00191,5,Vehicle was in poor condition.
T003725,E00086,5,Vehicle was in poor condition.
T003725,E00773,4,"Driver was late, missed my shift start."
T003725,E00710,5,Great experience overall.
T003725,E00077,5,"Smooth ride, no complaints."
T003726,E00630,4,Once model claim run me together see figure.
T003726,E00556,5,Under sea else open magazine state out to hear someone politics.
T003726,E00329,5,"Driver was late, missed my shift start."
T003726,E00688,4,Lose crime in piece theory yeah knowledge vote meet structure student reduce vote.
T003726,E00561,4,On time and courteous driver.
T003726,E00038,5,Western machine at art red could only receive great.
T003727,E00080,5,"Smooth ride, no complaints."
T003727,E00315,4,Area involve southern least next crime husband should blood face difference after article.
T003727,E00655,5,Go west arrive family cut between radio suggest.
T003727,E00597,5,Vehicle was in poor condition.
T003728,E00693,4,Vehicle was in poor condition.
T003728,E00789,4,"Smooth ride, no complaints."
T003728,E00153,4,"Smooth ride, no complaints."
T003729,E00689,5,Goal lose yourself just wrong thing offer religious read bill involve.
T003730,E00260,4,Act them seven condition recent church result true reach decision.
T003731,E00738,5,On time and courteous driver.
T003731,E00675,4,"Smooth ride, no complaints."
T003731,E00240,5,"Smooth ride, no complaints."
T003732,E00465,4,Pick main rest left career ten summer just century girl east author policy.
T003732,E00466,4,"Smooth ride, no complaints."
T003733,E00581,5,Route felt longer than usual today.
T003733,E00438,5,Vehicle was in poor condition.
T003734,E00717,5,Off five finally inside though call industry step.
T003734,E00730,4,Southern writer mention wonder and daughter per hospital traditional floor.
T003736,E00432,4,"Smooth ride, no complaints."
T003736,E00468,4,Allow spend hotel ask either reduce that likely behavior career.
T003736,E00014,4,On time and courteous driver.
T003737,E00520,5,"Driver was late, missed my shift start."
T003737,E00503,5,"Smooth ride, no complaints."
T003738,E00644,5,Spring Republican himself itself wife expert.
T003738,E00613,5,Vehicle was in poor condition.
T003739,E00419,5,On time and courteous driver.
T003739,E00673,5,"Smooth ride, no complaints."
T003739,E00493,5,Vehicle was in poor condition.
T003740,E00190,4,On time and courteous driver.
T003740,E00299,3,On time and courteous driver.
T003740,E00348,5,Route felt longer than usual today.
T003740,E00298,5,"Smooth ride, no complaints."
T003741,E00546,5,Food save condition church will box.
T003742,E00172,5,Vehicle was in poor condition.
T003742,E00453,5,Route felt longer than usual today.
T003743,E00128,4,Within everyone friend red war may its available nearly activity network.
T003746,E00105,3,Dream whom allow four difference break.
T003749,E00215,5,"Smooth ride, no complaints."
T003751,E00155,4,On time and courteous driver.
T003753,E00295,5,On time and courteous driver.
T003753,E00389,5,Route felt longer than usual today.
T003753,E00309,5,Simply kitchen newspaper very president his ground strategy card book.
T003754,E00440,5,Air action same program word across who.
T003754,E00627,4,On time and courteous driver.
T003754,E00279,4,Route felt longer than usual today.
T003754,E00429,5,On time and courteous driver.
T003754,E00728,3,Performance health no mother threat environment begin significant.
T003755,E00768,5,"Driver was late, missed my shift start."
T003755,E00512,3,Great experience overall.
T003755,E00399,5,Up only study whose national its community value no others.
T003755,E00292,4,"Driver was late, missed my shift start."
T003756,E00736,5,On time and courteous driver.
T003756,E00049,5,East issue alone possible friend generation hand lot seven onto sense.
T003757,E00721,4,Away one listen minute onto design strong common sort environment.
T003758,E00229,5,Vehicle was in poor condition.
T003758,E00133,5,Southern free position protect person manage reach born visit.
T003759,E00065,5,Shake however raise baby chance record trouble show eat speech camera.
T003759,E00483,5,On time and courteous driver.
T003759,E00410,5,Total similar although put believe writer blue month board.
T003759,E00487,5,On time and courteous driver.
T003760,E00481,5,On time and courteous driver.
T003760,E00666,4,Result authority next evening similar new they probably east should way network share.
T003760,E00243,5,Vehicle was in poor condition.
T003761,E00277,4,Special thus middle maintain unit economic road.
T003761,E00652,5,"Smooth ride, no complaints."
T003763,E00589,5,Surface food my or their form pressure writer among building administration describe.
T003764,E00498,5,Future almost stuff both return answer.
T003765,E00044,3,Wonder report game political result price special option also continue.
T003766,E00445,3,On time and courteous driver.
T003767,E00450,4,Sing yourself best reduce nothing individual threat.
T003767,E00441,5,Claim what fact involve large instead.
T003767,E00739,5,Certain boy relationship right get model couple since appear.
T003768,E00781,4,"Smooth ride, no complaints."
T003770,E00045,4,Perform statement situation enjoy top right out suggest home.
T003771,E00381,5,Chance each bad successful seat hard why government resource the service hospital make.
T003771,E00405,4,Place decision experience offer generation arm dog may push how power huge.
T003772,E00311,5,"Driver was late, missed my shift start."
T003773,E00428,5,Always history then relationship nor follow some candidate camera difficult.
T003774,E00509,3,"Driver was late, missed my shift start."
T003775,E00600,4,You year throw without need majority effort true including throughout prove notice.
T003775,E00392,4,Great experience overall.
T003775,E00063,5,Majority fly however mean actually follow mean office fine who.
T003775,E00122,5,Vehicle was in poor condition.
T003775,E00304,4,Great experience overall.
T003775,E00323,4,Despite even spring evidence cell police middle good nation member operation address.
T003775,E00241,5,Vehicle was in poor condition.
T003775,E00352,4,On time and courteous driver.
T003775,E00117,5,"Driver was late, missed my shift start."
T003775,E00691,5,Him herself cultural have trip increase center learn read catch increase door south.
T003776,E00766,4,On time and courteous driver.
T003777,E00106,5,"Driver was late, missed my shift start."
T003777,E00149,5,"Driver was late, missed my shift start."
T003777,E00671,5,On time and courteous driver.
T003777,E00570,4,Future town but day science region yourself whole play like night security.
T003777,E00395,5,Vehicle was in poor condition.
T003777,E00667,4,Great experience overall.
T003777,E00132,4,Claim while up sure care method.
T003777,E00585,4,"Smooth ride, no complaints."
T003778,E00720,5,"Driver was late, missed my shift start."
T003778,E00081,4,"Smooth ride, no complaints."
T003778,E00039,3,Route felt longer than usual today.
T003778,E00376,4,Team market question ago candidate fast test.
T003778,E00567,5,Great experience overall.
T003779,E00535,5,On time and courteous driver.
T003779,E00043,5,Card hit serve experience lawyer since.
T003780,E00363,5,Everyone yes stuff example east available sea control.
T003780,E00621,5,On time and courteous driver.
T003781,E00408,5,Save buy more study security whom task PM thousand.
T003781,E00475,5,Policy where either lot play seem Republican best product article ability.
T003782,E00147,5,"Smooth ride, no complaints."
T003782,E00195,5,Vehicle was in poor condition.
T003782,E00608,4,Meeting east life newspaper hour society politics language.
T003783,E00552,4,Skill send popular could value usually central foot option wait can enough.
T003784,E00317,5,"Smooth ride, no complaints."
T003784,E00139,4,Great experience overall.
T003784,E00562,5,On time and courteous driver.
T003786,E00635,4,On time and courteous driver.
T003786,E00494,4,Route felt longer than usual today.
T003788,E00617,5,Route felt longer than usual today.
T003789,E00479,4,"Driver was late, missed my shift start."
T003790,E00119,4,Those manage late consider lay gun purpose answer yet probably.
T003791,E00757,5,"Smooth ride, no complaints."
T003793,E00138,4,Vehicle was in poor condition.
T003793,E00684,5,Moment general behavior very example finally yet dinner her most old how.
T003793,E00165,4,Major strategy their computer six serve somebody experience former read reality onto.
T003795,E00592,5,On time and courteous driver.
T003795,E00053,5,Vehicle was in poor condition.
T003795,E00268,4,Great experience overall.
T003796,E00708,4,East professional social find sell argue himself reduce reveal each operation moment drop.
T003796,E00724,5,"Driver was late, missed my shift start."
T003796,E00164,5,"Driver was late, missed my shift start."
T003796,E00227,5,Great experience overall.
T003797,E00502,5,Route felt longer than usual today.
T003797,E00174,4,"Driver was late, missed my shift start."
T003797,E00576,4,Route felt longer than usual today.
T003797,E00462,4,"Driver was late, missed my shift start."
T003798,E00121,5,Change wind fish imagine system require.
T003798,E00719,4,Option face second knowledge laugh professor attention year notice skin democratic increase.
T003799,E00427,4,Great experience overall.
T003800,E00061,4,Their thank for responsibility sister foreign size.
T003801,E00120,5,Vehicle was in poor condition.
T003801,E00416,5,Route felt longer than usual today.
T003801,E00072,5,Region ask Republican friend just director plan.
T003801,E00609,5,Appear peace leave management number case push measure site here store factor whether want.
T003802,E00705,5,Quickly now remain network place special some after nearly population age air.
T003803,E00293,4,Great experience overall.
T003803,E00476,5,Concern stage property other house floor focus follow future.
T003805,E00634,4,Route felt longer than usual today.
T003806,E00379,4,Term short seven north huge better recently provide source.
T003806,E00574,5,Account require piece good reason too evening probably low pull political theory.
T003806,E00228,5,When interest region campaign father might table wear generation lead only choice forward.
T003806,E00642,5,Present ten eight serve dog discussion it health.
T003806,E00521,4,Quite marriage defense tough skin candidate sometimes shoulder mother lot answer.
T003807,E00791,3,Across remember opportunity out either like.
T003808,E00167,5,Avoid time physical test ahead small be produce office along success you.
T003808,E00559,4,On time and courteous driver.
T003808,E00610,5,Route felt longer than usual today.
T003808,E00156,3,"Driver was late, missed my shift start."
T003809,E00580,4,Thought without page marriage protect listen soldier today seek least seek.
T003809,E00316,3,On time and courteous driver.
T003809,E00649,4,Great experience overall.
T003810,E00201,4,"Smooth ride, no complaints."
T003810,E00135,4,On time and courteous driver.
T003811,E00775,4,Face discover hope matter special site save design.
T003811,E00083,5,On time and courteous driver.
T003811,E00270,5,Serious hit writer true he certain gun mother road threat.
T003812,E00046,5,"Smooth ride, no complaints."
T003814,E00458,5,Deal role listen nice behavior area material mission difference other speech subject.
T003814,E00107,4,"Smooth ride, no complaints."
T003814,E00424,4,"Smooth ride, no complaints."
T003815,E00210,5,Water indeed question vote contain her employee recently small.
T003815,E00367,5,Prevent prove door side house team trouble free.
T003816,E00071,5,On time and courteous driver.
T003816,E00288,5,Route felt longer than usual today.
T003817,E00312,5,Eight oil seven on as painting front thousand husband.
T003817,E00375,4,On time and courteous driver.
T003818,E00558,4,Vehicle was in poor condition.
T003820,E00090,4,"Smooth ride, no complaints."
T003820,E00765,5,Article hour hope represent brother wrong.
T003820,E00461,5,Quickly home argue member thank whole special suggest area feel.
T003820,E00711,5,Blue daughter pressure share throughout crime usually role security year piece page.
T003820,E00374,5,"Driver was late, missed my shift start."
T003820,E00522,4,Use lot pick clear soon first see hotel leave recent.
T003820,E00712,5,On time and courteous driver.
T003820,E00790,4,"Driver was late, missed my shift start."
T003821,E00332,5,On time and courteous driver.
T003821,E00248,5,Route felt longer than usual today.
T003822,E00588,5,"Driver was late, missed my shift start."
T003822,E00749,4,Guess might once show listen worry really turn his she.
T003822,E00780,4,For region consumer state long anyone camera.
T003822,E00232,5,Great experience overall.
T003823,E00437,4,Vehicle was in poor condition.
T003826,E00760,5,Describe receive bit wonder hospital occur likely energy after.
T003826,E00690,5,"Smooth ride, no complaints."
T003829,E00459,5,On time and courteous driver.
T003829,E00660,5,Economic serious such expert growth lot.
T003829,E00252,5,Great experience overall.
T003829,E00297,4,Score yard money common personal hear reveal.
T003829,E00267,5,On time and courteous driver.
T003830,E00565,4,Someone send list project trade from outside choice realize gun.
T003830,E00561,4,"Driver was late, missed my shift start."
T003830,E00556,4,On time and courteous driver.
T003830,E00333,4,Real follow make ago write join accept.
T003830,E00688,4,"Smooth ride, no complaints."
T003830,E00258,3,Should natural thank concern up something ground.
T003830,E00142,3,Great experience overall.
T003830,E00337,3,Myself keep partner billion risk create sort.
T003831,E00710,4,"Smooth ride, no complaints."
T003831,E00003,5,Power feel wall improve professional sure material include put fly lawyer character mind.
T003832,E00536,4,Great experience overall.
T003832,E00693,5,Serve type but nearly government range money.
T003832,E00789,5,Various lose idea financial very go.
T003832,E00597,5,Great experience overall.
T003832,E00218,4,"Smooth ride, no complaints."
T003833,E00153,5,Section full book activity morning board.
T003833,E00542,5,Toward new quite inside organization sound employee matter bag deep most sign nature.
T003833,E00096,4,Great experience overall.
T003833,E00689,5,Heavy store skill fast several drug despite feel know everybody off.
T003834,E00702,4,"Driver was late, missed my shift start."
T003834,E00655,5,Cup look thus challenge soldier use involve throughout.
T003834,E00033,5,Boy understand general consider machine deal though material explain finish follow clearly.
T003835,E00176,3,Face floor plant education candidate indicate person ten political interview organization especially we.
T003835,E00260,3,Late with important administration mouth scientist first boy news keep fear with.
T003835,E00444,4,Home half pass population money model south media.
T003835,E00730,5,Great experience overall.
T003836,E00282,5,Raise get pressure gun bring both place movement where enough society over hope.
T003837,E00500,5,During north Congress look local low down policy bag develop ever.
T003839,E00134,5,Great experience overall.
T003839,E00466,5,Know himself spring size true bank nature none mind forward manage.
T003839,E00717,5,On time and courteous driver.
T003839,E00758,3,"Driver was late, missed my shift start."
T003840,E00364,5,Vehicle was in poor condition.
T003842,E00190,5,On time and courteous driver.
T003842,E00741,4,Route felt longer than usual today.
T003842,E00020,5,Great experience overall.
T003842,E00313,3,Vehicle was in poor condition.
T003842,E00298,5,Great experience overall.
T003843,E00362,4,"Smooth ride, no complaints."
T003843,E00056,4,"Smooth ride, no complaints."
T003844,E00359,5,Summer determine room sport American single truth food activity expert school just.
T003845,E00213,5,Great experience overall.
T003845,E00750,5,Great experience overall.
T003845,E00432,5,Focus hair allow role attack difference field continue impact teacher.
T003846,E00419,5,Billion care particular east third area without image door head social theory.
T003847,E00778,5,Partner line usually start provide after how specific mean room.
T003847,E00677,5,Organization trouble moment nice shake foot likely.
T003848,E00777,3,Chair reduce live couple system interesting answer use lay ok spend right test.
T003849,E00059,5,In notice price yet me for friend action these area.
T003850,E00330,4,Everyone hair another region over church particular win writer.
T003850,E00714,5,Rather admit kid discuss consider wear.
T003850,E00421,4,"Smooth ride, no complaints."
T003853,E00506,5,Vehicle was in poor condition.
T003856,E00319,5,Vehicle was in poor condition.
T003857,E00181,4,Green large citizen face down forward fight bad goal matter attack.
T003857,E00152,4,Floor once style whatever watch kind everyone point network respond opportunity.
T003857,E00295,4,Leave alone media may according forget firm customer nearly able cultural hot peace.
T003857,E00683,4,On time and courteous driver.
T003858,E00582,5,Vehicle was in poor condition.
T003858,E00709,5,Center miss that watch almost law recently agency bank couple animal paper.
T003858,E00768,4,"Smooth ride, no complaints."
T003858,E00422,5,Great experience overall.
T003858,E00726,5,Consider single movement fish natural need sit still consumer ten minute.
T003858,E00435,5,On time and courteous driver.
T003858,E00670,4,On time and courteous driver.
T003859,E00484,4,Great experience overall.
T003859,E00279,5,Vehicle was in poor condition.
T003860,E00027,5,Route felt longer than usual today.
T003861,E00277,5,Difference notice sport side born without rise color be list.
T003862,E00604,3,On time and courteous driver.
T003862,E00243,3,On time and courteous driver.
T003862,E00666,3,Drop that international court along whatever head democratic impact end TV daughter.
T003862,E00695,5,Vehicle was in poor condition.
T003864,E00788,4,Sing several up interest class movie international project animal human lose.
T003865,E00633,4,Nor large during trial so fact specific five seat police.
T003865,E00545,5,On time and courteous driver.
T003865,E00162,3,Loss probably government activity although foreign stay see prepare scene nature.
T003865,E00249,4,Great experience overall.
T003865,E00065,4,Vehicle was in poor condition.
T003865,E00285,4,"Driver was late, missed my shift start."
T003866,E00412,5,Physical treatment south more character garden.
T003867,E00208,5,Factor growth line chance money check wait administration experience have smile same.
T003868,E00428,5,On time and courteous driver.
T003870,E00102,4,"Driver was late, missed my shift start."
T003871,E00436,5,Oil bring her mission budget short state beat play.
T003871,E00772,5,"Driver was late, missed my shift start."
T003873,E00001,5,Route felt longer than usual today.
T003874,E00023,5,Route felt longer than usual today.
T003875,E00533,5,"Smooth ride, no complaints."
T003875,E00743,5,Great experience overall.
T003876,E00358,5,Him join discuss expect relate key pressure and among stop friend feeling we network.
T003877,E00044,5,Candidate local image through performance also practice.
T003877,E00182,5,Parent film drop join give receive time station watch.
T003878,E00439,4,Small hour none idea maintain that fight foot.
T003878,E00473,5,Trouble best although role dog ask shake father poor contain evening player.
T003878,E00256,5,Route felt longer than usual today.
T003878,E00600,5,Piece report husband easy parent side role employee deep trade report adult reduce.
T003878,E00063,4,Vehicle was in poor condition.
T003878,E00236,4,"Smooth ride, no complaints."
T003878,E00529,4,Great experience overall.
T003880,E00132,5,Test myself say many close first feeling reach heavy school anything often war.
T003880,E00570,5,Vehicle was in poor condition.
T003880,E00598,4,"Driver was late, missed my shift start."
T003880,E00004,5,Available station weight may break huge image mouth.
T003880,E00455,5,Great experience overall.
T003880,E00454,5,"Driver was late, missed my shift start."
T003880,E00782,5,"Smooth ride, no complaints."
T003881,E00106,5,On time and courteous driver.
T003881,E00395,5,Bill throw discover phone family owner quickly near half big education end impact.
T003881,E00108,5,"Driver was late, missed my shift start."
T003881,E00667,4,Hard discuss choice glass instead camera I.
T003881,E00012,5,Vehicle was in poor condition.
T003882,E00264,5,Laugh common term skill want once until social police walk major hair.
T003882,E00715,5,Art nor measure situation build tough present become front many usually already everyone.
T003883,E00528,5,Great experience overall.
T003884,E00535,5,Route felt longer than usual today.
T003885,E00554,4,Visit step enter traditional education because individual already enter she.
T003885,E00036,4,Great experience overall.
T003885,E00130,4,Continue end why radio matter plan outside social school experience.
T003886,E00192,5,"Smooth ride, no complaints."
T003886,E00317,5,Great experience overall.
T003887,E00262,5,On time and courteous driver.
T003887,E00586,4,Either process stuff sometimes boy despite room leg and organization.
T003887,E00552,5,On time and courteous driver.
T003887,E00729,5,Route felt longer than usual today.
T003889,E00645,5,Stock career owner specific space know order us save fine community little.
T003890,E00494,4,Able soon example put financial end several establish someone itself buy.
T003892,E00002,4,Course choice good history news century war rest story debate.
T003892,E00103,5,Great experience overall.
T003893,E00145,5,Voice tell growth authority across project event car whose.
T003894,E00414,5,"Driver was late, missed my shift start."
T003897,E00701,4,Great experience overall.
T003897,E00684,5,Significant term fund happy total me article toward positive moment.
T003897,E00118,4,On time and courteous driver.
T003897,E00275,4,Route felt longer than usual today.
T003897,E00030,4,On time and courteous driver.
T003898,E00646,5,Great experience overall.
T003899,E00434,4,Recent just likely character could fill realize contain.
T003899,E00502,5,Deep morning black situation charge like later during there by language return keep.
T003900,E00724,5,Think from media meet buy play fall his wide policy leader.
T003900,E00274,5,"Driver was late, missed my shift start."
T003901,E00164,5,Vehicle was in poor condition.
T003901,E00180,5,Vehicle was in poor condition.
T003901,E00592,5,On character offer environmental particular skin cut major PM.
T003901,E00719,5,Route felt longer than usual today.
T003903,E00293,4,Great experience overall.
T003904,E00682,5,Vehicle was in poor condition.
T003905,E00609,5,Route felt longer than usual today.
T003906,E00540,5,"Smooth ride, no complaints."
T003906,E00792,5,"Smooth ride, no complaints."
T003907,E00202,4,Church term road this important end spring white above rather discover power.
T003908,E00334,5,"Smooth ride, no complaints."
T003910,E00681,5,Great experience overall.
T003911,E00104,5,"Smooth ride, no complaints."
T003911,E00095,5,Great experience overall.
T003911,E00069,5,Great experience overall.
T003911,E00653,5,Route felt longer than usual today.
T003911,E00791,4,"Driver was late, missed my shift start."
T003911,E00373,5,"Driver was late, missed my shift start."
T003913,E00610,5,Position decide cost course however top represent deal blue late address.
T003913,E00255,5,Few trip never move country big five win walk.
T003913,E00559,5,Vehicle was in poor condition.
T003913,E00372,4,Mention black idea music activity economic career.
T003913,E00084,5,Route felt longer than usual today.
T003914,E00580,5,Than the develop more really trial.
T003914,E00649,4,On time and courteous driver.
T003916,E00417,5,Western author government simple property drive low training growth early.
T003916,E00021,5,Route felt longer than usual today.
T003916,E00523,4,Vehicle was in poor condition.
T003916,E00548,4,Team often be purpose simple activity inside.
T003916,E00041,5,On time and courteous driver.
T003917,E00314,5,Great experience overall.
T003919,E00424,5,Route felt longer than usual today.
T003920,E00296,5,Dog herself arrive however week improve writer company.
T003920,E00113,4,Route felt longer than usual today.
T003922,E00091,4,Financial weight need painting certain type front.
T003923,E00312,4,Vehicle was in poor condition.
T003924,E00790,5,Year chair when international political wall simply front western by art eye back.
T003924,E00734,5,"Driver was late, missed my shift start."
T003924,E00248,5,"Smooth ride, no complaints."
T003924,E00550,5,Such three market prepare house remember this ask nor partner politics contain.
T003924,E00711,4,"Smooth ride, no complaints."
T003925,E00040,4,Vehicle was in poor condition.
T003925,E00099,4,Great experience overall.
T003926,E00238,4,Most industry hear wonder Democrat need several news special usually box.
T003926,E00780,5,On time and courteous driver.
T003926,E00786,4,On time and courteous driver.
T003927,E00518,5,"Smooth ride, no complaints."
T003928,E00749,5,Kind difficult worry approach rather law.
T003933,E00129,5,Senior official crime act throw choice tree game so.
T003933,E00161,5,Great experience overall.
T003933,E00178,5,Computer someone lot plan world very manage message for president perhaps.
T003933,E00752,4,Route felt longer than usual today.
T003933,E00572,5,Great experience overall.
T003934,E00297,4,Great experience overall.
T003934,E00549,5,Successful pattern as collection direction bring form company other step common offer.
T003934,E00406,5,On time and courteous driver.
T003934,E00230,5,Route felt longer than usual today.
T003934,E00561,5,Who foreign also father provide put nearly week.
T003934,E00267,5,"Smooth ride, no complaints."
T003934,E00009,4,Majority third factor political media I find outside lawyer.
T003935,E00125,5,Vehicle was in poor condition.
T003935,E00273,4,On time and courteous driver.
T003936,E00022,4,"Smooth ride, no complaints."
T003936,E00596,5,On time and courteous driver.
T003936,E00716,4,Arm sport story off say especially.
T003936,E00680,5,"Driver was late, missed my shift start."
T003936,E00082,5,Great experience overall.
T003937,E00676,4,"Smooth ride, no complaints."
T003937,E00767,4,Describe in out model long go within power possible exactly truth.
T003937,E00265,3,On time and courteous driver.
T003937,E00542,4,During manage although themselves matter let all ok rule break smile believe.
T003937,E00037,5,"Driver was late, missed my shift start."
T003937,E00798,4,On time and courteous driver.
T003938,E00577,5,"Smooth ride, no complaints."
T003938,E00536,4,"Smooth ride, no complaints."
T003938,E00579,4,Route felt longer than usual today.
T003938,E00218,5,Vehicle was in poor condition.
T003938,E00732,5,Soldier she yard religious able cover.
T003939,E00465,4,"Smooth ride, no complaints."
T003939,E00126,5,Vehicle was in poor condition.
T003939,E00717,5,Body serious pull oil enough break bar if before.
T003940,E00557,5,On time and courteous driver.
T003941,E00124,5,Vehicle was in poor condition.
T003942,E00564,4,Quality writer truth force according very coach company will approach note back hold.
T003943,E00616,5,Candidate hit study dinner bring behind appear near choose.
T003944,E00131,4,"Smooth ride, no complaints."
T003944,E00014,5,"Smooth ride, no complaints."
T003945,E00463,5,On time and courteous driver.
T003945,E00644,5,Great experience overall.
T003945,E00213,4,Great experience overall.
T003946,E00348,4,"Driver was late, missed my shift start."
T003946,E00269,5,On time and courteous driver.
T003946,E00056,5,Account little reality building soldier far let.
T003947,E00493,5,Vehicle was in poor condition.
T003947,E00704,3,On time and courteous driver.
T003948,E00301,5,On time and courteous driver.
T003948,E00234,4,Animal several page PM gun never our report accept.
T003948,E00183,4,Including kid speak point church individual difficult our beautiful son.
T003948,E00143,5,Gun enough dream war change control up money serious.
T003950,E00687,4,Vehicle was in poor condition.
T003953,E00471,5,Yes approach increase score against far cold cover third key explain professor.
T003953,E00172,5,On time and courteous driver.
T003953,E00286,4,Analysis likely marriage court campaign many radio upon suggest manage society shoulder clear.
T003953,E00472,5,Firm let tree person travel under organization.
T003955,E00070,4,Husband rock technology better wife fish whatever.
T003956,E00215,4,"Driver was late, missed my shift start."
T003956,E00093,4,On time and courteous driver.
T003957,E00507,5,"Driver was late, missed my shift start."
T003958,E00777,4,At class enjoy church reduce may yes.
T003958,E00485,5,Route felt longer than usual today.
T003960,E00539,4,Whom keep avoid pull data avoid scientist time those.
T003960,E00187,3,Begin through a important others financial want pressure myself.
T003960,E00512,2,Great experience overall.
T003960,E00651,4,Great experience overall.
T003960,E00309,4,On time and courteous driver.
T003960,E00670,4,Route felt longer than usual today.
T003960,E00295,4,Science above effect throughout power some value idea trade left hit deal.
T003960,E00237,4,"Driver was late, missed my shift start."
T003960,E00112,3,Vehicle was in poor condition.
T003960,E00603,3,"Driver was late, missed my shift start."
T003961,E00181,5,Box public later mother tax professor.
T003961,E00094,4,"Smooth ride, no complaints."
T003961,E00152,5,Place practice lawyer ahead each fish onto group stuff employee air now.
T003961,E00435,5,Vehicle was in poor condition.
T003961,E00446,5,Route felt longer than usual today.
T003961,E00492,5,On time and courteous driver.
T003961,E00674,5,On time and courteous driver.
T003962,E00519,5,Fact candidate human arm thus join star chance fact but.
T003962,E00440,5,Vehicle was in poor condition.
T003962,E00217,5,Day several common whether religious success structure effect your.
T003963,E00447,5,"Smooth ride, no complaints."
T003963,E00136,5,There probably wall certain travel month camera weight artist international.
T003963,E00736,4,Call available bad turn energy area million we our.
T003963,E00027,4,Best reduce party draw try institution five ask send expert.
T003963,E00065,5,Foot seven do water sell establish society act almost.
T003964,E00545,4,Great experience overall.
T003964,E00229,5,Route felt longer than usual today.
T003965,E00430,4,"Driver was late, missed my shift start."
T003965,E00197,5,Vehicle was in poor condition.
T003966,E00243,4,Population explain benefit think live yourself president use politics fact.
T003967,E00058,3,Sea smile plan series activity many out range police movement office.
T003967,E00478,4,Route felt longer than usual today.
T003967,E00235,5,"Driver was late, missed my shift start."
T003968,E00537,4,Laugh heart born song money worker ever receive follow teach.
T003969,E00685,5,Great experience overall.
T003971,E00412,5,Police major study drive environment development worry stop task.
T003972,E00371,5,Eat service local behind interview sign choose week student baby speak reflect.
T003974,E00781,4,Any work somebody Democrat affect treatment break force huge occur.
T003974,E00214,5,Great experience overall.
T003975,E00426,4,Route felt longer than usual today.
T003976,E00743,5,Environmental adult per college again right price great out low now.
T003977,E00302,4,"Smooth ride, no complaints."
T003978,E00509,5,Route felt longer than usual today.
T003978,E00023,4,"Smooth ride, no complaints."
T003979,E00358,5,On time and courteous driver.
T003979,E00739,5,Great experience overall.
T003980,E00392,5,Attack environment role hospital measure however day these paper through explain international.
T003980,E00256,5,"Smooth ride, no complaints."
T003980,E00529,4,Bed get especially speech return two player.
T003980,E00538,5,Concern maintain position throughout ago with you seat approach maybe.
T003980,E00323,5,Become but whether start least old owner there.
T003980,E00242,5,Sing thing decide western control hope marriage.
T003982,E00531,5,Route felt longer than usual today.
T003982,E00081,4,Great experience overall.
T003982,E00106,5,Able real street mind general series investment interesting ready record.
T003982,E00455,5,Route felt longer than usual today.
T003982,E00567,5,"Driver was late, missed my shift start."
T003982,E00004,5,"Driver was late, missed my shift start."
T003983,E00671,5,Begin evidence company present manager century firm man record.
T003983,E00132,4,Conference six put finally character participant continue keep draw.
T003983,E00141,4,End hard meet assume remember explain garden within production you career where.
T003983,E00720,3,Difficult thank political trade tell offer grow summer range man.
T003984,E00327,5,"Smooth ride, no complaints."
T003985,E00043,4,Vehicle was in poor condition.
T003985,E00715,3,Song relationship difference far situation major least give chance minute phone institution race.
T003985,E00363,4,Camera chance dream billion process PM.
T003985,E00771,4,"Smooth ride, no complaints."
T003986,E00475,5,Pretty anything ahead foreign health share and than if.
T003986,E00109,5,Route felt longer than usual today.
T003987,E00036,5,"Smooth ride, no complaints."
T003987,E00073,5,On time and courteous driver.
T003987,E00729,4,Everything moment simply explain rule billion deep state call direction color almost machine.
T003988,E00554,5,"Driver was late, missed my shift start."
T003988,E00055,5,"Smooth ride, no complaints."
T003988,E00060,5,"Smooth ride, no complaints."
T003989,E00188,5,Great experience overall.
T003992,E00645,5,Model focus region source arrive should shake offer debate.
T003994,E00168,5,Eat activity money government there when day.
T003994,E00005,5,College different would interest watch network cell power middle pay special decide attack.
T003994,E00169,5,Great experience overall.
T003995,E00494,5,"Smooth ride, no complaints."
T003996,E00640,5,Great experience overall.
T003997,E00526,5,Person avoid last myself establish out next.
T003999,E00006,3,Music culture point world join science discuss but development.
T003999,E00224,5,"Smooth ride, no complaints."
T003999,E00799,5,Route felt longer than usual today.
T003999,E00118,5,Knowledge provide offer how fill hand final keep.
T004001,E00343,5,Think address fly discussion green practice medical candidate daughter enough rich project.
T004001,E00391,3,Agree new conference present discussion yeah around us role movement man option.
T004002,E00793,4,Shake which middle save despite audience he show beyond this southern dog sea.
T004002,E00200,4,Sign high indicate through article three recently defense town bed of.
T004003,E00719,4,Vehicle was in poor condition.
T004003,E00164,5,Responsibility recent your writer opportunity front.
T004004,E00620,3,On time and courteous driver.
T004004,E00624,4,On time and courteous driver.
T004005,E00293,5,Great experience overall.
T004006,E00575,5,"Smooth ride, no complaints."
T004009,E00353,5,Agent each day box couple rate discover manage.
T004011,E00390,5,Route felt longer than usual today.
T004012,E00384,5,On time and courteous driver.
T004013,E00069,3,On time and courteous driver.
T004013,E00774,4,Win across way magazine piece deep.
T004013,E00346,4,Best Mrs case anything address world he can live southern hospital.
T004013,E00355,3,Large realize camera it establish long challenge these TV.
T004013,E00373,3,Should war strong offer paper friend.
T004015,E00568,5,Great experience overall.
T004015,E00062,5,His trip kid player can sport worry trade.
T004016,E00418,3,On time and courteous driver.
T004016,E00092,4,Perform live spend wide age doctor.
T004016,E00735,3,On time and courteous driver.
T004017,E00679,5,Action without better page soon whose increase teacher visit section.
T004017,E00420,4,Route felt longer than usual today.
T004017,E00135,4,Route felt longer than usual today.
T004019,E00046,4,"Driver was late, missed my shift start."
T004019,E00270,4,Focus force region your season rest sister station language.
T004019,E00233,4,You almost fire area whatever gun be throw have.
T004021,E00558,5,Great experience overall.
T004022,E00210,5,Information something exactly nor company bring hour marriage firm save.
T004023,E00474,4,Route felt longer than usual today.
T004023,E00424,4,Along wonder author this ten bad their give pick.
T004024,E00179,4,"Smooth ride, no complaints."
T004025,E00375,4,Great experience overall.
T004027,E00504,3,"Driver was late, missed my shift start."
T004027,E00522,4,"Smooth ride, no complaints."
T004027,E00550,2,Hold long number successful situation even.
T004028,E00310,5,"Driver was late, missed my shift start."
T004029,E00657,3,Vehicle was in poor condition.
T004029,E00232,4,On time and courteous driver.
T004029,E00740,3,Route felt longer than usual today.
T004030,E00437,5,Grow mind accept any American family against require effort grow perhaps.
T004030,E00194,5,More decision rule movement key color image example time ok.
T004030,E00246,4,Teacher how care kitchen art whom morning.
T004031,E00209,4,"Driver was late, missed my shift start."
T004031,E00632,4,"Driver was late, missed my shift start."
T004032,E00318,5,Vehicle was in poor condition.
T004033,E00025,4,"Smooth ride, no complaints."
T004033,E00244,3,"Driver was late, missed my shift start."
T004034,E00284,5,Own school become medical color throughout society himself computer price art push.
T004035,E00398,5,"Smooth ride, no complaints."
T004035,E00291,5,"Driver was late, missed my shift start."
T004035,E00497,5,Not own final board vote keep study sure simply either.
T004035,E00409,5,Item ever we machine short return hold country show spring personal real throughout since.
T004035,E00783,5,"Driver was late, missed my shift start."
T004035,E00051,5,Great experience overall.
T004035,E00556,5,Red business learn line class film heart including.
T004035,E00253,5,"Smooth ride, no complaints."
T004035,E00688,5,Vehicle was in poor condition.
T004036,E00630,5,Turn everyone order executive seven poor parent service edge.
T004036,E00129,5,Base professor direction meet significant term task somebody tell.
T004036,E00773,5,Camera walk raise everything manage Republican stage church official security foot offer response entire.
T004036,E00710,5,"Driver was late, missed my shift start."
T004036,E00800,5,"Driver was late, missed my shift start."
T004036,E00779,5,Will travel offer figure threat off finally fund set.
T004036,E00077,4,On time and courteous driver.
T004036,E00267,5,Great experience overall.
T004037,E00795,4,"Driver was late, missed my shift start."
T004037,E00252,4,Great experience overall.
T004037,E00572,4,Vehicle was in poor condition.
T004038,E00456,4,Effort if think somebody choice see night successful me nice popular live.
T004038,E00759,4,Long program purpose local sort table like day most.
T004038,E00515,4,Eat task go none talk lawyer interest suggest occur fill.
T004038,E00607,5,"Smooth ride, no complaints."
T004038,E00080,4,Southern it reason hundred arm particular open over thus clear stuff.
T004039,E00087,5,Garden price particularly both itself often suddenly.
T004039,E00388,5,Most great sell language offer ago.
T004039,E00153,5,Suffer job skill someone safe present station indeed another field.
T004039,E00542,3,Size local loss station book alone source suffer life.
T004039,E00577,5,Care half weight adult beat happy.
T004039,E00579,5,Vehicle was in poor condition.
T004039,E00186,5,On time and courteous driver.
T004040,E00655,5,On time and courteous driver.
T004040,E00676,4,Great experience overall.
T004040,E00672,4,Vehicle was in poor condition.
T004040,E00798,5,"Smooth ride, no complaints."
T004041,E00510,5,Eight example policy six reality there fly speech car.
T004041,E00240,4,On time and courteous driver.
T004042,E00551,5,Year describe election trade value near ground run remember pressure.
T004042,E00154,4,"Smooth ride, no complaints."
T004042,E00465,5,Walk vote pull decision stock ready will about toward free.
T004042,E00500,5,Together weight sister rate civil up like month religious simple little occur public.
T004044,E00564,5,"Smooth ride, no complaints."
T004045,E00661,4,Marriage water new yard success tell save population interview idea doctor understand specific.
T004045,E00758,5,On time and courteous driver.
T004045,E00338,5,"Driver was late, missed my shift start."
T004047,E00432,4,All player sing itself themselves enough common toward outside statement write cultural.
T004048,E00741,5,Route felt longer than usual today.
T004048,E00097,5,Route felt longer than usual today.
T004049,E00203,4,Vehicle was in poor condition.
T004049,E00546,4,Vehicle was in poor condition.
T004049,E00750,5,Animal whether owner huge bill great long that level moment.
T004049,E00269,5,Everything blood year nor ask born cover.
T004050,E00644,5,Old against student likely community parent general between paper give party.
T004052,E00362,4,Vehicle was in poor condition.
T004053,E00421,5,"Driver was late, missed my shift start."
T004053,E00506,5,Artist person center apply prove again as democratic sure film say adult.
T004056,E00357,5,On time and courteous driver.
T004056,E00453,5,"Driver was late, missed my shift start."
T004057,E00128,5,"Driver was late, missed my shift start."
T004059,E00615,4,Great experience overall.
T004059,E00471,5,Great experience overall.
T004060,E00283,4,Water lose discuss story it team compare sister.
T004061,E00330,5,"Driver was late, missed my shift start."
T004062,E00266,5,"Smooth ride, no complaints."
T004064,E00674,5,Example need bed here officer good particularly brother population company suggest inside enjoy.
T004064,E00292,5,On time and courteous driver.
T004064,E00431,5,On time and courteous driver.
T004064,E00112,5,"Smooth ride, no complaints."
T004064,E00651,4,Attention blood choose left outside behind itself ground give.
T004065,E00279,5,President agree country discover sport see arrive.
T004065,E00094,5,Owner his it item often child off until still newspaper.
T004065,E00309,4,Return ground technology second young though morning feel.
T004065,E00625,5,Listen look fill near sing approach during staff room.
T004066,E00726,5,Vehicle was in poor condition.
T004066,E00670,5,"Smooth ride, no complaints."
T004067,E00513,5,Vehicle was in poor condition.
T004067,E00048,5,"Smooth ride, no complaints."
T004068,E00487,5,Route felt longer than usual today.
T004068,E00027,5,"Smooth ride, no complaints."
T004068,E00136,5,Route felt longer than usual today.
T004069,E00171,3,"Driver was late, missed my shift start."
T004069,E00713,4,On time and courteous driver.
T004069,E00433,4,On time and courteous driver.
T004070,E00483,5,"Driver was late, missed my shift start."
T004070,E00250,5,Little carry society yet offer sport husband group we form cup.
T004070,E00223,5,Route felt longer than usual today.
T004071,E00652,5,Kitchen paper everyone success plant push reflect early letter house next.
T004071,E00300,5,Several maintain those safe they money story team bad commercial money.
T004072,E00449,5,Kind media lose marriage Mrs try base far kitchen relate tax.
T004072,E00788,5,"Smooth ride, no complaints."
T004073,E00371,5,"Smooth ride, no complaints."
T004074,E00442,5,"Driver was late, missed my shift start."
T004074,E00445,5,"Smooth ride, no complaints."
T004074,E00184,5,Others term whatever herself consumer see beyond first.
T004075,E00781,5,Avoid message cell experience enough region account south.
T004075,E00311,3,"Driver was late, missed my shift start."
T004077,E00001,4,On time and courteous driver.
T004078,E00498,5,Attorney organization source economic read lead write conference hair more between per develop.
T004078,E00182,4,"Smooth ride, no complaints."
T004078,E00509,5,"Driver was late, missed my shift start."
T004080,E00739,5,Route felt longer than usual today.
T004080,E00450,5,Great experience overall.
T004081,E00045,5,Great experience overall.
T004082,E00354,5,Fish bad decide decade as bag think rest memory hard.
T004082,E00336,5,Vehicle was in poor condition.
T004083,E00441,4,Route felt longer than usual today.
T004085,E00473,5,On time and courteous driver.
T004085,E00733,4,Successful west before despite arm animal recently assume professional leave note.
T004085,E00256,5,"Driver was late, missed my shift start."
T004085,E00241,5,Route felt longer than usual today.
T004085,E00766,3,"Smooth ride, no complaints."
T004085,E00304,5,Vehicle was in poor condition.
T004087,E00454,5,Toward late increase agree matter do continue.
T004087,E00570,5,Great experience overall.
T004087,E00376,5,Relationship record young wish defense defense street.
T004087,E00012,5,On time and courteous driver.
T004088,E00755,5,Great experience overall.
T004088,E00278,4,"Driver was late, missed my shift start."
T004088,E00782,5,"Driver was late, missed my shift start."
T004088,E00081,5,Vehicle was in poor condition.
T004089,E00535,4,Specific probably base those accept produce want not including baby sometimes necessary.
T004089,E00109,5,Try city rise to administration a back modern.
T004089,E00621,5,Great experience overall.
T004090,E00715,5,"Driver was late, missed my shift start."
T004090,E00629,5,Route felt longer than usual today.
T004090,E00771,5,Establish realize international idea commercial practice talk wish establish game.
T004090,E00403,5,Great experience overall.
T004092,E00641,4,"Driver was late, missed my shift start."
T004092,E00402,5,Strong stock base stop represent all.
T004093,E00028,5,Whatever fund bar firm drug audience.
T004093,E00317,5,Route felt longer than usual today.
T004093,E00163,5,Vehicle was in poor condition.
T004093,E00139,5,Occur foreign whom thus TV phone around.
T004093,E00055,5,Loss over course thousand television someone wonder.
T004094,E00074,5,You parent individual suggest either maybe through heavy first glass study college.
T004094,E00320,5,Route felt longer than usual today.
T004094,E00060,5,Husband end arm opportunity enjoy second matter series sister.
T004094,E00195,5,Front election black million material material soldier feel newspaper small him hard.
T004094,E00729,5,"Driver was late, missed my shift start."
T004096,E00635,5,"Driver was late, missed my shift start."
T004096,E00770,5,Again away material size form treat among color man nature sure for another.
T004098,E00794,4,"Smooth ride, no complaints."
T004101,E00169,4,Safe before federal worker second person under she see.
T004102,E00145,5,Social affect much record summer ask standard dinner protect price woman think.
T004102,E00101,5,Member there water know fall effort in nor measure far them.
T004103,E00168,5,Knowledge him much keep action investment.
T004104,E00224,4,"Driver was late, missed my shift start."
T004104,E00165,5,On time and courteous driver.
T004104,E00015,4,Top detail growth line public difficult.
T004104,E00019,5,Vehicle was in poor condition.
T004105,E00692,4,Vehicle was in poor condition.
T004105,E00516,5,Hot say raise fine building learn base also someone it bag.
T004105,E00543,4,Vehicle was in poor condition.
T004106,E00164,3,"Driver was late, missed my shift start."
T004106,E00434,3,"Driver was late, missed my shift start."
T004106,E00290,4,Route felt longer than usual today.
T004107,E00724,5,Girl which report Mr accept tonight tree network condition exist happy.
T004108,E00648,5,Join morning into low sometimes item maintain read page city still.
T004108,E00306,5,Vehicle was in poor condition.
T004109,E00467,5,Vehicle was in poor condition.
T004109,E00200,5,Service federal ten else action play somebody book citizen weight seat performance movement.
T004111,E00072,5,"Driver was late, missed my shift start."
T004111,E00753,4,Great experience overall.
T004112,E00344,5,"Driver was late, missed my shift start."
T004114,E00490,5,Vehicle was in poor condition.
T004115,E00293,5,"Driver was late, missed my shift start."
T004116,E00416,5,Institution stock treatment exactly read time question bill.
T004116,E00334,5,Generation once environment expert let there.
T004117,E00634,5,Opportunity suggest writer much bed provide close sense something article democratic.
T004118,E00355,5,"Driver was late, missed my shift start."
T004118,E00095,5,"Driver was late, missed my shift start."
T004118,E00365,5,On time and courteous driver.
T004118,E00560,5,On time and courteous driver.
T004118,E00653,5,Sea teacher music chance make probably society.
T004118,E00034,5,"Driver was late, missed my shift start."
T004118,E00521,5,"Smooth ride, no complaints."
T004118,E00642,5,Vehicle was in poor condition.
T004118,E00379,4,Themselves collection another president responsibility leader difficult he front goal third.
T004120,E00062,3,Vehicle was in poor condition.
T004120,E00351,4,Fish hot together send itself including work.
T004120,E00084,4,Great experience overall.
T004121,E00219,5,Then why must however them cover task approach sister during technology.
T004121,E00735,5,"Smooth ride, no complaints."
T004122,E00026,5,Major unit speak peace concern their growth source yes trial hit environmental.
T004122,E00201,4,Route felt longer than usual today.
T004122,E00092,4,Route felt longer than usual today.
T004123,E00307,5,On time and courteous driver.
T004123,E00650,3,On time and courteous driver.
T004123,E00083,4,Great experience overall.
T004126,E00394,4,Route felt longer than usual today.
T004126,E00091,4,Keep song leg daughter when power next treat stage movie customer threat throughout.
T004127,E00029,5,Vehicle was in poor condition.
T004127,E00612,4,"Smooth ride, no complaints."
T004128,E00458,4,Word policy join follow fall expert.
T004130,E00288,5,Surface sense so discuss agree accept issue different speech.
T004131,E00461,4,"Smooth ride, no complaints."
T004131,E00711,4,Ability move recent weight market although every television raise like perhaps.
T004131,E00310,4,"Driver was late, missed my shift start."
T004131,E00332,5,Expect level particular anything store fire.
T004131,E00663,5,Route felt longer than usual today.
T004133,E00437,4,"Smooth ride, no complaints."
T004133,E00341,4,Route felt longer than usual today.
T004134,E00518,4,Route felt longer than usual today.
T004135,E00232,5,Route felt longer than usual today.
T004136,E00686,4,Start around like call pressure officer civil lay enjoy box could rate should.
T004136,E00244,5,Route felt longer than usual today.
T004137,E00209,4,"Driver was late, missed my shift start."
T004137,E00025,4,Vehicle was in poor condition.
T004138,E00760,5,Route felt longer than usual today.
T004139,E00578,4,"Smooth ride, no complaints."
T004139,E00690,5,"Smooth ride, no complaints."
T004140,E00003,4,Route felt longer than usual today.
T004140,E00016,4,Great experience overall.
T004140,E00688,5,Tv somebody today brother perhaps until foreign make federal decide.
T004141,E00161,2,On time and courteous driver.
T004141,E00178,3,Meet a executive machine agency civil clearly for able clearly fire contain.
T004141,E00762,3,Really while guess floor have argue country church life begin.
T004141,E00191,3,Great experience overall.
T004141,E00273,3,Need listen set simple add guess decade tend second build most.
T004142,E00561,4,Because agency security start big against require station manage.
T004142,E00142,4,Great experience overall.
T004142,E00267,5,Great experience overall.
T004143,E00607,4,Great experience overall.
T004143,E00676,4,Understand within same health former oil trial defense soon child imagine person six him.
T004143,E00702,4,Throw on large memory study data note character hard surface owner heart anything.
T004143,E00672,5,Vehicle was in poor condition.
T004143,E00536,5,Cup specific keep chance stop summer data day suddenly past carry.
T004143,E00482,5,Movement sport nothing throw hope expert couple father whose glass.
T004143,E00080,5,Base fill school fire why window evidence weight.
T004144,E00388,5,Set happy senior on yeah trouble high discussion president without move pay often.
T004144,E00448,4,Vehicle was in poor condition.
T004144,E00680,5,Vehicle was in poor condition.
T004144,E00759,4,Sit dream purpose another cup example special decision spend reality modern.
T004145,E00022,5,Billion now about certain agree risk probably many else.
T004145,E00096,5,Route felt longer than usual today.
T004145,E00731,4,Sing early strong true up investment.
T004146,E00024,5,Great experience overall.
T004146,E00758,5,Level speech present home scene less live media industry.
T004147,E00134,5,Dark me ground wife magazine morning successful simple wish chair couple.
T004147,E00140,5,Nor ahead participant year my far.
T004148,E00500,4,Anyone reach gun model two catch about medical personal somebody stop increase.
T004148,E00364,3,"Driver was late, missed my shift start."
T004148,E00282,5,"Driver was late, missed my shift start."
T004149,E00443,4,Identify month world community power attention interest water.
T004149,E00382,4,Great experience overall.
T004149,E00173,4,Route felt longer than usual today.
T004150,E00616,5,Action her this human society race model themselves city onto.
T004150,E00438,5,Risk clear commercial public help me age national avoid.
T004151,E00699,5,"Driver was late, missed my shift start."
T004152,E00143,5,On time and courteous driver.
T004153,E00744,5,Others church experience program participant lead page across but newspaper most.
T004153,E00032,5,Great experience overall.
T004153,E00313,5,Great experience overall.
T004153,E00407,5,Route felt longer than usual today.
T004154,E00298,4,Next above national sure those election traditional worry necessary.
T004154,E00203,5,Want sometimes even want east effort.
T004155,E00797,5,Route felt longer than usual today.
T004156,E00190,5,Route felt longer than usual today.
T004156,E00546,4,Much truth leader save career art beyond audience yet reach.
T004156,E00111,4,"Smooth ride, no complaints."
T004156,E00056,5,On time and courteous driver.
T004157,E00128,5,Great experience overall.
T004157,E00615,4,"Driver was late, missed my shift start."
T004157,E00059,3,Reflect security increase argue two paper official play field policy most.
T004158,E00369,5,Great experience overall.
T004159,E00486,5,Vehicle was in poor condition.
T004160,E00471,5,Great experience overall.
T004160,E00415,4,Route felt longer than usual today.
T004161,E00507,5,Across reflect knowledge common wish simply relationship subject keep camera same themselves month.
T004161,E00517,5,Expert time four west main wear.
T004162,E00357,5,Dog safe customer back stand win budget.
T004163,E00266,4,Protect hold case lose own whole edge cultural book wish city difficult.
T004163,E00718,4,Goal tell local itself allow final.
T004164,E00010,5,"Smooth ride, no complaints."
T004164,E00215,4,Tv key ever trip education add.
T004167,E00070,5,"Smooth ride, no complaints."
T004167,E00421,5,Forward large image history bring pass magazine.
T004168,E00181,4,Successful garden by total professional feel enjoy no instead lawyer.
T004168,E00295,5,Vehicle was in poor condition.
T004168,E00389,4,"Smooth ride, no complaints."
T004168,E00512,5,Condition parent yes class work information pattern analysis program between writer employee direction.
T004168,E00217,5,Just under do imagine Mr despite door career.
T004168,E00152,5,Great experience overall.
T004168,E00626,5,Strong project paper hope choice positive education power.
T004169,E00484,5,Cost include issue beautiful dinner husband market political appear trial customer.
T004169,E00651,5,Relationship strategy often improve loss phone about.
T004169,E00618,5,All role chance into technology talk PM already son away painting.
T004169,E00446,5,Note tax according others involve green.
T004169,E00603,4,"Smooth ride, no complaints."
T004169,E00435,5,On time and courteous driver.
T004169,E00627,5,Their final wall very eat area listen million environmental hundred pressure than road.
T004169,E00112,5,Source above position Congress research future push number.
T004169,E00707,4,Rather station argue similar cup board yeah health similar hundred though.
T004170,E00539,5,"Smooth ride, no complaints."
T004170,E00670,5,Vehicle was in poor condition.
T004170,E00728,5,On time and courteous driver.
T004170,E00094,5,"Smooth ride, no complaints."
T004171,E00229,2,Vehicle was in poor condition.
T004171,E00449,3,"Smooth ride, no complaints."
T004172,E00171,5,See arrive mother property seem assume.
T004173,E00464,5,Sport behavior protect education police group wear.
T004173,E00133,5,"Smooth ride, no complaints."
T004173,E00300,4,"Smooth ride, no complaints."
T004174,E00223,5,Especially challenge learn inside smile early story position several including cell.
T004174,E00478,5,Purpose trip article floor court material make sure bag you address.
T004174,E00764,4,Hear of good response word west Mr material grow police night type.
T004175,E00049,4,Use cost employee attorney general follow while who scene subject clearly direction south.
T004175,E00027,5,Human walk rock after probably phone you.
T004175,E00065,5,"Driver was late, missed my shift start."
T004177,E00303,3,Great experience overall.
T004177,E00023,2,Where leader evidence poor expert direction response certainly reduce generation lead investment try.
T004179,E00001,5,On time and courteous driver.
T004179,E00385,4,Really rule there approach young together wall can player share rest trial.
T004181,E00428,4,Route felt longer than usual today.
T004182,E00354,5,"Driver was late, missed my shift start."
T004182,E00442,5,Change test school member product fast none act late today probably avoid.
T004183,E00311,5,"Smooth ride, no complaints."
T004185,E00208,5,Route felt longer than usual today.
T004189,E00063,5,Others kind factor worker party close.
T004189,E00489,4,Route felt longer than usual today.
T004189,E00538,5,Great experience overall.
T004189,E00256,4,"Driver was late, missed my shift start."
T004190,E00377,3,Easy here employee building me interest media whether like simple whose term conference.
T004191,E00602,5,Great experience overall.
T004191,E00694,4,Option ability poor light of become short stop sea direction question go.
T004191,E00720,5,Go bring challenge side expert try every respond level agree.
T004191,E00671,5,Increase present author safe opportunity particular.
T004191,E00395,4,Draw usually music situation trouble tax people score decide.
T004191,E00455,4,Choose clear PM some consumer final charge.
T004191,E00667,5,Route felt longer than usual today.
T004191,E00598,4,Route felt longer than usual today.
T004191,E00012,5,Bad eight should window measure design less will appear around talk know.
T004191,E00393,4,Route felt longer than usual today.
T004191,E00567,4,On time and courteous driver.
T004191,E00141,5,He population after I candidate protect control identify use research them theory dark.
T004192,E00132,5,Vehicle was in poor condition.
T004192,E00047,4,Friend check when many moment effort make loss perform social summer.
T004193,E00495,5,Kid under material professional clear wife course open itself.
T004193,E00322,5,Home south specific feel everyone blue quickly only.
T004193,E00528,4,"Driver was late, missed my shift start."
T004194,E00413,4,Word trial laugh responsibility notice month hundred chair.
T004194,E00715,5,Adult information truth bit owner officer coach up land song story yes whatever.
T004194,E00771,5,On time and courteous driver.
T004195,E00475,3,Route felt longer than usual today.
T004195,E00703,3,Poor same cover daughter wish land wait direction society defense.
T004196,E00074,4,"Smooth ride, no complaints."
T004196,E00139,4,Stage forget him as story see teacher here piece.
T004196,E00586,5,Great experience overall.
T004197,E00257,4,Vehicle was in poor condition.
T004199,E00729,5,"Driver was late, missed my shift start."
T004201,E00326,5,"Driver was late, missed my shift start."
T004201,E00606,5,Both after after analysis material interest production.
T004202,E00526,4,"Driver was late, missed my shift start."
T004202,E00145,4,"Smooth ride, no complaints."
T004204,E00617,5,Ground staff miss trip than less shoulder go PM walk dinner today apply.
T004204,E00770,4,Cover pass able too thought strong him our color news plant.
T004205,E00645,5,On time and courteous driver.
T004205,E00119,5,Remember understand marriage push soldier simple condition treat.
T004206,E00794,5,Vehicle was in poor condition.
T004207,E00054,5,Little create baby think clear employee soldier much care prevent know land cover.
T004207,E00387,4,Vehicle was in poor condition.
T004207,E00118,5,Financial prepare economy participant speak son order.
T004207,E00516,5,"Smooth ride, no complaints."
T004207,E00799,5,"Driver was late, missed my shift start."
T004207,E00165,5,Heart establish why offer win several his plan protect need according offer usually.
T004208,E00692,5,Short land professor such late type program.
T004209,E00592,4,Month accept know fly body must glass position budget air course.
T004209,E00200,3,Its candidate affect great black everyone score increase week baby impact I.
T004209,E00776,5,Rather someone why result area establish evening ability ball would hot.
T004209,E00386,5,Garden her fight have such suffer study house second think.
T004210,E00290,3,Onto live wind base around able mind.
T004210,E00151,5,Again sell risk drop approach situation through international reflect bring reflect PM tell.
T004210,E00434,5,Route felt longer than usual today.
T004211,E00658,5,Route felt longer than usual today.
T004211,E00274,4,"Driver was late, missed my shift start."
T004211,E00590,5,Study week free sure today detail structure.
T004211,E00343,5,"Driver was late, missed my shift start."
T004213,E00575,5,Route felt longer than usual today.
T004214,E00609,5,Great experience overall.
T004214,E00078,4,"Smooth ride, no complaints."
T004215,E00705,4,"Smooth ride, no complaints."
T004216,E00057,5,Great experience overall.
T004216,E00144,4,Focus simply them close others week.
T004217,E00050,5,Great experience overall.
T004218,E00470,5,Audience through individual official artist offer power born test look teach anything.
T004218,E00042,4,Route felt longer than usual today.
T004219,E00682,5,Business page detail suggest least forward around brother least style policy.
T004221,E00355,5,Kitchen issue dark organization without include allow us hold any leave pattern.
T004221,E00034,4,Route felt longer than usual today.
T004221,E00696,3,Television change television memory adult prove.
T004221,E00095,4,On time and courteous driver.
T004221,E00373,4,Must financial light support much trade check sing lay perform worry scientist.
T004223,E00123,5,Great experience overall.
T004223,E00084,5,Rather you language effect maybe voice doctor their war now key tonight.
T004224,E00418,5,Maintain four write administration speech create seven wait his.
T004225,E00201,4,Route felt longer than usual today.
T004225,E00008,4,On time and courteous driver.
T004226,E00523,5,Great experience overall.
T004226,E00307,4,Great experience overall.
T004227,E00342,5,Risk because structure high share miss at.
T004228,E00085,5,On time and courteous driver.
T004229,E00296,5,Route felt longer than usual today.
T004229,E00458,5,Movie trade consumer family strategy final.
T004229,E00474,5,On time and courteous driver.
T004231,E00113,5,Politics strategy specific budget drive bag society argue everything policy professional site produce.
T004232,E00514,4,Great experience overall.
T004232,E00558,4,Trade impact dog work beat development think stop artist blood.
T004233,E00356,4,Great experience overall.
T004235,E00734,4,"Driver was late, missed my shift start."
T004235,E00332,4,"Smooth ride, no complaints."
T004235,E00248,4,Vehicle was in poor condition.
T004235,E00765,5,Route felt longer than usual today.
T004235,E00522,4,"Smooth ride, no complaints."
T004235,E00712,4,Remember high oil age every key.
T004235,E00550,3,Great experience overall.
T004236,E00040,5,On time and courteous driver.
T004237,E00232,5,On time and courteous driver.
T004237,E00749,5,Fight safe example energy show radio.
T004238,E00740,5,"Driver was late, missed my shift start."
T004238,E00341,5,"Smooth ride, no complaints."
T004240,E00690,5,Route felt longer than usual today.
T004240,E00114,5,"Driver was late, missed my shift start."
T004241,E00686,5,Assume better set pattern traditional manager north behavior tend personal authority within.
T004243,E00561,5,"Driver was late, missed my shift start."
T004243,E00018,5,"Driver was late, missed my shift start."
T004243,E00660,5,Its success others again may year whatever anyone.
T004243,E00051,5,Step mission throughout strategy final ball to interview reveal benefit local.
T004243,E00630,5,Route felt longer than usual today.
T004243,E00129,5,Route felt longer than usual today.
T004243,E00549,5,On time and courteous driver.
T004243,E00230,5,Great experience overall.
T004244,E00710,4,On time and courteous driver.
T004244,E00086,5,Range structure everything wife important tend anyone why garden million without.
T004244,E00762,5,Vehicle was in poor condition.
T004244,E00297,5,"Driver was late, missed my shift start."
T004244,E00077,5,Great experience overall.
T004244,E00497,5,Child your activity perhaps look Republican operation reduce reduce computer your almost arrive.
T004244,E00009,5,Route felt longer than usual today.
T004245,E00572,5,Half second mind including language operation participant.
T004245,E00800,5,Vehicle was in poor condition.
T004245,E00178,4,On time and courteous driver.
T004246,E00536,4,On time and courteous driver.
T004246,E00524,5,On time and courteous driver.
T004246,E00655,5,"Driver was late, missed my shift start."
T004246,E00087,5,Significant rather particularly plant life enough where particular.
T004246,E00577,5,Route felt longer than usual today.
T004246,E00597,4,Whole get media deep yet away occur bar carry technology idea defense usually.
T004247,E00702,4,On time and courteous driver.
T004247,E00542,5,On time and courteous driver.
T004247,E00315,5,Work kitchen sell recently list mother officer.
T004247,E00022,5,Institution common pay sea scientist enough really eight.
T004247,E00037,5,Route felt longer than usual today.
T004247,E00456,5,Before mission above building possible fund if everybody.
T004248,E00272,2,"Driver was late, missed my shift start."
T004248,E00153,3,Great experience overall.
T004248,E00607,3,Public have wind decision nation throw work.
T004249,E00134,3,Vehicle was in poor condition.
T004249,E00137,3,Church various like add serve particular drug leg today.
T004250,E00564,5,Great experience overall.
T004250,E00024,5,"Smooth ride, no complaints."
T004250,E00140,5,Route felt longer than usual today.
T004251,E00444,5,On time and courteous driver.
T004251,E00706,5,Change wonder detail everything economy certain school notice something lot.
T004251,E00465,5,Great experience overall.
T004251,E00769,5,"Driver was late, missed my shift start."
T004252,E00678,5,On time and courteous driver.
T004252,E00510,4,On time and courteous driver.
T004252,E00438,5,On time and courteous driver.
T004252,E00581,4,"Driver was late, missed my shift start."
T004253,E00240,5,"Smooth ride, no complaints."
T004254,E00750,4,Route felt longer than usual today.
T004255,E00269,5,"Smooth ride, no complaints."
T004255,E00203,5,Though for join necessary make though health activity remember task for for model.
T004255,E00503,5,Great experience overall.
T004255,E00056,5,On time and courteous driver.
T004256,E00665,4,On time and courteous driver.
T004256,E00744,4,"Smooth ride, no complaints."
T004256,E00020,5,Site color throughout among teach must mind cost same.
T004256,E00463,4,"Smooth ride, no complaints."
T004257,E00313,5,Key conference country run later she theory church policy than weight rich.
T004257,E00359,5,Affect art goal card put individual sense view professor will.
T004257,E00160,5,Health after base cup career wait section write Democrat feeling believe.
T004257,E00299,4,Great experience overall.
T004258,E00741,5,"Driver was late, missed my shift start."
T004258,E00419,5,Vehicle was in poor condition.
T004258,E00704,4,On time and courteous driver.
T004258,E00131,5,"Smooth ride, no complaints."
T004261,E00415,5,Visit kitchen understand serious surface nation recent instead save.
T004261,E00215,4,Door keep operation Mr account all speak.
T004262,E00283,4,"Smooth ride, no complaints."
T004263,E00128,4,Easy contain various nearly you something relate pressure since worker.
T004263,E00687,5,Hospital still laugh security suddenly service main service establish explain box phone unit.
T004264,E00485,5,Great experience overall.
T004264,E00615,5,Vote check must theory day exactly impact.
T004264,E00105,5,Put son capital not safe business military language next.
T004265,E00286,4,Great experience overall.
T004265,E00211,5,Vehicle was in poor condition.
T004267,E00714,5,"Driver was late, missed my shift start."
T004268,E00007,4,Great experience overall.
T004268,E00506,4,On time and courteous driver.
T004270,E00508,5,And rock now something dark out future already his support.
T004270,E00627,5,Route felt longer than usual today.
T004270,E00519,5,Vehicle was in poor condition.
T004270,E00670,4,Million charge cell high window might room address.
T004270,E00295,5,Machine health manager sometimes seek early prepare plant.
T004270,E00499,5,Heavy four well sense tree firm alone ok party available.
T004271,E00726,4,Five natural national old soldier ability whom nature.
T004271,E00292,4,Service million himself all attention this about between other company where region.
T004271,E00431,4,Each win memory medical free next.
T004271,E00707,4,Great experience overall.
T004272,E00076,4,Experience site evening soon maintain single subject community teach research manager many.
T004273,E00235,5,Great experience overall.
T004273,E00285,5,Defense next well simply authority onto range mean song do throughout.
T004273,E00410,5,Vehicle was in poor condition.
T004273,E00666,5,Vehicle was in poor condition.
T004274,E00277,5,Another option light why forget side mention skin computer.
T004274,E00664,5,"Driver was late, missed my shift start."
T004275,E00511,5,Business service allow specific summer line leg out require realize direction but who.
T004275,E00713,4,People key hold describe capital defense card majority box skill.
T004275,E00537,5,"Smooth ride, no complaints."
T004275,E00513,5,Final reflect than management fire name.
T004276,E00481,5,Route felt longer than usual today.
T004276,E00171,5,Their mouth particularly coach increase agency energy.
T004277,E00249,4,Vehicle was in poor condition.
T004277,E00196,5,Vehicle was in poor condition.
T004277,E00250,4,Route felt longer than usual today.
T004278,E00584,5,On time and courteous driver.
T004278,E00736,5,Vehicle was in poor condition.
T004281,E00385,4,Route felt longer than usual today.
T004281,E00303,5,General tend cold how network note act general best amount.
T004282,E00184,5,Vehicle was in poor condition.
T004282,E00698,4,Least probably Congress food different test.
T004283,E00745,4,Choose myself adult democratic large allow air not.
T004284,E00436,4,On time and courteous driver.
T004286,E00023,4,"Driver was late, missed my shift start."
T004286,E00685,4,Route felt longer than usual today.
T004288,E00336,4,"Smooth ride, no complaints."
T004289,E00214,5,Route felt longer than usual today.
T004289,E00498,5,Thought before others above tend sense hold hold tend door idea very manager.
T004290,E00354,4,Church plan executive any require what according save to ready thought go.
T004291,E00473,5,Whether gun born I could car wind along successful.
T004291,E00439,5,Evening voice magazine along thus program special way beyond determine by option kitchen.
T004291,E00392,4,Ten various strong still change wish.
T004291,E00600,5,On time and courteous driver.
T004291,E00122,5,Vehicle was in poor condition.
T004291,E00323,5,Finally point cut note quite increase draw nor develop himself produce military.
T004291,E00236,4,Route felt longer than usual today.
T004293,E00012,4,"Driver was late, missed my shift start."
T004293,E00570,5,On time and courteous driver.
T004293,E00081,4,Lose customer painting onto them affect activity somebody fear hot.
T004293,E00455,5,Vehicle was in poor condition.
T004294,E00454,3,Maintain analysis require issue drop building hospital accept store adult.
T004294,E00667,3,Great experience overall.
T004294,E00602,5,"Driver was late, missed my shift start."
T004294,E00567,4,Eight plan world test guess respond risk week home sea poor around maybe.
T004294,E00531,3,"Driver was late, missed my shift start."
T004295,E00475,4,Again degree able heart girl outside natural page image administration order surface she.
T004295,E00408,5,Route felt longer than usual today.
T004295,E00403,5,Lead gas try sea understand hope.
T004296,E00281,5,List great again husband those positive product purpose traditional physical exist.
T004296,E00528,4,Safe purpose generation Mrs sea PM story police.
T004296,E00327,5,"Driver was late, missed my shift start."
T004296,E00771,5,Act thousand either wide new main threat stock.
T004297,E00535,4,Situation fund expect heavy far education size reveal represent second.
T004297,E00324,5,"Smooth ride, no complaints."
T004297,E00629,4,Rather old just far design tell guy.
T004298,E00036,4,Great experience overall.
T004298,E00055,5,Route felt longer than usual today.
T004298,E00163,4,Great experience overall.
T004298,E00147,5,Vehicle was in poor condition.
T004299,E00784,5,Vehicle was in poor condition.
T004299,E00643,5,"Driver was late, missed my shift start."
T004300,E00073,4,"Smooth ride, no complaints."
T004300,E00553,5,On time and courteous driver.
T004302,E00757,5,Great whatever which anyone physical today woman rest glass like.
T004304,E00339,4,Route felt longer than usual today.
T004305,E00617,5,Interesting true career last catch effect include behavior west particular.
T004307,E00169,5,Vehicle was in poor condition.
T004307,E00231,5,Great experience overall.
T004308,E00606,4,"Smooth ride, no complaints."
T004308,E00414,5,"Driver was late, missed my shift start."
T004310,E00387,4,"Driver was late, missed my shift start."
T004310,E00158,4,Minute city food population bring report professor kind character cup accept fast man.
T004310,E00543,4,"Driver was late, missed my shift start."
T004310,E00746,4,"Smooth ride, no complaints."
T004310,E00646,5,"Driver was late, missed my shift start."
T004310,E00019,5,Vehicle was in poor condition.
T004310,E00799,5,Actually community college follow trouble produce bag effort behavior instead yes.
T004311,E00054,5,Great experience overall.
T004311,E00692,5,Route felt longer than usual today.
T004312,E00719,5,"Driver was late, missed my shift start."
T004312,E00462,3,On time and courteous driver.
T004313,E00121,5,Agreement office federal attorney have quickly benefit easy within pass go near.
T004313,E00576,5,Great experience overall.
T004313,E00620,5,On time and courteous driver.
T004313,E00386,4,Clearly box could daughter sense particularly image piece billion set where threat myself.
T004314,E00180,3,Interest produce government weight carry article subject him hit result student yourself heavy.
T004314,E00391,5,Never green college together never TV around quite possible your wall.
T004315,E00290,5,Some stock of north green third thing often color.
T004316,E00705,4,On time and courteous driver.
T004317,E00334,4,Build certain general friend strategy economy more teach focus four action.
T004318,E00144,4,Voice pull right seven front north Mr who.
T004318,E00427,4,Social more single control task speak sign think sure fund address item despite.
T004320,E00072,5,"Smooth ride, no complaints."
T004322,E00293,5,Vehicle was in poor condition.
T004323,E00061,5,Safe must speech dinner top face.
T004324,E00228,5,Scene PM less I central read assume.
T004324,E00574,5,On time and courteous driver.
T004324,E00379,5,Great experience overall.
T004326,E00062,3,Same foreign suddenly thing official alone government.
T004326,E00251,4,Fall treat fill view everyone sure opportunity write break finally member sometimes.
T004326,E00351,4,"Smooth ride, no complaints."
T004326,E00559,4,"Driver was late, missed my shift start."
T004326,E00156,3,Debate poor early sign understand fish song including interesting fire trip person.
T004326,E00610,4,"Smooth ride, no complaints."
T004326,E00796,4,Route felt longer than usual today.
T004327,E00221,5,Great experience overall.
T004328,E00239,5,Help say dinner respond despite white way major amount put play bad project.
T004329,E00046,5,"Smooth ride, no complaints."
T004330,E00041,4,For if fly south body view.
T004330,E00350,5,Vehicle was in poor condition.
T004330,E00650,5,Rate final again large million task.
T004331,E00417,5,We sister know specific natural political security.
T004332,E00458,5,Route felt longer than usual today.
T004334,E00424,5,"Driver was late, missed my shift start."
T004335,E00748,5,"Driver was late, missed my shift start."
T004336,E00558,5,Usually special physical on likely account.
T004337,E00099,5,Vehicle was in poor condition.
T004337,E00601,4,Control down see kid rock Democrat economic and design.
T004337,E00763,5,Route felt longer than usual today.
T004337,E00550,5,Vehicle was in poor condition.
T004337,E00504,4,Great experience overall.
T004338,E00734,3,Moment enjoy expert could teacher loss.
T004339,E00116,4,Source see central buy board your leave.
T004339,E00341,5,On time and courteous driver.
T004339,E00246,4,Vehicle was in poor condition.
T004340,E00740,5,Agent day leave loss social director gas building.
T004340,E00238,4,On time and courteous driver.
T004340,E00518,5,"Smooth ride, no complaints."
T004343,E00632,5,Vehicle was in poor condition.
T004343,E00686,5,Great experience overall.
T004343,E00331,4,Use soldier individual figure total wrong ask best how move.
T004345,E00230,4,"Driver was late, missed my shift start."
T004345,E00660,4,Great experience overall.
T004345,E00003,4,On time and courteous driver.
T004345,E00561,4,"Driver was late, missed my shift start."
T004345,E00497,3,Vehicle was in poor condition.
T004346,E00191,5,Computer I list risk add test mission page difference create buy natural hand.
T004346,E00556,5,Vehicle was in poor condition.
T004346,E00549,5,Great experience overall.
T004346,E00086,5,Route felt longer than usual today.
T004346,E00762,4,On time and courteous driver.
T004346,E00253,5,"Smooth ride, no complaints."
T004348,E00082,4,"Smooth ride, no complaints."
T004348,E00536,5,Save three identify top act morning another question want today meet per.
T004348,E00033,5,Great experience overall.
T004349,E00577,5,Example way southern continue money color assume.
T004349,E00789,5,Energy help until specific leader shake its cut.
T004349,E00596,4,Nor ready might couple treat several operation cut season.
T004351,E00738,5,Vehicle was in poor condition.
T004351,E00751,5,Figure according director simply politics skin.
T004351,E00443,4,On time and courteous driver.
T004352,E00532,5,Everyone born ball experience include oil rise culture.
T004352,E00675,4,Never believe there understand little capital recognize player special sit billion.
T004353,E00465,4,Hair together process control read movement.
T004354,E00382,5,"Smooth ride, no complaints."
T004355,E00717,4,Usually because however as anything draw.
T004355,E00140,4,Great experience overall.
T004355,E00438,4,Vehicle was in poor condition.
T004356,E00564,4,Route felt longer than usual today.
T004357,E00493,5,Financial trial list minute idea choice manage our add civil tree rate.
T004357,E00541,5,Meeting about reason easy because lose avoid most protect know plant own.
T004358,E00131,5,Forget plant development series around news choice whether contain large western benefit.
T004358,E00546,5,Vehicle was in poor condition.
T004358,E00301,5,On time and courteous driver.
T004359,E00750,4,"Smooth ride, no complaints."
T004359,E00407,4,Route felt longer than usual today.
T004360,E00014,3,On time and courteous driver.
T004360,E00213,4,Occur economic first still instead might chance watch simply amount cold.
T004360,E00313,3,On time and courteous driver.
T004360,E00097,4,Sport increase teacher beat it threat story sit city.
T004360,E00190,4,Stage home need ask office history.
T004360,E00644,4,"Driver was late, missed my shift start."
T004360,E00247,5,Vehicle was in poor condition.
T004361,E00340,4,Yet everybody worker support no yet.
T004361,E00160,5,Vehicle was in poor condition.
T004363,E00421,3,Route felt longer than usual today.
T004364,E00010,5,Route felt longer than usual today.
T004364,E00507,5,Far black worker tell also no serious campaign nature.
T004365,E00485,3,Great experience overall.
T004365,E00486,5,Mean idea degree large position news reflect look determine.
T004366,E00215,4,Something learn imagine region wind could then.
T004368,E00369,5,"Driver was late, missed my shift start."
T004369,E00283,5,Vehicle was in poor condition.
T004369,E00677,5,Political relationship imagine notice old interview significant factor recently order.
T004370,E00615,5,Popular when indeed use during east scientist strategy indicate.
T004371,E00330,5,Town medical government garden laugh research threat.
T004371,E00357,4,None read everybody fund do available win up message recently.
T004372,E00415,5,Factor must not coach serve though help example environmental food consumer.
T004374,E00670,5,Market artist building look military pay smile onto national author.
T004374,E00499,4,Service rich while just in shake operation able street meet standard.
T004374,E00484,5,Route felt longer than usual today.
T004374,E00618,4,Fight make bed church particularly state.
T004375,E00429,5,"Smooth ride, no complaints."
T004375,E00187,4,Mention heart five build model since.
T004375,E00709,5,Vehicle was in poor condition.
T004375,E00422,5,"Driver was late, missed my shift start."
T004376,E00152,4,Pass order truth able many rise maybe.
T004377,E00449,5,On time and courteous driver.
T004378,E00736,5,So question dog performance allow put some onto consider top at wait health.
T004378,E00250,5,"Driver was late, missed my shift start."
T004378,E00604,4,Route felt longer than usual today.
T004379,E00478,4,Half little miss defense chance author action trade many security.
T004379,E00171,5,"Smooth ride, no complaints."
T004380,E00175,5,"Smooth ride, no complaints."
T004380,E00447,5,Route felt longer than usual today.
T004380,E00633,4,On time and courteous driver.
T004380,E00513,4,"Smooth ride, no complaints."
T004381,E00721,5,Route felt longer than usual today.
T004381,E00133,5,Route felt longer than usual today.
T004382,E00652,5,Six hour the front fire decision.
T004383,E00385,5,Several study break occur according agreement it here bring these sound technology process create.
T004385,E00739,3,Key image source clearly factor hear over.
T004385,E00380,3,Great experience overall.
T004386,E00400,5,Before be defense service to stage term window foreign forward society enjoy size.
T004386,E00509,5,News environmental yourself individual head dog modern church picture part.
T004389,E00685,5,Weight open help anyone region talk rise rate message serious military already blue.
T004389,E00405,4,Cover wonder visit money employee black.
T004389,E00450,5,Building nor drop late argue clearly pressure throw decade against.
T004391,E00428,5,Route felt longer than usual today.
T004392,E00311,4,Family want audience clear social ever sure food story.
T004392,E00358,5,"Driver was late, missed my shift start."
T004393,E00772,5,Particularly air American control husband sit system news capital economic high decide industry.
T004393,E00182,4,"Driver was late, missed my shift start."
T004395,E00063,5,Tell window kind available race board skin expect door magazine low.
T004395,E00451,5,Vehicle was in poor condition.
T004395,E00323,4,Great experience overall.
T004395,E00600,5,You paper source prevent popular sea rest car that him.
T004395,E00117,5,Life operation likely foreign later word speak air.
T004395,E00241,4,Route felt longer than usual today.
T004397,E00452,5,Great experience overall.
T004397,E00376,5,On time and courteous driver.
T004397,E00278,5,Great experience overall.
T004397,E00106,4,Figure enough agency clear relate third everyone fear nice say catch subject land.
T004397,E00531,4,"Smooth ride, no complaints."
T004398,E00496,4,Route felt longer than usual today.
T004398,E00598,5,Everything building push hit especially national interview media wrong hospital the mind look.
T004398,E00782,5,"Driver was late, missed my shift start."
T004399,E00727,5,Discussion tree would father much dream once second tonight experience apply.
T004399,E00475,5,Great experience overall.
T004399,E00535,5,So employee everything leader laugh gun evening risk lose.
T004400,E00785,4,As own education still clear little toward lead woman the early.
T004400,E00281,5,Use high account large collection next think.
T004400,E00495,5,"Smooth ride, no complaints."
T004400,E00621,4,Great experience overall.
T004400,E00413,3,Fire model our ready put affect present head.
T004401,E00198,4,"Smooth ride, no complaints."
T004402,E00729,5,Great experience overall.
T004402,E00586,4,"Driver was late, missed my shift start."
T004402,E00195,5,Lose a rest group blood office public democratic sort physical world hour.
T004402,E00402,5,Study us yourself long sign significant special sport begin word sing.
T004403,E00028,5,Route felt longer than usual today.
T004403,E00147,5,"Smooth ride, no complaints."
T004404,E00192,3,Million consider image keep she month.
T004404,E00060,5,Identify discussion difficult no debate move.
T004404,E00257,5,Vehicle was in poor condition.
T004405,E00055,5,Great experience overall.
T004407,E00231,5,Action cup season improve field standard middle field particular.
T004407,E00110,5,However speak everybody main air fine hour especially western eat either.
T004408,E00103,5,Power expert car present herself answer must all baby computer most economic effort.
T004408,E00757,5,Clear across age purpose clear affect early history ago plan human international.
T004409,E00002,5,Out although bag college despite become town card feel wear throughout.
T004410,E00013,5,Route felt longer than usual today.
T004414,E00692,5,Vehicle was in poor condition.
T004414,E00684,5,Until PM force ready receive certainly institution.
T004414,E00015,4,Route felt longer than usual today.
T004416,E00200,5,On time and courteous driver.
T004416,E00793,5,"Smooth ride, no complaints."
T004417,E00502,4,Wish behavior specific lose sport rock success sea culture drop dream.
T004418,E00566,5,"Driver was late, missed my shift start."
T004419,E00386,5,Great experience overall.
T004419,E00290,5,Job success financial choice behavior environment someone language white base.
T004419,E00227,5,Vehicle was in poor condition.
T004420,E00681,5,This subject trial side apply increase assume degree.
T004421,E00792,4,Route felt longer than usual today.
T004422,E00384,5,Film player visit yard thousand property point happy cell eight yourself hard.
T004423,E00427,5,Great experience overall.
T004424,E00416,3,Example security camera probably article set must scene in push.
T004424,E00144,5,"Driver was late, missed my shift start."
T004425,E00120,4,Route felt longer than usual today.
T004425,E00682,4,Employee push away own state message common worry together boy feel.
T004426,E00540,5,On time and courteous driver.
T004427,E00595,5,Still word fund spring energy conference picture who.
T004428,E00653,5,By world property institution security able really memory structure easy whatever.
T004428,E00226,4,"Driver was late, missed my shift start."
T004428,E00069,4,"Smooth ride, no complaints."
T004428,E00614,4,Route felt longer than usual today.
T004428,E00560,5,Vehicle was in poor condition.
T004428,E00654,4,Route felt longer than usual today.
T004428,E00696,4,Exist represent somebody suggest each share simple leg event because thank fish.
T004429,E00774,5,Route felt longer than usual today.
T004430,E00167,4,"Driver was late, missed my shift start."
T004430,E00628,5,On time and courteous driver.
T004430,E00559,5,"Driver was late, missed my shift start."
T004431,E00735,5,Recognize movie why prove appear generation value shoulder individual goal.
T004431,E00201,5,Route felt longer than usual today.
T004431,E00092,5,"Smooth ride, no complaints."
T004432,E00316,5,Arrive pattern product popular board person site.
T004432,E00135,4,Side lawyer police choose draw ability budget movement her direction.
T004433,E00289,5,On time and courteous driver.
T004433,E00417,4,On time and courteous driver.
T004433,E00314,5,Great experience overall.
T004433,E00021,4,Site even street campaign administration fly pull article wrong sister rule decision offer.
T004434,E00350,4,What nice drug they garden country.
T004434,E00085,5,"Smooth ride, no complaints."
T004434,E00360,5,Great experience overall.
T004434,E00041,4,Support dream even room plan watch.
T004435,E00035,4,City home agent former hair remember religious vote right him challenge measure parent.
T004435,E00083,5,Great experience overall.
T004436,E00210,5,On time and courteous driver.
T004437,E00424,4,"Driver was late, missed my shift start."
T004437,E00356,4,"Driver was late, missed my shift start."
T004438,E00107,5,On time and courteous driver.
T004438,E00071,5,His generation under national detail worker director drug oil eye.
T004439,E00375,5,Ahead radio bag much meet seven.
T004440,E00179,5,Vehicle was in poor condition.
T004440,E00113,5,On time and courteous driver.
T004441,E00461,5,"Smooth ride, no complaints."
T004441,E00734,5,"Smooth ride, no complaints."
T004441,E00148,4,Vehicle was in poor condition.
T004441,E00374,4,Great experience overall.
T004441,E00310,5,Great experience overall.
T004441,E00248,5,Route felt longer than usual today.
T004442,E00522,4,Great experience overall.
T004443,E00656,5,Key TV size more talk quickly not lot rise store drug knowledge cup.
T004443,E00383,4,Great experience overall.
T004443,E00207,4,Night none sport piece open short.
T004444,E00246,4,"Smooth ride, no complaints."
T004444,E00157,5,Vehicle was in poor condition.
T004444,E00786,4,Factor sense play rule strategy send game information protect quickly help life.
T004446,E00760,5,Treatment language vote southern medical ground later foreign.
T004447,E00578,4,Need all car magazine though production camera edge soldier one another leg explain.
T004448,E00331,5,Route felt longer than usual today.
T004450,E00409,4,Route felt longer than usual today.
T004450,E00800,5,"Smooth ride, no complaints."
T004450,E00178,4,Again human employee mouth lose manager pass among fear some station single actually.
T004450,E00273,4,Route felt longer than usual today.
T004451,E00199,4,Great experience overall.
T004451,E00556,5,Dog big low training present see a attack around cultural huge travel.
T004451,E00647,4,Race power same peace picture until throw bar police word indeed inside low.
T004451,E00230,3,Major of get kitchen inside career.
T004451,E00161,5,Myself blood range time seem activity.
T004451,E00016,5,On time and courteous driver.
T004452,E00086,4,Away hit player modern condition form.
T004453,E00082,5,Various arrive western far southern himself help receive decision also help sort chance.
T004453,E00542,4,Great experience overall.
T004453,E00798,4,Vehicle was in poor condition.
T004453,E00759,5,"Driver was late, missed my shift start."
T004453,E00676,5,Vehicle was in poor condition.
T004454,E00579,3,"Driver was late, missed my shift start."
T004454,E00577,3,"Smooth ride, no complaints."
T004454,E00218,3,"Smooth ride, no complaints."
T004454,E00716,3,"Driver was late, missed my shift start."
T004455,E00732,5,On time and courteous driver.
T004455,E00767,5,Benefit make defense surface feel student edge exactly break.
T004455,E00789,5,"Smooth ride, no complaints."
T004456,E00551,4,"Driver was late, missed my shift start."
T004456,E00443,5,Vehicle was in poor condition.
T004457,E00124,5,"Smooth ride, no complaints."
T004457,E00510,4,On time and courteous driver.
T004459,E00557,5,Answer hour involve where down traditional more those clearly eight.
T004459,E00661,4,Vehicle was in poor condition.
T004461,E00673,5,Brother art claim part mean either per want mouth another bit believe.
T004461,E00301,5,Same should even point question science.
T004461,E00032,5,Picture lawyer half or though south different pick that floor open road.
T004462,E00213,4,Vehicle was in poor condition.
T004462,E00493,5,Route felt longer than usual today.
T004463,E00419,3,Vehicle was in poor condition.
T004463,E00348,4,Should use with street again on peace peace stuff.
T004464,E00097,5,Score walk more music table fire describe amount.
T004464,E00222,5,Eye style cover theory agent partner.
T004465,E00665,5,"Smooth ride, no complaints."
T004465,E00020,5,Company skin support able child well light front land dark remember pattern.
T004465,E00797,4,Great experience overall.
T004465,E00750,5,"Driver was late, missed my shift start."
T004466,E00778,5,Smile become interesting more game bit take cell worry.
T004467,E00477,4,Apply successful give clearly listen when word what.
T004468,E00423,5,Tend name trade situation security election value successful PM.
T004469,E00425,4,Movement reality require thing bad coach.
T004470,E00319,4,Maybe few reduce discuss huge five stock less low behavior.
T004471,E00777,3,Vehicle was in poor condition.
T004472,E00506,5,Knowledge reduce might a most believe worker.
T004472,E00415,5,Great experience overall.
T004472,E00507,5,"Driver was late, missed my shift start."
T004473,E00615,4,"Smooth ride, no complaints."
T004473,E00010,5,Yourself too wind tree campaign free usually low stock later authority.
T004474,E00215,4,"Smooth ride, no complaints."
T004474,E00583,5,Great experience overall.
T004474,E00573,5,"Smooth ride, no complaints."
T004475,E00485,4,Share very move moment item information scene film fact though glass.
T004477,E00237,4,Route felt longer than usual today.
T004477,E00399,4,Route felt longer than usual today.
T004477,E00787,4,Route felt longer than usual today.
T004478,E00669,4,Great experience overall.
T004478,E00389,5,Style into notice course level with garden fish know here on now reason.
T004478,E00626,4,Great experience overall.
T004478,E00076,3,Specific determine stop hear hold too alone rise wind practice prevent science.
T004478,E00429,4,Vehicle was in poor condition.
T004479,E00217,5,On time and courteous driver.
T004479,E00150,5,Vehicle was in poor condition.
T004479,E00435,4,Between put admit past Republican whom.
T004479,E00603,5,Route felt longer than usual today.
T004480,E00133,3,"Driver was late, missed my shift start."
T004480,E00604,5,Vehicle was in poor condition.
T004480,E00171,5,Somebody specific go yet best particular here property scene cell around.
T004481,E00027,4,Vehicle was in poor condition.
T004481,E00695,5,Maintain man front opportunity away before police politics with.
T004481,E00410,5,On time and courteous driver.
T004481,E00065,5,Route felt longer than usual today.
T004481,E00637,5,Rather pick discover source measure fact hour under write staff.
T004482,E00513,4,Its natural shake beautiful rest role.
T004482,E00220,4,Great experience overall.
T004482,E00584,5,Approach stock training ago us movement goal base miss enjoy customer.
T004484,E00788,4,Daughter economic itself article you mission kitchen pick serious TV expect certain top.
T004484,E00162,4,On time and courteous driver.
T004484,E00136,4,Vehicle was in poor condition.
T004485,E00048,5,Behind interesting hold behind Mr seat drop pay experience.
T004485,E00049,5,Candidate policy cause month role mission agency rest point.
T004486,E00354,4,Summer bit public nice operation news give moment child cause live day bill.
T004486,E00044,4,"Driver was late, missed my shift start."
T004486,E00739,4,Front benefit prove week night let work development.
T004487,E00436,4,Eight bit kind term edge turn.
T004487,E00426,5,Great experience overall.
T004488,E00311,4,"Driver was late, missed my shift start."
T004488,E00102,5,"Smooth ride, no complaints."
T004489,E00001,5,Great experience overall.
T004490,E00700,4,On time and courteous driver.
T004492,E00587,2,"Smooth ride, no complaints."
T004492,E00547,2,On time and courteous driver.
T004493,E00303,4,"Driver was late, missed my shift start."
T004493,E00450,5,"Driver was late, missed my shift start."
T004494,E00698,5,"Smooth ride, no complaints."
T004495,E00045,5,Great experience overall.
T004497,E00241,3,Interesting resource sure can husband particularly might former several include concern.
T004497,E00439,4,Have leave easy reach century network foreign politics ahead phone force personal.
T004497,E00117,3,On time and courteous driver.
T004497,E00691,4,South keep raise remember western machine information movement military boy.
T004497,E00242,4,Project budget lay another movie dog glass experience computer true sit turn.
T004497,E00352,3,Camera step sound must budget their professional they southern finally.
T004497,E00538,2,Interest stop find blood energy billion she pretty allow between purpose leg.
T004499,E00376,4,Route felt longer than usual today.
T004499,E00012,5,Nothing produce thought picture stock media present wait.
T004499,E00149,5,Mind example work report purpose care little career kind majority.
T004499,E00455,5,On time and courteous driver.
T004499,E00598,5,Route felt longer than usual today.
T004499,E00755,5,Trip history maybe full still own strategy.
T004500,E00720,2,"Smooth ride, no complaints."
T004500,E00278,5,Race example maintain travel education treatment ability.
T004500,E00602,5,Agreement soon there Mrs safe coach play television.
T004500,E00454,4,Vehicle was in poor condition.
T004501,E00737,5,Stock painting shake for see allow reason each inside.
T004501,E00322,5,Great experience overall.
T004502,E00629,4,Great experience overall.
T004502,E00324,4,"Driver was late, missed my shift start."
T004502,E00403,4,"Driver was late, missed my shift start."
T004502,E00127,3,Camera indeed five laugh can add collection nearly his information.
T004502,E00264,4,Analysis actually account often agent than television shoulder memory according easy.
T004503,E00621,5,Forward crime Mrs national however model.
T004503,E00327,5,Picture skill pretty phone anything sense course lawyer article teach artist shake.
T004504,E00073,4,"Smooth ride, no complaints."
T004504,E00262,5,Scene vote day remain level war hot both especially give within attack official.
T004504,E00608,4,Great experience overall.
T004505,E00641,4,Arrive able single thus lawyer care production story reason final start choice next.
T004505,E00729,4,On time and courteous driver.
T004505,E00784,4,Forward shoulder down on region hospital nice side.
T004505,E00074,5,"Smooth ride, no complaints."
T004506,E00163,3,Vehicle was in poor condition.
T004506,E00320,3,"Driver was late, missed my shift start."
T004506,E00146,4,"Smooth ride, no complaints."
T004509,E00002,5,Maintain pretty past go because participant side second vote growth support mean.
T004511,E00617,4,Great experience overall.
T004512,E00168,3,"Smooth ride, no complaints."
T004512,E00263,2,Route felt longer than usual today.
T004513,E00005,5,Vehicle was in poor condition.
T004514,E00145,5,Suddenly chance middle determine hundred democratic middle participant thought bank outside.
T004515,E00746,5,Route felt longer than usual today.
T004515,E00138,5,Fly travel major debate recently change important even one protect.
T004515,E00054,4,Vehicle was in poor condition.
T004515,E00646,3,"Smooth ride, no complaints."
T004515,E00692,4,Vehicle was in poor condition.
T004515,E00599,3,"Smooth ride, no complaints."
T004516,E00158,5,"Smooth ride, no complaints."
T004517,E00708,5,"Driver was late, missed my shift start."
T004517,E00174,5,Vehicle was in poor condition.
T004517,E00306,5,Wonder themselves teach various fear investment.
T004518,E00343,5,Foreign probably present cost other trouble past room benefit foreign enjoy must special.
T004518,E00180,4,"Driver was late, missed my shift start."
T004518,E00268,5,Weight when list class evidence situation feeling school establish either success office company.
T004518,E00724,3,On time and courteous driver.
T004519,E00566,5,"Smooth ride, no complaints."
T004519,E00200,4,Need sister wife get music against those prevent.
T004519,E00592,5,Stock newspaper product green soon ball.
T004520,E00151,5,On time and courteous driver.
T004521,E00072,5,"Smooth ride, no complaints."
T004522,E00490,3,On time and courteous driver.
T004522,E00575,5,Expect decision several professor focus focus chair traditional can gas standard recently.
T004523,E00401,3,Their instead agency reach environmental stand rock ability fund president.
T004523,E00705,3,On time and courteous driver.
T004524,E00540,4,Vehicle was in poor condition.
T004526,E00384,5,Campaign decision tax event cost per wonder.
T004526,E00334,4,"Driver was late, missed my shift start."
T004526,E00050,5,On time and courteous driver.
T004527,E00595,5,On time and courteous driver.
T004527,E00144,5,"Smooth ride, no complaints."
T004528,E00061,4,"Smooth ride, no complaints."
T004528,E00204,3,Six question above win general occur always to large.
T004528,E00416,4,Great experience overall.
T004529,E00104,5,Final especially interesting perform growth which ready.
T004529,E00642,5,Great experience overall.
T004530,E00574,4,"Driver was late, missed my shift start."
T004531,E00156,5,Vehicle was in poor condition.
T004531,E00167,5,Study mouth machine leader drug today approach rather.
T004531,E00628,5,Great experience overall.
T004531,E00559,5,On time and courteous driver.
T004531,E00084,5,Four car Mr ahead peace teach purpose already.
T004531,E00372,5,Great experience overall.
T004532,E00594,4,"Driver was late, missed my shift start."
T004532,E00420,5,"Driver was late, missed my shift start."
T004533,E00008,5,"Driver was late, missed my shift start."
T004533,E00580,5,Route felt longer than usual today.
T004533,E00649,4,Vehicle was in poor condition.
T004533,E00135,5,Economic political film show ball add enough simple animal child crime.
T004533,E00418,5,Sit nor then lead Democrat since item new present cost.
T004534,E00289,5,"Smooth ride, no complaints."
T004534,E00046,5,Support her whatever growth ground catch meeting newspaper wait theory growth right.
T004534,E00041,5,Several environment whose local cold husband themselves member born and approach.
T004535,E00342,5,Route felt longer than usual today.
T004535,E00321,5,Vehicle was in poor condition.
T004536,E00775,5,"Driver was late, missed my shift start."
T004536,E00083,4,Good if enter summer draw know meeting carry enter phone.
T004537,E00296,5,On time and courteous driver.
T004538,E00312,5,Experience lawyer expert brother recognize head forget seat deep cultural American owner.
T004539,E00113,4,On time and courteous driver.
T004539,E00179,4,On time and courteous driver.
T004540,E00558,4,"Driver was late, missed my shift start."
T004542,E00763,5,Great experience overall.
T004542,E00040,4,Possible table mission opportunity possible cup population talk hair pattern.
T004542,E00461,5,Nor clear offer voice professor east use charge baby property.
T004543,E00374,5,"Driver was late, missed my shift start."
T004544,E00194,4,"Smooth ride, no complaints."
T004544,E00588,5,Suggest three responsibility ball accept blue really kid six family stand.
T004544,E00341,5,"Smooth ride, no complaints."
T004545,E00780,4,Great experience overall.
T004546,E00397,4,Appear enough perhaps able or forward choice between election range.
T004546,E00760,4,On time and courteous driver.
T004548,E00280,4,On time and courteous driver.
T004548,E00284,4,Show like your day player simply hospital way mouth defense measure bank place.
T004549,E00578,4,Red money lose least film road model.
T004550,E00779,5,Music country smile increase fish rise.
T004550,E00199,5,Student save policy agree fly professional care information have recent majority.
T004550,E00018,5,Cause physical son sell few from.
T004550,E00009,5,"Smooth ride, no complaints."
T004551,E00291,5,Mrs why kind of hear that behind color middle dinner.
T004551,E00630,5,"Smooth ride, no complaints."
T004551,E00333,4,Vehicle was in poor condition.
T004551,E00077,4,Vehicle was in poor condition.
T004551,E00051,5,Million late decide sit reason drop ok film commercial door season energy.
T004552,E00660,3,Response cut specific realize argue see eye five matter true she year specific.
T004552,E00710,2,"Driver was late, missed my shift start."
T004552,E00556,4,Great experience overall.
T004553,E00731,5,Establish debate bill situation others method in card red child between.
T004553,E00597,5,On time and courteous driver.
T004553,E00732,4,Plant whatever can season and herself sit table hold.
T004553,E00096,5,Great experience overall.
T004553,E00335,5,Event debate quite able power whom section wife decade.
T004553,E00087,5,"Smooth ride, no complaints."
T004553,E00022,4,"Smooth ride, no complaints."
T004553,E00272,5,Vehicle was in poor condition.
T004553,E00536,5,Vehicle was in poor condition.
T004554,E00052,5,Huge available idea conference source professional manager specific former behind.
T004554,E00689,5,"Driver was late, missed my shift start."
T004554,E00759,5,Especially policy road water take believe candidate.
T004554,E00676,5,Protect type hand enjoy season probably movie college.
T004554,E00631,4,Vehicle was in poor condition.
T004554,E00767,4,Great experience overall.
T004555,E00186,5,On time and courteous driver.
T004556,E00024,3,Plant seem state yard free pretty.
T004556,E00364,5,Theory either through until usually sort to.
T004557,E00581,5,Shake thus which year party above.
T004559,E00751,4,Pretty tree career hair play cultural appear man sell industry.
T004559,E00616,4,Vehicle was in poor condition.
T004560,E00011,4,Despite hand group dream have never moment child.
T004560,E00465,5,Third partner sing father so oil amount them respond.
T004560,E00510,5,Represent decade tell dark modern leave wind wide image home official eye.
T004561,E00382,5,Vehicle was in poor condition.
T004562,E00362,5,Edge this have bill southern administration include stuff get.
T004562,E00020,4,"Driver was late, missed my shift start."
T004563,E00234,5,Route felt longer than usual today.
T004563,E00432,5,Vehicle was in poor condition.
T004563,E00644,5,Middle she plant section population follow value test market smile.
T004564,E00097,5,Clearly college consider edge adult human real.
T004564,E00190,4,Great experience overall.
T004564,E00407,5,On time and courteous driver.
T004564,E00797,5,"Smooth ride, no complaints."
T004565,E00299,5,"Driver was late, missed my shift start."
T004565,E00673,5,On time and courteous driver.
T004565,E00744,3,Route felt longer than usual today.
T004565,E00160,5,Route felt longer than usual today.
T004566,E00213,5,Bit also involve nor study beyond summer high drug option seven someone before.
T004566,E00056,5,On time and courteous driver.
T004569,E00472,5,Word chair any student natural board staff describe network.
T004569,E00421,5,On time and courteous driver.
T004570,E00211,4,Especially respond capital explain form carry end.
T004570,E00128,5,Choose expert against discuss capital reflect address benefit can money page name public.
T004572,E00714,5,On time and courteous driver.
T004574,E00357,5,Vehicle was in poor condition.
T004575,E00007,4,Vehicle was in poor condition.
T004575,E00573,5,Production four political structure note research do discover class.
T004577,E00319,5,"Driver was late, missed my shift start."
T004578,E00707,5,On time and courteous driver.
T004578,E00618,5,"Smooth ride, no complaints."
T004578,E00181,5,On time and courteous driver.
T004578,E00683,4,Great experience overall.
T004578,E00076,5,"Smooth ride, no complaints."
T004578,E00582,5,Great experience overall.
T004578,E00237,5,Win bring wait young contain exactly say mind impact major.
T004579,E00627,5,Route felt longer than usual today.
T004579,E00187,5,"Smooth ride, no complaints."
T004579,E00152,4,Experience tonight Mr whom team than learn value democratic attorney.
T004579,E00279,4,About country politics always approach early upon heavy can.
T004579,E00544,5,Great experience overall.
T004580,E00446,4,Travel return free like right instead majority usually.
T004581,E00483,5,Investment onto factor speech protect occur remain ten.
T004581,E00713,5,On time and courteous driver.
T004582,E00250,4,Name scientist reality create maybe ask it order.
T004582,E00220,5,Control civil morning development miss skill culture voice.
T004583,E00136,4,"Smooth ride, no complaints."
T004583,E00235,3,Computer clear full yes his magazine agree ok relate try.
T004583,E00345,3,There reach your federal commercial full.
T004584,E00666,5,Route felt longer than usual today.
T004584,E00277,4,Vehicle was in poor condition.
T004584,E00604,5,Control would edge hard kind ago program population.
T004584,E00285,5,"Driver was late, missed my shift start."
T004585,E00736,4,"Driver was late, missed my shift start."
T004585,E00197,4,"Driver was late, missed my shift start."
T004586,E00633,5,Offer dinner themselves popular alone increase choose whole.
T004586,E00764,5,Cultural west everything good culture garden standard road.
T004587,E00311,5,Debate mission meet wall half person rule southern.
T004587,E00405,5,Great experience overall.
T004587,E00442,4,On time and courteous driver.
T004589,E00354,4,Against drug allow police environmental no guess generation meeting yard generation training can.
T004590,E00445,4,Scientist race add lot nice them audience job.
T004590,E00045,5,Great experience overall.
T004590,E00436,4,Great experience overall.
T004591,E00412,5,Vehicle was in poor condition.
T004593,E00302,2,Me fear race expect rest send collection people especially.
T004593,E00208,4,Science west herself guy new side number professor cause.
T004594,E00102,5,Second four candidate raise sort play.
T004595,E00205,5,Throughout billion book property throughout them great improve president.
T004596,E00428,5,Great experience overall.
T004596,E00533,5,On time and courteous driver.
T004598,E00122,5,Route felt longer than usual today.
T004598,E00473,4,Central process knowledge to medical skill.
T004598,E00691,5,Great experience overall.
T004598,E00439,4,Still wear school nothing few along customer start color eye she service without.
T004598,E00600,5,Great experience overall.
T004598,E00489,5,"Smooth ride, no complaints."
T004600,E00455,5,Age floor sure run cell impact attack.
T004600,E00278,5,Route felt longer than usual today.
T004600,E00567,5,Vehicle was in poor condition.
T004601,E00598,4,Fear around program thus short strategy long generation.
T004601,E00671,5,Vehicle was in poor condition.
T004601,E00720,5,Couple build participant friend successful in easy travel people.
T004602,E00629,3,Great experience overall.
T004602,E00198,4,Drive whose back would clear guy scene side every know.
T004602,E00363,4,Near article just personal high example media physical than already work.
T004603,E00528,4,Least bag always attorney already career.
T004604,E00109,4,"Driver was late, missed my shift start."
T004604,E00621,5,Route felt longer than usual today.
T004604,E00475,5,Model across hot policy wall bit school lot respond.
T004605,E00562,5,"Driver was late, missed my shift start."
T004605,E00784,4,Agent eight attorney area why rich.
T004605,E00554,5,College court author style fall now yourself exist over administration whatever.
T004605,E00028,5,"Smooth ride, no complaints."
T004606,E00320,4,On time and courteous driver.
T004606,E00552,5,Route felt longer than usual today.
T004608,E00195,5,Argue enter candidate arrive always suggest rate deal ahead.
T004608,E00060,5,Have act because road message near although indeed side know.
T004609,E00110,5,"Smooth ride, no complaints."
T004609,E00119,5,Great experience overall.
T004611,E00640,3,On time and courteous driver.
T004612,E00168,5,Positive environment enter direction visit forward again go entire capital.
T004612,E00479,5,Listen rate assume sing music boy who business bad remember company.
T004614,E00005,5,Suffer eight seem pattern enjoy along bit tax white action effort recently.
T004615,E00794,5,Great experience overall.
T004617,E00019,5,Route felt longer than usual today.
T004617,E00158,5,Cost fish democratic support along customer to cost according certain safe nation.
T004617,E00799,4,Vehicle was in poor condition.
T004617,E00054,5,Fly right computer unit nature join social science investment.
T004617,E00118,5,Route felt longer than usual today.
T004617,E00017,5,Route felt longer than usual today.
T004619,E00200,5,Route felt longer than usual today.
T004619,E00434,5,"Driver was late, missed my shift start."
T004619,E00793,5,"Smooth ride, no complaints."
T004619,E00620,5,Campaign she discover doctor although public two old pressure offer site strategy opportunity.
T004620,E00776,5,Want relate especially arrive specific particularly measure.
T004620,E00170,4,Great experience overall.
T004620,E00151,4,"Driver was late, missed my shift start."
T004620,E00719,4,Strong technology later religious yes onto product suddenly.
T004621,E00566,5,"Driver was late, missed my shift start."
T004621,E00274,5,On time and courteous driver.
T004622,E00306,5,"Smooth ride, no complaints."
T004622,E00391,5,On time and courteous driver.
T004623,E00204,4,"Driver was late, missed my shift start."
T004623,E00057,5,Vehicle was in poor condition.
T004624,E00416,5,Vehicle was in poor condition.
T004626,E00390,5,Might language together run friend option tough performance.
T004626,E00753,5,Enter court remain start chance interview population look mouth report.
T004627,E00476,5,"Smooth ride, no complaints."
T004627,E00072,5,Organization hour join everything artist bar free weight commercial policy career there chance even.
T004628,E00705,4,Vehicle was in poor condition.
T004629,E00225,5,Save manage marriage might production lay.
T004630,E00344,4,At manage member three edge approach participant development grow respond technology despite.
T004630,E00050,5,Year lawyer condition no public social history.
T004631,E00095,5,On time and courteous driver.
T004631,E00774,5,Poor administration land window character speech foot bring cell popular.
T004631,E00791,5,"Driver was late, missed my shift start."
T004631,E00521,4,On time and courteous driver.
T004631,E00226,4,Around radio trouble industry only simply within surface after even pull.
T004631,E00642,5,Route felt longer than usual today.
T004631,E00574,4,Route felt longer than usual today.
T004631,E00115,5,Agree nothing probably public yourself hospital low serious again more direction sound despite.
T004631,E00346,5,Other wife analysis hospital identify young into society future after population possible fund.
T004631,E00696,5,Quickly apply design indicate perform guess.
T004633,E00735,5,Seven stop goal wish he issue far son one see simple such end.
T004633,E00221,5,"Smooth ride, no complaints."
T004635,E00307,4,Assume answer actually conference player weight particular amount human ok several.
T004635,E00021,5,Body together financial theory decision management enjoy add care watch last everything.
T004635,E00314,5,Wind short itself four age really property.
T004638,E00366,5,Everything stay fund that scene black.
T004638,E00558,5,On time and courteous driver.
T004639,E00458,3,Great vote teacher throw per appear Mrs statement hour trade water.
T004639,E00091,4,"Driver was late, missed my shift start."
T004640,E00748,5,Route felt longer than usual today.
T004640,E00107,4,Vehicle was in poor condition.
T004641,E00356,5,Defense many new kind growth how.
T004642,E00029,5,Table sign foot avoid firm else recognize without expect out.
T004643,E00332,5,"Smooth ride, no complaints."
T004643,E00601,4,Vehicle was in poor condition.
T004643,E00563,4,Market million color leader and step ago.
T004643,E00148,4,On time and courteous driver.
T004643,E00550,4,Great experience overall.
T004643,E00734,4,Music task break eat century tend me suggest either best shoulder act.
T004643,E00790,5,Vehicle was in poor condition.
T004645,E00780,4,On time and courteous driver.
T004645,E00246,5,Vehicle was in poor condition.
T004645,E00116,4,Great experience overall.
T004645,E00383,3,Route felt longer than usual today.
T004646,E00157,5,Vehicle was in poor condition.
T004646,E00437,5,On time and courteous driver.
T004646,E00656,5,Agency less major minute southern government though human none material how fine time.
T004646,E00749,5,Exactly six eye provide throughout human.
T004648,E00686,5,Vehicle was in poor condition.
T004648,E00318,4,"Smooth ride, no complaints."
T004648,E00114,4,Its positive by college letter style.
T004649,E00284,3,On time and courteous driver.
T004650,E00690,3,Car bit future sister social water college high second conference power.
T004650,E00025,4,Green former center before most first must space tough them person.
T004652,E00572,5,Sure protect last ever couple paper as amount.
T004652,E00762,5,Must news improve size field effort rule suggest.
T004652,E00191,4,Tough help popular already wide artist forget fund sing life fill.
T004652,E00077,5,Route felt longer than usual today.
T004652,E00333,4,"Driver was late, missed my shift start."
T004653,E00710,4,Send bit resource president conference occur actually experience order politics Mr.
T004653,E00003,5,On time and courteous driver.
T004653,E00337,5,Great experience overall.
T004653,E00273,5,Vehicle was in poor condition.
T004653,E00497,4,"Smooth ride, no complaints."
T004654,E00647,5,"Smooth ride, no complaints."
T004654,E00129,5,On time and courteous driver.
T004655,E00716,5,Great experience overall.
T004655,E00759,5,Church dark human wear bad attorney with whether born sport.
T004655,E00672,4,Great experience overall.
T004655,E00456,4,Idea above mission part analysis after watch interview fish those knowledge question.
T004655,E00159,4,"Smooth ride, no complaints."
T004656,E00577,5,On time and courteous driver.
T004656,E00218,5,Can hard instead need sense despite stand economy police.
T004656,E00767,5,Vehicle was in poor condition.
T004656,E00756,5,"Smooth ride, no complaints."
T004656,E00732,4,Great experience overall.
T004657,E00655,5,Route felt longer than usual today.
T004657,E00689,5,Route felt longer than usual today.
T004657,E00482,5,Great experience overall.
T004658,E00678,5,Physical feel far from ready thing.
T004658,E00616,5,Human money toward second help way hope sense model your family most you.
T004659,E00717,5,"Smooth ride, no complaints."
T004660,E00338,4,Painting identify former different reach report development.
T004661,E00751,4,General very against admit throughout something.
T004661,E00126,4,Peace somebody relationship receive might want away.
T004662,E00382,3,Middle share soon treatment draw you.
T004662,E00557,5,"Smooth ride, no complaints."
T004662,E00661,4,On time and courteous driver.
T004662,E00124,4,Great experience overall.
T004662,E00564,4,Audience paper chance yeah season get send meet current many.
T004664,E00503,5,Vehicle was in poor condition.
T004664,E00613,5,Route felt longer than usual today.
T004665,E00020,5,"Smooth ride, no complaints."
T004665,E00298,5,Blue practice sell remain certain glass leader trip develop such animal customer.
T004666,E00340,4,Vehicle was in poor condition.
T004667,E00546,5,"Driver was late, missed my shift start."
T004667,E00247,5,Route felt longer than usual today.
T004668,E00348,5,Route felt longer than usual today.
T004668,E00750,4,"Smooth ride, no complaints."
T004668,E00419,5,Great experience overall.
T004668,E00741,5,Step arrive represent area meet language test free alone fly.
T004670,E00286,4,Vehicle was in poor condition.
T004670,E00453,4,On time and courteous driver.
T004672,E00472,5,Machine traditional PM throughout himself arrive detail teach decade young.
T004672,E00615,5,Especially will line be green stock.
T004673,E00593,5,On time and courteous driver.
T004673,E00742,5,Route felt longer than usual today.
T004675,E00423,4,Vehicle was in poor condition.
T004675,E00177,4,Same change firm indeed ask every thing some real whether enough.
T004676,E00583,4,Indicate nation away month receive race season listen art.
T004677,E00687,5,Vehicle was in poor condition.
T004679,E00308,4,Attention that hospital bag prove she other fill together art.
T004679,E00094,4,Choice include member dark support form over TV stock land economic southern news.
T004679,E00508,5,Long foreign a difference voice likely building general though later probably according.
T004679,E00112,5,Vehicle was in poor condition.
T004679,E00422,5,Great experience overall.
T004679,E00187,5,Mother site industry green spend sign who.
T004679,E00166,5,Now tree heavy gun condition have edge purpose.
T004680,E00399,5,"Smooth ride, no complaints."
T004680,E00295,5,Add single once why series wife east large per.
T004680,E00651,4,Door prevent pick college rate task energy almost either employee.
T004680,E00431,4,Group then recognize particular without remain whom attention no pretty his.
T004680,E00670,4,Clearly land evening drive music toward chair that late surface good ready do.
T004680,E00539,4,"Smooth ride, no complaints."
T004680,E00683,4,Different capital on ready letter response near financial their.
T004681,E00603,4,Route felt longer than usual today.
T004681,E00725,3,Great experience overall.
T004681,E00181,4,Great experience overall.
T004682,E00196,5,Sort art past yet employee thought share feeling.
T004682,E00637,4,Middle history right physical represent newspaper perform much later current today.
T004682,E00277,5,"Driver was late, missed my shift start."
T004683,E00664,5,Vehicle was in poor condition.
T004683,E00449,5,Visit company close keep let born knowledge lay lose.
T004683,E00736,5,Great experience overall.
T004684,E00764,4,"Driver was late, missed my shift start."
T004684,E00058,5,Be threat but third church scientist deep usually suddenly doctor month manager.
T004684,E00027,4,Factor recognize wonder town notice such.
T004684,E00223,5,Interesting term responsibility interest financial purpose however right mission officer run.
T004685,E00430,5,They hotel very away catch find notice pick consider election if window.
T004685,E00788,5,Vehicle was in poor condition.
T004685,E00220,4,Route felt longer than usual today.
T004686,E00370,5,Route felt longer than usual today.
T004686,E00537,3,Interest amount reach bill success begin environment program grow particular free Mr reality.
T004686,E00666,5,On time and courteous driver.
T004689,E00336,5,On time and courteous driver.
T004689,E00044,4,"Driver was late, missed my shift start."
T004689,E00303,5,On time and courteous driver.
T004691,E00358,5,What you our area young size country serve.
T004692,E00698,3,Since dream game campaign experience strategy stand benefit.
T004693,E00743,4,Route felt longer than usual today.
T004693,E00700,4,"Driver was late, missed my shift start."
T004694,E00547,4,Generation fire yeah tax we newspaper.
T004695,E00772,5,On time and courteous driver.
T004695,E00525,4,Route felt longer than usual today.
T004697,E00685,4,Great experience overall.
T004697,E00442,5,On time and courteous driver.
T004698,E00412,5,"Driver was late, missed my shift start."
T004698,E00354,5,Four know site whose late ago lay president window paper step bring best.
T004699,E00184,5,Top fear during cultural hundred fast give write talk which each.
T004699,E00385,3,Spring because beyond front feel idea foreign task.
T004700,E00256,5,Great experience overall.
T004700,E00473,4,Factor open painting support several series.
T004700,E00075,4,Amount believe source ability investment price call necessary cost attack entire type.
T004700,E00529,5,"Driver was late, missed my shift start."
T004701,E00392,5,On time and courteous driver.
T004702,E00782,4,"Smooth ride, no complaints."
T004702,E00496,5,Route felt longer than usual today.
T004702,E00585,5,Fill home trial cover how likely member rather work discover.
T004702,E00570,4,"Driver was late, missed my shift start."
T004702,E00132,5,On time and courteous driver.
T004703,E00667,4,"Smooth ride, no complaints."
T004703,E00106,4,Its information system feel protect rest today meet bring product us create.
T004703,E00004,5,Vehicle was in poor condition.
T004703,E00376,4,Route felt longer than usual today.
T004703,E00720,5,Six teacher seven north plant help report.
T004703,E00694,4,Ever test oil chair particular cell.
T004703,E00454,5,Become stop entire enjoy defense seven.
T004704,E00535,4,On time and courteous driver.
T004704,E00127,3,Great experience overall.
T004705,E00785,3,"Smooth ride, no complaints."
T004706,E00109,5,Game issue professional must college office scene me care budget catch adult memory rich.
T004706,E00327,4,Measure onto star other street American hard able project sister with perform vote.
T004707,E00729,5,Worker bad next sell rich with mention wear although road talk accept.
T004707,E00262,5,Radio recent thank minute bad red customer star total deep.
T004707,E00257,5,On time and courteous driver.
T004708,E00188,5,Indicate trouble management cultural bill think build worry entire.
T004708,E00163,4,On time and courteous driver.
T004709,E00402,5,Great experience overall.
T004709,E00554,4,Great experience overall.
T004709,E00553,5,"Driver was late, missed my shift start."
T004710,E00784,5,"Smooth ride, no complaints."
T004710,E00608,4,People school position candidate bank raise organization why others successful.
T004711,E00169,4,On time and courteous driver.
T004711,E00635,4,"Driver was late, missed my shift start."
T004713,E00414,5,Great experience overall.
T004715,E00305,5,Great experience overall.
T004716,E00526,5,Son another ten dog fall majority indicate west notice adult subject happy off.
T004717,E00645,5,"Smooth ride, no complaints."
T004717,E00326,5,Route felt longer than usual today.
T004717,E00501,5,Great experience overall.
T004718,E00101,5,Great experience overall.
T004719,E00165,5,Great experience overall.
T004719,E00017,5,Great experience overall.
T004719,E00015,5,Play skill agent now agree there avoid station add series future word.
T004719,E00206,5,"Driver was late, missed my shift start."
T004719,E00224,5,"Smooth ride, no complaints."
T004719,E00692,5,Vehicle was in poor condition.
T004719,E00030,5,Wrong indicate perhaps factor part hair suddenly crime.
T004720,E00019,5,Thus manage call able on almost bring cultural cut.
T004722,E00776,4,Worker social grow condition side whole seat until quality young national teach positive read.
T004722,E00174,5,Admit son yes many enter everybody third form green yard raise now.
T004722,E00343,4,Vehicle was in poor condition.
T004722,E00708,5,Clear executive successful throughout police late society well.
T004723,E00592,4,Between treatment not hard note phone doctor popular often.
T004723,E00624,5,Vehicle was in poor condition.
T004723,E00724,5,On time and courteous driver.
T004723,E00200,5,"Driver was late, missed my shift start."
T004723,E00620,5,"Smooth ride, no complaints."
T004724,E00648,5,Great experience overall.
T004724,E00391,4,Great experience overall.
T004724,E00164,5,"Driver was late, missed my shift start."
T004724,E00180,4,On time and courteous driver.
T004725,E00595,4,On time and courteous driver.
T004726,E00120,5,Sport hundred key ago test worker choice word trial forward mean.
T004727,E00427,4,Most respond end yet paper certain add you method produce.
T004728,E00334,5,Would force treatment music play machine so participant standard name court agency laugh.
T004728,E00476,5,Vehicle was in poor condition.
T004729,E00490,5,Seem check happy necessary never note reach mind.
T004730,E00078,5,On time and courteous driver.
T004730,E00390,5,"Driver was late, missed my shift start."
T004732,E00521,4,Reality lead minute water back country window reveal.
T004732,E00104,3,Vehicle was in poor condition.
T004732,E00696,5,Vehicle was in poor condition.
T004732,E00642,4,Vehicle was in poor condition.
T004732,E00488,4,Reality brother event floor season network drug suddenly hit management.
T004734,E00610,5,Able why method group rock board.
T004734,E00349,5,Radio program media billion themselves old question.
T004734,E00255,5,Great experience overall.
T004734,E00062,4,Five this record history follow guess bad especially.
T004734,E00351,5,Production respond realize safe nor knowledge artist.
T004734,E00167,5,Partner product building certainly eight many.
T004735,E00594,4,Body benefit surface middle doctor economy region out see up career.
T004735,E00679,4,Spend capital hold small you nor might true suddenly art baby.
T004737,E00321,5,Vehicle was in poor condition.
T004737,E00411,4,On time and courteous driver.
T004737,E00350,5,Report despite receive but lawyer stay front happy.
T004738,E00548,5,Practice town cost nature positive worker court measure between drive.
T004738,E00083,5,"Smooth ride, no complaints."
T004739,E00342,4,Hotel college soon against main production poor finish current.
T004739,E00270,5,Great experience overall.
T004742,E00424,5,Single add role happen pass tough role establish modern attention myself however former.
T004742,E00366,5,Vehicle was in poor condition.
T004743,E00458,5,Route felt longer than usual today.
T004745,E00461,4,On time and courteous driver.
T004745,E00550,3,Man beat record make level well business anyone visit on trouble.
T004745,E00088,4,Scientist toward occur security see base fund before find ground.
T004745,E00563,3,Cold interest east fish case low campaign figure enough modern.
T004745,E00148,3,"Driver was late, missed my shift start."
T004747,E00657,5,On time and courteous driver.
T004748,E00588,5,Note arrive class through pay poor learn common.
T004748,E00437,5,Simple president during enjoy allow person subject middle book write.
T004749,E00331,5,On time and courteous driver.
T004750,E00114,5,Fact when tell case health art art.
T004750,E00578,5,"Driver was late, missed my shift start."
T004750,E00209,5,Exactly assume administration break decision example few.
T004751,E00639,4,Route felt longer than usual today.
T004753,E00077,4,Great experience overall.
T004753,E00800,5,Vehicle was in poor condition.
T004753,E00565,5,Continue example let long question quality who he professional.
T004753,E00086,4,Vehicle was in poor condition.
T004754,E00051,4,Catch card long listen wall camera apply figure letter performance practice partner save.
T004754,E00337,5,View receive goal public job sister back deep address language its face.
T004754,E00688,5,Great experience overall.
T004754,E00016,5,"Smooth ride, no complaints."
T004754,E00752,5,Herself collection language idea design improve ago always both black tell material answer.
T004755,E00230,5,"Driver was late, missed my shift start."
T004755,E00258,4,Route felt longer than usual today.
T004756,E00756,5,Play campaign believe century successful story sport win rule central.
T004756,E00082,4,Great experience overall.
T004756,E00448,4,Route felt longer than usual today.
T004756,E00456,5,Route felt longer than usual today.
T004756,E00723,4,"Driver was late, missed my shift start."
T004756,E00218,4,Use right dog response catch shake beat fight defense image.
T004757,E00798,3,"Driver was late, missed my shift start."
T004757,E00676,4,On time and courteous driver.
T004757,E00087,4,Issue image television they likely question.
T004757,E00767,5,Old always boy page money response form attack body have nation.
T004758,E00732,4,Campaign old trial manager focus hard two husband consider feeling decision.
T004758,E00096,4,On time and courteous driver.
T004759,E00438,5,Rich few someone Mrs woman represent scientist surface.
T004759,E00678,5,Route felt longer than usual today.
T004759,E00717,5,"Smooth ride, no complaints."
T004759,E00260,5,"Smooth ride, no complaints."
T004760,E00769,3,Vehicle was in poor condition.
T004760,E00619,4,Attorney example positive market ten mind age position least assume threat.
T004761,E00564,4,Great experience overall.
T004762,E00469,5,More place everything art safe stay similar own color fill discuss parent.
T004762,E00364,5,Image into appear finally sense skill same bring.
T004762,E00134,4,Route felt longer than usual today.
T004762,E00338,5,Model imagine moment science response popular fast knowledge explain individual win scientist.
T004763,E00557,3,Record leg dog write politics policy political stop tough bit.
T004763,E00465,3,Many talk building degree friend physical themselves goal product others PM.
T004764,E00131,5,"Driver was late, missed my shift start."
T004764,E00032,4,Vehicle was in poor condition.
T004764,E00359,4,Rich over rest live kind area.
T004765,E00503,5,"Smooth ride, no complaints."
T004765,E00744,5,Piece health why agree after machine billion up bit.
T004765,E00432,5,Route felt longer than usual today.
T004766,E00362,5,Route felt longer than usual today.
T004766,E00269,5,Common goal compare point offer never high real election happen garden position.
T004766,E00014,5,Great experience overall.
T004766,E00797,5,On time and courteous driver.
T004767,E00203,5,Class surface bit light play great fly type idea tree service see democratic film.
T004768,E00541,5,Season site age camera every about fall number among class future research.
T004768,E00020,5,"Smooth ride, no complaints."
T004768,E00407,4,Great experience overall.
T004768,E00313,4,Right message information performance later discussion color.
T004768,E00750,3,"Smooth ride, no complaints."
T004769,E00089,5,"Driver was late, missed my shift start."
T004770,E00615,5,Area draw claim bring of hope.
T004774,E00425,4,Crime conference hear ability rock among throw home pick pull should from must.
T004775,E00010,4,Evening goal design economic trade authority town agree almost.
T004776,E00177,4,On time and courteous driver.
T004776,E00677,4,Almost now man section father way in each.
T004777,E00211,5,Route felt longer than usual today.
T004777,E00485,5,Benefit guy recent store fire own list society.
T004778,E00714,5,Imagine front involve doctor we quickly deep together conference manager another expert bad.
T004780,E00286,4,On time and courteous driver.
T004781,E00181,5,Route felt longer than usual today.
T004781,E00237,5,Use leader coach no effect use.
T004781,E00618,5,That tree not safe main fall must however bank similar worker real likely.
T004781,E00150,4,On time and courteous driver.
T004781,E00625,4,Late degree me themselves arm billion southern almost glass reach oil war.
T004781,E00768,5,"Driver was late, missed my shift start."
T004781,E00508,4,Route felt longer than usual today.
T004782,E00683,4,Development under clearly decision management analysis expert modern air president pick enough.
T004782,E00112,4,Race human economy alone such unit require individual how season foot financial level.
T004782,E00544,5,"Driver was late, missed my shift start."
T004782,E00787,4,"Driver was late, missed my shift start."
T004782,E00539,4,Cultural onto light car thousand fear herself scientist partner.
T004783,E00709,5,Find protect authority chance particularly interview.
T004783,E00279,4,Route felt longer than usual today.
T004783,E00399,5,Enjoy bar security serious enter majority term cold produce learn.
T004784,E00584,4,Form day including step collection we.
T004784,E00027,5,"Smooth ride, no complaints."
T004784,E00487,4,Route felt longer than usual today.
T004785,E00430,5,Woman ever property sign word speak act Mr.
T004785,E00537,5,Vehicle was in poor condition.
T004785,E00223,4,Their be or treat floor hotel dog technology pull magazine.
T004786,E00235,5,"Smooth ride, no complaints."
T004786,E00604,5,Great experience overall.
T004786,E00220,3,"Driver was late, missed my shift start."
T004786,E00664,5,"Driver was late, missed my shift start."
T004786,E00449,5,"Smooth ride, no complaints."
T004787,E00410,4,Set baby man front conference owner.
T004787,E00652,4,Race condition whose baby others want several candidate.
T004788,E00058,4,Center give national audience kitchen so long up beautiful if quickly class prove.
T004789,E00695,5,Subject together minute television dog item matter nice dog production.
T004789,E00196,5,"Driver was late, missed my shift start."
T004789,E00513,5,Great experience overall.
T004790,E00311,5,Route felt longer than usual today.
T004790,E00698,5,Message run sort line design sure.
T004794,E00587,5,Goal play consumer home mission him military.
T004794,E00441,5,Great experience overall.
T004795,E00442,5,"Driver was late, missed my shift start."
T004796,E00772,5,War loss hard from anything anyone speech machine half pattern reality probably.
T004796,E00404,5,Vehicle was in poor condition.
T004797,E00547,5,Exactly them peace night dog develop.
T004798,E00428,4,Enter radio democratic line last computer still.
T004801,E00525,5,Official piece rate writer reflect performance them foreign.
T004801,E00400,5,Material indicate then particularly rock set vote room.
T004802,E00241,5,Democrat sell ahead likely sometimes middle site pay generation maybe piece project.
T004802,E00691,5,Route felt longer than usual today.
T004802,E00063,5,"Driver was late, missed my shift start."
T004802,E00733,5,"Driver was late, missed my shift start."
T004804,E00602,3,"Driver was late, missed my shift start."
T004804,E00567,5,Vehicle was in poor condition.
T004804,E00395,5,Great experience overall.
T004804,E00108,4,Route felt longer than usual today.
T004804,E00039,5,"Smooth ride, no complaints."
T004804,E00132,3,Great experience overall.
T004805,E00106,4,Professor agent son standard air move.
T004805,E00755,4,Enjoy person discuss rich join yet.
T004805,E00047,5,On time and courteous driver.
T004806,E00413,5,"Smooth ride, no complaints."
T004806,E00109,5,Forget camera low own carry major something ready represent.
T004807,E00322,5,Conference time big firm give certainly anyone benefit peace official since control.
T004807,E00327,5,Great experience overall.
T004808,E00281,4,Effect benefit relate house spring writer sit instead national community where.
T004808,E00363,5,Vehicle was in poor condition.
T004808,E00324,4,"Driver was late, missed my shift start."
T004809,E00257,5,Great experience overall.
T004809,E00784,5,Situation these different ok international return we wear still food chance offer house.
T004809,E00643,5,Trade look wish behavior beat tree care about choice.
T004809,E00074,5,"Smooth ride, no complaints."
T004809,E00139,5,Route felt longer than usual today.
T004810,E00188,5,Budget report Mr wind form half approach improve design oil professor meet you.
T004810,E00055,5,"Smooth ride, no complaints."
T004810,E00586,5,"Driver was late, missed my shift start."
T004810,E00146,5,Wide leader scene inside them great.
T004811,E00552,5,Voice oil walk others your include kind article contain culture ever fill remember.
T004811,E00562,5,Vehicle was in poor condition.
T004812,E00163,5,"Driver was late, missed my shift start."
T004814,E00326,4,Rather suggest doctor project scene culture quite wind father billion.
T004814,E00119,5,Choice culture marriage light even too challenge certain tax quite capital.
T004815,E00002,5,Special soldier success court message property them.
T004815,E00168,5,Agreement discussion kitchen billion force all computer up music rock force media day.
T004815,E00640,4,"Smooth ride, no complaints."
T004816,E00339,4,Route felt longer than usual today.
T004816,E00635,4,Listen agency finish save follow whole fish interview.
T004818,E00526,4,World remember you assume keep back purpose plan.
T004820,E00799,5,Throw herself upon crime give land.
T004820,E00118,4,Reduce the tend deep view plant war.
T004821,E00165,5,Food blue song name white ready chair huge.
T004821,E00387,4,Card water option rise game necessary among upon use get budget news.
T004821,E00054,4,West woman series professional method be sea hard fall painting blood few eat.
T004822,E00462,5,Full customer turn whom book development letter fact history issue investment.
T004822,E00624,4,Five drop laugh after sell soldier.
T004823,E00180,4,On time and courteous driver.
T004823,E00620,4,Route felt longer than usual today.
T004824,E00268,4,"Smooth ride, no complaints."
T004824,E00121,4,Vehicle was in poor condition.
T004824,E00174,4,Great experience overall.
T004826,E00334,3,"Driver was late, missed my shift start."
T004826,E00061,3,"Driver was late, missed my shift start."
T004826,E00390,2,Him back marriage employee about painting trial hear dream.
T004827,E00293,5,Company law more she few a.
T004828,E00705,4,Perform late would international worry take evening never college crime.
T004828,E00476,4,"Smooth ride, no complaints."
T004829,E00344,5,Route felt longer than usual today.
T004829,E00202,5,Great experience overall.
T004831,E00595,4,Sense black help kitchen understand plan finish ready next real man election thousand.
T004831,E00609,4,"Smooth ride, no complaints."
T004832,E00792,4,"Driver was late, missed my shift start."
T004834,E00057,5,Route felt longer than usual today.
T004835,E00095,5,Parent century hair east building window for.
T004835,E00574,5,Employee study its far doctor suffer.
T004835,E00379,5,Any owner letter suddenly live example key stand place.
T004835,E00034,4,Family election green process artist good cultural quality argue meeting position civil sense.
T004835,E00346,4,"Driver was late, missed my shift start."
T004835,E00365,4,Couple wait chance people into memory thus teacher.
T004836,E00373,3,Great experience overall.
T004836,E00774,4,Value movie raise half often the leg simple.
T004837,E00123,5,On time and courteous driver.
T004837,E00628,3,Easy gun use region price challenge free positive write dinner realize.
T004837,E00559,5,Inside computer market baby speech whole join technology.
T004837,E00062,4,Others four with painting understand southern interesting nothing past maybe.
T004837,E00372,4,Route felt longer than usual today.
T004838,E00594,5,Parent Mrs dog soon parent room region.
T004839,E00239,5,Vehicle was in poor condition.
T004839,E00219,4,Four reason everybody land daughter strategy pattern treatment be today relate enjoy.
T004839,E00135,5,Green financial their them often leg.
T004840,E00233,3,Vehicle was in poor condition.
T004840,E00411,5,Chair travel nearly weight manager almost against sing city prove.
T004840,E00342,4,Great experience overall.
T004841,E00314,5,"Smooth ride, no complaints."
T004842,E00775,4,"Driver was late, missed my shift start."
T004842,E00650,5,On time and courteous driver.
T004843,E00375,5,"Smooth ride, no complaints."
T004843,E00091,5,Pm let up after happy TV issue value son discuss who smile.
T004844,E00113,5,"Smooth ride, no complaints."
T004844,E00029,4,Vehicle was in poor condition.
T004845,E00394,5,Now part fly project a agreement region government stage travel perform.
T004846,E00107,4,Age college son direction week impact guy among brother.
T004847,E00612,4,Material message nor cause onto statement.
T004847,E00296,4,"Smooth ride, no complaints."
T004849,E00332,4,"Driver was late, missed my shift start."
T004849,E00663,3,On time and courteous driver.
T004849,E00099,3,Serious decision agreement conference read and situation.
T004849,E00712,2,Great experience overall.
T004849,E00734,4,Fight either purpose suffer computer occur remain.
T004850,E00790,5,Focus drive mean reason agreement party trip general reduce fall.
T004851,E00588,5,Up executive carry him crime statement early together play name.
T004851,E00341,4,"Driver was late, missed my shift start."
T004851,E00780,5,This term garden number among require no society next.
T004851,E00116,5,Become American instead any product smile product school source.
T004852,E00194,4,Cut police not themselves fact usually.
T004852,E00786,5,Vehicle was in poor condition.
T004852,E00238,3,Great experience overall.
T004853,E00686,5,Raise school personal create expect reach do seem piece whatever region trouble.
T004853,E00760,5,Vehicle was in poor condition.
T004853,E00690,5,On time and courteous driver.
T004854,E00578,5,Book rest charge wish personal most begin him admit its could.
T004854,E00114,5,Which attack up leave play minute push product.
T004857,E00660,5,Great experience overall.
T004857,E00783,5,Great experience overall.
T004857,E00337,5,Route felt longer than usual today.
T004857,E00016,4,Route felt longer than usual today.
T004857,E00191,4,On time and courteous driver.
T004857,E00038,5,Route felt longer than usual today.
T004858,E00497,3,Vehicle was in poor condition.
T004858,E00565,3,"Driver was late, missed my shift start."
T004858,E00161,4,"Smooth ride, no complaints."
T004858,E00253,4,On time and courteous driver.
T004858,E00291,5,Name way art understand dog must.
T004858,E00273,4,On time and courteous driver.
T004858,E00329,4,Thought young quite travel side cell style soldier last.
T004859,E00142,5,"Smooth ride, no complaints."
T004859,E00325,5,Dream group finally process tough paper race give travel later.
T004859,E00129,5,Model eat woman reduce class southern professional discuss.
T004859,E00459,5,Vehicle was in poor condition.
T004860,E00689,4,Whose century different little general away fly parent own.
T004860,E00082,4,Pressure performance half look miss heavy.
T004860,E00767,5,Vehicle was in poor condition.
T004860,E00448,3,Route felt longer than usual today.
T004860,E00388,3,"Smooth ride, no complaints."
T004861,E00759,5,Past dog week site there bed him responsibility difficult.
T004861,E00798,5,On time and courteous driver.
T004861,E00159,5,Route felt longer than usual today.
T004861,E00631,5,Route felt longer than usual today.
T004861,E00456,5,Great experience overall.
T004861,E00272,4,"Driver was late, missed my shift start."
T004862,E00087,5,"Driver was late, missed my shift start."
T004862,E00368,5,Route felt longer than usual today.
T004862,E00732,5,Turn contain himself worry star way far prove.
T004862,E00789,5,Great experience overall.
T004862,E00577,4,Realize office hospital past region dog newspaper natural.
T004863,E00282,3,School agree ability type word record tough under quite question.
T004863,E00661,4,Great experience overall.
T004864,E00510,5,"Driver was late, missed my shift start."
T004864,E00364,4,Similar nearly financial organization about even hand sometimes statement.
T004864,E00564,5,Talk letter wind question color reveal later foreign partner care since security phone.
T004864,E00173,5,Drop avoid which decade according ever rich director main meet attack would.
T004865,E00699,4,"Driver was late, missed my shift start."
T004865,E00134,4,Vehicle was in poor condition.
T004865,E00678,4,"Driver was late, missed my shift start."
T004866,E00619,4,"Driver was late, missed my shift start."
T004866,E00551,4,"Smooth ride, no complaints."
T004866,E00730,4,Law other stage large year this boy issue leg poor management parent show.
T004867,E00154,5,Debate age Congress give level investment structure performance.
T004867,E00338,5,"Smooth ride, no complaints."
T004869,E00131,4,Brother clearly experience civil table degree hair three.
T004869,E00541,5,No police water while view huge ask west our rise.
T004869,E00032,5,Allow to note themselves avoid fear hair decade keep suffer sense set trade.
T004871,E00313,5,"Driver was late, missed my shift start."
T004872,E00644,5,"Smooth ride, no complaints."
T004872,E00463,4,Vehicle was in poor condition.
T004872,E00234,5,Give individual factor meet myself travel yet join.
T004873,E00301,5,Great experience overall.
T004873,E00419,4,Vehicle was in poor condition.
T004874,E00778,4,Group professional quality main above brother imagine half story how out similar including.
T004875,E00266,4,Great experience overall.
T004876,E00517,5,Vehicle was in poor condition.
T004879,E00615,5,On time and courteous driver.
T004879,E00010,4,Ten at hear political fine case young former me.
T004880,E00425,4,Financial close energy whatever matter ground.
T004880,E00286,5,Another since read imagine according weight hope medical site stock mean all.
T004881,E00742,4,"Driver was late, missed my shift start."
T004881,E00369,5,Bill central let a sometimes police agree pass Congress.
T004882,E00330,5,Route felt longer than usual today.
T004882,E00215,4,"Smooth ride, no complaints."
T004883,E00486,5,Body she spend night company stage return enter.
T004884,E00777,4,On time and courteous driver.
T004884,E00718,4,On time and courteous driver.
T004884,E00480,5,Vehicle was in poor condition.
T004885,E00707,5,"Smooth ride, no complaints."
T004885,E00484,5,Without these care manage during what benefit the memory enjoy.
T004885,E00651,5,Great experience overall.
T004885,E00499,5,Picture fire best pull way every send night drive world finish today.
T004885,E00627,5,"Driver was late, missed my shift start."
T004885,E00440,5,Vehicle was in poor condition.
T004885,E00446,5,"Driver was late, missed my shift start."
T004886,E00508,5,Vehicle was in poor condition.
T004886,E00292,5,Former tell fall participant structure radio successful at.
T004886,E00726,5,Girl want two population outside fund card resource present focus can according realize.
T004887,E00309,5,"Smooth ride, no complaints."
T004887,E00603,5,Nature market few offer economic as.
T004887,E00187,5,Route felt longer than usual today.
T004888,E00788,4,Great experience overall.
T004888,E00604,5,On time and courteous driver.
T004888,E00229,4,Route felt longer than usual today.
T004889,E00652,5,Route felt longer than usual today.
T004889,E00410,4,Expert parent draw interest agent myself responsibility.
T004890,E00537,5,Vehicle was in poor condition.
T004891,E00243,5,Fire able pull seem painting hope.
T004891,E00447,4,Peace laugh power especially agreement relate pay.
T004892,E00430,4,Great experience overall.
T004892,E00545,5,Since debate treat yeah group save collection admit federal admit.
T004893,E00300,5,Route felt longer than usual today.
T004894,E00311,5,"Smooth ride, no complaints."
T004894,E00380,5,Vehicle was in poor condition.
T004895,E00184,5,Toward sport then cost phone we fly now strategy natural company forget.
T004896,E00412,5,Vehicle was in poor condition.
T004898,E00698,4,Financial free thought paper off leader strong service wonder word.
T004899,E00405,4,Stock often here total would race begin prove only both set.
T004900,E00102,4,Vehicle was in poor condition.
T004900,E00428,5,Commercial my small news here over within.
T004901,E00302,5,Onto hair wide machine say really on suffer though indeed.
T004902,E00045,4,Route felt longer than usual today.
T004902,E00214,4,Great experience overall.
T004902,E00745,5,Star home pull through our itself again.
T004903,E00450,5,Vehicle was in poor condition.
T004903,E00385,5,Vehicle was in poor condition.
T004904,E00781,4,Route felt longer than usual today.
T004905,E00241,5,Route felt longer than usual today.
T004905,E00489,5,"Smooth ride, no complaints."
T004905,E00766,5,Great experience overall.
T004905,E00377,5,On time and courteous driver.
T004906,E00304,5,Route felt longer than usual today.
T004907,E00454,5,Route felt longer than usual today.
T004907,E00671,5,Vehicle was in poor condition.
T004907,E00012,5,Great experience overall.
T004907,E00455,5,Population market buy action Republican government baby case type several else yeah.
T004907,E00755,5,Route felt longer than usual today.
T004907,E00782,5,"Driver was late, missed my shift start."
T004907,E00694,5,On free sit day end end crime get play institution.
T004908,E00585,4,"Driver was late, missed my shift start."
T004908,E00149,4,Route felt longer than usual today.
T004909,E00727,4,On time and courteous driver.
T004909,E00528,3,"Smooth ride, no complaints."
T004909,E00413,4,Vehicle was in poor condition.
T004910,E00621,4,Great experience overall.
T004910,E00475,5,Live note mention return or be run save.
T004911,E00322,5,Route felt longer than usual today.
T004911,E00629,4,"Driver was late, missed my shift start."
T004911,E00535,5,Marriage able night because situation read relate beautiful result do list for.
T004913,E00060,5,"Driver was late, missed my shift start."
T004913,E00729,4,Decade behind dog every picture kind protect there.
T004915,E00562,5,Certain me sign indicate early member service.
T004915,E00554,5,Route felt longer than usual today.
T004915,E00028,5,Position success right court way common anything medical center these figure mind probably.
T004916,E00641,4,Vehicle was in poor condition.
T004918,E00635,5,Technology born make simply sing better thing only live.
T004919,E00231,5,On time and courteous driver.
T004920,E00494,5,Route felt longer than usual today.
T004921,E00189,5,Song win protect future performance admit.
T004921,E00005,5,On time and courteous driver.
T004922,E00101,5,Control far card share material religious much sit stop worker system size draw man.
T004922,E00617,5,"Smooth ride, no complaints."
T004922,E00479,4,"Smooth ride, no complaints."
T004923,E00119,4,Decide alone would traditional style school list color religious.
T004923,E00168,4,Vehicle was in poor condition.
T004924,E00770,5,"Smooth ride, no complaints."
T004925,E00275,4,Marriage development two minute discussion may set.
T004925,E00387,4,Bank these task party until main.
T004925,E00006,5,Vehicle was in poor condition.
T004925,E00684,5,Vehicle was in poor condition.
T004925,E00030,5,Need yourself identify ball history later plant indicate analysis carry black.
T004926,E00224,4,Route felt longer than usual today.
T004927,E00624,4,Environmental lead simple help expect PM full.
T004927,E00658,3,Home stock campaign series early rich analysis table.
T004928,E00391,4,Dream eight paper my read worker star.
T004928,E00290,5,On time and courteous driver.
T004928,E00590,4,Agree car nor success money meet one order green protect.
T004929,E00793,4,Route felt longer than usual today.
T004929,E00708,4,On time and courteous driver.
T004929,E00467,5,On time and courteous driver.
T004929,E00386,4,"Driver was late, missed my shift start."
T004932,E00334,5,"Driver was late, missed my shift start."
T004933,E00595,5,Everyone order cell far successful probably shake eye economy strong yard quickly language.
T004936,E00575,4,In notice only walk spend for their feeling figure really.
T004938,E00792,5,Great experience overall.
T004939,E00034,5,On time and courteous driver.
T004939,E00560,5,Machine might sometimes school civil care thought series move something.
T004939,E00614,4,On time and courteous driver.
T004939,E00521,4,Great experience overall.
T004940,E00488,4,Her ten those particular time economic wonder little newspaper.
T004941,E00372,5,On time and courteous driver.
T004941,E00156,5,"Driver was late, missed my shift start."
T004941,E00591,4,Great experience overall.
T004941,E00123,5,Baby voice better since reflect pay material.
T004941,E00255,4,"Driver was late, missed my shift start."
T004942,E00135,5,Money past maintain low yourself security you scene your.
T004942,E00092,5,Great experience overall.
T004943,E00221,4,On time and courteous driver.
T004944,E00523,5,Structure clear break yet wife write ability data money.
T004944,E00321,4,On time and courteous driver.
T004944,E00650,4,Every better explain case director ten lay certainly.
T004945,E00360,5,On time and courteous driver.
T004945,E00085,5,On time and courteous driver.
T004945,E00350,5,Father attention low describe local wall appear involve claim other under.
T004945,E00411,4,Professional new majority lay difficult health best a game morning whose least ground.
T004946,E00314,5,Throughout size wide want city because page son side hard beyond article.
T004946,E00254,4,Get medical relationship official wind property month treatment sometimes own establish no.
T004949,E00091,5,Route felt longer than usual today.
T004950,E00612,4,"Driver was late, missed my shift start."
T004950,E00296,5,Stand represent dog care politics in couple price open pretty word fund.
T004950,E00424,4,Crime exist quality Republican shoulder know personal establish stock.
T004953,E00765,5,Route felt longer than usual today.
T004953,E00248,5,"Driver was late, missed my shift start."
T004953,E00148,5,Push democratic fact everybody cultural phone sign support tend party ball science several.
T004953,E00374,5,Route felt longer than usual today.
T004953,E00601,5,Vehicle was in poor condition.
T004953,E00790,5,Born cover card possible about middle someone marriage.
T004953,E00712,5,Route felt longer than usual today.
T004954,E00522,4,Route felt longer than usual today.
T004954,E00663,4,"Driver was late, missed my shift start."
T004955,E00740,4,Great experience overall.
T004955,E00656,4,Great experience overall.
T004955,E00780,3,Vehicle was in poor condition.
T004956,E00786,4,Great experience overall.
T004957,E00588,5,Route felt longer than usual today.
T004958,E00578,5,"Driver was late, missed my shift start."
T004959,E00209,5,Vehicle was in poor condition.
T004961,E00783,4,Figure lose dream of agreement magazine time base.
T004961,E00497,4,Vehicle was in poor condition.
T004961,E00688,4,Route felt longer than usual today.
T004961,E00800,4,Hand people music onto various world anyone field.
T004961,E00252,4,"Driver was late, missed my shift start."
T004961,E00779,3,"Smooth ride, no complaints."
T004961,E00710,4,Notice me spring condition she you fact.
T004961,E00459,4,"Smooth ride, no complaints."
T004961,E00051,5,Growth yourself key now pick baby century town decision bed similar less medical.
T004961,E00630,4,Blood if take argue blood movement apply everybody wind seem.
T004962,E00795,4,Join arrive program call best case such happy agency almost democratic.
T004962,E00398,4,Great experience overall.
T004962,E00333,5,Seek give team dream single worry year door establish something will.
T004962,E00337,5,Route felt longer than usual today.
T004962,E00565,5,Seat national soon hand avoid home technology.
T004962,E00178,5,Blue or back city imagine word listen care.
T004962,E00556,5,"Driver was late, missed my shift start."
T004962,E00018,5,Behavior other miss all that western result.
T004962,E00077,4,"Driver was late, missed my shift start."
T004963,E00752,5,Route felt longer than usual today.
T004963,E00016,5,Great experience overall.
T004964,E00033,4,Child check key guy himself lawyer.
T004964,E00096,5,News usually put civil you office for support soon.
T004964,E00159,5,West sense public management development baby own father government organization.
T004964,E00596,5,"Driver was late, missed my shift start."
T004964,E00754,5,"Smooth ride, no complaints."
T004964,E00524,4,Deal full great security table example.
T004965,E00315,4,Kid write eight interest term seat call important.
T004965,E00693,5,Route felt longer than usual today.
T004965,E00756,5,Route felt longer than usual today.
T004965,E00723,5,"Smooth ride, no complaints."
T004965,E00702,5,Hope manage popular onto everyone green seem vote series family series realize.
T004965,E00789,5,"Driver was late, missed my shift start."
T004966,E00515,4,Our interview wide challenge eye last apply even lot pay.
T004966,E00672,5,On time and courteous driver.
T004966,E00767,5,"Driver was late, missed my shift start."
T004967,E00758,4,Vehicle was in poor condition.
T004968,E00738,5,Always positive face seek memory magazine watch attorney into but herself.
T004968,E00699,5,"Smooth ride, no complaints."
T004969,E00465,4,Route felt longer than usual today.
T004969,E00443,4,"Smooth ride, no complaints."
T004970,E00240,4,On time and courteous driver.
T004970,E00678,5,Great experience overall.
T004971,E00730,5,Great experience overall.
T004972,E00541,5,Doctor this owner continue begin sign police way fish speech.
T004972,E00301,4,Above girl put end subject let wish article modern.
T004973,E00744,5,"Smooth ride, no complaints."
T004973,E00362,5,"Driver was late, missed my shift start."
T004974,E00673,5,Ago source drive month security throughout worry population wear interview fly plant large.
T004974,E00160,5,Large north seven low card safe two place possible around shoulder field his.
T004975,E00131,4,Vehicle was in poor condition.
T004975,E00269,4,Something force middle one manager public foreign southern.
T004975,E00203,4,Vehicle was in poor condition.
T004976,E00313,5,Great experience overall.
T004976,E00644,4,Mission political issue soon unit several discussion service blood morning myself.
T004977,E00357,5,Great experience overall.
T004977,E00093,5,"Smooth ride, no complaints."
T004977,E00777,5,Great experience overall.
T004978,E00128,4,White mission sing though end board suffer time total quickly task.
T004978,E00010,3,Vehicle was in poor condition.
T004979,E00415,5,On time and courteous driver.
T004981,E00453,3,"Driver was late, missed my shift start."
T004982,E00421,3,Vehicle was in poor condition.
T004983,E00573,5,On time and courteous driver.
T004984,E00319,5,Include audience research none order less commercial keep black.
T004985,E00714,4,On time and courteous driver.
T004985,E00583,4,Rich rock performance society than political.
T004985,E00718,5,Fish soon nice magazine laugh hand spring among.
T004985,E00677,4,Heavy determine piece assume find imagine so board when.
T004987,E00177,5,Vehicle was in poor condition.
T004987,E00105,5,Report story prevent audience arm interview foreign well.
T004988,E00440,3,Nothing result child role significant modern option always whether lay.
T004988,E00181,4,"Smooth ride, no complaints."
T004988,E00429,3,"Driver was late, missed my shift start."
T004988,E00389,3,Vehicle was in poor condition.
T004988,E00508,3,This seek wear machine people big enough street.
T004989,E00076,4,Arm let son doctor democratic PM window soon some language participant make including.
T004989,E00150,5,Base administration hundred participant prepare kind.
T004989,E00726,5,"Driver was late, missed my shift start."
T004989,E00709,4,Appear organization left as democratic have push site high.
T004989,E00217,4,Great experience overall.
T004990,E00435,4,Name help about treat skill specific.
T004990,E00431,4,Vehicle was in poor condition.
T004991,E00695,5,Vehicle was in poor condition.
T004991,E00447,5,According artist again accept change cell.
T004991,E00464,5,"Smooth ride, no complaints."
T004992,E00713,4,College how stock them want among benefit.
T004992,E00764,5,Route felt longer than usual today.
T004992,E00637,3,Business whom baby trial national attention.
T004994,E00197,3,"Driver was late, missed my shift start."
T004994,E00285,4,Not smile risk born situation trouble job million local ask.
T004994,E00788,4,"Driver was late, missed my shift start."
T004994,E00048,5,"Smooth ride, no complaints."
T004995,E00300,4,"Smooth ride, no complaints."
T004995,E00235,3,Vehicle was in poor condition.
T004995,E00220,4,Example figure bank sort since international structure.
T004996,E00196,5,Vehicle was in poor condition.
T004996,E00604,5,Vehicle was in poor condition.
T004997,E00428,5,Change charge born high significant treatment true view medical history item certainly as.
T004998,E00044,4,After situation spend education feeling sport hospital force will relationship type church.
T004998,E00547,5,"Smooth ride, no complaints."
T004998,E00023,5,"Smooth ride, no complaints."
T004999,E00509,4,Such professional society trouble street enjoy modern.
T005000,E00358,5,Vehicle was in poor condition.
T005001,E00214,5,On time and courteous driver.
T005001,E00587,5,On time and courteous driver.
T005003,E00381,5,"Driver was late, missed my shift start."
T005003,E00208,5,Route felt longer than usual today.
T005005,E00045,3,Route felt longer than usual today.
T005006,E00354,4,Receive way pay wife ability they family why practice catch.
T005006,E00001,4,Great experience overall.
T005007,E00739,5,Each hear dinner process picture explain kind wall.
T005008,E00184,5,"Driver was late, missed my shift start."
T005009,E00352,4,Child choice husband real past point add black.
T005009,E00122,4,"Smooth ride, no complaints."
T005009,E00236,4,Indeed interesting rule staff evidence million cold member majority action treatment past.
T005009,E00691,5,Route felt longer than usual today.
T005009,E00241,5,Route felt longer than usual today.
T005009,E00063,4,Route felt longer than usual today.
T005010,E00081,4,Tv together partner discover recently trial.
T005010,E00720,4,Hot last student company her plan water remember support watch find.
T005010,E00667,5,Our trade PM either resource but increase start other ten would wide point.
T005010,E00193,5,On time and courteous driver.
T005011,E00278,5,Run training general left water early spring plan born.
T005011,E00376,5,"Smooth ride, no complaints."
T005012,E00475,5,Effort letter second deep success miss support show.
T005012,E00535,5,"Driver was late, missed my shift start."
T005012,E00109,5,On time and courteous driver.
T005012,E00408,5,"Smooth ride, no complaints."
T005013,E00528,4,Visit since south should international fly series.
T005013,E00363,5,"Driver was late, missed my shift start."
T005013,E00127,4,Route felt longer than usual today.
T005013,E00727,5,Place campaign technology shoulder side face into figure physical positive country role.
T005014,E00715,4,Choice beyond feel his for surface.
T005014,E00737,4,"Driver was late, missed my shift start."
T005015,E00257,5,Vehicle was in poor condition.
T005015,E00554,4,Family tonight cut wrong common without carry eat smile four each give individual.
T005015,E00402,4,Vehicle was in poor condition.
T005015,E00643,5,Route felt longer than usual today.
T005015,E00188,5,"Driver was late, missed my shift start."
T005016,E00147,3,Worry similar model white share staff side provide.
T005019,E00494,5,Painting plant professor win within subject pass a cut.
T005021,E00002,5,Police available particularly too public loss account trial theory boy bad.
T005021,E00757,5,On time and courteous driver.
T005022,E00479,4,Great experience overall.
T005023,E00189,5,"Driver was late, missed my shift start."
T005023,E00119,4,"Smooth ride, no complaints."
T005023,E00005,5,"Smooth ride, no complaints."
T005024,E00501,5,Blue herself child attorney during event nature both nation themselves try full.
T005024,E00110,5,On time and courteous driver.
T005027,E00006,5,Simply heavy together large point age thought star painting size case the have.
T005027,E00387,5,"Smooth ride, no complaints."
T005027,E00206,5,On time and courteous driver.
T005027,E00015,5,"Smooth ride, no complaints."
T005027,E00138,5,Pretty page stop artist popular talk.
T005028,E00599,4,Determine along least different seek quality from not certainly.
T005028,E00646,4,On time and courteous driver.
T005029,E00624,4,Great experience overall.
T005030,E00620,4,Vehicle was in poor condition.
T005030,E00708,4,Route felt longer than usual today.
T005031,E00592,5,Great experience overall.
T005031,E00566,5,"Smooth ride, no complaints."
T005032,E00180,3,Vehicle was in poor condition.
T005033,E00202,3,Pick network strong moment him culture close hour knowledge say reason.
T005034,E00144,4,Because east second learn director others ten.
T005034,E00384,5,Route felt longer than usual today.
T005034,E00682,4,Yeah everybody entire with control return factor option air heavy yes either.
T005035,E00042,5,Great experience overall.
T005037,E00792,5,On time and courteous driver.
T005037,E00470,5,Thousand example cup safe street road the as market remember.
T005039,E00050,5,"Driver was late, missed my shift start."
T005039,E00540,4,Real risk strategy traditional the green expect.
T005040,E00078,4,Employee newspaper once major from someone we machine statement prepare free parent.
T005041,E00642,5,Route felt longer than usual today.
T005042,E00560,4,Vehicle was in poor condition.
T005043,E00123,5,Great experience overall.
T005043,E00084,5,New operation condition understand explain general far road visit character again both player.
T005043,E00559,4,Human body stop list money song he not structure all get region national.
T005043,E00591,4,Route felt longer than usual today.
T005043,E00156,4,Vehicle was in poor condition.
T005043,E00349,5,Route felt longer than usual today.
T005043,E00372,5,Value with issue computer size down full drop upon strong.
T005043,E00255,5,Second pick campaign get goal crime.
T005044,E00201,5,Vehicle was in poor condition.
T005044,E00026,5,"Smooth ride, no complaints."
T005045,E00008,4,Vehicle was in poor condition.
T005045,E00580,5,Route felt longer than usual today.
T005046,E00046,5,Great experience overall.
T005046,E00021,3,Route felt longer than usual today.
T005046,E00041,5,Great experience overall.
T005046,E00270,5,Team consumer policy hundred deal successful maintain second black stage.
T005048,E00523,5,Find most style southern but yourself scene bring.
T005048,E00085,5,Route felt longer than usual today.
T005049,E00612,4,Great experience overall.
T005051,E00296,5,Go make project half cultural center family none computer front fund.
T005051,E00288,5,Finally detail many natural attorney use discuss week this democratic to protect race.
T005053,E00029,4,Tree trial situation everything to simply company.
T005053,E00356,4,City training defense interesting exactly pull dark by bar child popular.
T005054,E00179,5,Center near produce product region next check reason loss bill develop price so.
T005055,E00088,5,On time and courteous driver.
T005055,E00090,5,Realize keep want war already himself.
T005055,E00711,3,"Smooth ride, no complaints."
T005055,E00522,4,"Driver was late, missed my shift start."
T005057,E00749,5,Or range politics you national whole scene military north every bad experience occur.
T005057,E00437,5,"Driver was late, missed my shift start."
T005058,E00157,5,Route felt longer than usual today.
T005058,E00207,5,On time and courteous driver.
T005060,E00639,4,Between toward beautiful high PM my fine agreement.
T005061,E00209,5,"Smooth ride, no complaints."
T005063,E00252,5,"Smooth ride, no complaints."
T005063,E00016,5,Security by military hotel really size respond seek impact college.
T005063,E00459,5,"Smooth ride, no complaints."
T005063,E00752,5,Great experience overall.
T005063,E00398,5,"Driver was late, missed my shift start."
T005064,E00230,4,"Smooth ride, no complaints."
T005064,E00199,4,Great experience overall.
T005064,E00497,5,Route felt longer than usual today.
T005064,E00333,5,"Driver was late, missed my shift start."
T005065,E00125,5,"Driver was late, missed my shift start."
T005066,E00033,5,Science near term certain process into government behavior receive artist.
T005066,E00153,5,Route felt longer than usual today.
T005066,E00456,5,Great experience overall.
T005067,E00723,5,Same drive per western bad prove memory race well film thank.
T005067,E00680,5,About position site spring shake whom.
T005067,E00388,5,On time and courteous driver.
T005067,E00335,5,Great experience overall.
T005067,E00789,5,Vehicle was in poor condition.
T005067,E00767,5,Light fact possible fall information subject stay get beyond decide husband customer.
T005067,E00536,5,"Smooth ride, no complaints."
T005067,E00596,5,"Smooth ride, no complaints."
T005068,E00082,5,Those develop size threat relationship culture forward same.
T005069,E00338,4,Reach sport identify argue yourself cost trade from lead write into.
T005069,E00124,4,View offer purpose affect view Republican.
T005070,E00240,5,"Driver was late, missed my shift start."
T005072,E00382,5,Vehicle was in poor condition.
T005073,E00661,5,Bank another message important get suggest decide history within market tend.
T005073,E00619,4,Route felt longer than usual today.
T005075,E00097,5,"Smooth ride, no complaints."
T005075,E00797,5,Ask public add sell employee notice minute method decision.
T005075,E00056,5,Skin hold according think need rather account message black place most necessary or.
T005075,E00301,4,Great experience overall.
T005076,E00131,3,Place certain ball believe or southern next task well move themselves campaign including.
T005076,E00520,2,"Smooth ride, no complaints."
T005076,E00546,3,Route felt longer than usual today.
T005077,E00362,4,Great experience overall.
T005077,E00468,4,On time and courteous driver.
T005077,E00032,3,Great experience overall.
T005077,E00247,4,Vehicle was in poor condition.
T005078,E00299,4,Great experience overall.
T005078,E00340,3,"Smooth ride, no complaints."
T005078,E00463,3,Great experience overall.
T005079,E00613,5,"Driver was late, missed my shift start."
T005079,E00190,5,"Smooth ride, no complaints."
T005079,E00665,4,Best modern available say lead season.
T005079,E00644,4,Memory whole issue keep success see call.
T005080,E00111,5,Fill site free rather pass collection blue.
T005081,E00742,5,Route felt longer than usual today.
T005081,E00059,5,Route felt longer than usual today.
T005082,E00517,5,Their front see maintain majority back base pass sound too notice.
T005082,E00677,4,"Smooth ride, no complaints."
T005087,E00105,5,Route felt longer than usual today.
T005088,E00687,5,Route felt longer than usual today.
T005089,E00423,5,Dream case will season put interview consumer.
T005090,E00415,5,"Driver was late, missed my shift start."
T005091,E00076,5,Vehicle was in poor condition.
T005091,E00544,5,Garden east man process artist technology there fly send interest.
T005091,E00555,5,Book Democrat body college believe form movement create common behavior.
T005091,E00768,5,Expert doctor free could exist actually list yard.
T005091,E00618,5,Suffer which kid knowledge population fast record fight education central middle.
T005091,E00707,4,"Driver was late, missed my shift start."
T005091,E00399,4,On time and courteous driver.
T005091,E00237,5,Design wonder process black camera form for myself majority likely start tonight.
T005091,E00292,5,Around show future debate shake here approach relate indeed really.
T005091,E00512,5,None investment seat nation smile fall this back film close season political million.
T005092,E00446,4,Enjoy story agent happy learn today particularly right window.
T005092,E00166,4,Instead him instead church require amount inside material any door parent.
T005092,E00683,4,Vehicle was in poor condition.
T005093,E00429,4,Great experience overall.
T005094,E00483,5,Without key quite law find believe television to.
T005094,E00637,5,Route felt longer than usual today.
T005094,E00300,4,On time and courteous driver.
T005094,E00666,5,Edge one top see seven mind worry area activity provide trip along save.
T005094,E00788,5,Vehicle was in poor condition.
T005095,E00447,5,Vehicle was in poor condition.
T005095,E00695,3,"Smooth ride, no complaints."
T005095,E00223,4,Say memory local range try magazine reach TV spring trip.
T005096,E00511,5,On time and courteous driver.
T005097,E00664,4,Bag action however example itself growth successful maybe.
T005097,E00584,4,"Smooth ride, no complaints."
T005097,E00175,3,Route felt longer than usual today.
T005097,E00430,4,Little so marriage town performance moment mention fight table.
T005098,E00220,4,Great experience overall.
T005099,E00713,4,"Driver was late, missed my shift start."
T005099,E00721,4,Route felt longer than usual today.
T005100,E00450,4,Relate man run green red local between them beautiful true own family attack test.
T005100,E00533,5,Use open traditional computer different response.
T005102,E00426,4,"Driver was late, missed my shift start."
T005104,E00380,5,"Driver was late, missed my shift start."
T005104,E00385,5,Benefit much power talk sit treatment way seven provide while.
T005104,E00700,5,Minute international will work number feeling adult director walk vote former.
T005105,E00184,5,You there trouble end benefit sense always kitchen.
T005106,E00745,4,Hear believe southern democratic concern none outside live apply Republican piece.
T005107,E00023,5,Vehicle was in poor condition.
T005108,E00400,5,Individual ready yes music skill walk quickly clearly responsibility local feeling fish miss.
T005109,E00302,5,Myself huge century seem large make charge wear vote cultural feel.
T005110,E00743,5,Identify attention exactly dinner surface general culture professor mention course.
T005110,E00303,5,"Driver was late, missed my shift start."
T005111,E00525,5,Next strong office only term each upon condition world.
T005111,E00739,5,All she officer amount answer single.
T005112,E00241,4,"Driver was late, missed my shift start."
T005112,E00377,4,Evidence with later Democrat respond contain during make.
T005113,E00256,5,"Smooth ride, no complaints."
T005113,E00439,5,Design daughter stage chance artist this key soon occur.
T005114,E00602,5,"Smooth ride, no complaints."
T005114,E00782,5,That hour suddenly service situation light table process safe way road which.
T005114,E00081,4,Concern along billion career throughout my card remain throw total short world rule.
T005114,E00132,4,Range instead bag century reach production risk ever hope bag too recognize.
T005114,E00454,5,Begin how commercial begin go appear interest unit most ready.
T005114,E00570,4,Job structure type degree memory recent large benefit this leg concern offer.
T005115,E00755,5,"Smooth ride, no complaints."
T005115,E00496,5,Great experience overall.
T005115,E00004,5,"Driver was late, missed my shift start."
T005115,E00278,4,Whose take pretty painting beat here sea ability television wonder PM ability commercial.
T005115,E00149,5,Vehicle was in poor condition.
T005116,E00127,5,Officer interest claim everybody front kind wrong face cultural record action.
T005117,E00737,5,Nation may senior information situation expert together future nor scene because several music.
T005117,E00281,5,Great experience overall.
T005117,E00324,5,"Driver was late, missed my shift start."
T005117,E00528,4,Route felt longer than usual today.
T005118,E00322,5,On time and courteous driver.
T005118,E00715,5,Vehicle was in poor condition.
T005118,E00327,4,Population statement fight prepare main even report recognize account return center her.
T005119,E00562,4,May agent rate like head write society most skill expert machine.
T005119,E00130,4,Thought Democrat oil end well explain adult measure development change.
T005121,E00608,4,Route felt longer than usual today.
T005123,E00606,4,"Smooth ride, no complaints."
T005123,E00770,4,"Smooth ride, no complaints."
T005123,E00479,5,Without have else catch instead fill draw something room able.
T005126,E00231,4,Great experience overall.
T005129,E00494,3,Study firm whose positive kitchen better show character whatever.
T005129,E00339,4,Great experience overall.
T005130,E00646,5,"Driver was late, missed my shift start."
T005130,E00387,5,Great experience overall.
T005130,E00294,4,Route felt longer than usual today.
T005130,E00138,5,Vehicle was in poor condition.
T005131,E00275,5,On time and courteous driver.
T005131,E00224,4,Vehicle was in poor condition.
T005131,E00118,5,Concern space education just able woman charge quite maybe loss audience.
T005131,E00746,5,Certain firm significant respond quality investment.
T005132,E00200,3,Route felt longer than usual today.
T005133,E00624,5,"Driver was late, missed my shift start."
T005134,E00719,5,"Smooth ride, no complaints."
T005134,E00391,4,Pick pretty dream owner home long each.
T005135,E00648,3,Vehicle was in poor condition.
T005137,E00042,4,Route felt longer than usual today.
T005138,E00753,5,Vehicle was in poor condition.
T005140,E00575,3,Sense party data measure right money standard network.
T005140,E00072,4,"Smooth ride, no complaints."
T005140,E00120,3,"Driver was late, missed my shift start."
T005142,E00470,5,Route felt longer than usual today.
T005143,E00595,5,Necessary someone miss so change mention where decision.
T005144,E00104,4,On time and courteous driver.
T005144,E00228,5,"Driver was late, missed my shift start."
T005144,E00614,5,Vehicle was in poor condition.
T005144,E00379,5,On time and courteous driver.
T005144,E00069,5,Vehicle was in poor condition.
T005144,E00560,5,"Driver was late, missed my shift start."
T005144,E00521,5,"Driver was late, missed my shift start."
T005144,E00115,5,Route felt longer than usual today.
T005146,E00255,5,Whom bill young give sea economic also space play street place.
T005146,E00610,5,Great experience overall.
T005146,E00372,4,Route felt longer than usual today.
T005147,E00418,4,"Smooth ride, no complaints."
T005147,E00008,5,Lose window do place card often mission heavy might.
T005147,E00219,4,Vehicle was in poor condition.
T005147,E00420,5,Route felt longer than usual today.
T005148,E00735,4,On time and courteous driver.
T005148,E00092,4,On time and courteous driver.
T005149,E00411,5,"Driver was late, missed my shift start."
T005150,E00548,5,"Smooth ride, no complaints."
T005150,E00021,4,Identify project upon upon computer training sister right arm house child rest impact.
T005150,E00307,5,On time and courteous driver.
T005151,E00270,4,"Smooth ride, no complaints."
T005154,E00091,5,"Driver was late, missed my shift start."
T005154,E00356,5,Great experience overall.
T005155,E00107,4,Its movement together last key scientist know similar table which provide director own away.
T005155,E00514,4,Work animal present just traditional may.
T005156,E00288,5,On time and courteous driver.
T005157,E00790,5,Thus direction almost democratic magazine amount interesting window cell bring remember drop evidence.
T005157,E00763,5,Realize marriage hope board movie sister book movie important hour deep oil again.
T005157,E00374,5,War will consumer level summer outside give she space.
T005157,E00563,4,Follow action cause up religious such meet Republican great simple society agree.
T005157,E00090,4,On time and courteous driver.
T005157,E00601,4,Speech tree investment tonight usually nothing six wish population theory fine administration force.
T005157,E00734,4,Pattern financial sense section general parent hear difficult expert.
T005157,E00522,5,Great experience overall.
T005158,E00711,4,Dog high family north beyond article material truth painting know.
T005159,E00749,5,Change center investment that her push series.
T005159,E00157,4,"Driver was late, missed my shift start."
T005159,E00383,4,Various down alone challenge action least guy art suggest success.
T005160,E00786,5,Like throughout join none task reality today board group that help organization act.
T005162,E00284,3,On time and courteous driver.
T005163,E00114,4,Middle their choice what also garden according agent partner show pay.
T005164,E00632,4,On time and courteous driver.
T005164,E00318,4,Route felt longer than usual today.
T005166,E00125,5,On time and courteous driver.
T005166,E00252,4,"Driver was late, missed my shift start."
T005167,E00297,5,Week hand this get nothing term throw.
T005167,E00178,5,Vehicle was in poor condition.
T005167,E00460,5,"Smooth ride, no complaints."
T005167,E00267,5,Ten term eight green job consumer consider benefit.
T005167,E00273,4,Worry finally short couple soon occur health be language nor current visit.
T005167,E00710,5,Great experience overall.
T005167,E00565,3,Necessary first on onto among actually scene purpose itself.
T005168,E00783,4,Vehicle was in poor condition.
T005168,E00038,4,Great experience overall.
T005168,E00333,4,Remain actually issue stage in born size space million machine.
T005168,E00605,4,Route felt longer than usual today.
T005168,E00230,4,Route felt longer than usual today.
T005169,E00789,5,Route felt longer than usual today.
T005169,E00702,5,"Driver was late, missed my shift start."
T005169,E00482,5,On time and courteous driver.
T005169,E00577,5,Relate maybe both law course agent.
T005170,E00022,3,Official over strategy certainly every car kid yourself mind owner.
T005170,E00536,4,Threat however measure which doctor sit cost expert guess avoid grow fly ten.
T005171,E00186,4,On time and courteous driver.
T005171,E00680,4,Very season number change impact enjoy role government your note for party necessary.
T005171,E00732,4,"Driver was late, missed my shift start."
T005172,E00364,5,"Smooth ride, no complaints."
T005172,E00137,5,"Smooth ride, no complaints."
T005172,E00510,4,Route felt longer than usual today.
T005173,E00551,5,Wind evening administration them myself wait into wrong learn performance cost matter such.
T005173,E00259,5,Reach head member fill line from.
T005174,E00717,5,Check agree skill risk street hotel according possible final personal.
T005174,E00738,5,"Smooth ride, no complaints."
T005174,E00619,4,Route felt longer than usual today.
T005175,E00706,5,Route felt longer than usual today.
T005176,E00382,5,Vehicle was in poor condition.
T005178,E00014,5,"Smooth ride, no complaints."
T005178,E00503,5,Guess teacher catch threat sister single determine.
T005179,E00089,5,Apply house heart heavy student suffer stop ahead give again.
T005180,E00463,4,Route felt longer than usual today.
T005181,E00213,4,System popular recent into machine through defense source of whose on unit.
T005181,E00299,5,Maintain difficult charge note order relate for charge really.
T005181,E00056,4,Route felt longer than usual today.
T005181,E00160,5,Rule use space adult by catch institution site market training shoulder final economy.
T005182,E00369,4,Collection beyond spend ok candidate possible seven card.
T005184,E00177,4,Last yeah use board despite task economic partner work during you have.
T005186,E00778,4,Economic move should actually final describe cultural think.
T005188,E00128,4,Kitchen plan sort indicate idea together need including mother security when turn.
T005188,E00677,5,All resource traditional office glass they.
T005189,E00485,4,Name foreign strategy tend apply begin finish determine.
T005191,E00007,4,Would second will law blood player which law whom Republican event unit.
T005193,E00237,5,Sometimes they woman the boy prove successful.
T005193,E00707,4,On time and courteous driver.
T005193,E00217,4,Route felt longer than usual today.
T005194,E00544,5,Western even image thousand price game book.
T005194,E00492,5,Along test image guy successful treat hospital.
T005194,E00399,5,Great experience overall.
T005194,E00674,5,Route felt longer than usual today.
T005194,E00112,5,"Smooth ride, no complaints."
T005194,E00670,5,Network fact six project dog them rate detail use many item page.
T005195,E00181,4,Vehicle was in poor condition.
T005195,E00768,5,Great experience overall.
T005195,E00389,5,Peace animal production every two something do soon bill into.
T005196,E00065,4,Route felt longer than usual today.
T005196,E00537,5,"Smooth ride, no complaints."
T005197,E00545,4,High win member finally position money hot fine.
T005197,E00175,4,Route felt longer than usual today.
T005197,E00721,5,Nature do design friend wait process sell customer.
T005197,E00633,5,Great experience overall.
T005198,E00196,5,Bank current quality culture issue spring watch to clearly medical.
T005198,E00666,5,Could fill within officer course color compare show threat section lot herself.
T005198,E00713,5,"Smooth ride, no complaints."
T005199,E00664,5,On time and courteous driver.
T005199,E00223,4,Recognize test newspaper thing get national program mission way sport product build play.
T005200,E00058,4,On time and courteous driver.
T005200,E00136,4,"Smooth ride, no complaints."
T005200,E00133,4,Great experience overall.
T005201,E00433,5,"Driver was late, missed my shift start."
T005201,E00478,4,Recent race fight month film event tend crime live offer.
T005201,E00430,5,Great experience overall.
T005201,E00736,4,Bit main imagine keep operation special area by together scientist energy.
T005202,E00023,4,"Smooth ride, no complaints."
T005203,E00450,4,On time and courteous driver.
T005203,E00311,5,Buy media others end finish one we call bit two.
T005204,E00336,5,When down natural accept while suddenly beautiful later three practice herself parent.
T005204,E00358,5,Route felt longer than usual today.
T005205,E00184,4,On time and courteous driver.
T005206,E00533,5,"Driver was late, missed my shift start."
T005207,E00700,5,Fight foot yourself man whether successful after.
T005209,E00685,4,High believe itself pull here war year go listen could.
T005209,E00400,5,Great experience overall.
T005209,E00412,5,Time military according people cut author man attention peace main off.
T005211,E00102,5,On time and courteous driver.
T005211,E00743,5,"Smooth ride, no complaints."
T005211,E00772,4,Vehicle was in poor condition.
T005212,E00380,5,"Driver was late, missed my shift start."
T005212,E00214,5,Vehicle was in poor condition.
T005213,E00256,5,"Driver was late, missed my shift start."
T005213,E00117,5,Great experience overall.
T005213,E00242,5,Great experience overall.
T005213,E00304,4,Vehicle was in poor condition.
T005213,E00352,5,"Smooth ride, no complaints."
T005213,E00122,5,Great experience overall.
T005213,E00473,5,"Driver was late, missed my shift start."
T005213,E00063,5,"Driver was late, missed my shift start."
T005215,E00585,4,Route felt longer than usual today.
T005215,E00278,5,Vehicle was in poor condition.
T005216,E00755,3,Politics prevent federal general find grow evidence tax prepare force simple my.
T005216,E00081,5,Himself already the company hour risk suddenly military.
T005217,E00715,5,"Smooth ride, no complaints."
T005217,E00322,5,Either thus million attention still financial cause life college crime those statement.
T005217,E00127,5,"Driver was late, missed my shift start."
T005217,E00408,5,Route felt longer than usual today.
T005218,E00475,4,All up skin rich his economy about against according public energy require buy.
T005218,E00629,4,"Driver was late, missed my shift start."
T005219,E00528,4,"Smooth ride, no complaints."
T005219,E00324,4,Pass memory stuff look decision agreement manage station dream yes space lead coach.
T005219,E00281,5,On time and courteous driver.
T005219,E00198,5,Develop interview tax arrive story certainly power three forward answer less ground.
T005221,E00036,5,Great experience overall.
T005222,E00554,4,"Smooth ride, no complaints."
T005222,E00188,4,Successful clearly serious prevent hand operation appear soldier seven technology.
T005222,E00643,4,Great experience overall.
T005222,E00146,4,"Driver was late, missed my shift start."
T005223,E00147,4,"Smooth ride, no complaints."
T005223,E00130,5,Life couple figure hard crime probably speak onto fast inside plant station resource.
T005224,E00028,5,Great experience overall.
T005225,E00263,4,Great experience overall.
T005226,E00169,5,On time and courteous driver.
T005226,E00645,5,"Driver was late, missed my shift start."
T005226,E00231,4,Vehicle was in poor condition.
T005226,E00526,5,Vehicle was in poor condition.
T005227,E00339,4,"Driver was late, missed my shift start."
T005227,E00098,3,No religious choose effort action fire election recognize boy system fact social part.
T005228,E00145,4,"Driver was late, missed my shift start."
T005229,E00501,5,Great experience overall.
T005230,E00305,4,"Smooth ride, no complaints."
T005231,E00013,5,Red its information response wind within choose.
T005233,E00224,5,Under those community American include music position probably cold minute.
T005233,E00746,4,Growth leg tree could position five of happen.
T005233,E00701,4,On time and courteous driver.
T005233,E00684,5,Vehicle was in poor condition.
T005233,E00387,5,Vehicle was in poor condition.
T005234,E00206,5,North choose as lot test focus others performance learn huge fire class suffer.
T005234,E00138,5,Pull peace four job movie into impact get law decision same bad.
T005235,E00793,4,Route felt longer than usual today.
T005235,E00592,4,Physical early popular usually whole manage skill.
T005236,E00290,5,Condition feeling say Democrat society eye simply former six.
T005236,E00306,5,Nor money pick peace those wife no camera character.
T005236,E00724,5,Vehicle was in poor condition.
T005237,E00343,4,Great experience overall.
T005237,E00121,5,On time and courteous driver.
T005237,E00502,4,Vehicle was in poor condition.
T005237,E00227,5,"Smooth ride, no complaints."
T005238,E00274,5,Vehicle was in poor condition.
T005238,E00719,5,Great experience overall.
T005238,E00386,5,Vehicle was in poor condition.
T005239,E00609,5,Great experience overall.
T005239,E00061,4,Vehicle was in poor condition.
T005240,E00334,5,Great experience overall.
T005240,E00427,5,Democrat perhaps court game eat sense common ask as.
T005241,E00705,4,Quite expert here watch again skill well rich.
T005241,E00490,5,On time and courteous driver.
T005241,E00144,5,Speak same charge see like while live fly through admit another travel although.
T005242,E00753,5,"Smooth ride, no complaints."
T005243,E00595,5,"Smooth ride, no complaints."
T005243,E00042,5,Route felt longer than usual today.
T005244,E00072,5,"Smooth ride, no complaints."
T005245,E00390,3,Standard class three resource decide full guy condition.
T005245,E00401,4,"Smooth ride, no complaints."
T005247,E00365,5,On time and courteous driver.
T005247,E00521,4,Route felt longer than usual today.
T005247,E00226,5,"Driver was late, missed my shift start."
T005247,E00654,5,"Driver was late, missed my shift start."
T005248,E00488,5,"Smooth ride, no complaints."
T005249,E00568,4,Others difference course new treat better wish very important discover card.
T005249,E00559,5,Route felt longer than usual today.
T005249,E00062,5,On time and courteous driver.
T005249,E00372,4,Box enough data little from already focus.
T005249,E00628,5,Hotel myself key nearly special she whether quickly police seven beyond condition Mr.
T005249,E00255,4,Cultural company rather couple green environmental particularly American.
T005250,E00420,5,Response state none could along these game bar.
T005251,E00735,4,Easy customer nature government future case whom vote role join sing.
T005251,E00594,5,Herself these these form exist would on address partner pattern its parent bad right.
T005252,E00085,3,"Smooth ride, no complaints."
T005252,E00411,4,Route felt longer than usual today.
T005253,E00360,5,On time and courteous driver.
T005253,E00775,5,Loss night many notice hot number.
T005253,E00650,4,"Smooth ride, no complaints."
T005254,E00314,5,Design modern board notice position thought physical face wide treat least home community.
T005254,E00046,5,On time and courteous driver.
T005254,E00254,4,Vehicle was in poor condition.
T005255,E00394,5,"Smooth ride, no complaints."
T005255,E00612,5,"Smooth ride, no complaints."
T005255,E00091,5,Out product already eye gun both summer.
T005256,E00288,5,Vehicle was in poor condition.
T005259,E00179,4,"Driver was late, missed my shift start."
T005260,E00248,4,Vehicle was in poor condition.
T005260,E00088,5,Mind how design two laugh four dark they alone measure.
T005260,E00040,5,Painting impact its item thought mouth spend street environmental attorney history trial arrive.
T005260,E00310,5,"Driver was late, missed my shift start."
T005260,E00090,5,Great summer base red education left skin various safe range face.
T005260,E00563,4,Back future keep at and daughter area produce.
T005260,E00332,5,Route felt longer than usual today.
T005261,E00374,3,Vehicle was in poor condition.
T005262,E00157,4,Great experience overall.
T005262,E00207,5,Leave of among turn nation official former.
T005262,E00740,4,Route felt longer than usual today.
T005262,E00588,5,Great experience overall.
T005263,E00341,5,"Smooth ride, no complaints."
T005264,E00657,5,"Smooth ride, no complaints."
T005264,E00194,5,Particular part write test federal eight claim between note shoulder.
T005266,E00244,4,Score collection religious whole nature animal catch why.
T005266,E00397,5,On time and courteous driver.
T005267,E00114,4,Series time blue and evening president.
T005267,E00632,4,Vehicle was in poor condition.
T005268,E00318,4,"Driver was late, missed my shift start."
T005269,E00752,4,Once first sometimes few billion able skin next add bad drug entire pick.
T005269,E00710,5,Vehicle was in poor condition.
T005269,E00762,3,Vehicle was in poor condition.
T005269,E00800,4,Wife read training situation effort threat commercial in.
T005269,E00297,3,On time and courteous driver.
T005269,E00086,4,Career realize ready record science condition future outside rich actually eye.
T005270,E00230,5,Vehicle was in poor condition.
T005270,E00406,5,Ago west law remain everybody happen down number reduce.
T005270,E00329,4,Month front personal laugh spend yet me computer nothing nature near.
T005270,E00291,5,On time and courteous driver.
T005270,E00253,5,On time and courteous driver.
T005271,E00660,3,Charge situation shoulder hope very this single Mr.
T005271,E00191,3,Sound ability account seven life relationship parent purpose group trial store rather performance.
T005271,E00129,3,Route felt longer than usual today.
T005271,E00199,4,Light power dog key career suffer.
T005271,E00178,3,Dream out ability home final positive life long.
T005272,E00096,5,Great experience overall.
T005272,E00218,5,Nearly conference happy level manage along boy discover dinner account.
T005272,E00080,5,"Smooth ride, no complaints."
T005273,E00767,5,Vehicle was in poor condition.
T005273,E00315,5,Great experience overall.
T005273,E00052,5,Vehicle was in poor condition.
T005273,E00577,5,From him tree indeed knowledge edge top course.
T005273,E00631,5,Route felt longer than usual today.
T005273,E00655,5,Great experience overall.
T005274,E00731,4,Route felt longer than usual today.
T005274,E00723,4,Vehicle was in poor condition.
T005274,E00159,5,Attorney beyond before increase dinner fact much smile feeling.
T005274,E00265,5,Include it beautiful few defense or street.
T005275,E00438,4,Great experience overall.
T005276,E00466,5,"Smooth ride, no complaints."
T005277,E00678,5,You politics president find nothing east.
T005278,E00532,5,Start political cultural star here many debate fill think relationship.
T005278,E00173,5,Vehicle was in poor condition.
T005278,E00140,5,Vehicle was in poor condition.
T005279,E00465,5,Base until foot contain senior career cause foot describe final.
T005279,E00259,4,Route felt longer than usual today.
T005279,E00444,4,Great experience overall.
T005279,E00126,4,Route felt longer than usual today.
T005280,E00750,5,Route felt longer than usual today.
T005280,E00298,5,Rise statement other several nothing Republican other image wind lay.
T005281,E00020,5,Dream political get budget parent a raise family west eye century upon war.
T005282,E00143,4,Food American final woman me across.
T005282,E00183,3,Three address hundred center plant when practice number education tend put.
T005282,E00432,3,Vehicle was in poor condition.
T005283,E00407,2,"Driver was late, missed my shift start."
T005284,E00541,5,Herself painting however start including father less.
T005284,E00234,5,Great experience overall.
T005284,E00546,5,"Smooth ride, no complaints."
T005285,E00615,5,"Smooth ride, no complaints."
T005286,E00421,5,Room could them water end finish expect.
T005287,E00480,4,Vehicle was in poor condition.
T005287,E00506,5,On time and courteous driver.
T005288,E00211,5,"Smooth ride, no complaints."
T005288,E00172,5,"Smooth ride, no complaints."
T005289,E00266,5,Main meeting want loss what long figure look talk control.
T005290,E00415,5,Message remember above small real deal car past night sort responsibility we speech.
T005290,E00369,3,"Driver was late, missed my shift start."
T005291,E00070,5,Ability political indicate team building note audience task executive behind music.
T005291,E00677,5,Final least institution but indeed among decade.
T005292,E00472,3,"Smooth ride, no complaints."
T005292,E00357,3,Great experience overall.
T005292,E00593,2,On for reality huge standard middle contain citizen maybe.
T005293,E00718,2,Great experience overall.
T005293,E00777,3,Route felt longer than usual today.
T005295,E00295,3,"Smooth ride, no complaints."
T005295,E00279,5,"Smooth ride, no complaints."
T005295,E00683,5,Great experience overall.
T005295,E00707,4,Route felt longer than usual today.
T005295,E00512,5,"Smooth ride, no complaints."
T005295,E00112,5,Finish identify fill be action trial him public happy college they citizen front.
T005296,E00292,5,Vehicle was in poor condition.
T005296,E00440,5,Month animal natural friend those interest address area region show experience.
T005296,E00625,4,Say stand whether same bad any light agency successful catch doctor month.
T005296,E00709,5,Great experience overall.
T005296,E00725,5,On time and courteous driver.
T005296,E00539,4,On time and courteous driver.
T005296,E00076,5,"Smooth ride, no complaints."
T005297,E00555,4,Route felt longer than usual today.
T005297,E00618,5,"Driver was late, missed my shift start."
T005297,E00627,4,"Driver was late, missed my shift start."
T005298,E00652,4,Point strategy reduce start reason cause personal word along check.
T005298,E00478,5,Animal daughter he network development office pay grow.
T005299,E00483,4,On time and courteous driver.
T005300,E00664,5,Route felt longer than usual today.
T005301,E00713,5,On time and courteous driver.
T005301,E00243,4,On time and courteous driver.
T005305,E00587,5,Recognize whatever phone yeah old several light.
T005305,E00214,5,Vehicle was in poor condition.
T005306,E00371,5,Route felt longer than usual today.
T005306,E00205,5,Vehicle was in poor condition.
T005307,E00303,4,Vehicle was in poor condition.
T005308,E00102,4,Must product own keep yard hope join mouth choose.
T005309,E00441,4,"Smooth ride, no complaints."
T005310,E00405,5,Vehicle was in poor condition.
T005310,E00525,5,"Smooth ride, no complaints."
T005310,E00589,5,Route felt longer than usual today.
T005311,E00412,4,"Driver was late, missed my shift start."
T005311,E00509,4,"Driver was late, missed my shift start."
T005312,E00045,5,"Driver was late, missed my shift start."
T005313,E00381,5,Account necessary fall candidate side special serious structure forget fight rather.
T005315,E00311,5,Heavy least cup together choice age month finally put such player special.
T005316,E00242,5,Great experience overall.
T005316,E00600,4,Route felt longer than usual today.
T005316,E00323,5,Vehicle was in poor condition.
T005318,E00012,4,Phone onto reflect center community opportunity bad decade service military down positive one.
T005318,E00567,5,Together often near senior away whether just improve throughout.
T005318,E00720,3,Personal yet your send evidence where.
T005318,E00782,5,Test executive suggest color best subject.
T005318,E00455,4,Great experience overall.
T005318,E00047,4,Great experience overall.
T005318,E00598,4,Now thought who center minute with practice several.
T005319,E00039,5,"Driver was late, missed my shift start."
T005319,E00694,4,Someone important purpose option without which speak.
T005319,E00667,5,Store mind moment form ten war pressure into car.
T005319,E00141,4,Great experience overall.
T005320,E00621,4,"Driver was late, missed my shift start."
T005323,E00562,5,Billion majority without save lot professor baby drug in city increase role.
T005323,E00130,4,Environment responsibility campaign use somebody decision glass sort doctor manage available sometimes in.
T005323,E00147,5,Great experience overall.
T005323,E00552,5,Route felt longer than usual today.
T005324,E00402,4,Research improve matter south blood couple range people society.
T005324,E00188,5,Simply thought story power vote miss teacher.
T005324,E00192,5,Vehicle was in poor condition.
T005325,E00729,4,Rate stuff nearly moment trouble step apply expect animal course.
T005325,E00036,5,Economic full size will meeting member address six which Mrs.
T005325,E00317,5,Really from direction bank manager him any.
T005326,E00586,5,Route felt longer than usual today.
T005326,E00643,5,Believe night conference more plan new that mention rather least bed.
T005327,E00189,4,Take cup west director material together.
T005327,E00635,4,Girl become possible several respond listen.
T005328,E00526,4,Great experience overall.
T005329,E00305,4,Wrong never continue military walk democratic.
T005329,E00110,5,Great experience overall.
T005331,E00640,4,Vehicle was in poor condition.
T005334,E00002,4,"Smooth ride, no complaints."
T005335,E00006,4,Recently stuff common pick talk store feeling.
T005335,E00030,3,Again set finally note mouth open chair foreign.
T005335,E00015,4,Determine often student administration again before later moment room difficult everybody.
T005335,E00746,5,"Driver was late, missed my shift start."
T005336,E00599,3,Article billion hair project cup analysis.
T005336,E00516,4,On time and courteous driver.
T005337,E00776,5,"Driver was late, missed my shift start."
T005338,E00793,3,Kitchen home hope live hit upon.
T005338,E00386,4,Vehicle was in poor condition.
T005338,E00724,3,"Smooth ride, no complaints."
T005339,E00053,4,"Smooth ride, no complaints."
T005339,E00708,5,On time and courteous driver.
T005339,E00164,5,On time and courteous driver.
T005340,E00648,4,Vehicle was in poor condition.
T005341,E00057,5,"Smooth ride, no complaints."
T005342,E00204,5,"Driver was late, missed my shift start."
T005343,E00144,4,Great experience overall.
T005343,E00061,5,Rate I safe talk financial real purpose career political all.
T005343,E00476,5,Mission call finally model street audience black home hotel cause sit effort eight.
T005344,E00595,4,Have central under material leave bar develop number table practice.
T005345,E00334,5,On time and courteous driver.
T005347,E00540,4,Route felt longer than usual today.
T005347,E00792,5,Check religious on impact wear why once TV weight local red.
T005349,E00034,5,Vehicle was in poor condition.
T005351,E00628,5,Great experience overall.
T005351,E00349,5,On time and courteous driver.
T005351,E00084,5,"Smooth ride, no complaints."
T005352,E00418,4,Attention perhaps artist argue soon interest statement TV.
T005352,E00219,5,Stand care recently soldier skill office success message economic.
T005352,E00649,5,Great experience overall.
T005353,E00594,4,Southern fight always ten hand lead.
T005353,E00679,4,Story fish which himself trade everything quite firm.
T005353,E00221,5,"Driver was late, missed my shift start."
T005353,E00026,4,Information believe learn society born bar budget although management bit.
T005354,E00342,5,Realize personal should court happen institution.
T005354,E00035,5,"Smooth ride, no complaints."
T005355,E00523,5,Route felt longer than usual today.
T005357,E00113,4,Great experience overall.
T005357,E00210,3,On time and courteous driver.
T005358,E00296,4,Operation control way important gun the case leave back agreement Republican suggest theory could.
T005358,E00367,5,Something message election another middle assume issue service reality might what sell standard.
T005359,E00029,5,Exactly certain or them subject music describe step.
T005360,E00612,3,Real about Republican despite on north describe.
T005361,E00179,4,Add account easy usually themselves general finally save throw note strategy black fight.
T005361,E00107,5,Vehicle was in poor condition.
T005363,E00711,5,"Smooth ride, no complaints."
T005363,E00148,3,Vehicle was in poor condition.
T005363,E00790,5,"Smooth ride, no complaints."
T005363,E00504,5,"Smooth ride, no complaints."
T005363,E00763,5,Item save challenge goal nature also school song another foot.
T005363,E00522,5,"Driver was late, missed my shift start."
T005365,E00341,5,Great experience overall.
T005365,E00157,5,Central true save nor even cover.
T005366,E00116,5,Teach sing several travel might cover miss thing most must herself impact travel.
T005366,E00749,4,"Driver was late, missed my shift start."
T005366,E00207,5,Bag red home knowledge whom those lay remember five our respond.
T005366,E00588,5,Religious value small read performance group evening music pass understand name because PM.
T005366,E00437,5,Real election strategy some sell line gun.
T005367,E00331,4,On time and courteous driver.
T005367,E00690,5,Great experience overall.
T005367,E00244,4,Source line use American involve enter successful move myself weight than themselves.
T005368,E00280,3,Great experience overall.
T005369,E00209,5,Great experience overall.
T005369,E00632,5,Mouth start history might option happy agent difficult off turn cut leave.
T005370,E00686,5,"Driver was late, missed my shift start."
T005371,E00329,4,Tv study ball then against drive student spring smile teach deep.
T005371,E00779,5,Nation share avoid today admit hospital find mouth.
T005371,E00016,3,"Driver was late, missed my shift start."
T005371,E00291,4,On time and courteous driver.
T005371,E00710,4,"Driver was late, missed my shift start."
T005371,E00660,5,Vehicle was in poor condition.
T005371,E00459,4,Great experience overall.
T005371,E00018,3,"Driver was late, missed my shift start."
T005371,E00230,5,Vehicle was in poor condition.
T005372,E00556,3,Somebody subject until continue improve class trouble discussion.
T005372,E00267,5,"Driver was late, missed my shift start."
T005373,E00795,5,"Driver was late, missed my shift start."
T005373,E00161,5,On time and courteous driver.
T005373,E00199,5,On time and courteous driver.
T005373,E00337,5,Produce activity figure since finally pretty exist total who condition as section.
T005374,E00515,4,Route felt longer than usual today.
T005374,E00577,5,Vehicle was in poor condition.
T005374,E00676,5,On time and courteous driver.
T005374,E00689,5,Tend order fast over no big.
T005374,E00524,5,Soon program arm total not able per reason return particularly until.
T005374,E00022,5,Suddenly statement through however information let others head begin always resource go.
T005374,E00789,4,Vehicle was in poor condition.
T005374,E00448,4,Five really card arm yet personal almost money.
T005375,E00315,5,Vehicle was in poor condition.
T005375,E00052,5,On time and courteous driver.
T005375,E00080,5,Law trip opportunity reflect health agency area either ever general.
T005376,E00033,4,Quite among traditional risk time market its soon toward cost.
T005377,E00011,5,Box floor nothing state no north against create.
T005377,E00465,5,On time and courteous driver.
T005377,E00154,4,Route felt longer than usual today.
T005377,E00564,5,Route felt longer than usual today.
T005378,E00678,4,Great experience overall.
T005379,E00443,5,Brother dinner long hotel scientist whom.
T005379,E00260,5,Continue public describe through evidence woman cover simply dinner letter type.
T005379,E00126,5,On time and courteous driver.
T005379,E00338,5,On time and courteous driver.
T005380,E00769,3,Inside live under very hold nation daughter control bring several.
T005380,E00134,5,Route felt longer than usual today.
T005380,E00500,5,Route felt longer than usual today.
T005381,E00438,4,On time and courteous driver.
T005381,E00706,4,Executive industry with page win rock thought kid live plant experience soldier.
T005381,E00469,4,Full seek near house federal because receive conference case nothing enter Mrs.
T005382,E00340,5,"Driver was late, missed my shift start."
T005383,E00234,5,Great experience overall.
T005383,E00644,4,Great experience overall.
T005383,E00313,5,Suggest pay nice guy huge certain project.
T005384,E00520,5,Wish debate blue nearly lose hotel employee phone event nice long magazine.
T005384,E00160,5,Knowledge imagine culture knowledge return west young cover model.
T005384,E00183,5,System young west condition main notice industry area important much some.
T005384,E00463,5,Just research executive try weight form reflect professor subject likely.
T005385,E00299,5,Idea certain attorney decide sign form most identify fish.
T005385,E00298,5,Get beat as throughout quality do miss.
T005385,E00468,5,Great experience overall.
T005385,E00097,5,Route felt longer than usual today.
T005387,E00271,4,Great experience overall.
T005388,E00177,4,Route felt longer than usual today.
T005389,E00415,5,Past politics machine another see rule produce interview skin TV effect study space situation.
T005391,E00718,5,Management son scene note pass leg blood.
T005393,E00357,3,Hard term contain final scene enjoy history too friend read.
T005393,E00742,3,Guess main laugh soldier value try boy myself cause wait conference something leg.
T005394,E00472,4,Great experience overall.
T005397,E00266,4,"Driver was late, missed my shift start."
T005398,E00707,5,Bar present matter art bank everyone million.
T005398,E00674,5,Rest wish effect wind fire table.
T005398,E00768,5,Vehicle was in poor condition.
T005398,E00094,5,Land magazine face population change Congress third attention camera production.
T005398,E00726,5,Near statement drop hope speech yeah.
T005398,E00389,5,Great experience overall.
T005398,E00582,5,Vehicle was in poor condition.
T005399,E00544,4,Route felt longer than usual today.
T005399,E00276,4,Great experience overall.
T005399,E00440,5,Military group message act even over spend market catch wonder law firm evening.
T005399,E00625,4,Great experience overall.
T005400,E00422,5,"Driver was late, missed my shift start."
T005400,E00669,4,Interview listen too couple apply century trip hot particular everybody.
T005400,E00626,5,My pass ahead article human spend off level cup area indicate two international.
T005401,E00175,5,Vehicle was in poor condition.
T005401,E00370,5,Route felt longer than usual today.
T005401,E00277,5,Result former time two opportunity matter worry environmental feel traditional wide.
T005402,E00243,5,"Smooth ride, no complaints."
T005403,E00695,4,On time and courteous driver.
T005403,E00652,5,Great experience overall.
T005403,E00447,5,Central morning exactly cause up often common.
T005403,E00487,5,One rate still open begin bag catch consider sell.
T005405,E00133,5,Pretty write population meet back himself everything foot style resource.
T005407,E00745,5,Close discover account short teacher later live back approach animal.
T005407,E00208,5,Citizen rise ago drop set less section dream.
T005408,E00547,4,Route felt longer than usual today.
T005408,E00311,4,Life either mother instead you despite simply stage writer cell worker.
T005410,E00743,5,Great experience overall.
T005410,E00044,5,Great experience overall.
T005410,E00569,5,Route felt longer than usual today.
T005411,E00405,3,Great experience overall.
T005411,E00772,5,Use space specific drug resource when loss area green garden community per.
T005412,E00441,5,"Driver was late, missed my shift start."
T005412,E00205,5,"Smooth ride, no complaints."
T005413,E00381,4,Seven owner partner nation catch deal treatment quite these.
T005414,E00450,5,Green wonder walk maybe mind save collection.
T005414,E00525,4,Great experience overall.
T005416,E00023,5,Again myself environment camera simply form again include.
T005417,E00442,5,Leader story region room rest stage.
T005418,E00302,4,On time and courteous driver.
T005419,E00063,5,Vehicle was in poor condition.
T005419,E00451,5,Success feel today stand feel stay light pressure.
T005419,E00733,4,Route felt longer than usual today.
T005419,E00439,5,Great experience overall.
T005419,E00538,4,On time and courteous driver.
T005419,E00529,5,Great experience overall.
T005419,E00352,4,On time and courteous driver.
T005420,E00075,4,"Driver was late, missed my shift start."
T005421,E00452,5,Attorney discover body space really indeed money main bring among fear.
T005421,E00004,5,Great experience overall.
T005421,E00755,4,Source fish rise investment discuss watch whom month he degree.
T005421,E00047,5,Space song address tax never general Republican.
T005421,E00395,5,Her race reason list alone cost plant.
T005422,E00081,3,Choice figure book according dog sit sport upon might success all economic wish.
T005423,E00264,5,On time and courteous driver.
T005423,E00324,4,Notice management her person fine report able safe piece.
T005423,E00771,4,Start production stage determine product represent generation century ok small common threat television.
T005424,E00363,4,Likely rather whether always the condition write grow capital coach my dog.
T005424,E00408,4,Route felt longer than usual today.
T005425,E00403,4,Vehicle was in poor condition.
T005425,E00475,5,On time and courteous driver.
T005426,E00139,4,On time and courteous driver.
T005426,E00729,4,Vehicle was in poor condition.
T005426,E00163,4,On time and courteous driver.
T005426,E00317,3,Himself short more more factor him support bring support ten.
T005427,E00608,5,Like movie enjoy letter good north return shoulder toward.
T005427,E00147,4,Nothing so industry around idea most road half.
T005427,E00586,5,Single consumer way culture interesting draw would apply read tonight future.
T005428,E00055,3,State weight call leg structure article real public choice traditional trip.
T005428,E00192,2,Part either short sea issue feel Mr her however player process.
T005428,E00195,4,In tax build coach measure across above tough add.
T005429,E00635,4,Deep wait kitchen course member major best.
T005431,E00414,4,"Smooth ride, no complaints."
T005431,E00640,5,"Smooth ride, no complaints."
T005433,E00505,5,Drive speech couple Congress foot rich production my development lose sister tough.
T005434,E00606,5,Great experience overall.
T005435,E00189,4,Vehicle was in poor condition.
T005435,E00501,5,On time and courteous driver.
T005435,E00002,5,That decide dog forget break every likely.
T005435,E00263,4,Great experience overall.
T005436,E00646,4,Hard much instead spring bad recognize anyone affect goal beat would.
T005436,E00118,5,Today class rule matter sell perhaps personal deal feeling professor be argue.
T005436,E00224,4,On time and courteous driver.
T005437,E00692,3,Route felt longer than usual today.
T005438,E00174,4,Wife politics home try different where wife girl go moment possible.
T005438,E00576,3,Route felt longer than usual today.
T005439,E00462,5,On time and courteous driver.
T005440,E00343,5,Lose marriage full foreign water deep meeting several save necessary visit make.
T005440,E00151,5,Great experience overall.
T005440,E00648,4,"Smooth ride, no complaints."
T005440,E00386,5,Exactly eight movie point admit property piece because media resource town fear.
T005440,E00793,4,"Driver was late, missed my shift start."
T005441,E00502,5,Near final pattern claim idea evidence follow.
T005441,E00200,5,Great experience overall.
T005441,E00268,5,Great experience overall.
T005441,E00434,5,Assume technology where which economic subject.
T005441,E00620,4,Produce at instead cover analysis family right north bar list do phone.
T005443,E00042,5,Choose hold positive lose finish support under our region see its against.
T005446,E00575,4,Great experience overall.
T005446,E00390,5,Measure pattern hold particularly grow idea subject.
T005447,E00753,5,Great experience overall.
T005447,E00427,5,Star teacher cost officer tell relationship would.
T005450,E00634,5,Me fight guess speak against manage development cup help both.
T005450,E00476,5,Great experience overall.
T005451,E00072,5,Official word care picture impact often might identify process.
T005452,E00104,3,Great experience overall.
T005452,E00226,4,"Smooth ride, no complaints."
T005452,E00365,3,"Driver was late, missed my shift start."
T005452,E00521,3,Positive nation design top process sometimes where view property college.
T005452,E00228,3,Great experience overall.
T005452,E00115,3,Vehicle was in poor condition.
T005452,E00642,3,On time and courteous driver.
T005453,E00373,2,Route felt longer than usual today.
T005454,E00255,4,"Smooth ride, no complaints."
T005454,E00610,5,"Driver was late, missed my shift start."
T005455,E00735,4,On time and courteous driver.
T005455,E00420,5,Vehicle was in poor condition.
T005456,E00418,4,Indeed still nothing set professor full.
T005456,E00649,5,More drive action son glass arrive reflect necessary least if.
T005456,E00594,5,"Smooth ride, no complaints."
T005457,E00083,5,"Smooth ride, no complaints."
T005457,E00523,5,Effect face best task always military successful face newspaper.
T005457,E00775,5,Route felt longer than usual today.
T005458,E00417,4,Drive be part senior cost right clear laugh wait traditional media decide.
T005459,E00021,3,On time and courteous driver.
T005459,E00411,5,Great experience overall.
T005460,E00394,5,On time and courteous driver.
T005460,E00366,5,"Smooth ride, no complaints."
T005461,E00558,5,On time and courteous driver.
T005462,E00210,5,Route felt longer than usual today.
T005463,E00029,5,Market structure phone could vote maybe.
T005463,E00091,5,Become product beat wind later behind according expect company who man despite at.
T005464,E00514,4,Vehicle was in poor condition.
T005464,E00356,4,Floor series energy list party maybe police accept society.
T005464,E00107,3,On time and courteous driver.
T005466,E00601,5,Seem theory bed draw street reach.
T005468,E00588,5,Great experience overall.
T005468,E00656,5,Return everybody natural adult trouble bag risk today.
T005469,E00207,5,Vehicle was in poor condition.
T005469,E00518,5,Claim great player ten they oil letter man chair eye population represent week.
T005471,E00331,4,Help military turn think financial night threat health read nation.
T005472,E00318,5,Deal however foreign set finally this us picture.
T005474,E00114,5,Bit middle score reach owner recently participant address memory difference wall thousand successful.
T005475,E00329,5,Girl building like play single her thought career idea raise.
T005475,E00337,4,Brother role off note citizen response leader laugh agree stuff speech interesting six.
T005475,E00016,5,On time and courteous driver.
T005475,E00077,5,Lay toward fast much interest style last professional floor training.
T005475,E00086,5,Make lot reality society phone administration total fish run in card.
T005476,E00398,5,On time and courteous driver.
T005476,E00252,4,Sister dog too not everything sign reality unit rest.
T005476,E00460,5,"Driver was late, missed my shift start."
T005476,E00003,5,Material matter staff large land population name vote end I season.
T005476,E00325,5,Great experience overall.
T005476,E00605,5,"Smooth ride, no complaints."
T005476,E00549,5,Choice win yet voice career eat able forward sometimes quite.
T005477,E00191,3,Cold pick moment address clearly research put choose prevent get since that matter.
T005477,E00297,4,"Driver was late, missed my shift start."
T005478,E00542,4,Route felt longer than usual today.
T005478,E00153,5,"Driver was late, missed my shift start."
T005478,E00456,5,Series area mission democratic sport all out old attention reason over risk individual.
T005478,E00759,5,Vehicle was in poor condition.
T005478,E00754,5,"Smooth ride, no complaints."
T005479,E00607,5,Route felt longer than usual today.
T005479,E00082,5,Rate power generation example significant family bad step.
T005479,E00033,4,Route felt longer than usual today.
T005479,E00693,4,Vehicle was in poor condition.
T005479,E00368,5,On time and courteous driver.
T005479,E00723,3,"Driver was late, missed my shift start."
T005479,E00022,5,"Driver was late, missed my shift start."
T005480,E00482,4,Throw law point will expect sea maintain born key.
T005480,E00579,4,"Smooth ride, no complaints."
T005481,E00338,5,Fall more first one dream dark health skin.
T005481,E00282,5,Vehicle was in poor condition.
T005482,E00185,5,Great experience overall.
T005482,E00140,5,"Smooth ride, no complaints."
T005482,E00730,4,Route felt longer than usual today.
T005483,E00469,5,Wide economy individual center receive really.
T005484,E00024,3,White condition action parent clearly professor arm three east suggest head.
T005484,E00616,3,Route felt longer than usual today.
T005485,E00738,4,Interest artist quality people member budget book environment four particular soon.
T005485,E00382,4,Respond and special travel term nearly property against.
T005486,E00313,4,"Driver was late, missed my shift start."
T005486,E00097,4,On time and courteous driver.
T005486,E00704,5,Vehicle was in poor condition.
T005487,E00503,4,Vehicle was in poor condition.
T005487,E00613,4,On time and courteous driver.
T005488,E00111,5,Great experience overall.
T005488,E00744,4,"Driver was late, missed my shift start."
T005488,E00014,5,Vehicle was in poor condition.
T005489,E00183,4,Bad bit new possible allow alone try his.
T005490,E00419,5,Vehicle was in poor condition.
T005490,E00340,5,List far voice lot religious treat everything.
T005490,E00131,4,Hair foreign southern consumer easy deal worker hair avoid soldier.
T005490,E00298,5,Vehicle was in poor condition.
T005492,E00573,5,Vehicle was in poor condition.
T005492,E00485,4,Second beautiful pretty image age cultural customer mention resource.
T005493,E00742,5,"Driver was late, missed my shift start."
T005494,E00172,5,Hundred affect land far decade conference sound suggest ability work because hand.
T005497,E00425,4,Vehicle was in poor condition.
T005497,E00330,4,Great experience overall.
T005498,E00155,5,Vehicle was in poor condition.
T005498,E00007,3,Vehicle was in poor condition.
T005500,E00283,5,Employee after hotel itself interview space sister look medical between suffer.
T005501,E00010,5,"Smooth ride, no complaints."
T005503,E00544,5,Vehicle was in poor condition.
T005503,E00618,5,Ask someone change way every view ever once rate.
T005503,E00166,5,Vehicle was in poor condition.
T005503,E00150,5,"Smooth ride, no complaints."
T005504,E00187,5,Democratic true number protect cultural go series street everyone way.
T005504,E00295,5,Voice out over election rule hair sister daughter true beat.
T005504,E00669,5,Route felt longer than usual today.
T005504,E00492,4,"Smooth ride, no complaints."
T005504,E00508,4,Federal pretty billion common she year.
T005505,E00181,5,Without dog might series represent run night office citizen.
T005505,E00440,4,Vehicle was in poor condition.
T005506,E00604,5,Great experience overall.
T005506,E00633,5,Route felt longer than usual today.
T005506,E00410,5,"Smooth ride, no complaints."
T005506,E00430,5,"Driver was late, missed my shift start."
T005507,E00223,5,Gun upon believe himself deep note.
T005507,E00049,4,Probably stand song camera old detail that.
T005507,E00220,5,Great experience overall.
T005508,E00250,5,"Driver was late, missed my shift start."
T005508,E00695,5,Guess section build word television parent remain without sea cause shoulder.
T005509,E00229,2,"Smooth ride, no complaints."
T005509,E00584,2,Able ago community dream mother mention treat year.
T005510,E00175,5,Route felt longer than usual today.
T005510,E00027,4,Color hair increase now management hundred radio of account per be line party.
T005510,E00487,5,Down watch reflect north eat decide deal.
T005510,E00481,5,On time and courteous driver.
T005511,E00513,4,Great experience overall.
T005511,E00788,5,Route felt longer than usual today.
T005512,E00162,5,"Smooth ride, no complaints."
T005513,E00182,5,Great experience overall.
T005513,E00589,5,On time and courteous driver.
T005515,E00102,4,Route felt longer than usual today.
T005516,E00001,5,Route felt longer than usual today.
T005517,E00354,4,On time and courteous driver.
T005518,E00412,4,Easy it Republican myself leave case find government stock against.
T005518,E00525,5,Responsibility young reality off billion soldier professor bed strategy.
T005518,E00743,4,Close program Mrs back practice face history claim true hundred heart our about.
T005520,E00442,5,Issue politics popular recent your process politics there center respond design cause.
T005520,E00569,5,Edge task customer world news Democrat mention.
T005521,E00436,5,Citizen edge family yourself value sing walk.
T005522,E00533,3,Evidence girl account election executive bed interest Democrat especially about leader federal.
T005522,E00385,4,On time and courteous driver.
T005525,E00439,5,Hit focus sense describe often place.
T005525,E00304,5,Federal environmental Mrs discussion risk budget wear hard try.
T005525,E00377,5,Great experience overall.
T005525,E00352,5,On time and courteous driver.
T005525,E00733,5,Present page lot two enough carry myself building focus late treatment interest get.
T005526,E00236,4,Billion investment community ago crime strategy.
T005527,E00393,5,Writer else tend nature live example economy whom involve give understand.
T005527,E00570,5,Accept seem near rock team nice another compare right.
T005527,E00193,5,Table order method consumer your oil can computer boy position soon event.
T005527,E00452,5,Crime generation else north deep role majority.
T005527,E00720,5,"Driver was late, missed my shift start."
T005527,E00598,4,Candidate suffer oil cold beautiful administration pull cold look no something such study.
T005528,E00454,5,Wish number mention moment four partner speak property up collection smile discussion subject.
T005528,E00012,5,Any above possible list allow do sign bit black.
T005528,E00602,5,"Driver was late, missed my shift start."
T005529,E00629,1,"Smooth ride, no complaints."
T005529,E00785,1,Any here foreign family add member your someone hard office.
T005529,E00495,1,"Driver was late, missed my shift start."
T005530,E00327,4,Must bring group sit cell team.
T005530,E00621,5,Trouble while again occur perhaps lead ready official truth bill kind.
T005531,E00475,3,"Driver was late, missed my shift start."
T005531,E00703,3,Yeah together doctor fast TV result easy call gas pull.
T005532,E00784,5,Senior certainly own international evidence ready.
T005532,E00139,5,Route felt longer than usual today.
T005533,E00163,5,On time and courteous driver.
T005533,E00317,5,Set recognize worry use reach must produce pick avoid.
T005533,E00195,5,Within yes team speak rule note several fund per.
T005533,E00147,5,Serve food machine skin few public pretty appear life because speech score relate.
T005533,E00553,5,On time and courteous driver.
T005534,E00100,5,"Smooth ride, no complaints."
T005534,E00130,4,"Smooth ride, no complaints."
T005534,E00729,5,Discussion country husband development glass chance.
T005534,E00188,5,Value conference entire whatever send beautiful fly while us population its easy upon work.
T005534,E00554,5,Project my argue body garden certainly top break such.
T005537,E00640,5,"Driver was late, missed my shift start."
T005539,E00757,5,Service per full either remember boy challenge report foot oil brother day.
T005540,E00103,4,Pressure institution nature everything because smile top age share a behavior.
T005540,E00794,4,Around bring blue today easy clearly event even city girl enter turn.
T005541,E00414,5,Bag message personal may politics main president form for yard.
T005541,E00098,5,"Driver was late, missed my shift start."
T005544,E00006,5,Vehicle was in poor condition.
T005544,E00165,5,Vehicle was in poor condition.
T005544,E00015,5,Great experience overall.
T005544,E00138,5,Both expect draw often total American political degree happen research move organization agreement.
T005544,E00030,5,Pay any another there almost accept only husband must.
T005544,E00599,4,Vehicle was in poor condition.
T005544,E00701,5,Great experience overall.
T005545,E00019,4,Great experience overall.
T005546,E00200,4,On time and courteous driver.
T005547,E00180,4,"Smooth ride, no complaints."
T005547,E00174,4,Movie democratic various yeah course huge operation serve hope his admit trip record.
T005547,E00719,4,"Driver was late, missed my shift start."
T005548,E00434,4,Great experience overall.
T005548,E00724,4,Land able nor off agree watch.
T005548,E00164,5,On time and courteous driver.
T005548,E00708,4,Great experience overall.
T005549,E00268,4,On time and courteous driver.
T005549,E00343,4,After boy heart book offer kid heart better source.
T005550,E00705,4,Great experience overall.
T005550,E00476,4,Vehicle was in poor condition.
T005551,E00078,4,Great experience overall.
T005552,E00384,3,On time and courteous driver.
T005553,E00334,4,Vehicle was in poor condition.
T005554,E00682,4,Vehicle was in poor condition.
T005554,E00416,5,Painting stop agent him Democrat material often government group mouth.
T005555,E00057,5,Could modern test room history response eight north early try western black challenge.
T005557,E00653,5,Route felt longer than usual today.
T005557,E00521,5,"Driver was late, missed my shift start."
T005557,E00346,5,Great experience overall.
T005557,E00574,5,On time and courteous driver.
T005557,E00791,5,Vehicle was in poor condition.
T005557,E00228,4,Route felt longer than usual today.
T005557,E00696,5,Military method buy light two picture newspaper heart yourself phone draw.
T005557,E00034,5,Great experience overall.
T005559,E00349,5,Ball less physical design make simply.
T005559,E00255,5,Less interest economic responsibility force truth name.
T005559,E00251,5,Positive respond perform break scene leg better.
T005559,E00372,5,"Smooth ride, no complaints."
T005559,E00123,5,Surface nation last me entire camera home itself record will.
T005559,E00591,3,Effect probably catch without part think.
T005559,E00568,5,Great experience overall.
T005559,E00559,4,Market contain either themselves nation something key professor sometimes because.
T005560,E00135,5,Vehicle was in poor condition.
T005560,E00418,5,On time and courteous driver.
T005560,E00594,4,Route felt longer than usual today.
T005561,E00092,5,As off top adult suddenly worry process enough realize onto again.
T005561,E00221,5,"Smooth ride, no complaints."
T005561,E00420,4,Us feel task institution power type certain body glass.
T005562,E00314,4,"Smooth ride, no complaints."
T005562,E00548,3,"Smooth ride, no complaints."
T005562,E00342,5,Route felt longer than usual today.
T005562,E00360,5,Route felt longer than usual today.
T005563,E00233,5,On time and courteous driver.
T005563,E00270,4,Great experience overall.
T005565,E00458,4,Vehicle was in poor condition.
T005565,E00210,4,Tough past stage week science some wish soldier pull leader idea sea magazine.
T005567,E00612,4,Suggest popular consider whose drive study short.
T005568,E00296,4,"Driver was late, missed my shift start."
T005569,E00091,5,Operation management identify total situation assume your everyone serious somebody join doctor.
T005570,E00332,5,Route felt longer than usual today.
T005570,E00310,5,"Driver was late, missed my shift start."
T005570,E00461,5,"Smooth ride, no complaints."
T005570,E00099,5,"Driver was late, missed my shift start."
T005570,E00248,4,Vehicle was in poor condition.
T005570,E00563,5,Route felt longer than usual today.
T005571,E00157,5,Vehicle was in poor condition.
T005571,E00656,5,Force put perhaps same any bill cause chair.
T005571,E00116,5,Shake industry commercial task parent director conference.
T005571,E00238,5,"Smooth ride, no complaints."
T005571,E00780,4,"Driver was late, missed my shift start."
T005572,E00194,5,Ability leave pick language teacher gas measure study daughter society its.
T005572,E00786,5,Friend some visit stay turn think bank would.
T005572,E00246,4,Great experience overall.
T005574,E00686,5,Campaign dark simple car physical arm coach television range amount stop thank human.
T005575,E00244,3,Great experience overall.
T005576,E00760,4,On time and courteous driver.
T005576,E00318,4,Admit law name side responsibility head discussion set future.
T005576,E00284,4,Vehicle was in poor condition.
T005578,E00572,4,Recent detail sure concern subject scene think fund rather.
T005578,E00398,4,Else value summer down explain character general star that only effect week.
T005578,E00497,4,Seem her create particularly responsibility debate car benefit serve need sit.
T005578,E00161,4,Great experience overall.
T005578,E00795,4,Letter believe choose year story statement.
T005578,E00647,3,"Driver was late, missed my shift start."
T005578,E00297,4,Great experience overall.
T005579,E00409,4,From enjoy speech pull today way send beyond billion national.
T005579,E00561,3,On time and courteous driver.
T005579,E00016,5,Great experience overall.
T005579,E00230,4,Face talk back offer authority top entire recently.
T005579,E00333,3,"Smooth ride, no complaints."
T005579,E00129,4,On time and courteous driver.
T005579,E00565,5,On time and courteous driver.
T005580,E00252,3,Great experience overall.
T005580,E00258,3,Picture third time say up sense heavy gas in street.
T005580,E00191,2,Magazine seek amount figure happen will reality.
T005580,E00406,3,Place why future general television peace want.
T005580,E00630,3,Yes another candidate fall condition discuss where before.
T005580,E00178,3,Great experience overall.
T005581,E00448,3,Vehicle was in poor condition.
T005581,E00515,3,Find write product cover son what green be out per.
T005581,E00754,3,On time and courteous driver.
T005581,E00731,4,"Smooth ride, no complaints."
T005581,E00218,4,Great experience overall.
T005581,E00524,4,Season truth at first when party kind suddenly stuff wind use official rise instead.
T005581,E00680,4,Investment either answer week recognize bring significant material service really your avoid.
T005581,E00033,3,"Driver was late, missed my shift start."
T005582,E00596,4,Always than air race energy along.
T005582,E00080,4,Great experience overall.
T005582,E00655,4,Control type find future hit individual specific report become customer.
T005582,E00037,5,Group line plan career significant single discover off consumer over coach smile consider.
T005582,E00052,4,Great experience overall.
T005583,E00087,4,"Smooth ride, no complaints."
T005584,E00510,5,"Smooth ride, no complaints."
T005584,E00675,4,"Smooth ride, no complaints."
T005585,E00154,4,Vehicle was in poor condition.
T005585,E00619,4,On time and courteous driver.
T005587,E00465,4,On time and courteous driver.
T005587,E00557,4,Vehicle was in poor condition.
T005588,E00126,5,On time and courteous driver.
T005588,E00260,5,More name up man young out rise job leg.
T005589,E00137,5,Fire degree good other clearly note eight door authority them side.
T005590,E00362,5,Vehicle was in poor condition.
T005590,E00665,5,Raise else energy reflect wife term we image risk enter.
T005590,E00741,4,On time and courteous driver.
T005590,E00313,5,Route felt longer than usual today.
T005591,E00269,4,Name we newspaper certain degree require quickly plant sometimes everything smile.
T005591,E00131,4,Route felt longer than usual today.
T005592,E00032,5,Movie moment size house people the financial wife ball.
T005592,E00203,5,On time and courteous driver.
T005592,E00014,5,"Driver was late, missed my shift start."
T005592,E00493,4,Computer picture less per only either here area ask.
T005593,E00797,4,Smile be doctor movement key size production boy.
T005593,E00348,4,On time and courteous driver.
T005593,E00644,5,Deep over follow happen under PM challenge.
T005594,E00143,5,Right sing structure kid stuff action including light police project.
T005595,E00419,5,Route felt longer than usual today.
T005597,E00059,4,Want while leave ago table partner.
T005598,E00172,4,Effort nice claim research gas water deep break.
T005598,E00718,4,Vehicle was in poor condition.
T005599,E00283,5,"Smooth ride, no complaints."
T005600,E00319,5,Beautiful process policy weight near citizen various north base subject decision truth fly.
T005600,E00369,5,Great experience overall.
T005600,E00421,5,Route felt longer than usual today.
T005602,E00593,5,Vehicle was in poor condition.
T005602,E00330,5,Door matter mother vote fund guy hospital budget behind beautiful increase.
T005603,E00415,5,Wide four show play claim light voice send unit push then.
T005604,E00506,4,Route felt longer than usual today.
T005604,E00485,5,Finally stand stock when figure the important stay.
T005605,E00517,5,"Driver was late, missed my shift start."
T005605,E00215,5,On time and courteous driver.
T005606,E00266,4,Great experience overall.
T005607,E00389,3,Vehicle was in poor condition.
T005607,E00152,3,Great experience overall.
T005607,E00709,3,Great experience overall.
T005607,E00279,2,Great experience overall.
T005607,E00217,3,Route felt longer than usual today.
T005607,E00787,3,"Driver was late, missed my shift start."
T005607,E00399,3,"Smooth ride, no complaints."
T005607,E00276,4,Vehicle was in poor condition.
T005607,E00627,3,Bar suffer environmental owner gas practice attorney employee see each.
T005608,E00484,3,Focus exist son become pretty cause traditional wind son.
T005608,E00519,3,Vehicle was in poor condition.
T005608,E00166,3,Father beyond bad will where then each network minute Republican agency not.
T005608,E00181,3,"Smooth ride, no complaints."
T005609,E00674,5,President continue Republican close west final attorney.
T005610,E00511,4,Interview trouble option animal sometimes stage identify most recent city clearly religious.
T005611,E00513,5,On time and courteous driver.
T005611,E00478,5,Face raise adult according war production maintain foreign system oil important.
T005612,E00345,5,Program our option room center design forward country brother full.
T005612,E00196,5,Route felt longer than usual today.
T005613,E00049,4,Range cup rock home ok let international play trouble.
T005613,E00481,4,Great experience overall.
T005614,E00171,4,On time and courteous driver.
T005614,E00197,4,Fact decision beat middle contain available road travel form.
T005615,E00243,5,On time and courteous driver.
T005615,E00249,5,Congress threat get floor dinner beyond special view say trade sing necessary.
T005616,E00509,2,These goal a hold under expect happen good mission decade.
T005617,E00023,5,"Smooth ride, no complaints."
T005617,E00739,4,Approach city world me site office whether oil soldier step plant.
T005617,E00412,5,Room Republican theory measure more better hundred question wait threat rich morning expect.
T005618,E00587,3,Vehicle was in poor condition.
T005618,E00336,4,Safe allow company deep yet billion effort water believe.
T005618,E00772,4,Great experience overall.
T005619,E00428,5,Present adult point market end cause ahead themselves.
T005620,E00450,5,"Smooth ride, no complaints."
T005621,E00184,5,Apply power family skill though kind party dinner travel list.
T005623,E00533,5,Great experience overall.
T005624,E00001,4,Route felt longer than usual today.
T005627,E00745,5,Mention bar use meet one voice sign agent grow enter think fast serious.
T005627,E00498,5,Vehicle was in poor condition.
T005628,E00529,5,Vehicle was in poor condition.
T005628,E00352,5,"Smooth ride, no complaints."
T005628,E00538,4,Route felt longer than usual today.
T005628,E00075,5,"Driver was late, missed my shift start."
T005628,E00256,5,Route felt longer than usual today.
T005630,E00755,5,Executive analysis bit film whose employee quite teacher traditional million maintain office.
T005630,E00376,4,"Driver was late, missed my shift start."
T005630,E00039,4,Suggest back recently hundred open civil option various current place.
T005630,E00395,5,On time and courteous driver.
T005630,E00106,4,"Driver was late, missed my shift start."
T005631,E00081,2,Almost as never example add recognize suggest ready discover sit reality us finally.
T005631,E00671,3,Beyond bill fire yes office short three few level war herself start lead.
T005631,E00047,4,Item drop know truth same shake key.
T005632,E00109,5,Vehicle was in poor condition.
T005632,E00127,5,"Smooth ride, no complaints."
T005632,E00629,5,On time and courteous driver.
T005632,E00703,5,Vehicle was in poor condition.
T005633,E00771,5,"Smooth ride, no complaints."
T005633,E00363,4,Still deal kitchen help door attention work box whatever source.
T005634,E00727,4,Onto he these financial town brother mission feeling natural fire.
T005634,E00198,4,Evening science community because but bank close under various.
T005634,E00043,3,Data bring environmental project attack baby be score animal bank law figure.
T005634,E00264,3,Great experience overall.
T005634,E00475,3,Record behavior finish little job yes thank ever can.
T005635,E00188,4,Argue school common focus really child task local across why see amount.
T005635,E00552,4,"Driver was late, missed my shift start."
T005635,E00074,5,"Driver was late, missed my shift start."
T005636,E00257,4,On time and courteous driver.
T005636,E00317,5,Route felt longer than usual today.
T005636,E00055,5,Route felt longer than usual today.
T005637,E00784,5,"Smooth ride, no complaints."
T005637,E00130,3,"Smooth ride, no complaints."
T005639,E00326,4,Vehicle was in poor condition.
T005641,E00794,3,Leave popular guy especially cover really clear ever.
T005642,E00263,4,On time and courteous driver.
T005642,E00505,5,Quickly art common person blue five society factor if.
T005643,E00305,5,Personal two ability simple company learn capital senior dog break usually possible with.
T005643,E00494,4,Route felt longer than usual today.
T005643,E00189,5,These walk drive still few run go old watch them another common.
T005644,E00231,5,On time and courteous driver.
T005644,E00645,5,Read west rest focus red organization.
T005645,E00339,4,Route felt longer than usual today.
T005646,E00015,5,What news everything value child military.
T005646,E00030,5,On time and courteous driver.
T005646,E00138,5,Realize probably need traditional traditional peace fast range question fall window.
T005646,E00387,5,Area expert for get time plan coach thus adult service again music son.
T005648,E00164,5,Vehicle was in poor condition.
T005648,E00434,5,Eat military activity raise add PM order.
T005649,E00053,4,Across point room need personal instead place dark participant chance weight building.
T005649,E00274,4,Vehicle was in poor condition.
T005650,E00793,2,Route felt longer than usual today.
T005650,E00170,2,Vehicle was in poor condition.
T005650,E00776,1,Route felt longer than usual today.
T005650,E00566,1,"Smooth ride, no complaints."
T005650,E00592,3,Route felt longer than usual today.
T005650,E00648,2,"Driver was late, missed my shift start."
T005651,E00708,5,On time and courteous driver.
T005651,E00658,4,Vehicle was in poor condition.
T005651,E00576,4,Natural human again some floor movie describe wife company to direction manager.
T005654,E00753,4,Figure catch author shoulder hot around Democrat modern.
T005654,E00609,4,"Driver was late, missed my shift start."
T005656,E00595,5,Route felt longer than usual today.
T005657,E00353,4,"Driver was late, missed my shift start."
T005658,E00042,4,"Driver was late, missed my shift start."
T005658,E00384,5,On time and courteous driver.
T005660,E00057,5,"Smooth ride, no complaints."
T005661,E00095,5,Vehicle was in poor condition.
T005661,E00488,4,Route felt longer than usual today.
T005661,E00365,4,On time and courteous driver.
T005661,E00653,4,Vehicle was in poor condition.
T005661,E00791,4,Effect myself possible even visit coach provide.
T005661,E00034,5,"Driver was late, missed my shift start."
T005661,E00228,5,"Driver was late, missed my shift start."
T005661,E00104,5,Vehicle was in poor condition.
T005663,E00591,4,Great experience overall.
T005663,E00255,3,Rate course computer vote feeling senior worry budget.
T005663,E00372,5,Vehicle was in poor condition.
T005663,E00559,5,Note ball meet behind meeting culture view trade dream dinner view realize resource.
T005663,E00628,5,Vehicle was in poor condition.
T005664,E00418,5,Ball employee product stay either capital long research.
T005664,E00219,5,"Smooth ride, no complaints."
T005665,E00649,3,Route felt longer than usual today.
T005666,E00411,4,Wrong traditional truth PM yard soon sign close compare.
T005666,E00775,4,"Driver was late, missed my shift start."
T005667,E00046,5,"Smooth ride, no complaints."
T005667,E00321,5,Party team customer despite education teacher half appear deep within.
T005667,E00035,4,Vehicle was in poor condition.
T005667,E00360,5,Suggest certain anyone toward yet appear probably store site.
T005667,E00254,5,"Smooth ride, no complaints."
T005668,E00650,4,Vehicle was in poor condition.
T005668,E00523,4,Ability week maintain western section high set west green.
T005669,E00514,4,"Smooth ride, no complaints."
T005671,E00288,4,"Driver was late, missed my shift start."
T005672,E00296,4,Kid main behavior safe same life doctor discussion yet may material wife.
T005672,E00179,5,On time and courteous driver.
T005673,E00748,5,"Driver was late, missed my shift start."
T005673,E00394,5,Continue move us security trip fact.
T005675,E00734,4,Great experience overall.
T005675,E00461,4,"Smooth ride, no complaints."
T005675,E00601,4,Force order face story here bit.
T005676,E00332,3,Great experience overall.
T005677,E00588,5,Collection voice though build sea top left place choice must these something good.
T005678,E00116,4,Vehicle was in poor condition.
T005678,E00341,4,Energy car lawyer interview thank respond today land.
T005680,E00686,4,Bad surface really wall as land.
T005680,E00318,5,Four hot least family easy born three law field father.
T005681,E00284,4,Route felt longer than usual today.
T005681,E00244,5,Smile so nor amount remember we red major man to school middle dog.
T005682,E00578,4,"Driver was late, missed my shift start."
T005683,E00459,4,Great experience overall.
T005683,E00773,4,With worker offer career purpose room within act.
T005683,E00291,4,Difference building mouth south build floor fine range.
T005683,E00142,5,"Driver was late, missed my shift start."
T005683,E00783,3,On time and courteous driver.
T005683,E00556,4,Route felt longer than usual today.
T005684,E00329,3,"Driver was late, missed my shift start."
T005684,E00630,4,Pay create since discover wall very couple hard.
T005684,E00267,4,On time and courteous driver.
T005684,E00572,5,On time and courteous driver.
T005685,E00647,4,Black TV kid detail character represent hard reason.
T005685,E00273,4,Vehicle was in poor condition.
T005685,E00325,5,Nearly method teach training nation side must reduce north.
T005685,E00497,5,Leg catch concern on themselves loss although opportunity trade dog soon production such.
T005686,E00265,5,"Driver was late, missed my shift start."
T005686,E00798,3,"Smooth ride, no complaints."
T005686,E00577,5,Route felt longer than usual today.
T005686,E00542,3,"Driver was late, missed my shift start."
T005686,E00515,4,Decision official pick information all week store no treat traditional shoulder.
T005686,E00218,4,"Smooth ride, no complaints."
T005687,E00272,4,As hold attack number either hotel although power recognize we seek suggest.
T005687,E00087,3,Evening ever ask nation bank black enjoy coach sing.
T005687,E00579,4,Vehicle was in poor condition.
T005687,E00456,3,Follow thousand direction say yeah section moment career.
T005687,E00368,3,Feeling take admit claim rule until under conference reality story citizen reach.
T005687,E00732,4,On time and courteous driver.
T005688,E00080,5,On time and courteous driver.
T005688,E00789,4,"Smooth ride, no complaints."
T005688,E00096,5,"Smooth ride, no complaints."
T005688,E00680,5,"Smooth ride, no complaints."
T005689,E00154,5,On time and courteous driver.
T005689,E00443,5,"Driver was late, missed my shift start."
T005689,E00137,5,Vehicle was in poor condition.
T005690,E00551,5,Great experience overall.
T005690,E00717,5,Vehicle was in poor condition.
T005690,E00282,5,On time and courteous driver.
T005690,E00124,5,On time and courteous driver.
T005690,E00706,4,Maintain where wife three chair attorney building entire.
T005691,E00338,4,Attack history when doctor city left serious some keep.
T005691,E00260,5,"Driver was late, missed my shift start."
T005691,E00140,5,"Driver was late, missed my shift start."
T005692,E00240,5,"Driver was late, missed my shift start."
T005692,E00134,5,Vehicle was in poor condition.
T005692,E00185,5,Great experience overall.
T005692,E00469,4,Key body occur red imagine good reflect feeling hour room point.
T005693,E00438,3,Route felt longer than usual today.
T005694,E00190,5,Route felt longer than usual today.
T005694,E00419,4,"Smooth ride, no complaints."
T005695,E00313,4,"Smooth ride, no complaints."
T005695,E00160,5,Expert service article herself Mrs employee position west sit other majority.
T005696,E00020,4,Reason series hundred citizen call behavior marriage sell hope affect drop.
T005697,E00203,4,Ability try myself ask site age lot reflect music win bring student story.
T005697,E00613,5,Run data police audience music quickly answer treatment.
T005698,E00665,5,Vehicle was in poor condition.
T005699,E00143,4,On time and courteous driver.
T005700,E00573,4,Fish run because current person change listen them.
T005700,E00007,5,"Smooth ride, no complaints."
T005701,E00517,5,Vehicle was in poor condition.
T005702,E00266,5,Great experience overall.
T005702,E00485,4,Vehicle was in poor condition.
T005703,E00677,4,Them enter really risk exist executive lot civil million.
T005705,E00093,5,Vehicle was in poor condition.
T005705,E00215,5,Vehicle was in poor condition.
T005706,E00369,4,Remember student face someone staff rock least spring lay agency understand newspaper.
T005706,E00211,4,Route felt longer than usual today.
T005706,E00177,5,Nothing official end test race heavy despite investment wind than course.
T005707,E00778,5,Vehicle was in poor condition.
T005707,E00472,5,Be night first result task style daughter ahead manage teacher.
T005708,E00615,5,Nor outside computer work computer bar claim image firm trial research new.
T005709,E00128,5,Its avoid common tough commercial remember series save part court.
T005709,E00059,4,"Smooth ride, no complaints."
T005710,E00544,2,Vehicle was in poor condition.
T005710,E00076,1,Route felt longer than usual today.
T005710,E00499,1,Candidate whose medical explain discover public something contain tree effect rich.
T005710,E00292,1,Term great recent around enter control none.
T005711,E00112,4,"Driver was late, missed my shift start."
T005711,E00603,4,Vehicle was in poor condition.
T005711,E00707,4,Route felt longer than usual today.
T005711,E00181,4,Must matter power child loss pay.
T005711,E00237,5,Issue sometimes letter deal cover best college second anyone participant then.
T005711,E00429,4,Vehicle was in poor condition.
T005711,E00431,4,"Driver was late, missed my shift start."
T005711,E00539,5,Go defense indeed three movement sort most field president require save manager.
T005712,E00512,5,Teach wife news spend attention check meet wonder yeah see go smile from.
T005712,E00150,4,"Driver was late, missed my shift start."
T005712,E00279,4,Energy health idea face raise plant tree suggest really approach these another left.
T005713,E00430,4,Great experience overall.
T005713,E00637,5,Nature remain window pay clearly tell threat line.
T005713,E00229,4,Another training from eat responsibility brother choose she when collection.
T005714,E00604,5,They quality now hand fire activity race laugh first.
T005715,E00483,5,Vehicle was in poor condition.
T005715,E00478,4,Form sit light key down heart project.
T005716,E00370,4,Course action kitchen thus imagine myself husband Congress senior perform federal participant.
T005716,E00410,4,Structure where learn level carry pay rich matter ever address hundred experience property.
T005716,E00652,3,On time and courteous driver.
T005717,E00713,5,Field agent responsibility organization tree particularly him affect stock section.
T005717,E00133,5,Night audience police number space Mrs student require almost.
T005717,E00049,5,"Driver was late, missed my shift start."
T005718,E00481,5,Vehicle was in poor condition.
T005718,E00058,4,Care order wish total bank maintain feel.
T005718,E00633,4,Play country perform understand same glass education white listen produce soldier enjoy.
T005719,E00441,5,Great experience overall.
T005719,E00214,5,Vehicle was in poor condition.
T005721,E00102,5,Provide bit hear course join instead thank they almost pull.
T005721,E00044,4,"Driver was late, missed my shift start."
T005721,E00533,4,Force cut population sense economy radio wind billion conference.
T005723,E00569,4,"Driver was late, missed my shift start."
T005724,E00381,5,On time and courteous driver.
T005724,E00547,5,"Driver was late, missed my shift start."
T005724,E00772,5,Anyone movement participant main young measure floor thought opportunity project.
T005725,E00498,4,Value stuff international information play perhaps form bit near seem medical knowledge.
T005726,E00739,5,"Smooth ride, no complaints."
T005727,E00212,5,Route felt longer than usual today.
T005728,E00336,5,Great experience overall.
T005728,E00426,3,Relate create Congress listen laugh meeting follow fish expect.
T005729,E00045,4,Great experience overall.
T005729,E00358,5,Type left however minute point game fund return prove fine social technology.
T005730,E00442,4,Sell rest up table relationship final wind audience station.
T005730,E00450,4,Hair list anything base politics staff world class husband series north.
T005730,E00685,5,Route felt longer than usual today.
T005731,E00392,5,Music state call would onto ago next.
T005731,E00691,5,Huge staff institution seven everyone require important hundred rather.
T005731,E00256,5,Vehicle was in poor condition.
T005731,E00600,4,Great experience overall.
T005731,E00352,5,On time and courteous driver.
T005732,E00733,4,On time and courteous driver.
T005732,E00529,4,Nor cut civil machine forget star decision minute rise.
T005733,E00393,4,"Driver was late, missed my shift start."
T005733,E00193,4,Dinner become ok practice group experience foot official.
T005733,E00452,5,"Driver was late, missed my shift start."
T005733,E00694,5,Vehicle was in poor condition.
T005733,E00004,4,"Smooth ride, no complaints."
T005733,E00598,5,"Smooth ride, no complaints."
T005734,E00395,3,Maybe very picture seat wait southern involve focus.
T005734,E00755,4,Great experience overall.
T005734,E00602,2,Matter large recently because note again such usually a.
T005734,E00047,3,"Driver was late, missed my shift start."
T005735,E00324,5,Day cold industry important bed night.
T005736,E00109,4,Response stay someone final person region throughout hot wind well reason sing.
T005737,E00408,4,Route felt longer than usual today.
T005737,E00475,3,About tell participant far share great serve child spend off.
T005737,E00727,3,"Driver was late, missed my shift start."
T005737,E00322,2,Vehicle was in poor condition.
T005738,E00363,5,"Driver was late, missed my shift start."
T005739,E00257,5,Vehicle was in poor condition.
T005739,E00643,5,Great experience overall.
T005740,E00163,4,What happy lead would woman choose loss where less house.
T005740,E00784,4,Traditional heavy eye paper skill defense agent star any seem third.
T005740,E00641,4,Route felt longer than usual today.
T005740,E00729,5,Vehicle was in poor condition.
T005741,E00188,4,Great experience overall.
T005741,E00146,5,Great experience overall.
T005743,E00002,4,Vehicle was in poor condition.
T005743,E00640,4,On time and courteous driver.
T005743,E00145,4,Vehicle was in poor condition.
T005744,E00305,5,Break leave truth family how much.
T005745,E00617,3,"Smooth ride, no complaints."
T005746,E00635,5,Wrong travel enter bring sea act natural task dark.
T005746,E00606,4,On time and courteous driver.
T005747,E00103,5,Whether development task take difficult out help.
T005748,E00110,5,Student expert point style whom determine give.
T005750,E00030,4,Great experience overall.
T005750,E00543,5,Blood exactly run impact his rate nice try couple.
T005750,E00006,5,Great experience overall.
T005750,E00206,5,On time and courteous driver.
T005750,E00054,4,"Smooth ride, no complaints."
T005750,E00165,5,Purpose there well candidate more allow speech face person successful world.
T005753,E00648,5,Great experience overall.
T005753,E00227,4,Vehicle was in poor condition.
T005754,E00386,5,Thought hand green project admit center price provide.
T005754,E00306,5,"Smooth ride, no complaints."
T005754,E00121,5,Speak energy quality resource girl focus those front half want base occur half.
T005755,E00776,4,Vehicle was in poor condition.
T005756,E00595,5,"Driver was late, missed my shift start."
T005756,E00470,4,Vehicle was in poor condition.
T005757,E00792,5,Room around social perhaps face eight question onto beyond fine side audience carry.
T005758,E00427,3,Mean program ability later east second involve summer.
T005758,E00753,3,Vehicle was in poor condition.
T005761,E00334,4,At what between there almost imagine magazine.
T005761,E00490,5,Government ball today money necessary finish compare question former item relate himself.
T005762,E00202,5,Consumer pay well poor southern executive behind.
T005764,E00654,5,Route felt longer than usual today.
T005764,E00488,5,Adult white him Democrat rule per recently.
T005764,E00228,4,Senior structure letter across here quickly position center drive serve white.
T005764,E00346,5,Vehicle was in poor condition.
T005764,E00069,4,Vehicle was in poor condition.
T005764,E00373,4,On time and courteous driver.
T005765,E00226,5,Vehicle was in poor condition.
T005766,E00123,5,Vehicle was in poor condition.
T005766,E00372,5,On time and courteous driver.
T005766,E00610,5,Water plan office though those bar theory player.
T005766,E00559,4,Great experience overall.
T005766,E00628,5,Fight low always minute recently reach.
T005766,E00156,5,Hospital left eat color garden national least role democratic doctor recent.
T005766,E00084,4,"Smooth ride, no complaints."
T005767,E00201,4,"Driver was late, missed my shift start."
T005767,E00219,5,"Driver was late, missed my shift start."
T005767,E00239,5,On time and courteous driver.
T005767,E00735,5,Several claim camera around the decade morning lay top quite carry.
T005767,E00679,5,Vehicle was in poor condition.
T005768,E00316,4,On time and courteous driver.
T005768,E00026,4,Task author time improve interest guy single air.
T005769,E00085,5,Argue own force far time must reason article once black analysis top.
T005769,E00342,5,Everybody establish design hair amount much.
T005770,E00254,5,On time and courteous driver.
T005770,E00360,5,Great experience overall.
T005771,E00523,5,Onto sort star American oil important after rock type theory identify factor money.
T005771,E00548,5,"Smooth ride, no complaints."
T005771,E00775,4,On time and courteous driver.
T005772,E00210,4,Force provide choice goal support key mission life hand itself.
T005773,E00748,5,Route felt longer than usual today.
T005773,E00612,5,Route felt longer than usual today.
T005775,E00029,5,Find center compare management age owner chair growth remain.
T005775,E00474,5,On time and courteous driver.
T005775,E00091,5,On time and courteous driver.
T005778,E00461,3,Great experience overall.
T005778,E00310,3,Vehicle was in poor condition.
T005778,E00563,5,Fine evidence teach several community interesting around which great course society.
T005778,E00712,4,Vehicle was in poor condition.
T005778,E00504,3,Great experience overall.
T005778,E00790,4,Great experience overall.
T005780,E00116,5,Route felt longer than usual today.
T005780,E00740,4,Participant late ready consider against trouble develop fish thing.
T005781,E00232,5,"Smooth ride, no complaints."
T005783,E00209,5,"Driver was late, missed my shift start."
T005784,E00284,5,"Smooth ride, no complaints."
T005784,E00760,5,Performance build effect face early himself whole heart senior yes turn.
T005785,E00258,5,Police daughter rule customer father low life it artist similar.
T005785,E00800,3,Floor movie meeting law sound yard feel specific some task training.
T005785,E00273,5,Write generation PM never majority play policy Republican send unit yourself us turn.
T005785,E00125,5,"Smooth ride, no complaints."
T005785,E00783,5,On time and courteous driver.
T005785,E00460,5,"Driver was late, missed my shift start."
T005785,E00773,5,Point camera note take current mother important perhaps least.
T005786,E00252,5,"Driver was late, missed my shift start."
T005786,E00016,5,Route felt longer than usual today.
T005786,E00086,3,Vehicle was in poor condition.
T005786,E00549,5,First bad upon girl sign hair.
T005786,E00199,5,Great experience overall.
T005786,E00003,5,Route felt longer than usual today.
T005786,E00333,4,Vehicle was in poor condition.
T005786,E00161,4,Analysis us southern personal but miss somebody.
T005786,E00267,4,Their those beat never part ask author me street or tough statement role.
T005786,E00038,5,Medical politics green image possible end art any police with sing.
T005787,E00565,5,Person world individual action enter free charge if necessary by voice.
T005787,E00752,5,On time and courteous driver.
T005787,E00572,4,Painting those report base safe realize.
T005788,E00335,4,Community relationship allow staff listen east future later perhaps.
T005788,E00037,4,Build Congress speech southern dark federal party.
T005788,E00759,5,Foot require western daughter wife bank.
T005788,E00272,5,"Smooth ride, no complaints."
T005788,E00680,4,Simple bad arm pressure subject house side.
T005788,E00676,5,So modern hit thousand lawyer administration.
T005788,E00596,5,Vehicle was in poor condition.
T005789,E00655,4,On time and courteous driver.
T005789,E00542,5,Not manager vote decide after floor.
T005789,E00723,5,Vehicle was in poor condition.
T005789,E00080,5,Great experience overall.
T005789,E00631,5,Gun couple natural develop believe grow top about us.
T005789,E00482,5,Matter eight billion group suffer again garden realize last take effect those body.
T005789,E00754,5,Route felt longer than usual today.
T005789,E00536,3,Great experience overall.
T005790,E00087,2,"Smooth ride, no complaints."
T005791,E00364,4,On time and courteous driver.
T005791,E00510,4,Great experience overall.
T005792,E00438,5,Vehicle was in poor condition.
T005793,E00500,4,Structure his candidate onto court nature book because there toward wall send example.
T005793,E00382,4,Single store sit stand key mother.
T005794,E00699,4,On time and courteous driver.
T005794,E00675,3,"Driver was late, missed my shift start."
T005794,E00176,5,"Smooth ride, no complaints."
T005794,E00532,4,On time and courteous driver.
T005794,E00185,5,Vehicle was in poor condition.
T005795,E00751,5,Great experience overall.
T005795,E00338,4,Vehicle was in poor condition.
T005795,E00154,5,Great experience overall.
T005796,E00744,5,"Smooth ride, no complaints."
T005797,E00468,4,On time and courteous driver.
T005798,E00644,5,"Driver was late, missed my shift start."
T005798,E00269,4,Role get yeah everybody movie approach car kitchen low.
T005798,E00299,4,Rather can network approach serious them call computer opportunity seem.
T005798,E00097,5,Effort even threat but source although key father century.
T005799,E00143,5,Vehicle was in poor condition.
T005799,E00362,5,Surface whom court indeed rich far.
T005800,E00234,4,"Driver was late, missed my shift start."
T005800,E00203,3,Route felt longer than usual today.
T005800,E00750,3,Bill raise million cold know risk generation especially specific least draw decision.
T005800,E00131,4,"Smooth ride, no complaints."
T005801,E00190,5,"Smooth ride, no complaints."
T005802,E00517,5,"Smooth ride, no complaints."
T005802,E00573,5,On time and courteous driver.
T005803,E00778,5,Route felt longer than usual today.
T005803,E00266,4,Not lead within worry information peace meeting while practice.
T005804,E00059,4,"Smooth ride, no complaints."
T005804,E00718,4,Coach today support than determine ago whatever consider.
T005804,E00155,4,End how often court military man book until thought fund think.
T005805,E00615,4,"Driver was late, missed my shift start."
T005809,E00105,5,"Driver was late, missed my shift start."
T005810,E00477,5,Great experience overall.
T005810,E00507,5,Route felt longer than usual today.
T005811,E00486,5,Rock cell consumer bar radio phone civil rich and safe activity change.
T005811,E00172,5,Card upon another difficult still long decision feeling try.
T005811,E00714,4,On time and courteous driver.
T005813,E00618,5,Grow allow approach best professional in myself idea.
T005813,E00295,3,Vehicle was in poor condition.
T005813,E00512,3,"Driver was late, missed my shift start."
T005813,E00429,5,Not policy country the meet room turn pattern paper look reason.
T005813,E00217,5,System box detail poor finally soon rise easy claim hope.
T005813,E00544,4,Couple table ok the choose decade me myself price board wear hundred.
T005814,E00181,5,Spend continue mention alone bank fund rule here common.
T005814,E00446,5,Soldier lead series quality else off audience push push this want investment poor.
T005814,E00431,5,"Driver was late, missed my shift start."
T005814,E00422,5,However believe consider young lot policy possible event others adult ground difficult.
T005814,E00625,5,Customer eat very including start democratic few.
T005814,E00309,5,Great experience overall.
T005815,E00539,4,Foot suffer board realize child relate those suffer order write main already nothing.
T005815,E00768,5,"Smooth ride, no complaints."
T005815,E00150,4,"Smooth ride, no complaints."
T005815,E00651,5,"Driver was late, missed my shift start."
T005815,E00094,5,On time and courteous driver.
T005816,E00513,4,Great experience overall.
T005816,E00133,5,Route felt longer than usual today.
T005816,E00584,5,Impact science hair several base event trip raise discover TV election.
T005816,E00481,3,Vehicle was in poor condition.
T005817,E00652,4,Great experience overall.
T005817,E00277,3,Great experience overall.
T005818,E00058,5,"Driver was late, missed my shift start."
T005818,E00545,4,"Smooth ride, no complaints."
T005818,E00664,5,"Driver was late, missed my shift start."
T005819,E00243,4,Route felt longer than usual today.
T005819,E00197,4,Route felt longer than usual today.
T005820,E00695,4,Vehicle was in poor condition.
T005821,E00162,3,"Smooth ride, no complaints."
T005823,E00045,4,"Smooth ride, no complaints."
T005826,E00205,5,On time and courteous driver.
T005827,E00182,3,"Smooth ride, no complaints."
T005828,E00214,5,"Smooth ride, no complaints."
T005829,E00336,4,High sometimes successful ok scene daughter onto he close.
T005829,E00404,5,"Driver was late, missed my shift start."
T005829,E00102,4,Beyond experience other understand western send police price party mind different set bag.
T005831,E00569,4,Read method language enough step single large would street true current.
T005831,E00208,5,Vehicle was in poor condition.
T005832,E00662,5,"Smooth ride, no complaints."
T005833,E00489,5,Vehicle was in poor condition.
T005833,E00473,5,Leader mother wish identify education student.
T005833,E00392,5,World hour owner walk protect mean several rather require garden result new left.
T005833,E00323,4,Great experience overall.
T005833,E00377,5,Go even officer on talk one.
T005833,E00766,5,On time and courteous driver.
T005833,E00439,5,"Driver was late, missed my shift start."
T005833,E00063,5,On time and courteous driver.
T005833,E00304,5,"Driver was late, missed my shift start."
T005834,E00242,4,Response recognize move five small suffer trip eye hospital.
T005835,E00570,5,On time and courteous driver.
T005835,E00452,5,Capital thus financial father bank cold coach quickly system.
T005835,E00667,5,"Smooth ride, no complaints."
T005835,E00081,4,Great experience overall.
T005835,E00598,4,Great experience overall.
T005835,E00395,5,Not since despite least nice anyone door laugh everybody training news wonder.
T005835,E00278,5,Vehicle was in poor condition.
T005836,E00149,4,Vehicle was in poor condition.
T005836,E00039,5,Route felt longer than usual today.
T005836,E00567,5,Ahead position old conference I street.
T005836,E00585,5,Great experience overall.
T005836,E00106,5,On time and courteous driver.
T005836,E00132,4,Vehicle was in poor condition.
T005836,E00755,5,On time and courteous driver.
T005837,E00703,5,Vehicle was in poor condition.
T005837,E00327,5,Threat white my grow property now risk.
T005837,E00737,5,Too hundred the beyond friend mention account itself kind apply up.
T005837,E00495,5,On time and courteous driver.
T005838,E00621,5,Say grow reach out win focus provide.
T005839,E00127,5,Route felt longer than usual today.
T005839,E00403,5,Even seat month develop growth summer evidence mouth treat huge.
T005839,E00785,5,"Smooth ride, no complaints."
T005840,E00192,5,Production Mrs son executive share million usually away compare chance example here go.
T005840,E00729,4,Serious amount hot less difficult cause establish white.
T005840,E00139,5,On time and courteous driver.
T005841,E00055,5,High book suffer worry somebody move around fly.
T005841,E00074,5,Time it study medical marriage health few.
T005841,E00553,5,On time and courteous driver.
T005841,E00195,4,White school apply issue in environment of evidence each source mention throughout.
T005842,E00100,5,If analysis itself institution full truth including woman keep owner.
T005842,E00060,5,Route felt longer than usual today.
T005843,E00552,4,On time and courteous driver.
T005843,E00028,5,"Smooth ride, no complaints."
T005844,E00645,5,Safe film late from democratic decide dinner hospital.
T005844,E00101,5,On time and courteous driver.
T005845,E00145,3,"Driver was late, missed my shift start."
T005845,E00770,5,Route felt longer than usual today.
T005846,E00110,5,"Driver was late, missed my shift start."
T005846,E00013,4,Themselves number decade her again six.
T005848,E00005,4,Worker plan return these soldier experience car will watch country hotel.
T005849,E00794,4,Last modern purpose laugh level near focus they.
T005849,E00169,3,Route felt longer than usual today.
T005851,E00158,4,Lay what situation real always student.
T005851,E00516,5,"Driver was late, missed my shift start."
T005851,E00684,4,Few help its determine history send hospital wish necessary sense.
T005851,E00165,4,Trouble central process cell compare technology town whose.
T005851,E00599,5,Best discuss organization will number spring tough few.
T005851,E00138,5,"Smooth ride, no complaints."
T005853,E00467,4,Land visit say marriage animal series company cut sign street notice use.
T005853,E00592,5,Science picture remain get according condition candidate strategy.
T005854,E00180,5,Route felt longer than usual today.
T005854,E00386,5,Candidate choice agency doctor know season fly listen environment according need focus under.
T005854,E00793,4,"Smooth ride, no complaints."
T005855,E00290,4,"Smooth ride, no complaints."
T005855,E00151,5,"Driver was late, missed my shift start."
T005855,E00708,3,Relationship own bad why word page Mrs cultural work oil security perhaps.
T005856,E00268,4,Style significant night because nature reach research design economic culture dog its.
T005856,E00648,4,Section street cup reflect audience rest artist material increase paper those.
T005856,E00343,5,Beautiful prove floor blue book avoid huge western own product character.
T005856,E00121,4,Continue us as per sea often treatment gas put wrong decision power among.
T005856,E00053,5,Yet nice soldier read truth lose.
T005857,E00427,5,Challenge something president think pull stage feel science.
T005857,E00681,5,"Driver was late, missed my shift start."
T005859,E00120,5,Route felt longer than usual today.
T005859,E00050,5,Vehicle was in poor condition.
T005859,E00293,4,Down alone person seven environment accept water data seven especially charge easy.
T005860,E00490,4,Catch our feel southern may near little material choice.
T005860,E00476,5,"Driver was late, missed my shift start."
T005860,E00575,4,Candidate prove couple area assume keep attention tend action political school know official.
T005862,E00204,4,Vehicle was in poor condition.
T005865,E00104,5,Route felt longer than usual today.
T005865,E00365,5,Up dream financial before prove ten work feeling.
T005865,E00346,5,Route felt longer than usual today.
T005865,E00355,4,Animal parent hope blood true several interest night example at.
T005867,E00610,5,"Smooth ride, no complaints."
T005867,E00062,4,"Driver was late, missed my shift start."
T005867,E00255,5,Great experience overall.
T005868,E00092,5,On time and courteous driver.
T005868,E00201,5,"Smooth ride, no complaints."
T005868,E00420,4,Route felt longer than usual today.
T005868,E00135,5,Life six skin street TV particularly beautiful light into mouth reduce none indicate.
T005869,E00580,4,Feeling shoulder manage soldier national because.
T005870,E00233,5,"Smooth ride, no complaints."
T005870,E00523,4,On time and courteous driver.
T005870,E00254,5,"Smooth ride, no complaints."
T005871,E00650,5,"Smooth ride, no complaints."
T005871,E00321,5,Read three as reveal money way general.
T005873,E00312,4,On time and courteous driver.
T005874,E00424,4,On time and courteous driver.
T005874,E00113,4,"Smooth ride, no complaints."
T005874,E00107,5,Player deep hit benefit long newspaper suddenly foot budget thought throughout story message.
T005875,E00356,4,Financial travel walk station ever nor.
T005876,E00375,4,Successful media poor only free yourself listen trouble trial call.
T005877,E00296,5,Vehicle was in poor condition.
T005878,E00148,4,Service look style threat stock next.
T005878,E00790,4,Vehicle was in poor condition.
T005878,E00765,3,Former camera difference close security their far do quickly focus present.
T005878,E00601,4,Raise available democratic security address center stay fish.
T005878,E00040,3,Cup source team job life protect score.
T005878,E00550,4,Vehicle was in poor condition.
T005880,E00232,3,"Smooth ride, no complaints."
T005880,E00207,3,List apply meet teach staff cut medical hotel along believe.
T005881,E00656,5,On time and courteous driver.
T005881,E00194,4,On time and courteous driver.
T005882,E00686,5,Vehicle was in poor condition.
T005882,E00690,5,Great experience overall.
T005883,E00318,5,On time and courteous driver.
T005884,E00244,5,Great experience overall.
T005886,E00016,5,Find game evidence speak fight travel resource.
T005886,E00337,5,Occur subject station professor laugh expert inside far discussion writer argue staff.
T005886,E00549,5,Great experience overall.
T005886,E00572,5,On time and courteous driver.
T005886,E00783,5,Route felt longer than usual today.
T005886,E00142,4,Too analysis professor truth fund since may growth.
T005886,E00161,5,"Driver was late, missed my shift start."
T005887,E00018,5,On time and courteous driver.
T005887,E00258,5,Great experience overall.
T005887,E00273,5,"Driver was late, missed my shift start."
T005887,E00409,4,World door about their by charge week movement almost see sound every.
T005887,E00038,5,Whole pressure she similar kitchen cultural.
T005888,E00178,4,Attack sport strong the recent herself teacher good.
T005888,E00630,3,"Driver was late, missed my shift start."
T005888,E00199,5,Route felt longer than usual today.
T005888,E00253,5,Simply game price talk through act most hear name father many.
T005888,E00191,4,Then check order assume teach western sea how away country hard visit between.
T005889,E00597,4,Box cold boy enter rock operation media difficult adult last know.
T005889,E00542,3,Soon present piece beyond all rise.
T005889,E00265,5,Simple take kid drop strategy risk involve compare.
T005889,E00702,5,Grow practice drop pattern less unit dark management force stage.
T005889,E00388,4,Route felt longer than usual today.
T005889,E00716,5,Route felt longer than usual today.
T005889,E00732,5,Route felt longer than usual today.
T005889,E00335,5,Heart somebody very citizen yourself today political another care off management remember.
T005890,E00159,5,Base direction although and certainly list second actually provide option head population.
T005890,E00096,5,Great experience overall.
T005890,E00631,5,Vehicle was in poor condition.
T005890,E00033,5,On time and courteous driver.
T005890,E00756,4,Reveal thank trip get pick view also street source financial book feeling.
T005890,E00448,4,Great experience overall.
T005890,E00087,5,Great experience overall.
T005890,E00689,4,Route felt longer than usual today.
T005890,E00482,5,Vehicle was in poor condition.
T005891,E00515,4,"Driver was late, missed my shift start."
T005891,E00693,5,Great experience overall.
T005892,E00510,5,The remember father hold discussion through everything.
T005892,E00532,4,Great experience overall.
T005892,E00738,5,Make practice upon machine perform partner style season cup.
T005892,E00678,5,"Driver was late, missed my shift start."
T005893,E00675,4,On time and courteous driver.
T005893,E00769,5,Vehicle was in poor condition.
T005894,E00134,5,"Driver was late, missed my shift start."
T005894,E00154,4,Great experience overall.
T005895,E00758,5,Route felt longer than usual today.
T005895,E00140,5,Great experience overall.
T005895,E00185,5,"Smooth ride, no complaints."
T005895,E00176,5,Accept hard ball window happen practice accept.
T005896,E00706,4,Spend test country science action despite perhaps new gun.
T005896,E00469,4,None memory central home like fact dream manage weight born enjoy understand central.
T005896,E00730,5,Vehicle was in poor condition.
T005897,E00056,4,Dinner after nation social someone develop.
T005898,E00301,4,Route felt longer than usual today.
T005899,E00131,5,Audience poor actually general window life society.
T005899,E00741,3,Author indicate Democrat media science war doctor arrive.
T005900,E00750,4,"Driver was late, missed my shift start."
T005900,E00247,5,Feeling end sell tough win throughout again method.
T005900,E00089,5,On time and courteous driver.
T005900,E00797,4,Route felt longer than usual today.
T005901,E00362,5,Never month mouth best hour do lead be.
T005901,E00014,5,On time and courteous driver.
T005901,E00359,5,Range movement significant make social stand travel business herself give.
T005901,E00160,5,"Smooth ride, no complaints."
T005906,E00271,4,Route felt longer than usual today.
T005907,E00286,4,Central figure spring stage Democrat treatment research simply myself.
T005908,E00177,5,Apply whatever coach moment share sell loss fine.
T005909,E00010,4,"Smooth ride, no complaints."
T005910,E00423,4,"Driver was late, missed my shift start."
T005911,E00421,5,"Smooth ride, no complaints."
T005912,E00777,5,"Smooth ride, no complaints."
T005913,E00714,5,Dream thing local reason agreement here garden food Congress.
T005913,E00471,4,Great experience overall.
T005913,E00517,4,Nice anyone dog risk building meet mean positive result role.
T005914,E00492,4,Great experience overall.
T005914,E00603,5,Second skin education process miss compare different player student tough.
T005914,E00435,4,Vehicle was in poor condition.
T005914,E00094,4,Only else evidence yeah move war.
T005915,E00295,4,Vehicle was in poor condition.
T005915,E00279,4,On time and courteous driver.
T005915,E00555,3,Reveal step certain service image third.
T005915,E00112,3,Wide believe describe end country rich line collection should.
T005915,E00166,4,Girl state ready course piece build enter take position leg.
T005916,E00544,5,Route felt longer than usual today.
T005916,E00292,5,Professional yes argue late edge career seem population would country success.
T005917,E00511,2,Guess mouth hand black else order mention such Congress without everything.
T005917,E00133,3,Great experience overall.
T005917,E00223,3,Every in task ok send change he maintain that work little.
T005920,E00464,2,"Driver was late, missed my shift start."
T005920,E00481,2,Indeed suggest cut sense discover born better hour.
T005921,E00243,5,Material power around would most south.
T005921,E00249,5,Commercial seem much threat describe dream anyone idea read.
T005921,E00277,5,On time and courteous driver.
T005921,E00235,5,"Driver was late, missed my shift start."
T005922,E00048,4,Vehicle was in poor condition.
T005923,E00587,5,Example enough fact customer hour direction watch between administration east animal treatment.
T005923,E00589,5,Option source sister pay share rather data travel party then hospital little.
T005923,E00525,5,View hair per speak from hope song score fact relate indicate story lawyer.
T005925,E00405,5,Western Mrs still through upon same article.
T005925,E00781,5,Great experience overall.
T005926,E00023,4,On time and courteous driver.
T005928,E00700,5,Issue on include keep control central reduce poor.
T005929,E00739,5,Vehicle was in poor condition.
T005929,E00001,4,Write operation specific fear main say agency evidence difficult difference where.
T005930,E00354,5,Vehicle was in poor condition.
T005930,E00533,5,On time and courteous driver.
T005932,E00445,5,Vehicle was in poor condition.
T005932,E00743,4,Route felt longer than usual today.
T005933,E00772,5,Open water our receive case human society event offer probably.
T005933,E00212,5,On time and courteous driver.
T005934,E00208,4,Send determine although letter most we.
T005935,E00075,5,Remember policy statement new themselves listen make daughter.
T005935,E00304,5,On time and courteous driver.
T005935,E00538,5,Vehicle was in poor condition.
T005935,E00473,5,Great experience overall.
T005935,E00766,5,Route felt longer than usual today.
T005935,E00377,5,On time and courteous driver.
T005935,E00242,5,Half industry performance avoid mean law today billion himself him whose of local detail.
T005935,E00600,5,Vehicle was in poor condition.
T005935,E00122,5,Route felt longer than usual today.
T005936,E00256,5,"Smooth ride, no complaints."
T005937,E00395,4,Vehicle was in poor condition.
T005937,E00193,3,On time and courteous driver.
T005937,E00081,4,Vehicle was in poor condition.
T005937,E00004,4,Up government rate speech person defense feel.
T005937,E00454,4,"Driver was late, missed my shift start."
T005937,E00012,4,Model south ability per large put lead program that clear doctor.
T005937,E00376,5,Route felt longer than usual today.
T005938,E00667,5,"Smooth ride, no complaints."
T005938,E00602,5,Simply value prepare hold in child room wide war name of.
T005938,E00598,5,Notice music think discussion southern interview season.
T005939,E00324,5,Vehicle was in poor condition.
T005939,E00127,5,Still discover heart discover head little idea adult soon guess action.
T005939,E00629,5,Prepare every remember well discuss matter.
T005940,E00785,4,"Smooth ride, no complaints."
T005940,E00403,5,Best least trouble soldier population above.
T005940,E00363,4,Others world low political oil maybe rise quite buy might health relationship.
T005941,E00727,5,Interview always commercial political capital type ago color who quickly family.
T005941,E00771,5,Item win including begin recognize grow item important consumer idea.
T005942,E00608,5,Great experience overall.
T005943,E00130,4,"Driver was late, missed my shift start."
T005943,E00147,4,Route felt longer than usual today.
T005943,E00643,5,Sport federal despite speech cut senior compare worry purpose miss agent official.
T005944,E00139,4,Cost house out lawyer she office half.
T005944,E00562,5,Great experience overall.
T005945,E00036,4,On time and courteous driver.
T005946,E00645,5,Wish fast know study nothing western week quickly quite these ago.
T005946,E00479,4,Great experience overall.
T005947,E00119,5,Feel child sell card environmental themselves reach southern onto include.
T005948,E00005,5,On time and courteous driver.
T005948,E00169,3,Great experience overall.
T005950,E00168,5,Great experience overall.
T005951,E00770,4,State total book page view reduce important analysis discussion resource risk animal under.
T005953,E00224,5,Notice like him protect appear civil agent try read involve significant.
T005953,E00015,5,On time and courteous driver.
T005953,E00294,5,Memory carry gas Congress ahead financial close employee.
T005953,E00684,5,"Driver was late, missed my shift start."
T005953,E00543,4,Pressure husband plant board scientist thus college election spend star.
T005953,E00692,5,Education bag country skin four give forget finish know hope indeed party detail.
T005955,E00386,4,Summer vote ago outside themselves imagine memory pattern lot.
T005955,E00343,4,On time and courteous driver.
T005955,E00268,4,"Driver was late, missed my shift start."
T005955,E00719,4,Check why professional court tonight expert cultural act big door concern matter.
T005956,E00200,5,On time and courteous driver.
T005956,E00708,5,Route felt longer than usual today.
T005956,E00170,5,"Driver was late, missed my shift start."
T005957,E00053,5,Vehicle was in poor condition.
T005958,E00724,5,Wait officer face although probably spend again our rock natural.
T005958,E00434,5,"Driver was late, missed my shift start."
T005958,E00306,5,Not development successful author election official manager prevent difference instead interest what approach.
T005960,E00144,5,"Smooth ride, no complaints."
T005960,E00575,4,On time and courteous driver.
T005961,E00050,5,Report tonight level fire up country beyond popular leave suggest.
T005961,E00705,5,"Driver was late, missed my shift start."
T005962,E00609,4,Skin from which must matter away realize reason perhaps defense set whether wrong.
T005963,E00202,5,Later weight discover season leg seven management discussion message test education bed property.
T005963,E00072,5,"Driver was late, missed my shift start."
T005964,E00293,3,Close traditional simple individual rate wait thought player.
T005964,E00401,4,"Smooth ride, no complaints."
T005965,E00634,5,Route felt longer than usual today.
T005967,E00346,5,On time and courteous driver.
T005967,E00365,5,Vehicle was in poor condition.
T005967,E00104,5,"Driver was late, missed my shift start."
T005967,E00379,4,Size state she wall sport use almost.
T005967,E00791,4,On time and courteous driver.
T005968,E00653,5,Without hair heart recent reason voice employee magazine attack director teacher today as.
T005968,E00069,4,"Driver was late, missed my shift start."
T005969,E00123,4,"Driver was late, missed my shift start."
T005969,E00372,5,"Driver was late, missed my shift start."
T005969,E00349,5,On time and courteous driver.
T005969,E00351,5,On time and courteous driver.
T005969,E00610,5,Just executive light teach main college first remain economy.
T005969,E00167,5,Vehicle was in poor condition.
T005970,E00735,5,Think attorney upon ten concern difficult break ok occur child.
T005970,E00418,5,On time and courteous driver.
T005970,E00008,5,On time and courteous driver.
T005970,E00135,5,Vehicle was in poor condition.
T005970,E00201,5,"Smooth ride, no complaints."
T005971,E00420,4,"Driver was late, missed my shift start."
T005971,E00092,5,Special record wrong leg any foreign Republican remain although forward himself worry.
T005971,E00316,4,Task choose decision argue north toward special.
T005971,E00026,5,Vehicle was in poor condition.
T005971,E00580,4,"Driver was late, missed my shift start."
T005971,E00219,5,"Driver was late, missed my shift start."
T005972,E00289,5,Vehicle was in poor condition.
T005972,E00548,4,Bring writer consider create report tree teach various sound.
T005973,E00085,4,Up treat necessary political official capital mean and charge away.
T005974,E00041,5,Deal let education focus record describe your important.
T005975,E00424,4,Route felt longer than usual today.
T005976,E00558,5,Many people create improve mean could.
T005976,E00458,5,Great experience overall.
T005977,E00091,3,"Driver was late, missed my shift start."
T005977,E00029,4,"Smooth ride, no complaints."
T005978,E00367,3,"Driver was late, missed my shift start."
T005978,E00113,4,Great experience overall.
T005978,E00514,4,Friend catch hard bring kid range certainly rule four.
T005978,E00296,3,Vehicle was in poor condition.
T005979,E00356,4,Material result budget tough always war list interesting wide response.
T005979,E00288,5,Vehicle was in poor condition.
T005980,E00765,4,Great experience overall.
T005980,E00563,4,Unit spring sing gun hot trip believe morning area would impact style.
T005980,E00248,4,"Smooth ride, no complaints."
T005980,E00763,4,Upon six citizen by along statement service deep huge body.
T005982,E00656,3,"Driver was late, missed my shift start."
T005982,E00749,5,Speak line network front kitchen bit environmental box watch candidate.
T005982,E00232,5,Place range mind across collection defense picture.
T005982,E00657,4,Vehicle was in poor condition.
T005983,E00194,5,Phone effect per floor street face green south food end.
T005986,E00760,4,Those over talk wear want similar teacher hit anyone drive six little.
T005987,E00639,4,Great experience overall.
T005987,E00632,5,Music paper official perform strategy term fight evidence ability although small often.
T005987,E00025,5,Number hand film generation popular black.
T005988,E00209,3,Money pay cost a sign let create mouth time these form after wide.
T005989,E00016,4,"Smooth ride, no complaints."
T005989,E00710,5,Great experience overall.
T005989,E00009,4,Deal well something let art cell manage carry.
T005989,E00800,5,Must big sing view receive onto billion difference.
T005989,E00297,4,Great experience overall.
T005990,E00779,5,Detail eat reflect mind night sit side sister ready fight.
T005990,E00325,5,On time and courteous driver.
T005990,E00273,5,Route felt longer than usual today.
T005990,E00267,5,Institution main concern best public born season.
T005990,E00199,5,Feeling even positive method go certainly federal imagine available quickly.
T005990,E00077,4,Vehicle was in poor condition.
T005991,E00660,4,"Smooth ride, no complaints."
T005991,E00460,5,On time and courteous driver.
T005991,E00337,5,Route felt longer than usual today.
T005991,E00161,5,Vehicle was in poor condition.
T005991,E00142,5,Home move they manager east lot.
T005992,E00756,5,Suffer majority address people piece vote relationship plant small action couple management arm.
T005992,E00315,5,"Smooth ride, no complaints."
T005992,E00524,5,"Smooth ride, no complaints."
T005992,E00052,4,On time and courteous driver.
T005992,E00759,4,"Driver was late, missed my shift start."
T005992,E00272,5,During concern push fear exist under.
T005992,E00388,5,"Smooth ride, no complaints."
T005992,E00676,5,Citizen knowledge garden interesting remain policy their.
T005992,E00159,5,Customer attorney front station be outside economy bar city.
T005993,E00536,4,Movie interesting lead generation fall time whom staff sign cut drug.
T005993,E00631,5,Alone executive season image stuff course this.
T005993,E00655,4,Great experience overall.
T005993,E00482,4,"Driver was late, missed my shift start."
T005993,E00218,5,Process ability modern water spend attack fight both middle third arm pick clear.
T005994,E00082,4,"Smooth ride, no complaints."
T005995,E00699,5,Three can son left sister become why situation.
T005995,E00382,4,Citizen sign meet military compare center enter cup improve.
T005996,E00510,5,"Smooth ride, no complaints."
T005996,E00137,5,It phone figure responsibility language start defense chance man eight third require clearly.
T005997,E00024,4,Route felt longer than usual today.
T005997,E00751,5,Route felt longer than usual today.
T005998,E00240,3,On time and courteous driver.
T005999,E00738,3,Route felt longer than usual today.
T005999,E00173,5,Great experience overall.
T005999,E00011,3,Great experience overall.
T006000,E00140,5,Vehicle was in poor condition.
T006001,E00541,5,Route felt longer than usual today.
T006001,E00750,5,"Driver was late, missed my shift start."
T006001,E00520,5,Great experience overall.
T006001,E00020,5,On time and courteous driver.
T006001,E00362,5,Vehicle was in poor condition.
T006002,E00234,4,Power east catch way unit author idea pass.
T006002,E00797,4,Vehicle was in poor condition.
T006003,E00407,5,"Smooth ride, no complaints."
T006003,E00340,5,Route felt longer than usual today.
T006004,E00056,5,"Smooth ride, no complaints."
T006004,E00032,5,Identify group open treat treatment edge he under return.
T006004,E00213,5,Route felt longer than usual today.
T006005,E00143,5,Great experience overall.
T006005,E00160,5,"Driver was late, missed my shift start."
T006006,E00613,5,Vehicle was in poor condition.
T006007,E00369,4,Great experience overall.
T006007,E00155,5,"Smooth ride, no complaints."
T006008,E00330,5,Pay program collection base task involve on current whom pick mission.
T006009,E00593,5,Route felt longer than usual today.
T006010,E00215,5,On time and courteous driver.
T006010,E00010,5,On time and courteous driver.
T006011,E00286,4,Choose fund us control ten college.
T006011,E00415,3,Vehicle was in poor condition.
T006013,E00742,3,Kind little answer run around chair board chair quality fire choice audience house.
T006014,E00615,5,Vehicle was in poor condition.
T006015,E00177,4,Identify east these agree civil leg hotel hit ready.
T006016,E00319,4,Simple design subject pattern lose more left local here return.
T006017,E00112,3,"Driver was late, missed my shift start."
T006017,E00728,4,"Smooth ride, no complaints."
T006017,E00787,5,Manage road treat control sign computer either lot.
T006017,E00709,4,On time and courteous driver.
T006018,E00555,4,Great experience overall.
T006018,E00166,5,"Driver was late, missed my shift start."
T006018,E00603,5,On time and courteous driver.
T006018,E00094,5,On time and courteous driver.
T006018,E00295,5,Site authority suggest project policy side whose black senior.
T006018,E00152,5,"Smooth ride, no complaints."
T006018,E00544,5,"Driver was late, missed my shift start."
T006018,E00539,4,Great experience overall.
T006018,E00508,5,Certain window city strong on term network large note such probably story.
T006018,E00181,5,Available find take imagine necessary concern leader I bed action tree next.
T006020,E00235,5,Great experience overall.
T006020,E00058,5,Vehicle was in poor condition.
T006021,E00162,5,"Driver was late, missed my shift start."
T006021,E00584,5,Great experience overall.
T006021,E00652,4,Great experience overall.
T006021,E00637,4,"Driver was late, missed my shift start."
T006022,E00695,4,Route felt longer than usual today.
T006022,E00370,5,Street could food miss hotel which minute air surface every avoid vote.
T006022,E00133,5,Trouble past pick series six movement information first upon agent.
T006022,E00223,5,Vehicle was in poor condition.
T006023,E00487,5,Book social maybe role may they federal short account.
T006023,E00048,4,Watch heart catch admit seat professional cover by yeah hundred should.
T006024,E00478,4,"Smooth ride, no complaints."
T006025,E00788,5,Authority speech music former hit case cut far difficult power attack open affect.
T006025,E00249,5,Nation not indeed remain government owner hair face teacher fund.
T006027,E00589,5,Vehicle was in poor condition.
T006027,E00498,5,Arm still smile second we run.
T006027,E00743,4,Shake actually news analysis firm choose end often when mean.
T006028,E00441,5,On time and courteous driver.
T006028,E00445,3,On time and courteous driver.
T006029,E00311,5,On time and courteous driver.
T006030,E00302,4,Great experience overall.
T006031,E00587,5,Vehicle was in poor condition.
T006032,E00400,3,Yes personal east choice hear major collection blue myself hospital.
T006033,E00358,4,On time and courteous driver.
T006037,E00392,4,On time and courteous driver.
T006037,E00242,3,Claim much project red modern system.
T006037,E00241,3,On time and courteous driver.
T006038,E00004,4,Great experience overall.
T006038,E00531,5,Pass paper treatment thousand team operation system step lot.
T006038,E00694,5,On time and courteous driver.
T006038,E00047,4,"Driver was late, missed my shift start."
T006038,E00012,5,On time and courteous driver.
T006038,E00755,4,"Driver was late, missed my shift start."
T006039,E00376,5,Great experience overall.
T006039,E00455,4,West various TV yard put need could.
T006039,E00039,5,Sort science attention drop determine we home police significant expect.
T006039,E00393,5,Route felt longer than usual today.
T006040,E00408,5,"Driver was late, missed my shift start."
T006040,E00127,5,Executive red director do poor involve wall natural.
T006040,E00771,5,Speech soon its whose ask should value human population.
T006041,E00528,4,On time and courteous driver.
T006042,E00322,5,"Smooth ride, no complaints."
T006042,E00715,4,Turn other him public have memory support individual several rule away.
T006043,E00262,5,"Driver was late, missed my shift start."
T006043,E00195,5,Route felt longer than usual today.
T006043,E00163,5,"Driver was late, missed my shift start."
T006044,E00100,4,"Smooth ride, no complaints."
T006044,E00074,5,Route felt longer than usual today.
T006044,E00147,5,Citizen wear herself benefit task see likely admit factor must agreement lead.
T006045,E00036,4,On time and courteous driver.
T006046,E00554,4,Room record war total dark born onto pass person than fight style.
T006046,E00402,4,Black factor head hot new treat national.
T006047,E00645,5,Crime need no step successful read against hot mission.
T006047,E00002,5,"Driver was late, missed my shift start."
T006048,E00617,5,Great experience overall.
T006049,E00606,4,Stay hear three government girl say technology.
T006050,E00526,5,On time and courteous driver.
T006050,E00005,5,"Driver was late, missed my shift start."
T006050,E00326,5,Culture ten garden interest later vote wrong poor morning gas interesting.
T006051,E00101,5,Route felt longer than usual today.
T006051,E00145,5,"Driver was late, missed my shift start."
T006051,E00794,5,Great experience overall.
T006051,E00770,4,Power by smile dinner claim loss who democratic.
T006052,E00169,5,Route felt longer than usual today.
T006053,E00501,5,On time and courteous driver.
T006053,E00231,5,Hour place people single material will state.
T006054,E00158,4,Hotel less reason hand traditional far teach body so bag various.
T006054,E00746,4,Vehicle was in poor condition.
T006054,E00294,5,On time and courteous driver.
T006055,E00054,4,"Smooth ride, no complaints."
T006055,E00165,5,Wife entire ok blue plant toward pay sign study box.
T006056,E00343,4,On time and courteous driver.
T006056,E00566,5,Great experience overall.
T006056,E00180,5,"Smooth ride, no complaints."
T006057,E00576,5,"Smooth ride, no complaints."
T006057,E00592,4,"Smooth ride, no complaints."
T006057,E00776,4,Firm week start executive evidence include charge alone big him small consumer.
T006058,E00467,5,Indeed which type class simply small mean strong woman Democrat special concern two.
T006058,E00708,5,Current north someone company cover ok watch senior thought and list read.
T006058,E00121,5,Citizen learn yard whole once point right light whom authority peace.
T006058,E00268,4,"Smooth ride, no complaints."
T006058,E00274,4,"Driver was late, missed my shift start."
T006059,E00719,5,"Smooth ride, no complaints."
T006060,E00151,4,On time and courteous driver.
T006061,E00072,4,Deep push onto shoulder rate fall there high hit maintain blue among.
T006062,E00202,3,Policy question girl coach forward customer all foreign light president this.
T006063,E00476,4,Television friend consumer charge call school appear shoulder unit get quickly total.
T006063,E00427,3,Figure boy evening police bar probably able turn war ability her.
T006064,E00061,5,Level two attack matter exactly right individual yes politics agree product response provide.
T006065,E00078,5,"Driver was late, missed my shift start."
T006065,E00540,5,Son particular center ball its board dog.
T006066,E00144,4,On time and courteous driver.
T006067,E00050,5,Vehicle was in poor condition.
T006069,E00642,5,Route felt longer than usual today.
T006069,E00379,4,Route felt longer than usual today.
T006069,E00095,5,"Smooth ride, no complaints."
T006069,E00560,5,Hope gas difficult think southern page much security purpose.
T006069,E00104,5,Vehicle was in poor condition.
T006069,E00373,5,Great experience overall.
T006069,E00069,5,"Smooth ride, no complaints."
T006069,E00574,5,"Driver was late, missed my shift start."
T006069,E00654,5,On time and courteous driver.
T006070,E00226,4,Image indeed nation raise story instead imagine.
T006070,E00791,4,Cold where where teacher although heavy as agree.
T006071,E00167,5,Down again recently agency number herself door.
T006071,E00062,5,"Smooth ride, no complaints."
T006071,E00251,3,"Smooth ride, no complaints."
T006071,E00123,5,Employee nearly throw morning author entire according public send certainly recent few yard.
T006071,E00796,5,Route felt longer than usual today.
T006071,E00568,5,Not task understand financial expect both wife state heavy summer become.
T006072,E00594,5,Huge because color within on Congress health boy put sure low his always.
T006072,E00239,4,Care bill fund source relationship wind least her.
T006074,E00360,4,Great experience overall.
T006074,E00350,4,On time and courteous driver.
T006075,E00035,4,Question their forward away boy difference model degree quickly owner establish phone.
T006075,E00270,4,"Smooth ride, no complaints."
T006076,E00523,5,Route felt longer than usual today.
T006076,E00411,5,Great experience overall.
T006077,E00107,5,Vehicle was in poor condition.
T006077,E00091,4,Great experience overall.
T006078,E00367,3,On time and courteous driver.
T006078,E00394,4,Route felt longer than usual today.
T006079,E00612,4,House thus study over bar walk act.
T006079,E00375,5,Single almost where hand article glass long.
T006080,E00312,5,Back near theory go in two control.
T006080,E00071,4,Vehicle was in poor condition.
T006082,E00374,5,On time and courteous driver.
T006082,E00663,5,Great experience overall.
T006082,E00090,4,"Driver was late, missed my shift start."
T006082,E00522,5,Vehicle was in poor condition.
T006083,E00504,4,Vehicle was in poor condition.
T006084,E00207,5,On time and courteous driver.
T006085,E00116,3,Great experience overall.
T006085,E00341,5,Church hope friend age eat suffer fine.
T006085,E00518,4,Vehicle was in poor condition.
T006086,E00632,4,On time and courteous driver.
T006086,E00760,5,Benefit quality government they wrong pick.
T006088,E00114,3,Route felt longer than usual today.
T006090,E00459,3,City enough concern then effort tax agree score.
T006090,E00329,3,Vehicle was in poor condition.
T006090,E00406,4,Unit toward system off computer campaign apply opportunity step red everyone.
T006090,E00688,4,Great experience overall.
T006090,E00178,4,Great experience overall.
T006091,E00003,5,Route felt longer than usual today.
T006091,E00783,5,"Smooth ride, no complaints."
T006091,E00230,5,Hit necessary security night give they read budget detail source somebody remain.
T006091,E00561,4,Great experience overall.
T006091,E00191,4,Route felt longer than usual today.
T006091,E00142,5,"Smooth ride, no complaints."
T006091,E00077,5,Vehicle was in poor condition.
T006092,E00325,4,Route felt longer than usual today.
T006093,E00798,5,Evidence help art general memory area point need.
T006093,E00597,4,Space later message money truth current difference.
T006093,E00579,5,Vehicle was in poor condition.
T006094,E00037,5,Route felt longer than usual today.
T006094,E00723,5,Responsibility kind cultural work choice arrive through yeah less section issue notice.
T006094,E00689,5,Oil firm agent road smile look pressure offer over record.
T006094,E00033,5,Second well past series speak author those story rock century beat.
T006094,E00482,5,Route felt longer than usual today.
T006094,E00265,5,Great experience overall.
T006095,E00448,5,Great experience overall.
T006095,E00087,5,"Smooth ride, no complaints."
T006095,E00596,5,"Smooth ride, no complaints."
T006095,E00702,5,Vehicle was in poor condition.
T006095,E00676,5,Lose Congress issue author major hit real Congress.
T006096,E00510,5,Apply certain factor also close class admit deal near strong affect size.
T006096,E00173,5,Route felt longer than usual today.
T006097,E00364,4,Beautiful remember PM student down space together successful site song easy bed attention.
T006097,E00717,5,Great experience overall.
T006098,E00282,5,On time and courteous driver.
T006098,E00259,5,"Driver was late, missed my shift start."
T006099,E00706,5,Order discover loss discuss discover leg nothing mind staff more upon authority.
T006100,E00240,5,Few table medical provide mean against.
T006101,E00359,5,Vehicle was in poor condition.
T006101,E00020,5,"Smooth ride, no complaints."
T006101,E00797,4,According scientist machine purpose learn interview church leave lead alone this morning happy.
T006102,E00644,5,Vehicle was in poor condition.
T006102,E00299,5,Early whose only would could model surface we difficult technology.
T006103,E00190,5,On time and courteous driver.
T006104,E00541,4,Phone end Mr popular speak building old education watch provide day.
T006104,E00089,5,Among health news media guy former as moment paper.
T006104,E00340,4,Great experience overall.
T006105,E00432,5,Great experience overall.
T006105,E00348,5,Kitchen you throughout professor event foot bag.
T006106,E00718,5,Strong skill term other explain station recently next large care star economy ten.
T006107,E00093,5,"Smooth ride, no complaints."
T006108,E00453,5,Former watch serve natural seat soldier Mr happy can likely bag such.
T006109,E00583,4,Vehicle was in poor condition.
T006110,E00421,5,Activity turn very soldier character window minute.
T006110,E00369,5,On time and courteous driver.
T006112,E00007,5,Eight your instead should cut industry realize southern the structure general push.
T006112,E00128,5,Explain boy pass management place tough game out heavy story.
T006114,E00593,2,Great experience overall.
T006114,E00266,1,On time and courteous driver.
T006116,E00446,5,Draw agent reason international sure war add long.
T006116,E00768,5,Vehicle was in poor condition.
T006116,E00603,4,Site when term fall wife claim teach successful two.
T006116,E00544,5,Great experience overall.
T006116,E00166,4,Vehicle was in poor condition.
T006117,E00440,5,Outside artist resource wife song stay maintain.
T006117,E00389,5,Great experience overall.
T006117,E00683,5,Route felt longer than usual today.
T006117,E00150,5,Reach agency more good future president nice class.
T006117,E00187,5,Vehicle was in poor condition.
T006117,E00709,5,White forget own together stay guess view win dog.
T006117,E00279,5,On time and courteous driver.
T006117,E00670,5,On time and courteous driver.
T006118,E00674,4,"Driver was late, missed my shift start."
T006118,E00076,4,"Smooth ride, no complaints."
T006118,E00492,4,Vehicle was in poor condition.
T006118,E00555,4,Attorney resource impact our traditional cultural each every.
T006118,E00499,5,"Smooth ride, no complaints."
T006119,E00736,5,On time and courteous driver.
T006119,E00049,4,Route felt longer than usual today.
T006119,E00196,5,On time and courteous driver.
T006119,E00370,5,Detail green industry many might crime up speech list someone set final under.
T006121,E00464,5,Vehicle was in poor condition.
T006122,E00430,4,Great experience overall.
T006122,E00136,4,Route felt longer than usual today.
T006123,E00511,4,On time and courteous driver.
T006123,E00604,5,Vehicle was in poor condition.
T006124,E00584,4,Task maybe nature event let book heavy person first example great safe.
T006125,E00545,5,Vehicle was in poor condition.
T006126,E00001,5,On time and courteous driver.
T006127,E00662,4,Teach class end them want main very husband scientist really us fill individual.
T006130,E00371,4,Vehicle was in poor condition.
T006134,E00525,5,"Smooth ride, no complaints."
T006134,E00212,4,Western option feel future claim country ok accept personal network available positive.
T006135,E00208,4,Majority box couple myself country admit clearly reason special whom phone game.
T006135,E00302,5,Route felt longer than usual today.
T006137,E00412,5,On time and courteous driver.
T006138,E00733,3,Program Mr project impact answer nation involve ok.
T006138,E00377,4,"Smooth ride, no complaints."
T006138,E00122,3,Vehicle was in poor condition.
T006138,E00392,4,Vehicle was in poor condition.
T006138,E00304,4,Wall shoulder unit sense yard issue establish arrive including.
T006138,E00242,3,"Smooth ride, no complaints."
T006138,E00529,4,Watch allow whole seat away standard another popular traditional drop.
T006139,E00489,5,Dog building size few least fall.
T006140,E00452,5,"Smooth ride, no complaints."
T006140,E00455,5,"Driver was late, missed my shift start."
T006141,E00039,4,Difference close money great tax treat start discover imagine summer.
T006141,E00454,5,West theory development chair tonight skin.
T006141,E00141,5,Piece price yourself black table company movement attorney agree red avoid choice.
T006141,E00012,5,Vehicle was in poor condition.
T006141,E00782,4,Particular goal political because least test offer.
T006142,E00535,5,Remain help during total along eight.
T006142,E00327,5,Great experience overall.
T006143,E00408,5,"Driver was late, missed my shift start."
T006143,E00528,5,Scientist remain late we money risk culture social history teacher event media particular.
T006143,E00715,5,On time and courteous driver.
T006143,E00785,5,Vehicle was in poor condition.
T006143,E00264,5,Vehicle was in poor condition.
T006143,E00727,4,Idea day tend local eat view among rock evening.
T006143,E00363,5,"Smooth ride, no complaints."
T006145,E00317,4,High if thing dog young computer easy.
T006145,E00100,3,Word training plant space sound or.
T006145,E00262,4,Sell board carry gas appear professional.
T006146,E00055,4,Bill manager prevent best hit indicate individual door and also end real.
T006146,E00195,4,Crime understand region ball door whether team goal enjoy scientist call race.
T006146,E00553,5,Leader under hit argue main site top officer offer.
T006146,E00147,4,Position herself paper health better big benefit.
T006146,E00608,4,Performance truth arm financial meeting painting husband itself need hit.
T006147,E00562,4,Route felt longer than usual today.
T006147,E00320,5,Vehicle was in poor condition.
T006147,E00402,5,"Driver was late, missed my shift start."
T006148,E00028,5,On time and courteous driver.
T006148,E00188,5,Establish evening teach town season toward station whatever guess into.
T006149,E00098,3,Great experience overall.
T006150,E00757,5,Civil factor animal bank recently card.
T006150,E00640,3,Ago family pick ground lot close responsibility establish age challenge body carry control.
T006151,E00005,5,Feel eight cost military case who you pull natural growth lay mention decision.
T006152,E00339,5,Prove dream knowledge debate response lead firm.
T006152,E00770,4,Point hope attention know effect market travel.
T006152,E00526,5,On time and courteous driver.
T006153,E00168,4,Growth season thank guy upon fly five east five play peace future fire.
T006153,E00110,4,Wide easy upon eye natural camera expert.
T006153,E00505,4,World mention next identify allow surface.
T006155,E00794,5,On time and courteous driver.
T006155,E00263,4,Up fear scene guy space real nothing.
T006155,E00231,4,Often eat market record off any for green admit nation.
T006156,E00275,5,Vehicle was in poor condition.
T006156,E00054,5,Vehicle was in poor condition.
T006156,E00118,5,Great experience overall.
T006156,E00015,5,Dark fund explain even according fly religious population why owner general.
T006156,E00746,5,Vehicle was in poor condition.
T006156,E00206,5,Route felt longer than usual today.
T006156,E00019,5,Animal term effect improve maybe article need water how dog fine green.
T006156,E00294,4,"Smooth ride, no complaints."
T006157,E00165,4,Vehicle was in poor condition.
T006158,E00592,4,"Smooth ride, no complaints."
T006158,E00719,4,Route felt longer than usual today.
T006158,E00467,4,"Driver was late, missed my shift start."
T006158,E00502,5,Route felt longer than usual today.
T006159,E00343,4,Down final air leader guy play put buy every those operation after.
T006159,E00121,3,On time and courteous driver.
T006159,E00708,3,Vehicle was in poor condition.
T006160,E00200,5,Great experience overall.
T006160,E00724,5,Route felt longer than usual today.
T006160,E00648,5,Vehicle was in poor condition.
T006161,E00164,5,"Smooth ride, no complaints."
T006161,E00274,4,Cut office herself different along then but especially fear number American phone wall place.
T006162,E00120,3,Great experience overall.
T006162,E00384,3,"Driver was late, missed my shift start."
T006163,E00540,5,"Driver was late, missed my shift start."
T006163,E00390,5,Great experience overall.
T006164,E00072,4,Ago growth trade play defense per improve join under finally.
T006164,E00416,3,Indeed tend health follow last couple return.
T006165,E00057,5,Vehicle was in poor condition.
T006166,E00427,5,On time and courteous driver.
T006167,E00634,5,End from fast indicate control develop.
T006168,E00078,4,"Driver was late, missed my shift start."
T006170,E00774,4,Vehicle was in poor condition.
T006170,E00346,4,"Driver was late, missed my shift start."
T006170,E00614,5,"Smooth ride, no complaints."
T006170,E00654,5,"Smooth ride, no complaints."
T006172,E00559,4,Great experience overall.
T006172,E00084,4,"Driver was late, missed my shift start."
T006173,E00092,4,Route felt longer than usual today.
T006173,E00219,5,"Driver was late, missed my shift start."
T006173,E00649,4,"Driver was late, missed my shift start."
T006174,E00221,5,Over phone six available choose avoid another.
T006175,E00289,5,Brother who American my likely up whom.
T006175,E00342,4,Ago almost land material whatever over start behind number idea simple laugh action.
T006176,E00523,5,"Driver was late, missed my shift start."
T006176,E00254,5,Great experience overall.
T006176,E00650,4,Television walk meeting medical us state visit item allow myself different.
T006178,E00558,3,On time and courteous driver.
T006178,E00029,5,On time and courteous driver.
T006179,E00612,5,"Driver was late, missed my shift start."
T006180,E00071,5,On time and courteous driver.
T006181,E00394,5,Vehicle was in poor condition.
T006181,E00288,5,Route felt longer than usual today.
T006183,E00748,5,At conference cell fall second blue tree approach figure yet discover heavy.
T006184,E00090,4,Might miss long early then easy first Democrat maintain woman return actually standard.
T006184,E00712,3,"Smooth ride, no complaints."
T006184,E00248,4,Side program hard example including tend along consumer different class.
T006184,E00763,5,Tree part here movie toward human suddenly.
T006184,E00790,5,"Smooth ride, no complaints."
T006184,E00734,4,"Smooth ride, no complaints."
T006184,E00711,4,Director great ready guy any believe name stay usually letter put heavy.
T006185,E00504,5,Feeling history information fast dinner manager several.
T006186,E00780,5,Great experience overall.
T006187,E00194,4,Still picture recognize beautiful may apply.
T006187,E00116,4,Popular hotel every billion until prevent live suddenly.
T006188,E00238,5,"Smooth ride, no complaints."
T006189,E00284,3,"Driver was late, missed my shift start."
T006190,E00632,5,Or want entire head man seat bed major once audience guy discuss.
T006192,E00686,5,On time and courteous driver.
T006193,E00660,5,Vehicle was in poor condition.
T006193,E00129,5,Yard improve his thus market western course film.
T006193,E00398,5,"Driver was late, missed my shift start."
T006193,E00267,5,Great experience overall.
T006193,E00016,4,Part pay agent story send under collection computer trial authority car left social.
T006194,E00199,5,On time and courteous driver.
T006194,E00409,5,Great experience overall.
T006194,E00253,5,Which wrong car prove have serve name fast book can.
T006194,E00762,4,Financial expert behavior win compare smile effect too piece back report eight.
T006195,E00647,4,Work list rich support public dark look join piece.
T006195,E00337,3,Wind service property mean see note poor plan himself dog most speech.
T006196,E00716,4,They final fill population smile about letter them decision throughout owner.
T006196,E00723,3,On time and courteous driver.
T006196,E00756,4,Route felt longer than usual today.
T006196,E00080,5,"Driver was late, missed my shift start."
T006196,E00456,4,"Driver was late, missed my shift start."
T006196,E00596,5,Live develop TV claim event color or growth choose arrive past phone.
T006196,E00052,3,Vehicle was in poor condition.
T006196,E00087,4,Everyone travel want hope decide probably him loss.
T006197,E00798,5,Vehicle was in poor condition.
T006197,E00607,4,Item full building better address we head study rest without person behavior third.
T006197,E00577,5,Green music authority crime something rock money his meet need community challenge voice.
T006197,E00159,3,"Smooth ride, no complaints."
T006197,E00536,4,Vehicle was in poor condition.
T006197,E00388,4,"Smooth ride, no complaints."
T006198,E00702,4,Author prevent forget close follow enough radio.
T006198,E00579,4,Great experience overall.
T006198,E00789,5,Gun affect bag I probably argue strategy beautiful series.
T006198,E00754,5,Store everything approach lose arm between bad Congress.
T006199,E00364,5,Great experience overall.
T006199,E00661,5,"Driver was late, missed my shift start."
T006199,E00466,5,Vehicle was in poor condition.
T006200,E00699,5,On time and courteous driver.
T006200,E00176,5,Great experience overall.
T006201,E00717,4,Route felt longer than usual today.
T006201,E00240,5,Keep just every gas event store hear practice.
T006202,E00154,5,"Smooth ride, no complaints."
T006203,E00500,4,Service discussion political above image recently energy meet hot large bed.
T006203,E00738,5,On time and courteous driver.
T006203,E00011,5,Great experience overall.
T006204,E00089,5,Say available hospital win throughout good player up so certain.
T006204,E00520,5,Hit child shoulder its three lose behavior voice treat civil why spring by.
T006204,E00744,4,Former watch nor relationship fish his society these better.
T006205,E00613,4,Site environmental action million risk military.
T006205,E00190,5,Professor painting shoulder affect work letter.
T006206,E00493,5,Vehicle was in poor condition.
T006206,E00673,5,Great experience overall.
T006206,E00160,5,Huge blood party also picture leg my option forget office bag beyond new.
T006206,E00213,5,Against suffer type learn scientist four traditional really us build summer attack.
T006207,E00111,4,Item any offer tonight involve speech national form rule nearly.
T006207,E00541,5,Route felt longer than usual today.
T006207,E00665,5,On time and courteous driver.
T006207,E00234,5,Cut news use happy pressure hand.
T006208,E00750,5,Federal art thank front turn value bar happy adult method one future black.
T006209,E00143,4,Vehicle was in poor condition.
T006211,E00155,5,Vehicle was in poor condition.
T006211,E00714,4,Great experience overall.
T006212,E00266,5,On time and courteous driver.
T006212,E00472,5,Political ball question shoulder majority such majority even write nice fly recently pass.
T006213,E00211,4,Ten laugh leader beyond weight number fact cell behind site customer.
T006214,E00010,5,Great experience overall.
T006214,E00286,4,Who rather nice party single him peace left whole.
T006214,E00423,4,Standard less animal institution without girl personal collection even picture artist determine set.
T006216,E00471,5,On time and courteous driver.
T006217,E00778,4,"Smooth ride, no complaints."
T006217,E00573,5,"Driver was late, missed my shift start."
T006217,E00007,4,Pass what analysis Mr total room hotel station ever off themselves theory.
T006219,E00453,5,Vehicle was in poor condition.
T006221,E00422,5,Route felt longer than usual today.
T006222,E00539,4,Certain none civil glass we six represent data international budget accept.
T006222,E00446,3,Route felt longer than usual today.
T006222,E00399,4,"Driver was late, missed my shift start."
T006222,E00768,5,Great experience overall.
T006222,E00709,4,Near growth Congress know keep career wife it leg wife thing positive hair.
T006222,E00674,3,Marriage white drive food drop simple hear small ready art media reflect data.
T006222,E00295,4,Night catch employee but kind thought everything often information chance fear.
T006223,E00512,5,"Smooth ride, no complaints."
T006223,E00435,4,Great experience overall.
T006224,E00196,4,Result share travel view investment water which later past sister ahead.
T006224,E00652,4,Vehicle was in poor condition.
T006224,E00449,4,Vehicle was in poor condition.
T006225,E00633,5,Sense language ability realize most Mrs report writer official.
T006225,E00049,5,"Smooth ride, no complaints."
T006226,E00162,4,Vehicle was in poor condition.
T006226,E00048,4,Try someone able no then live technology firm collection season rather worker exist.
T006227,E00027,5,Route felt longer than usual today.
T006228,E00604,5,And western per describe central against Democrat.
T006228,E00764,5,On time and courteous driver.
T006228,E00713,5,"Driver was late, missed my shift start."
T006228,E00171,5,"Smooth ride, no complaints."
T006228,E00666,4,"Smooth ride, no complaints."
T006229,E00537,5,Line table stage along continue role statement project enjoy market soldier.
T006230,E00336,5,Vehicle was in poor condition.
T006230,E00569,5,On time and courteous driver.
T006230,E00045,5,"Driver was late, missed my shift start."
T006231,E00302,5,Vehicle was in poor condition.
T006233,E00205,4,Route felt longer than usual today.
T006233,E00509,4,Democratic reality method business nation down everything ahead lead few must nearly.
T006234,E00525,5,Thing usually section film agent tell near under.
T006234,E00442,5,Route felt longer than usual today.
T006235,E00547,5,Vehicle was in poor condition.
T006235,E00400,5,Rate out speak however hard never organization manage media quite.
T006237,E00700,4,"Driver was late, missed my shift start."
T006238,E00385,4,Route felt longer than usual today.
T006238,E00772,4,Indicate keep national choose couple so human yes close.
T006238,E00354,5,Across imagine where behavior recent successful red magazine catch gun.
T006240,E00404,5,On time and courteous driver.
T006240,E00311,5,Nation song trip whose imagine soldier treatment establish agent audience protect special.
T006242,E00063,5,"Driver was late, missed my shift start."
T006242,E00304,4,Vehicle was in poor condition.
T006242,E00323,5,Song establish sure boy never big important lead.
T006242,E00439,4,Science age visit hundred power result impact Congress.
T006242,E00075,4,Great experience overall.
T006243,E00451,5,Great experience overall.
T006244,E00452,3,Night light room choose here attorney find source truth candidate.
T006244,E00376,4,Democrat one section year above general itself most hospital.
T006244,E00755,4,On time and courteous driver.
T006244,E00039,3,We speak seat remain man short social.
T006244,E00602,3,Traditional case man decade modern new make its answer environment center.
T006245,E00108,4,Kitchen use rule little officer away job local.
T006245,E00278,4,Recognize table available certain before everything less next back.
T006245,E00004,5,Whole professional start our stay act arm military.
T006246,E00727,4,Support factor left sure detail enter fear arm.
T006247,E00043,5,"Smooth ride, no complaints."
T006247,E00324,4,Great experience overall.
T006247,E00264,5,Program notice campaign campaign receive sometimes service inside third.
T006248,E00363,4,Soldier exactly may week number state.
T006248,E00475,4,Route felt longer than usual today.
T006249,E00402,5,Great experience overall.
T006250,E00188,4,Great experience overall.
T006251,E00562,5,Bring develop exactly strategy reflect really investment impact house.
T006251,E00028,5,Vehicle was in poor condition.
T006252,E00641,5,Loss sport among bed rule and debate government we ground official Republican people.
T006253,E00189,5,Vehicle was in poor condition.
T006253,E00501,4,Life thus leave industry her instead help very source who research detail reflect.
T006254,E00526,5,Hotel once world risk everything activity coach.
T006254,E00494,4,"Driver was late, missed my shift start."
T006256,E00305,5,Claim institution reduce sea current career quickly.
T006257,E00002,5,"Driver was late, missed my shift start."
T006258,E00263,3,On time and courteous driver.
T006260,E00138,5,Vehicle was in poor condition.
T006260,E00387,4,Vehicle was in poor condition.
T006260,E00030,4,Route felt longer than usual today.
T006260,E00543,4,"Driver was late, missed my shift start."
T006260,E00516,5,Vehicle was in poor condition.
T006260,E00294,5,"Smooth ride, no complaints."
T006260,E00646,4,"Driver was late, missed my shift start."
T006260,E00118,5,Reality card fill believe administration occur court want amount.
T006262,E00708,5,Free maybe share what court hand.
T006262,E00590,5,On time and courteous driver.
T006262,E00306,5,Hundred arm other beat trade loss government people office.
T006262,E00434,5,Vehicle was in poor condition.
T006263,E00121,4,Route felt longer than usual today.
T006263,E00268,4,Already learn much she before myself.
T006263,E00180,4,Group why opportunity arrive value deep food total head decide involve every.
T006263,E00343,5,Route felt longer than usual today.
T006264,E00658,2,Rise parent fear why chance stand professor.
T006264,E00174,3,Forward fly wall wrong between society recently benefit front of offer suddenly scientist.
T006264,E00620,3,Vehicle was in poor condition.
T006264,E00227,4,Vehicle was in poor condition.
T006265,E00274,4,Great experience overall.
T006265,E00624,4,Route felt longer than usual today.
T006265,E00467,5,"Smooth ride, no complaints."
T006266,E00344,5,Simple tree audience reason book hot follow soon here animal national body like.
T006271,E00050,5,"Smooth ride, no complaints."
T006271,E00120,5,On time and courteous driver.
T006273,E00654,5,"Driver was late, missed my shift start."
T006273,E00373,5,Daughter nature provide character great Mr.
T006273,E00696,5,Vehicle was in poor condition.
T006273,E00228,4,Audience expert wish receive performance like choose audience industry available strong.
T006273,E00226,5,Vehicle was in poor condition.
T006273,E00488,4,Great experience overall.
T006274,E00034,5,On time and courteous driver.
T006274,E00521,4,Great experience overall.
T006276,E00735,3,"Driver was late, missed my shift start."
T006276,E00420,4,Building as ten teacher today impact material concern break management long common.
T006276,E00221,5,Decade strategy those glass ten guy phone out until difference.
T006279,E00775,4,Vehicle was in poor condition.
T006280,E00411,4,Professional charge data technology sing wife today continue.
T006280,E00417,5,Effort project here hold stock born cut reason.
T006280,E00307,5,"Driver was late, missed my shift start."
T006281,E00210,5,On time and courteous driver.
T006281,E00748,5,Win back dinner every team address himself baby water industry.
T006281,E00091,5,Receive act responsibility network other example value.
T006282,E00558,5,On time and courteous driver.
T006282,E00514,5,Detail customer traditional agreement fast board dark rate hard decision.
T006283,E00367,3,"Driver was late, missed my shift start."
T006284,E00366,2,Weight training every that glass may purpose large glass.
T006285,E00394,5,Great experience overall.
T006285,E00071,5,Movement from foreign member draw international second training teach heart.
T006286,E00107,5,"Smooth ride, no complaints."
T006287,E00248,4,Cup your future miss particular two above.
T006287,E00374,4,Route felt longer than usual today.
T006287,E00734,4,On time and courteous driver.
T006287,E00563,5,On time and courteous driver.
T006287,E00090,3,"Smooth ride, no complaints."
T006287,E00550,5,"Driver was late, missed my shift start."
T006289,E00588,4,Vehicle was in poor condition.
T006289,E00246,5,"Smooth ride, no complaints."
T006290,E00238,4,Great experience overall.
T006292,E00280,5,On time and courteous driver.
T006292,E00632,5,Route felt longer than usual today.
T006293,E00284,4,"Smooth ride, no complaints."
T006293,E00114,4,Vehicle was in poor condition.
T006294,E00318,5,Great experience overall.
T006296,E00762,5,Among scene artist tend not what pull finish.
T006296,E00800,4,Great experience overall.
T006296,E00710,5,Route felt longer than usual today.
T006296,E00660,5,On time and courteous driver.
T006296,E00459,5,Hit identify create tree degree own identify condition mind.
T006296,E00291,5,Daughter officer free majority brother bag base culture represent.
T006297,E00086,5,Route felt longer than usual today.
T006297,E00549,4,On time and courteous driver.
T006297,E00460,5,Route felt longer than usual today.
T006298,E00009,4,Vehicle was in poor condition.
T006298,E00773,5,Stay score time dinner employee together worry memory seat chance some thought build.
T006298,E00561,5,Route felt longer than usual today.
T006299,E00596,4,Great experience overall.
T006299,E00033,5,Vehicle was in poor condition.
T006299,E00272,5,Great experience overall.
T006299,E00693,5,Route felt longer than usual today.
T006299,E00731,5,This happy person space add approach new let figure let.
T006299,E00767,4,On time and courteous driver.
T006300,E00052,4,His myself day front mission various.
T006300,E00542,3,Vehicle was in poor condition.
T006300,E00388,2,Great experience overall.
T006301,E00448,4,Suggest soldier environmental second upon discussion foot and national fine serious easy son.
T006301,E00754,5,Hope hot certain institution myself challenge per outside one like recognize maybe price.
T006301,E00689,5,Great experience overall.
T006301,E00087,5,On time and courteous driver.
T006301,E00218,5,Great experience overall.
T006301,E00368,5,Great eight growth respond report address court business player.
T006302,E00137,5,Vehicle was in poor condition.
T006302,E00240,5,In to history old little step theory unit box piece paper include.
T006302,E00134,4,Route felt longer than usual today.
T006303,E00282,5,On time and courteous driver.
T006303,E00338,5,Wife expect strong throw leave by run girl ball plant.
T006303,E00500,5,Great experience overall.
T006304,E00616,5,See enjoy stock dinner father quickly likely official budget maybe exist financial safe.
T006304,E00738,4,Vehicle was in poor condition.
T006305,E00438,5,Something language recent news whose because option.
T006305,E00466,5,"Driver was late, missed my shift start."
T006305,E00176,5,Book power good task card production election energy safe well.
T006305,E00382,5,Police medical ahead guess partner before compare.
T006306,E00661,5,On time and courteous driver.
T006306,E00758,5,Term part head claim player purpose local figure tree treatment specific upon.
T006307,E00520,3,On time and courteous driver.
T006307,E00089,2,On time and courteous driver.
T006307,E00407,2,"Driver was late, missed my shift start."
T006307,E00797,4,"Driver was late, missed my shift start."
T006308,E00419,5,"Smooth ride, no complaints."
T006308,E00541,5,On time and courteous driver.
T006308,E00299,4,On time and courteous driver.
T006308,E00432,5,Seek season hot buy mean situation light field among clearly tell.
T006309,E00744,4,Vehicle was in poor condition.
T006309,E00673,5,Pretty clear against skill continue run case.
T006309,E00160,5,On time and courteous driver.
T006310,E00313,4,Route felt longer than usual today.
T006310,E00613,4,"Smooth ride, no complaints."
T006310,E00644,4,On time and courteous driver.
T006311,E00131,5,Route felt longer than usual today.
T006311,E00097,5,Without worker method sister wind until picture know.
T006311,E00203,5,"Driver was late, missed my shift start."
T006312,E00503,5,"Driver was late, missed my shift start."
T006312,E00493,5,Route felt longer than usual today.
T006313,E00007,5,On time and courteous driver.
T006314,E00271,4,Produce bar soldier yet radio item consider enough change all gun not community.
T006316,E00687,5,"Smooth ride, no complaints."
T006316,E00615,5,"Driver was late, missed my shift start."
T006316,E00330,5,Great experience overall.
T006317,E00215,4,Other so nothing project mention military fire us church college.
T006318,E00283,5,"Smooth ride, no complaints."
T006318,E00286,5,Great experience overall.
T006319,E00718,5,Route felt longer than usual today.
T006319,E00070,5,Particularly lot almost half one necessary great.
T006320,E00714,5,Route felt longer than usual today.
T006320,E00177,4,"Smooth ride, no complaints."
T006321,E00059,5,Tree success carry success focus rock maybe toward value style.
T006321,E00742,5,"Smooth ride, no complaints."
T006323,E00155,5,Book outside prevent they none language eat hand tend dog agreement place second.
T006324,E00709,4,Deal about avoid beat window same whom.
T006324,E00292,5,Themselves local involve car this power budget table call then.
T006324,E00726,4,"Smooth ride, no complaints."
T006324,E00166,5,Great experience overall.
T006324,E00279,5,Play study establish newspaper heavy market staff anything poor defense hotel.
T006324,E00276,5,Vehicle was in poor condition.
T006324,E00625,5,On time and courteous driver.
T006324,E00112,5,Into relationship camera phone lawyer bring lead various election white free whose.
T006324,E00768,4,"Smooth ride, no complaints."
T006324,E00618,5,"Smooth ride, no complaints."
T006325,E00308,5,Vehicle was in poor condition.
T006325,E00683,4,"Smooth ride, no complaints."
T006325,E00669,5,Great experience overall.
T006325,E00725,5,On time and courteous driver.
T006326,E00626,4,Great experience overall.
T006326,E00484,3,"Smooth ride, no complaints."
T006326,E00539,4,"Smooth ride, no complaints."
T006326,E00150,4,Mother necessary forward for control method.
T006326,E00651,2,Hope but church evening individual action there bed several tend walk news.
T006326,E00309,3,Great experience overall.
T006326,E00519,4,Late subject health live open especially see not election address who after.
T006326,E00707,3,"Smooth ride, no complaints."
T006327,E00300,4,"Smooth ride, no complaints."
T006327,E00048,4,Anyone environment produce election soon realize process author community fly son why.
T006328,E00249,3,Best suffer forget free strong employee air.
T006329,E00136,4,"Smooth ride, no complaints."
T006329,E00537,4,Way nice quickly continue box need boy.
T006330,E00133,5,Great experience overall.
T006330,E00345,5,On time and courteous driver.
T006331,E00049,4,Throw window thus organization course avoid.
T006331,E00511,3,Point follow reach speak good camera those woman day force show.
T006331,E00545,4,Great experience overall.
T006331,E00058,4,North ahead something lose avoid score describe tax should himself level price night.
T006332,E00788,5,Himself act apply gas then represent.
T006332,E00584,4,Agreement believe music concern role against recently best family.
T006332,E00449,5,On time and courteous driver.
T006334,E00302,4,American per event treatment yeah thousand stage fly big.
T006334,E00441,4,"Smooth ride, no complaints."
T006334,E00426,5,School ten item go prove choose face remember.
T006336,E00184,5,Easy employee family need value catch.
T006336,E00498,4,Vehicle was in poor condition.
T006337,E00436,5,Not their his much despite watch company dream daughter white practice pattern small.
T006339,E00547,4,Food agree unit wide year environmental sense member summer keep whether system.
T006340,E00354,4,People man program investment north Congress place.
T006341,E00450,4,Route felt longer than usual today.
T006342,E00743,4,Section that stand woman similar part pattern above present need forget tax maybe.
T006342,E00509,5,"Smooth ride, no complaints."
T006342,E00102,5,Other rest same collection seek around staff listen there.
T006343,E00772,5,On time and courteous driver.
T006344,E00662,4,On time and courteous driver.
T006345,E00404,4,Pretty station turn all your us news actually avoid.
T006346,E00733,4,Medical know strong yourself all authority.
T006346,E00075,3,Great experience overall.
T006346,E00352,3,Republican music reason sense list area book expect about pressure environment recently.
T006346,E00691,4,Effort tax discover yard purpose give like become still.
T006346,E00256,3,Route felt longer than usual today.
T006346,E00439,4,None size away thing account evening.
T006346,E00236,3,I together moment very audience game because.
T006346,E00242,3,Route felt longer than usual today.
T006346,E00377,4,Common there action a mouth mention security present try politics fear.
T006348,E00694,5,Route felt longer than usual today.
T006348,E00106,5,Great experience overall.
T006348,E00667,4,Final leader knowledge civil medical for week.
T006349,E00496,3,"Smooth ride, no complaints."
T006349,E00108,4,Vehicle was in poor condition.
T006349,E00567,4,"Smooth ride, no complaints."
T006349,E00598,4,Route felt longer than usual today.
T006350,E00528,5,Who range back sense nor great movie author and use customer leg technology.
T006350,E00785,5,"Smooth ride, no complaints."
T006350,E00737,5,Great experience overall.
T006351,E00043,3,Opportunity wonder reveal door whatever later.
T006351,E00727,3,Vehicle was in poor condition.
T006352,E00629,4,Best soldier stand five specific site worker.
T006353,E00146,4,Teach oil decade vote finish reason get attention fast ever.
T006353,E00257,5,Great experience overall.
T006353,E00195,4,Vehicle was in poor condition.
T006354,E00554,5,Vehicle was in poor condition.
T006354,E00130,4,Great experience overall.
T006354,E00320,4,Great experience overall.
T006355,E00055,5,"Driver was late, missed my shift start."
T006355,E00028,4,"Smooth ride, no complaints."
T006359,E00145,3,Great experience overall.
T006360,E00110,5,Vehicle was in poor condition.
T006362,E00103,4,Route felt longer than usual today.
T006362,E00098,5,Great experience overall.
T006363,E00263,3,Manager type it sure care onto.
T006365,E00701,4,Vehicle was in poor condition.
T006365,E00692,5,"Smooth ride, no complaints."
T006365,E00015,5,On time and courteous driver.
T006365,E00158,5,Speech view miss win bit why certain series security another help significant race.
T006365,E00019,4,Program short turn throughout movement plant range yes and century.
T006366,E00684,4,Great experience overall.
T006367,E00200,4,"Smooth ride, no complaints."
T006367,E00590,4,Route felt longer than usual today.
T006367,E00174,5,Realize training image respond image resource capital health.
T006367,E00658,5,Onto him tonight understand size compare plant Democrat sell.
T006368,E00462,5,Stuff decide agreement lay wish break system science staff staff conference his.
T006369,E00793,5,Route felt longer than usual today.
T006369,E00719,5,Great experience overall.
T006369,E00502,5,Mission shoulder consider director college nor arrive space color my.
T006371,E00202,2,Fact statement piece picture western idea media off visit.
T006372,E00225,5,Vehicle was in poor condition.
T006372,E00681,5,Part them worker audience baby still scientist country all everyone call long foot.
T006373,E00682,4,Great experience overall.
T006375,E00344,5,Federal reality single indicate thank security exist increase.
T006375,E00384,5,Vehicle was in poor condition.
T006376,E00575,5,Agent simple rate serious power young benefit use begin.
T006378,E00390,4,Should explain believe area artist despite only either structure key.
T006379,E00226,5,On time and courteous driver.
T006379,E00355,5,Route felt longer than usual today.
T006379,E00104,5,Route felt longer than usual today.
T006379,E00574,5,On time and courteous driver.
T006380,E00488,4,"Driver was late, missed my shift start."
T006381,E00372,5,"Smooth ride, no complaints."
T006381,E00062,5,Bring security although sound pull again the.
T006381,E00628,4,Ago story short industry understand sell right project benefit marriage may medical.
T006381,E00559,5,Keep cell character artist forget adult.
T006382,E00649,4,Wait know left charge strong interest year hot knowledge everything fire team recent.
T006382,E00418,4,On time and courteous driver.
T006382,E00735,5,Wind become foot along more small follow even attack fact home.
T006383,E00201,4,Join many such collection book kid.
T006383,E00092,4,Route felt longer than usual today.
T006384,E00775,4,Western floor image low message like program involve drive recognize second listen think.
T006384,E00083,4,"Driver was late, missed my shift start."
T006385,E00021,4,Sign effort present fire employee back.
T006386,E00041,4,"Smooth ride, no complaints."
T006386,E00342,4,On time and courteous driver.
T006386,E00307,4,On time and courteous driver.
T006387,E00514,4,Care for before one impact effect thing direction.
T006388,E00748,4,Great experience overall.
T006388,E00288,5,Field why drop himself century head.
T006388,E00375,5,On time and courteous driver.
T006389,E00029,5,"Driver was late, missed my shift start."
T006389,E00424,3,Great experience overall.
T006390,E00612,5,On time and courteous driver.
T006392,E00601,2,"Driver was late, missed my shift start."
T006392,E00712,3,Great experience overall.
T006392,E00088,2,Great experience overall.
T006392,E00790,3,On time and courteous driver.
T006392,E00248,3,On time and courteous driver.
T006393,E00232,5,Note property early section road tell dream gas small bag much.
T006393,E00157,5,Close example exactly investment begin stuff alone why treat reflect.
T006393,E00246,5,Great experience overall.
T006393,E00383,5,"Driver was late, missed my shift start."
T006394,E00588,5,Girl medical attention heart more dark chance recent issue cover into his both.
T006396,E00397,4,Admit baby author look guy arm dinner less sell dark.
T006396,E00690,4,"Driver was late, missed my shift start."
T006397,E00578,5,Computer assume coach produce still hit.
T006397,E00209,5,On time and courteous driver.
T006399,E00632,2,On time and courteous driver.
T006400,E00800,3,"Driver was late, missed my shift start."
T006400,E00398,3,Vehicle was in poor condition.
T006400,E00267,5,Who turn white quality candidate as sport.
T006401,E00086,5,At ball present person drive source national deal.
T006401,E00125,5,Raise although dog civil us measure.
T006401,E00252,5,Own who grow leave life wide happen wear season usually true.
T006401,E00660,5,Against opportunity final case long why front.
T006401,E00773,5,Season cover history once reason cover door age order.
T006402,E00497,5,On time and courteous driver.
T006402,E00605,4,"Driver was late, missed my shift start."
T006402,E00572,5,Rule guess research career hear face tend relationship speak.
T006402,E00018,4,Meeting your two else throughout sell say challenge.
T006403,E00080,5,Month issue board decision couple present action into southern pick.
T006403,E00716,4,On time and courteous driver.
T006403,E00388,5,Blue buy prevent each cause deal world store.
T006403,E00672,4,"Driver was late, missed my shift start."
T006403,E00335,4,On time and courteous driver.
T006403,E00723,5,On time and courteous driver.
T006403,E00186,5,Response per memory score by deep than risk compare under baby bring.
T006404,E00680,4,Might air occur democratic room medical once.
T006404,E00754,4,Those deal over statement could south painting picture.
T006404,E00515,5,No yeah institution up class teach state member no imagine turn run player.
T006404,E00096,4,Budget door share type popular yet mind conference my third hard responsibility.
T006405,E00482,5,Gun myself yard later probably star.
T006405,E00597,4,"Smooth ride, no complaints."
T006405,E00655,4,Great experience overall.
T006405,E00536,5,Matter leader news notice condition exist end citizen current general offer.
T006406,E00140,4,"Driver was late, missed my shift start."
T006406,E00338,5,Vehicle was in poor condition.
T006406,E00173,5,On time and courteous driver.
T006407,E00176,4,Great experience overall.
T006407,E00551,4,"Driver was late, missed my shift start."
T006407,E00259,3,Even event real water on rather line thing officer space.
T006408,E00581,5,Vehicle was in poor condition.
T006408,E00661,5,Eight certain stock check to enjoy old already feeling hit.
T006409,E00699,5,Great experience overall.
T006409,E00282,4,On time and courteous driver.
T006409,E00532,5,"Smooth ride, no complaints."
T006410,E00675,5,Great experience overall.
T006410,E00465,4,"Driver was late, missed my shift start."
T006410,E00011,5,"Smooth ride, no complaints."
T006410,E00678,4,Nearly sure debate I positive parent blue time hot share heart quality result.
T006411,E00203,5,Route felt longer than usual today.
T006411,E00269,5,Event sister strong much edge future everyone.
T006411,E00340,4,Route felt longer than usual today.
T006411,E00313,5,"Driver was late, missed my shift start."
T006412,E00750,4,Instead note this could sense trade couple end radio.
T006412,E00468,4,On time and courteous driver.
T006412,E00131,4,"Smooth ride, no complaints."
T006413,E00419,5,Vehicle was in poor condition.
T006413,E00362,5,Vehicle was in poor condition.
T006414,E00432,5,Medical audience TV grow strategy or.
T006414,E00056,4,"Smooth ride, no complaints."
T006415,E00097,5,On time and courteous driver.
T006416,E00613,5,On time and courteous driver.
T006417,E00477,5,Route felt longer than usual today.
T006418,E00283,5,Source weight fact process home mind environmental one modern parent unit.
T006418,E00155,4,Great experience overall.
T006420,E00573,5,"Driver was late, missed my shift start."
T006423,E00453,4,Like any amount break either add compare probably step fund.
T006426,E00507,4,Individual help go friend goal concern set sit without age public eye itself.
T006428,E00389,3,Vehicle was in poor condition.
T006428,E00669,3,Move speech explain price require house several mouth many.
T006428,E00279,4,Keep first I weight it degree its recently activity already.
T006428,E00728,4,Great experience overall.
T006428,E00309,4,Route felt longer than usual today.
T006428,E00076,4,Vehicle was in poor condition.
T006428,E00603,4,Vehicle was in poor condition.
T006429,E00683,5,"Smooth ride, no complaints."
T006429,E00446,5,Ok live wait doctor skill determine great past team along life interest.
T006429,E00544,4,"Smooth ride, no complaints."
T006429,E00094,5,Democrat father according religious lead fly front ahead reason.
T006429,E00626,5,"Smooth ride, no complaints."
T006430,E00422,4,Deal spring want fact thousand dinner become short.
T006430,E00295,5,"Driver was late, missed my shift start."
T006430,E00484,5,Window main eye walk receive benefit woman.
T006430,E00187,4,"Smooth ride, no complaints."
T006430,E00399,4,"Smooth ride, no complaints."
T006430,E00651,5,On time and courteous driver.
T006430,E00431,4,Doctor either shake hospital buy question business seat suddenly whose.
T006431,E00764,4,"Smooth ride, no complaints."
T006431,E00065,4,High total debate base knowledge whatever minute.
T006431,E00162,5,"Smooth ride, no complaints."
T006432,E00235,4,True like method nature industry whom he face adult recent bed information themselves common.
T006433,E00449,5,Human sea animal sister nation executive just respond.
T006433,E00652,5,Blue treat start read call bag green top security.
T006433,E00464,5,Simple seek operation moment science night cell.
T006436,E00345,5,Vehicle was in poor condition.
T006437,E00547,4,Great experience overall.
T006438,E00405,5,"Smooth ride, no complaints."
T006439,E00569,4,Route felt longer than usual today.
T006439,E00385,4,Great experience overall.
T006440,E00450,5,Recognize establish somebody enjoy do land bit something south I Mr.
T006440,E00509,4,Fish evidence whole study experience leave find realize.
T006441,E00208,5,Route felt longer than usual today.
T006442,E00001,4,On time and courteous driver.
T006443,E00498,5,Great experience overall.
T006443,E00772,5,Continue enough purpose lay type buy read standard music kind campaign.
T006444,E00303,4,Interest mention raise right former establish something civil.
T006445,E00442,4,Great experience overall.
T006447,E00745,4,"Smooth ride, no complaints."
T006448,E00700,5,"Smooth ride, no complaints."
T006449,E00766,5,Route felt longer than usual today.
T006449,E00473,5,Keep operation option later reduce after question economy.
T006449,E00323,5,True music tough base house crime during nor think why.
T006449,E00733,4,Drug threat leader fly fund employee year experience successful executive attack.
T006449,E00075,3,With site others main receive million.
T006450,E00012,5,On time and courteous driver.
T006450,E00598,5,Great experience overall.
T006450,E00694,4,Route felt longer than usual today.
T006450,E00393,4,Imagine above quickly image individual process hospital kind daughter ok scientist.
T006450,E00496,5,"Driver was late, missed my shift start."
T006450,E00193,5,Type pull crime point allow sing system management million among sure main.
T006450,E00671,4,Water pick spend matter toward office write water record minute they blue.
T006451,E00141,4,On time and courteous driver.
T006451,E00149,5,Vehicle was in poor condition.
T006451,E00452,5,On time and courteous driver.
T006451,E00376,4,Identify candidate accept sea bank free quite resource.
T006452,E00324,4,End house experience edge focus reality cover rich concern very.
T006452,E00528,5,On time and courteous driver.
T006453,E00127,4,Great experience overall.
T006453,E00322,5,Route felt longer than usual today.
T006454,E00621,4,On time and courteous driver.
T006454,E00408,4,Against figure high say ten stop explain their successful station.
T006455,E00139,4,Great experience overall.
T006456,E00130,4,"Smooth ride, no complaints."
T006456,E00402,4,On time and courteous driver.
T006456,E00553,5,"Smooth ride, no complaints."
T006456,E00147,5,Official energy expert account camera yes save difference something determine.
T006456,E00586,5,"Smooth ride, no complaints."
T006456,E00729,4,Great experience overall.
T006457,E00060,3,Tend behind fast compare remain court me message smile early result.
T006457,E00643,4,Process parent movement term step site some idea.
T006457,E00100,4,First development reach from physical fire vote compare character machine beat.
T006459,E00414,4,Someone quickly plant answer his concern contain especially present discuss.
T006459,E00101,5,Vehicle was in poor condition.
T006460,E00005,5,Door suddenly tax less then admit home.
T006460,E00526,5,Act reach everyone your occur discuss western gun hand.
T006460,E00494,5,"Smooth ride, no complaints."
T006461,E00635,5,Physical country sister term account read room card campaign this environment.
T006461,E00103,5,Route felt longer than usual today.
T006461,E00326,5,Building always himself big memory fish speak area building could effort special thing.
T006463,E00505,4,On time and courteous driver.
T006463,E00305,4,With hear board thousand meeting consider explain difference Republican.
T006464,E00757,5,Seat officer article agent each crime science return.
T006465,E00794,4,Describe officer radio unit music unit study.
T006466,E00030,5,Executive cost do already case require sit.
T006466,E00701,5,Be summer appear set outside suggest fund radio white a particular maybe father.
T006466,E00015,5,"Driver was late, missed my shift start."
T006466,E00275,5,Spend task product become fall president east food.
T006466,E00294,5,Republican people fight relationship person number want.
T006467,E00017,4,Route felt longer than usual today.
T006467,E00599,4,Great experience overall.
T006468,E00708,5,Than magazine drop professor organization pretty surface seem blue everybody TV rule.
T006468,E00164,5,Real yourself bad factor want ability understand feeling within sport miss.
T006468,E00724,5,Route felt longer than usual today.
T006469,E00306,5,Image professor herself certainly personal picture.
T006469,E00648,4,Natural place relationship couple short certain ready none daughter lay health point reflect.
T006469,E00227,5,Sea point her include room peace.
T006470,E00624,5,They international watch author woman less space.
T006471,E00174,4,Great experience overall.
T006472,E00204,4,Financial even affect direction give office candidate something easy section finally picture lawyer.
T006472,E00384,4,Great experience overall.
T006473,E00427,4,Route felt longer than usual today.
T006476,E00072,5,"Smooth ride, no complaints."
T006479,E00120,4,Leader culture how interesting nature line.
T006479,E00390,4,Style still off walk stay Republican well carry reason myself general and add.
T006480,E00365,5,"Driver was late, missed my shift start."
T006480,E00228,5,Great experience overall.
T006480,E00104,4,Seek investment hope wonder prevent floor art floor it present coach.
T006480,E00095,5,Route felt longer than usual today.
T006480,E00791,5,On time and courteous driver.
T006480,E00653,5,On time and courteous driver.
T006482,E00123,5,Energy boy series imagine face stock security myself relationship near executive listen.
T006482,E00628,5,Route felt longer than usual today.
T006482,E00796,4,Vehicle was in poor condition.
T006482,E00349,5,"Smooth ride, no complaints."
T006482,E00568,4,Game score feeling simply quality successful.
T006482,E00062,4,Route felt longer than usual today.
T006482,E00251,4,Vehicle was in poor condition.
T006483,E00420,5,Ok color nor believe statement development west.
T006483,E00594,5,Different name stand again PM individual law member culture brother.
T006483,E00316,5,Travel wall me reach analysis guy else pass.
T006484,E00008,4,Word election appear Mr group ground.
T006484,E00135,4,Sport bad spring section recognize simply side wall economy then sell you player.
T006485,E00289,4,Term relate record rule some sense admit head floor.
T006485,E00035,5,Wait beautiful senior decision strong south threat now expect.
T006486,E00417,3,Route felt longer than usual today.
T006486,E00523,4,"Driver was late, missed my shift start."
T006486,E00548,4,Route felt longer than usual today.
T006487,E00083,5,Vehicle was in poor condition.
T006488,E00394,5,Family establish capital style door perhaps of project three wrong fast just which.
T006490,E00366,5,Route felt longer than usual today.
T006491,E00356,5,Great experience overall.
T006493,E00790,5,Great experience overall.
T006493,E00248,4,Vehicle was in poor condition.
T006493,E00504,5,On time and courteous driver.
T006493,E00374,5,On time and courteous driver.
T006493,E00090,5,Vehicle was in poor condition.
T006493,E00461,4,On time and courteous driver.
T006493,E00088,5,Stay improve detail system past fly position age whole thank win mother purpose.
T006495,E00246,5,Attack its national story media truth add return from.
T006495,E00157,4,Serve girl clearly build travel opportunity then high each black base without heavy.
T006495,E00383,4,Hope through international development answer quite star speech dark ok.
T006496,E00740,5,"Smooth ride, no complaints."
T006497,E00284,3,On time and courteous driver.
T006498,E00280,3,Great experience overall.
T006499,E00114,4,Vehicle was in poor condition.
T006501,E00191,4,Route felt longer than usual today.
T006501,E00779,5,"Smooth ride, no complaints."
T006501,E00018,5,Great experience overall.
T006501,E00460,4,Route felt longer than usual today.
T006502,E00762,5,Bad how far learn time half.
T006502,E00077,4,Responsibility note support enough hope road kitchen decision people without.
T006502,E00161,5,Crime quickly past speech happy listen lead record prevent business standard interest.
T006502,E00561,5,Indicate hotel firm leg finally however during group meet boy.
T006502,E00051,5,"Smooth ride, no complaints."
T006502,E00253,5,Route felt longer than usual today.
T006503,E00333,5,Base institution statement least hope different those.
T006503,E00497,5,Great experience overall.
T006503,E00125,4,Vehicle was in poor condition.
T006504,E00702,5,On time and courteous driver.
T006504,E00087,5,Exactly once image child find cut over common.
T006504,E00716,5,"Smooth ride, no complaints."
T006504,E00536,5,Route felt longer than usual today.
T006504,E00631,5,Route felt longer than usual today.
T006504,E00265,4,Base indeed require deal market show know piece attorney say.
T006505,E00456,5,Route felt longer than usual today.
T006505,E00052,4,Record increase wait break western we wall long.
T006505,E00676,4,Happy executive your already foreign natural.
T006505,E00789,5,Into science production guy finally return music.
T006506,E00680,5,Physical hotel memory find feeling small.
T006506,E00448,4,"Driver was late, missed my shift start."
T006506,E00732,4,Vehicle was in poor condition.
T006506,E00597,4,Route felt longer than usual today.
T006506,E00080,4,"Driver was late, missed my shift start."
T006507,E00137,5,Great experience overall.
T006507,E00581,4,Heavy whole protect he later hospital investment student data heart these product.
T006507,E00124,5,Candidate sister if century better perform physical beautiful difference.
T006507,E00364,5,Security from itself lead yourself argue tree simply analysis major.
T006507,E00557,4,Route felt longer than usual today.
T006508,E00661,4,Great experience overall.
T006508,E00678,5,"Smooth ride, no complaints."
T006509,E00706,4,Marriage manager clear skin crime health land avoid.
T006509,E00338,4,Least it good soon wrong light brother effort today.
T006510,E00469,4,Vehicle was in poor condition.
T006511,E00551,5,Great experience overall.
T006513,E00190,4,House water process whole stage effort trip relationship.
T006513,E00089,3,"Driver was late, missed my shift start."
T006514,E00348,5,Risk company ready organization beautiful involve Mrs training institution feeling.
T006514,E00468,5,Player ago other turn truth long southern white each mind set make.
T006515,E00222,3,On time and courteous driver.
T006516,E00797,5,Great experience overall.
T006516,E00750,5,Route felt longer than usual today.
T006517,E00644,5,Determine dream break hour individual low.
T006517,E00014,5,Cover eat word prove mouth foreign out current quality arm.
T006517,E00359,4,Great experience overall.
T006517,E00340,5,"Driver was late, missed my shift start."
T006517,E00111,4,Vehicle was in poor condition.
T006518,E00313,4,Great experience overall.
T006520,E00283,2,Vehicle was in poor condition.
T006521,E00415,5,I consumer yes natural painting indicate occur as successful add my travel kid.
T006521,E00583,5,Month defense realize shake value area fast environmental use avoid.
T006521,E00128,5,"Smooth ride, no complaints."
T006522,E00425,5,Route felt longer than usual today.
T006524,E00472,5,On time and courteous driver.
T006524,E00155,4,Player worry best son however foreign moment create very because speak.
T006525,E00677,5,Great experience overall.
T006525,E00485,5,"Driver was late, missed my shift start."
T006526,E00471,4,"Driver was late, missed my shift start."
T006527,E00486,5,Fact middle after no accept suddenly.
T006528,E00059,5,On time and courteous driver.
T006529,E00007,5,Great experience overall.
T006530,E00166,4,Thus yet quite mission represent growth remain education result apply feel operation.
T006530,E00582,3,Great experience overall.
T006530,E00399,3,Least step Mrs out central nothing discover prove series stock rather from.
T006530,E00094,3,Town these pay garden same trade dark artist by second follow how.
T006531,E00217,4,"Driver was late, missed my shift start."
T006531,E00512,4,"Smooth ride, no complaints."
T006531,E00389,4,Vehicle was in poor condition.
T006531,E00309,4,"Driver was late, missed my shift start."
T006531,E00484,4,Record soldier knowledge military stop happy policy interesting its.
T006532,E00292,5,Grow catch true in store pay.
T006532,E00670,5,Vehicle was in poor condition.
T006532,E00603,5,Direction become leave culture unit yes nice goal nearly economic number.
T006532,E00787,5,"Smooth ride, no complaints."
T006533,E00300,3,Language rule plan art boy quality success drug daughter yet.
T006535,E00513,5,"Smooth ride, no complaints."
T006535,E00433,4,Child concern risk if buy draw spring dream when because someone.
T006535,E00537,3,Great experience overall.
T006536,E00370,4,Threat follow financial can attention policy.
T006537,E00695,5,"Driver was late, missed my shift start."
T006537,E00447,5,Route felt longer than usual today.
T006538,E00065,4,"Driver was late, missed my shift start."
T006539,E00380,4,Able mean most late card project memory almost work have finally.
T006540,E00426,5,On time and courteous driver.
T006541,E00428,4,"Driver was late, missed my shift start."
T006543,E00336,4,Thing do budget successful like police reduce local address whether.
T006543,E00214,5,"Smooth ride, no complaints."
T006546,E00404,5,History near job fill direction travel worker only difficult hair pretty manage audience.
T006546,E00303,4,Route felt longer than usual today.
T006548,E00442,5,"Driver was late, missed my shift start."
T006548,E00044,5,Vote guy practice stuff deal hope imagine.
T006548,E00208,4,On time and courteous driver.
T006551,E00241,4,Great experience overall.
T006551,E00063,4,Admit recent bad drug clear attorney couple.
T006551,E00691,5,On time and courteous driver.
T006551,E00392,4,Route felt longer than usual today.
T006551,E00733,5,Three market interview executive director world my in.
T006553,E00395,4,Culture agreement right even campaign hundred.
T006554,E00567,4,On time and courteous driver.
T006554,E00004,4,On time and courteous driver.
T006554,E00602,5,Rest gas money across carry throughout never sport treat pick process moment.
T006554,E00455,4,Great experience overall.
T006554,E00570,4,"Driver was late, missed my shift start."
T006555,E00127,5,Route felt longer than usual today.
T006555,E00109,5,Same once authority assume fine east help nearly month do win sea wish.
T006555,E00629,4,Route felt longer than usual today.
T006555,E00043,5,Her understand lot usually human campaign debate yeah science decade.
T006555,E00198,4,Route felt longer than usual today.
T006556,E00528,5,Vehicle was in poor condition.
T006556,E00324,5,Vehicle was in poor condition.
T006556,E00322,4,"Smooth ride, no complaints."
T006556,E00727,5,Drive measure laugh management suggest support.
T006557,E00327,5,Vehicle was in poor condition.
T006557,E00737,4,Discussion professional admit million cold public air enter same.
T006557,E00621,4,"Smooth ride, no complaints."
T006558,E00262,5,Sit effect newspaper happen mention wear pick commercial another entire.
T006559,E00552,5,Route felt longer than usual today.
T006559,E00729,5,And simply rather lay song possible enough memory memory according build set.
T006560,E00036,3,Vehicle was in poor condition.
T006560,E00317,4,State travel agreement resource happen resource detail of process risk need.
T006560,E00402,4,"Smooth ride, no complaints."
T006562,E00013,5,Short later several interest across ahead serious edge look operation.
T006564,E00526,4,Own in wish factor step moment pick three feel.
T006566,E00110,5,Radio democratic shake population across room describe today.
T006566,E00617,5,On time and courteous driver.
T006566,E00494,5,Vehicle was in poor condition.
T006567,E00168,4,"Driver was late, missed my shift start."
T006567,E00101,5,Edge so piece very read many American sit.
T006568,E00770,4,Present sound never general rate reflect economy skin one have control.
T006569,E00543,4,Oil expert according large for common practice of best.
T006569,E00006,4,Vehicle was in poor condition.
T006569,E00030,4,On time and courteous driver.
T006569,E00646,4,Vehicle was in poor condition.
T006569,E00019,5,Get threat home minute space role.
T006569,E00138,4,Assume value suffer his run artist billion material necessary laugh.
T006569,E00054,5,Great experience overall.
T006570,E00206,4,Who side response air husband create can toward such.
T006570,E00599,5,Great experience overall.
T006571,E00462,5,On time and courteous driver.
T006571,E00592,3,Vehicle was in poor condition.
T006571,E00170,4,Design under Congress should traditional same point manage say front discussion.
T006572,E00268,5,"Driver was late, missed my shift start."
T006572,E00793,4,"Smooth ride, no complaints."
T006572,E00719,5,Necessary industry least degree stuff agreement TV tend book put coach focus.
T006573,E00386,5,Bank they lot official medical thought together ready big question at.
T006574,E00121,4,"Driver was late, missed my shift start."
T006574,E00620,4,Vehicle was in poor condition.
T006574,E00290,4,In data city score walk smile truth story open around century detail body.
T006575,E00353,4,Or action clearly difficult parent after knowledge year charge make.
T006576,E00470,5,Can couple travel majority firm music require better.
T006578,E00344,5,Care of try pass seat wrong walk me audience environmental trade.
T006579,E00595,5,"Smooth ride, no complaints."
T006582,E00634,5,Vehicle was in poor condition.
T006583,E00791,3,"Driver was late, missed my shift start."
T006583,E00642,3,Route felt longer than usual today.
T006583,E00355,5,On time and courteous driver.
T006583,E00560,3,On time and courteous driver.
T006583,E00774,4,Kid strong himself break firm will model order husband practice total.
T006583,E00095,4,"Driver was late, missed my shift start."
T006583,E00346,4,"Driver was late, missed my shift start."
T006583,E00373,4,Seem they born million off not next rather exactly show Republican environmental.
T006583,E00653,3,Route felt longer than usual today.
T006584,E00379,5,Its require animal mention total four new.
T006585,E00255,4,"Smooth ride, no complaints."
T006585,E00568,5,Second let plant defense population article until significant some simple nature city.
T006586,E00239,4,"Smooth ride, no complaints."
T006586,E00649,5,Federal seven pick type condition manager.
T006587,E00135,4,Prove item firm seek important night away wide yourself defense option.
T006587,E00594,2,Great experience overall.
T006588,E00307,5,Public staff world you customer thought major.
T006588,E00314,4,Sort white probably style minute over federal expert.
T006588,E00650,5,"Smooth ride, no complaints."
T006589,E00289,4,"Smooth ride, no complaints."
T006590,E00411,4,Which should certainly minute cell life ground ok occur campaign firm writer medical.
T006591,E00356,5,Vehicle was in poor condition.
T006592,E00375,4,Relate represent still clear war bad cold smile finish.
T006593,E00029,5,Language along offer heavy writer interview send charge yard pick size the.
T006594,E00288,5,If education despite increase check participant choose yard also industry.
T006594,E00367,4,On time and courteous driver.
T006595,E00071,5,Great experience overall.
T006595,E00514,5,"Smooth ride, no complaints."
T006597,E00601,5,"Driver was late, missed my shift start."
T006597,E00332,4,On time and courteous driver.
T006597,E00310,4,"Smooth ride, no complaints."
T006597,E00734,5,Great experience overall.
T006597,E00099,5,Employee true thing upon inside many two key answer another.
T006597,E00088,5,Vehicle was in poor condition.
T006597,E00765,4,Not trip wear hear respond half.
T006597,E00663,5,"Driver was late, missed my shift start."
T006597,E00040,5,Route felt longer than usual today.
T006597,E00504,5,Vehicle was in poor condition.
T006597,E00461,5,Do medical more risk work simple laugh effort day behavior.
T006599,E00780,5,Route felt longer than usual today.
T006599,E00116,5,Little side successful read west go usually.
T006599,E00238,4,Pay read responsibility line star ball nice soon trouble measure because.
T006602,E00244,5,Great experience overall.
T006603,E00397,5,On time and courteous driver.
T006606,E00009,4,Operation build piece investment door day million arm possible attack hair bad teach.
T006606,E00051,5,On time and courteous driver.
T006606,E00258,5,Great experience overall.
T006606,E00003,3,Vehicle was in poor condition.
T006606,E00561,4,Seven act any affect tough religious attorney number.
T006607,E00409,4,Route felt longer than usual today.
T006607,E00273,4,Route felt longer than usual today.
T006607,E00605,5,"Smooth ride, no complaints."
T006607,E00178,4,Route felt longer than usual today.
T006608,E00333,5,And pretty time middle sound although area top TV.
T006608,E00710,4,Vehicle was in poor condition.
T006608,E00329,5,Great experience overall.
T006608,E00556,5,Value yes then unit few suggest open approach so least fall describe.
T006609,E00159,4,Create world interest top book test every above behavior certainly rate section.
T006609,E00087,5,Tough reduce word your can hold class doctor care world yeah.
T006609,E00052,5,Vehicle was in poor condition.
T006610,E00577,5,On time and courteous driver.
T006610,E00754,4,Great experience overall.
T006610,E00631,5,Eye than edge meeting material director chair option.
T006611,E00096,4,Yourself yes body necessary dark open reach myself court operation court.
T006611,E00524,5,Unit cost into marriage though example modern model record top.
T006612,E00438,4,Former people buy minute move rich degree build man.
T006612,E00134,5,Seven network citizen several peace region successful floor.
T006613,E00443,5,Route felt longer than usual today.
T006613,E00140,4,Simply think line head five south agree.
T006613,E00137,4,"Smooth ride, no complaints."
T006613,E00126,5,Ready main goal consumer woman TV inside street American live.
T006614,E00699,5,Vehicle was in poor condition.
T006614,E00619,5,On time and courteous driver.
T006615,E00260,5,Right federal pass bring purpose actually like better.
T006615,E00769,5,"Smooth ride, no complaints."
T006616,E00557,5,"Driver was late, missed my shift start."
T006616,E00678,5,"Driver was late, missed my shift start."
T006616,E00364,5,Learn north many green data him action every simply finish would game parent.
T006616,E00024,5,"Driver was late, missed my shift start."
T006616,E00338,5,Many have letter lawyer coach how training.
T006616,E00154,4,Vehicle was in poor condition.
T006617,E00551,5,On time and courteous driver.
T006618,E00143,3,Route felt longer than usual today.
T006618,E00097,4,Great experience overall.
T006619,E00665,5,"Driver was late, missed my shift start."
T006619,E00546,5,Them cut chair fine notice live wear clear city traditional fire authority power.
T006621,E00463,5,Indicate class themselves art benefit century generation southern health.
T006621,E00520,3,Season anything own treat meet office door yet relationship.
T006621,E00032,4,Against itself employee baby wrong management never hot matter special investment development.
T006621,E00541,3,Herself call huge according result number outside during nation age project since.
T006621,E00407,4,Expect agent also science ready six four event actually seven drug form plant.
T006622,E00183,5,Route felt longer than usual today.
T006622,E00741,5,Leave action history adult gun around side between.
T006623,E00298,5,"Driver was late, missed my shift start."
T006623,E00301,4,Wind per guy kid new benefit lot.
T006624,E00070,3,Accept past modern list kid prevent avoid quite brother.
T006624,E00266,5,Route felt longer than usual today.
T006626,E00714,4,"Smooth ride, no complaints."
T006627,E00485,4,"Smooth ride, no complaints."
T006627,E00330,5,"Smooth ride, no complaints."
T006628,E00283,5,On time and courteous driver.
T006629,E00506,5,"Driver was late, missed my shift start."
T006631,E00583,4,"Smooth ride, no complaints."
T006635,E00181,5,Follow would ask federal seat ready operation candidate movement.
T006635,E00076,5,Such strong whom American lawyer summer sure need indeed size.
T006635,E00112,5,Reach report unit room majority benefit purpose my least cost similar cover rather.
T006635,E00627,4,Really get list near step behind first never beyond son.
T006636,E00484,5,Already suggest daughter claim against factor.
T006636,E00626,4,"Smooth ride, no complaints."
T006636,E00295,5,Again prepare maintain pattern may indicate be phone.
T006636,E00725,5,Rich ahead tax reduce recently concern idea.
T006637,E00544,5,Reach computer find others pressure child there next discuss get pick claim.
T006637,E00440,5,Firm situation be situation leg ok population continue life culture doctor.
T006637,E00618,4,"Driver was late, missed my shift start."
T006638,E00133,4,Most camera admit real chance force international American play much blood.
T006638,E00162,4,Route felt longer than usual today.
T006640,E00713,5,Truth each admit defense money station no article.
T006641,E00664,5,Picture coach carry personal second serious.
T006641,E00464,5,Route felt longer than usual today.
T006642,E00229,4,Go camera station art all sort evening condition tell rise region.
T006643,E00487,5,Vehicle was in poor condition.
T006643,E00736,5,"Driver was late, missed my shift start."
T006644,E00698,5,Operation office at pick left focus.
T006645,E00354,4,Route felt longer than usual today.
T006647,E00208,5,Route felt longer than usual today.
T006648,E00525,5,Member he but will as theory.
T006649,E00303,5,Great experience overall.
T006649,E00214,5,Age record blue step rise gas stuff box coach mean.
T006650,E00587,5,Art miss house soon crime area machine newspaper keep operation.
T006650,E00205,5,Painting drive treat will outside all have field eight.
T006650,E00569,5,"Driver was late, missed my shift start."
T006651,E00498,2,Vehicle was in poor condition.
T006652,E00182,5,Maybe yourself skin fish important among glass dinner wide much dream us.
T006653,E00428,5,"Driver was late, missed my shift start."
T006654,E00102,5,Route felt longer than usual today.
T006655,E00445,2,Staff life then whether seat feeling.
T006655,E00781,3,Pass pay argue consumer director cover rule return live add similar sport.
T006655,E00044,3,Great experience overall.
T006656,E00075,5,"Smooth ride, no complaints."
T006656,E00256,4,Throw nearly green instead try help.
T006656,E00529,4,Such world very prove month form need beyond he.
T006656,E00538,4,Little likely age such guess international to travel worry left around.
T006656,E00063,3,"Driver was late, missed my shift start."
T006656,E00304,5,On time and courteous driver.
T006656,E00733,4,On time and courteous driver.
T006656,E00392,4,Billion almost common seven economic list TV safe doctor hospital.
T006658,E00694,4,Teacher assume performance when movie act level.
T006658,E00585,5,Himself bring this painting artist minute early research force article keep who between.
T006658,E00671,5,"Driver was late, missed my shift start."
T006658,E00720,4,Great experience overall.
T006658,E00531,5,Unit down opportunity exactly seat collection human increase describe.
T006658,E00278,5,Route felt longer than usual today.
T006658,E00039,5,Believe who mission research direction they do evidence red past.
T006659,E00755,5,We five front Congress scientist surface city leave year.
T006659,E00395,4,Vehicle was in poor condition.
T006660,E00621,5,Become hard pay white positive bring special age ball bit drug.
T006660,E00413,4,Vehicle was in poor condition.
T006660,E00264,4,On time and courteous driver.
T006661,E00127,5,On time and courteous driver.
T006662,E00715,5,Vehicle was in poor condition.
T006662,E00727,4,On time and courteous driver.
T006663,E00784,5,On time and courteous driver.
T006664,E00729,3,Manage know song must probably size program modern suggest close take around arm single.
T006664,E00262,3,Cell floor federal staff appear political task want plant ago young evening.
T006665,E00195,4,Route felt longer than usual today.
T006665,E00552,5,Route felt longer than usual today.
T006665,E00163,5,Project about this tend indicate note view together sport scientist.
T006667,E00189,4,Great experience overall.
T006667,E00103,4,Technology minute seek lawyer least next agent probably.
T006667,E00494,5,Third ok community environmental building whose since bit language.
T006667,E00770,5,Course marriage plan seven allow suffer forget.
T006668,E00231,5,Special crime argue push civil buy suddenly work.
T006668,E00305,5,Great experience overall.
T006668,E00501,4,Large election head since animal daughter eat last trip.
T006669,E00098,4,Remember stuff build general her appear start between whom.
T006671,E00617,4,On time and courteous driver.
T006672,E00013,4,Action either method through chance Mrs.
T006673,E00505,4,Great experience overall.
T006674,E00263,5,"Smooth ride, no complaints."
T006675,E00017,5,Route felt longer than usual today.
T006675,E00646,5,On time and courteous driver.
T006675,E00206,4,On time and courteous driver.
T006677,E00151,4,Bank alone response small blue five.
T006678,E00170,5,Identify task answer process quickly international line.
T006678,E00227,4,On time and courteous driver.
T006679,E00592,5,"Smooth ride, no complaints."
T006679,E00200,3,Route felt longer than usual today.
T006679,E00290,4,Vehicle was in poor condition.
T006679,E00467,5,Great experience overall.
T006680,E00343,4,Republican manage quickly billion series item outside writer cell administration.
T006680,E00776,4,"Smooth ride, no complaints."
T006681,E00401,5,"Smooth ride, no complaints."
T006681,E00575,5,Job other each garden small large.
T006684,E00202,4,End recent surface probably budget get body theory you newspaper southern mention bad.
T006684,E00390,4,"Driver was late, missed my shift start."
T006684,E00682,4,Great experience overall.
T006685,E00293,4,Form learn trade arrive read realize important rest.
T006685,E00042,5,"Driver was late, missed my shift start."
T006685,E00334,5,World guess with beat site though star sound street within inside practice.
T006687,E00609,5,Vehicle was in poor condition.
T006688,E00574,5,Route felt longer than usual today.
T006688,E00774,5,Route felt longer than usual today.
T006688,E00346,5,On time and courteous driver.
T006688,E00069,5,Back weight game area late must off participant sort long movie.
T006689,E00115,4,"Smooth ride, no complaints."
T006689,E00614,3,Great experience overall.
T006689,E00095,3,"Smooth ride, no complaints."
T006689,E00379,3,"Smooth ride, no complaints."
T006690,E00610,4,"Smooth ride, no complaints."
T006690,E00156,4,Great experience overall.
T006690,E00591,4,"Smooth ride, no complaints."
T006690,E00062,5,Entire around natural culture use event debate article though miss reach.
T006691,E00679,5,Order whether argue lead board finish join road east majority.
T006691,E00418,4,"Driver was late, missed my shift start."
T006692,E00092,5,"Smooth ride, no complaints."
T006692,E00239,4,On time and courteous driver.
T006692,E00735,3,Vehicle was in poor condition.
T006693,E00035,5,Successful stock medical much set dark.
T006693,E00523,5,Act which data safe hotel thousand.
T006693,E00321,5,On time and courteous driver.
T006694,E00083,5,"Smooth ride, no complaints."
T006694,E00350,4,Knowledge black car hour organization condition participant possible.
T006695,E00254,4,On time and courteous driver.
T006695,E00233,5,Energy turn imagine well single despite staff.
T006697,E00474,5,Great experience overall.
T006697,E00113,5,Great experience overall.
T006698,E00029,5,Great experience overall.
T006698,E00210,5,"Driver was late, missed my shift start."
T006699,E00091,4,Listen race analysis develop against person two capital hair bag but finish.
T006699,E00367,4,Vehicle was in poor condition.
T006699,E00612,4,"Driver was late, missed my shift start."
T006700,E00375,5,Vehicle was in poor condition.
T006700,E00394,5,Blood war sign friend Congress lay reality I employee institution term job.
T006701,E00366,4,Vehicle was in poor condition.
T006702,E00522,5,Hand economic exist player story often popular Democrat kind on later.
T006702,E00461,4,"Driver was late, missed my shift start."
T006702,E00248,4,"Driver was late, missed my shift start."
T006702,E00374,4,Route felt longer than usual today.
T006703,E00504,4,Route felt longer than usual today.
T006704,E00383,5,"Smooth ride, no complaints."
T006704,E00116,5,"Driver was late, missed my shift start."
T006704,E00232,5,Federal increase wish city bad class part rock knowledge policy feeling.
T006705,E00656,4,"Smooth ride, no complaints."
T006705,E00657,5,Goal stop three stand carry question when wish receive perform.
T006706,E00246,4,On time and courteous driver.
T006707,E00244,5,"Smooth ride, no complaints."
T006708,E00025,4,Great experience overall.
T006709,E00318,5,Old her true sort that though collection son civil.
T006710,E00331,5,Item right condition administration special base TV baby water agree politics.
T006711,E00795,5,Country include seem opportunity standard explain cell night.
T006711,E00258,5,On time and courteous driver.
T006711,E00660,5,Little evidence make college face later week occur form teacher even.
T006711,E00773,4,Vehicle was in poor condition.
T006711,E00125,5,"Smooth ride, no complaints."
T006711,E00337,4,Route felt longer than usual today.
T006711,E00161,4,Route felt longer than usual today.
T006711,E00129,5,On time and courteous driver.
T006712,E00273,4,Music little yard reach amount attorney room tonight behavior matter magazine.
T006712,E00630,5,Word operation success expert finally position night old degree story.
T006713,E00253,5,"Smooth ride, no complaints."
T006713,E00565,5,Route felt longer than usual today.
T006713,E00561,5,"Smooth ride, no complaints."
T006713,E00077,5,Manage total financial once price he focus wide report.
T006713,E00647,5,Wear close already discussion while him amount analysis social consider cell peace.
T006714,E00536,3,Vehicle was in poor condition.
T006714,E00186,5,On time and courteous driver.
T006714,E00482,4,Listen just really whose cup vote nothing movie officer necessary red future off.
T006714,E00448,5,Maybe feel bring seven serious finally contain individual far trip.
T006715,E00080,3,Vehicle was in poor condition.
T006715,E00082,3,"Driver was late, missed my shift start."
T006715,E00767,3,At more about discussion especially later reduce.
T006715,E00368,4,"Driver was late, missed my shift start."
T006716,E00265,4,On time and courteous driver.
T006717,E00564,5,Blood institution Democrat soldier make memory ahead real early support us.
T006717,E00260,5,Great experience overall.
T006717,E00738,5,"Driver was late, missed my shift start."
T006718,E00443,4,"Smooth ride, no complaints."
T006718,E00616,5,"Driver was late, missed my shift start."
T006718,E00024,3,Collection no already campaign hotel hundred fill gas hope particularly win.
T006718,E00137,5,"Smooth ride, no complaints."
T006719,E00500,5,After born girl color finally recognize account lawyer gun fall professor for nature.
T006719,E00678,4,On time and courteous driver.
T006719,E00465,5,Behavior whatever walk agency style run dream where minute.
T006720,E00751,5,Unit product draw only order training statement maybe buy too pretty when everyone.
T006720,E00134,5,Area many development century clearly top.
T006721,E00011,5,On time and courteous driver.
T006722,E00581,4,Education cold difference main among risk sure floor listen catch evidence toward experience loss.
T006723,E00463,5,Church interest usually chance ten politics despite.
T006723,E00750,4,Citizen her significant under public conference change knowledge heart.
T006724,E00313,5,On time and courteous driver.
T006724,E00797,5,On time and courteous driver.
T006724,E00131,5,"Smooth ride, no complaints."
T006725,E00541,5,Vehicle was in poor condition.
T006725,E00247,4,"Driver was late, missed my shift start."
T006725,E00359,4,Practice under usually month figure evening trade star despite perhaps source soon.
T006728,E00507,4,On time and courteous driver.
T006729,E00172,5,Room middle bar season report visit eye.
T006731,E00059,4,Evidence speech color join difficult specific manage.
T006734,E00480,4,Case receive direction all people open shoulder pay.
T006734,E00070,5,Stage start paper particularly imagine keep.
T006738,E00728,4,Vehicle was in poor condition.
T006738,E00651,4,"Smooth ride, no complaints."
T006738,E00292,3,Vehicle was in poor condition.
T006738,E00768,4,Store every glass especially same find event fill size over.
T006738,E00187,4,Tv majority into could society daughter song mouth dark pull head.
T006738,E00512,4,"Smooth ride, no complaints."
T006738,E00484,4,Vehicle was in poor condition.
T006739,E00217,4,On time and courteous driver.
T006739,E00440,5,"Smooth ride, no complaints."
T006739,E00544,4,Point support tend manage future discussion organization within baby ten window.
T006739,E00683,4,Route felt longer than usual today.
T006739,E00787,5,Democratic certain true edge visit reason past know goal kitchen.
T006740,E00709,5,Local start long gun population present development discover total discussion.
T006740,E00446,5,"Driver was late, missed my shift start."
T006740,E00152,5,"Smooth ride, no complaints."
T006741,E00345,5,Route felt longer than usual today.
T006741,E00713,4,Cold place someone from business friend necessary both simple religious drug.
T006741,E00223,4,Vehicle was in poor condition.
T006741,E00666,5,Vehicle was in poor condition.
T006741,E00764,5,On time and courteous driver.
T006742,E00300,5,Vehicle was in poor condition.
T006742,E00511,5,Bar time kid start catch various play campaign allow.
T006742,E00483,4,Direction standard your sure piece simple always son much picture that.
T006743,E00537,5,"Smooth ride, no complaints."
T006743,E00250,3,"Driver was late, missed my shift start."
T006743,E00370,4,Vehicle was in poor condition.
T006744,E00478,5,"Smooth ride, no complaints."
T006744,E00220,5,On time and courteous driver.
T006744,E00736,4,Route felt longer than usual today.
T006745,E00027,5,Route felt longer than usual today.
T006748,E00426,5,"Driver was late, missed my shift start."
T006749,E00404,5,Receive politics inside a lose person will southern name music sort two see.
T006750,E00587,4,Talk fine investment water office person seven off which beat adult peace.
T006751,E00336,3,Figure power moment couple add notice chair kitchen couple pay home face.
T006752,E00498,5,Season course reach by recent bank drug voice actually how follow culture.
T006752,E00023,5,Route felt longer than usual today.
T006753,E00184,5,Vehicle was in poor condition.
T006753,E00400,5,"Smooth ride, no complaints."
T006754,E00450,4,Down reality hot study participant stay product help.
T006756,E00569,5,"Driver was late, missed my shift start."
T006756,E00358,5,On time and courteous driver.
T006756,E00589,5,Route felt longer than usual today.
T006757,E00685,5,"Smooth ride, no complaints."
T006757,E00214,5,Vehicle was in poor condition.
T006758,E00525,4,"Driver was late, missed my shift start."
T006760,E00304,5,This share wonder fund yes history stock simple state.
T006760,E00766,5,Vehicle was in poor condition.
T006760,E00256,4,Someone painting chair perform since until organization no it affect money.
T006760,E00529,3,"Smooth ride, no complaints."
T006761,E00489,5,Example about cost indicate sea still.
T006761,E00075,4,Vehicle was in poor condition.
T006762,E00570,4,Sign most teach process tree ball reason environment least brother those again.
T006762,E00667,5,Defense military population over beyond claim region find these evening.
T006762,E00278,4,"Driver was late, missed my shift start."
T006762,E00376,5,"Smooth ride, no complaints."
T006762,E00455,5,Theory stand draw inside issue shake again wide trade challenge write next.
T006762,E00720,5,On time and courteous driver.
T006762,E00132,5,Great experience overall.
T006763,E00585,4,Way Republican commercial call section policy always whom serious accept increase another second majority.
T006763,E00671,4,Few lot ago voice policy record ok pull week street if training.
T006763,E00602,5,Bill almost owner finally cut others teach town place.
T006764,E00198,5,Route felt longer than usual today.
T006764,E00127,5,Vehicle was in poor condition.
T006764,E00621,4,"Driver was late, missed my shift start."
T006765,E00528,4,Care Democrat force space clearly bag thousand.
T006765,E00327,5,Simply condition question actually want specific cultural standard wish learn whole always.
T006765,E00413,5,On time and courteous driver.
T006766,E00495,5,On time and courteous driver.
T006766,E00324,4,On time and courteous driver.
T006767,E00643,5,"Smooth ride, no complaints."
T006767,E00608,4,Vehicle was in poor condition.
T006767,E00729,5,Traditional stand turn method bar value single watch wonder.
T006767,E00130,5,Theory degree indeed sometimes available bank resource listen seat stay himself save unit.
T006767,E00553,5,"Driver was late, missed my shift start."
T006768,E00188,3,Route felt longer than usual today.
T006769,E00262,4,Let charge thought firm head end drop decade.
T006769,E00163,3,On time and courteous driver.
T006769,E00554,3,Great experience overall.
T006771,E00757,5,Great experience overall.
T006771,E00110,5,Vehicle was in poor condition.
T006771,E00339,4,"Smooth ride, no complaints."
T006773,E00414,5,Know allow state skin pass nation accept.
T006773,E00794,3,"Smooth ride, no complaints."
T006773,E00145,5,Fly kid mind community public usually discussion worry that turn from investment Democrat.
T006774,E00189,5,Prevent direction factor seven century few admit.
T006774,E00005,4,Route felt longer than usual today.
T006774,E00305,4,Player well center thus guy state six sense later.
T006775,E00002,4,Road identify place character work magazine.
T006776,E00013,5,Few by must doctor pay strategy use third recently.
T006776,E00263,5,On time and courteous driver.
T006777,E00103,5,Ago relate itself in hope water action weight stay hotel ten never factor.
T006777,E00479,4,Generation picture bill step interest weight require interview challenge man soon range TV.
T006778,E00770,5,For real lay international size nor try happen quality police always nearly civil.
T006779,E00224,4,Great experience overall.
T006779,E00701,4,Route felt longer than usual today.
T006779,E00165,4,Recognize improve window everyone resource consumer research sound life during far.
T006779,E00692,4,Property young American board make hit east understand tell wife scientist.
T006779,E00387,4,Vehicle was in poor condition.
T006781,E00658,5,"Driver was late, missed my shift start."
T006781,E00724,5,Back machine push common send we information happen western fine at manage.
T006782,E00462,4,Route felt longer than usual today.
T006782,E00590,5,"Driver was late, missed my shift start."
T006783,E00648,5,"Smooth ride, no complaints."
T006783,E00719,5,Wonder special stay care somebody lawyer.
T006783,E00576,4,Cover analysis sure certain section court environmental customer turn magazine north adult agreement.
T006783,E00170,4,Route felt longer than usual today.
T006784,E00200,4,Candidate become growth crime early myself artist.
T006784,E00343,3,On time and courteous driver.
T006785,E00057,5,"Driver was late, missed my shift start."
T006786,E00144,5,"Smooth ride, no complaints."
T006786,E00334,4,Partner have act soon street magazine newspaper anything customer other hand every myself.
T006786,E00344,5,Route felt longer than usual today.
T006788,E00042,4,Home throughout high relationship item player somebody white professor wish require.
T006788,E00476,3,"Smooth ride, no complaints."
T006789,E00401,4,Artist girl car husband thank economic live culture also clearly.
T006789,E00384,5,Great experience overall.
T006790,E00427,5,Skill budget certain never just soon.
T006790,E00204,5,Manage arrive agree nothing game treatment argue PM day future little drive.
T006791,E00050,4,Route felt longer than usual today.
T006791,E00078,4,Middle pressure control thought story watch water wide.
T006791,E00490,4,Vehicle was in poor condition.
T006792,E00634,5,Vehicle was in poor condition.
T006793,E00228,5,On time and courteous driver.
T006793,E00488,5,On time and courteous driver.
T006793,E00521,5,Route felt longer than usual today.
T006793,E00574,4,Involve white choice deal with argue point although.
T006793,E00653,4,Vehicle was in poor condition.
T006793,E00069,5,Route felt longer than usual today.
T006793,E00696,5,Allow east down how still analysis bed strong poor itself large paper.
T006794,E00115,5,Route felt longer than usual today.
T006795,E00372,5,To popular against from option door ask often off.
T006795,E00167,5,Vehicle was in poor condition.
T006795,E00062,4,Without environmental report attack practice be pay cost.
T006795,E00255,4,Great experience overall.
T006795,E00591,5,"Smooth ride, no complaints."
T006795,E00628,5,"Smooth ride, no complaints."
T006796,E00316,4,Just recognize think indicate common war from four thousand thing blue treatment rest.
T006796,E00092,4,Miss well although himself discussion do.
T006796,E00221,5,"Driver was late, missed my shift start."
T006797,E00420,4,"Driver was late, missed my shift start."
T006797,E00735,4,Old because sense theory back indeed.
T006798,E00254,5,Vehicle was in poor condition.
T006798,E00775,5,But upon tend eat customer follow someone move.
T006798,E00307,5,Route felt longer than usual today.
T006799,E00046,5,Program country scientist hit everyone sport situation believe few.
T006801,E00748,5,Indeed benefit foreign citizen mean necessary foreign value body.
T006803,E00113,5,Letter prepare adult main still edge believe president those within ahead.
T006805,E00612,5,Vehicle was in poor condition.
T006805,E00288,5,Protect yeah within between general talk.
T006805,E00312,4,Great experience overall.
T006806,E00310,5,Air receive most close challenge tree once record at live yard.
T006806,E00734,5,Vehicle was in poor condition.
T006806,E00763,3,On time and courteous driver.
T006806,E00765,5,Glass hotel forget woman south simple probably consumer both notice late knowledge.
T006806,E00148,5,Field population according financial news production bank game attorney financial in.
T006806,E00504,5,Include old ask suffer at society ten maybe picture company.
T006806,E00461,5,Great experience overall.
T006807,E00749,5,Skill spring ever truth spend TV production.
T006807,E00232,5,"Driver was late, missed my shift start."
T006807,E00780,4,On time and courteous driver.
T006807,E00116,4,Expert only miss though decision whether available ever simply against ever safe.
T006808,E00157,4,Traditional rate which stand seat power usually late.
T006808,E00238,5,Particular land entire black body Congress American.
T006809,E00318,4,Miss very me attack your what plan return collection picture.
T006809,E00209,4,Before develop reach one interest letter attention memory.
T006810,E00284,5,Vehicle was in poor condition.
T006810,E00244,4,Front thus campaign whatever product name garden care under design week find continue.
T006810,E00632,3,Bag gun work low through reality picture that.
T006811,E00686,3,Great experience overall.
