trip_id,employee_id
T000001,E00409
T000001,E00795
T000001,E00561
T000001,E00783
T000001,E00605
T000001,E00253
T000001,E00762
T000001,E00178
T000001,E00252
T000001,E00161
T000001,E00460
T000001,E00660
T000001,E00556
T000001,E00273
T000001,E00009
T000001,E00016
T000001,E00497
T000001,E00333
T000002,E00565
T000002,E00779
T000002,E00688
T000002,E00291
T000002,E00752
T000002,E00003
T000002,E00267
T000002,E00800
T000002,E00142
T000002,E00773
T000002,E00459
T000002,E00086
T000002,E00018
T000002,E00258
T000002,E00572
T000002,E00406
T000002,E00199
T000002,E00191
T000003,E00325
T000003,E00297
T000003,E00630
T000003,E00647
T000003,E00038
T000003,E00337
T000003,E00329
T000003,E00051
T000003,E00549
T000004,E00082
T000004,E00218
T000004,E00672
T000004,E00536
T000004,E00524
T000004,E00798
T000004,E00456
T000004,E00579
T000004,E00037
T000004,E00655
T000004,E00631
T000004,E00159
T000004,E00265
T000004,E00153
T000004,E00388
T000004,E00680
T000004,E00597
T000004,E00702
T000005,E00315
T000005,E00693
T000005,E00723
T000005,E00022
T000005,E00087
T000005,E00716
T000005,E00577
T000005,E00515
T000005,E00767
T000005,E00096
T000005,E00542
T000005,E00607
T000005,E00080
T000005,E00596
T000005,E00186
T000005,E00756
T000005,E00052
T000005,E00335
T000006,E00731
T000006,E00732
T000006,E00448
T000006,E00676
T000006,E00754
T000006,E00033
T000006,E00759
T000007,E00581
T000007,E00137
T000007,E00699
T000007,E00260
T000007,E00134
T000007,E00678
T000007,E00259
T000007,E00338
T000008,E00126
T000008,E00185
T000008,E00738
T000008,E00011
T000008,E00024
T000008,E00717
T000008,E00438
T000008,E00465
T000009,E00240
T000009,E00500
T000009,E00751
T000009,E00364
T000009,E00124
T000009,E00443
T000009,E00564
T000009,E00154
T000010,E00661
T000010,E00140
T000010,E00675
T000010,E00469
T000010,E00551
T000010,E00382
T000010,E00532
T000010,E00730
T000011,E00557
T000011,E00510
T000011,E00616
T000011,E00176
T000011,E00619
T000011,E00173
T000011,E00769
T000011,E00282
T000012,E00222
T000012,E00750
T000012,E00432
T000012,E00298
T000012,E00213
T000012,E00203
T000012,E00032
T000012,E00247
T000013,E00359
T000013,E00493
T000013,E00313
T000013,E00348
T000013,E00269
T000013,E00056
T000013,E00111
T000013,E00744
T000014,E00407
T000014,E00183
T000014,E00741
T000014,E00797
T000014,E00541
T000014,E00299
T000014,E00160
T000014,E00014
T000015,E00089
T000015,E00665
T000015,E00143
T000015,E00520
T000015,E00301
T000015,E00020
T000015,E00673
T000015,E00704
T000016,E00362
T000016,E00234
T000016,E00340
T000016,E00613
T000016,E00131
T000016,E00546
T000016,E00644
T000017,E00742
T000017,E00506
T000017,E00415
T000017,E00010
T000018,E00593
T000018,E00615
T000018,E00283
T000018,E00486
T000019,E00677
T000019,E00583
T000019,E00286
T000019,E00425
T000020,E00357
T000020,E00155
T000020,E00472
T000020,E00007
T000021,E00718
T000021,E00687
T000021,E00093
T000021,E00319
T000022,E00172
T000022,E00453
T000022,E00573
T000022,E00330
T000023,E00423
T000023,E00471
T000023,E00177
T000023,E00211
T000024,E00271
T000024,E00070
T000024,E00477
T000024,E99139
T000025,E00778
T000025,E00480
T000025,E00777
T000025,E00485
T000026,E00266
T000026,E00128
T000026,E00215
T000026,E00517
T000027,E00369
T000027,E00421
T000028,E00625
T000028,E00627
T000028,E00539
T000028,E00512
T000028,E00626
T000028,E00308
T000028,E00187
T000028,E99845
T000028,E00181
T000028,E00446
T000028,E00094
T000028,E00166
T000028,E00440
T000028,E00431
T000028,E00429
T000028,E00544
T000028,E00618
T000028,E00076
T000029,E00279
T000029,E00669
T000029,E00309
T000029,E00292
T000029,E00725
T000029,E00484
T000029,E00399
T000029,E00295
T000029,E00112
T000029,E00603
T000029,E00582
T000029,E00651
T000029,E00674
T000029,E00152
T000029,E00519
T000029,E00492
T000029,E00508
T000029,E00768
T000030,E00728
T000030,E00555
T000030,E00499
T000030,E00709
T000030,E00435
T000030,E00276
T000030,E00389
T000030,E00726
T000030,E00217
T000030,E00683
T000030,E00422
T000030,E00150
T000031,E00370
T000031,E00196
T000031,E00464
T000031,E00736
T000031,E00285
T000031,E00584
T000031,E00713
T000031,E00136
T000032,E00481
T000032,E00652
T000032,E00175
T000032,E00410
T000032,E00243
T000032,E00058
T000032,E00249
T000032,E00235
T000033,E00229
T000033,E00250
T000033,E00513
T000033,E00478
T000033,E00447
T000033,E00049
T000033,E00048
T000033,E00764
T000034,E00483
T000034,E00171
T000034,E00664
T000034,E00604
T000034,E00433
T000034,E00300
T000034,E00487
T000034,E00162
T000035,E00277
T000035,E00633
T000035,E00666
T000035,E00197
T000035,E00637
T000035,E00721
T000035,E00065
T000035,E00449
T000036,E99718
T000036,E00511
T000036,E00537
T000036,E00133
T000036,E00695
T000037,E00045
T000037,E00436
T000037,E00781
T000037,E00412
T000038,E00404
T000038,E00533
T000038,E00371
T000038,E00208
T000039,E00311
T000039,E00662
T000039,E00745
T000039,E00450
T000040,E99679
T000040,E00441
T000040,E00700
T000040,E00380
T000041,E00102
T000041,E00184
T000041,E00214
T000041,E00547
T000042,E99331
T000042,E00358
T000042,E00001
T000042,E00428
T000043,E00509
T000043,E00205
T000043,E00442
T000043,E00044
T000044,E00772
T000044,E00698
T000044,E00182
T000044,E00381
T000045,E00498
T000045,E00303
T000045,E00212
T000045,E00589
T000046,E00023
T000046,E00685
T000046,E00743
T000046,E00385
T000047,E00587
T000047,E00354
T000047,E00739
T000047,E00302
T000048,E00405
T000048,E00426
T000048,E00569
T000048,E00336
T000049,E00392
T000049,E99381
T000049,E00473
T000049,E00529
T000049,E00733
T000049,E00075
T000049,E00236
T000049,E00063
T000049,E00241
T000049,E00600
T000049,E00256
T000049,E00377
T000049,E00489
T000049,E00538
T000049,E00122
T000049,E00766
T000049,E00242
T000049,E00117
T000050,E00439
T000050,E00304
T000050,E00352
T000050,E00451
T000051,E00531
T000051,E00012
T000051,E00108
T000051,E00039
T000051,E00132
T000051,E00671
T000051,E00567
T000051,E00720
T000051,E00106
T000051,E00047
T000051,E00694
T000051,E00454
T000051,E00570
T000051,E00667
T000051,E00393
T000051,E00496
T000051,E00782
T000051,E00452
T000052,E00141
T000052,E00149
T000052,E00455
T000052,E00585
T000052,E00004
T000052,E00081
T000052,E00755
T000052,E00376
T000052,E00602
T000052,E99541
T000053,E00528
T000053,E00127
T000053,E00198
T000053,E00363
T000053,E00475
T000053,E00715
T000053,E00327
T000053,E00785
T000054,E00703
T000054,E00629
T000054,E00621
T000054,E00403
T000054,E00408
T000054,E00535
T000054,E00109
T000054,E00281
T000055,E00771
T000055,E00322
T000055,E00264
T000055,E00737
T000055,E00324
T000055,E00043
T000055,E00413
T000056,E00036
T000056,E00195
T000056,E00192
T000056,E00608
T000056,E00146
T000056,E00073
T000056,E00729
T000056,E00784
T000057,E00257
T000057,E00074
T000057,E00552
T000057,E00262
T000057,E00163
T000057,E00320
T000057,E00100
T000057,E00060
T000058,E00586
T000058,E00641
T000058,E00130
T000058,E00643
T000058,E00402
T000058,E00317
T000058,E00554
T000058,E00562
T000059,E00028
T000059,E00147
T000059,E00553
T000059,E00139
T000059,E00055
T000060,E00098
T000060,E00013
T000060,E00770
T000060,E00414
T000061,E00002
T000061,E00606
T000061,E00494
T000061,E00757
T000062,E00479
T000062,E00119
T000062,E00526
T000062,E00305
T000063,E00169
T000063,E00145
T000063,E00168
T000063,E00794
T000064,E00101
T000064,E00231
T000064,E00505
T000064,E00501
T000065,E00110
T000065,E00617
T000065,E00645
T000065,E00103
T000066,E00635
T000066,E00263
T000067,E00646
T000067,E00799
T000067,E00275
T000067,E00746
T000067,E00543
T000067,E00158
T000067,E00701
T000067,E00118
T000067,E00387
T000067,E00019
T000067,E00206
T000067,E00599
T000067,E00165
T000067,E00030
T000067,E00294
T000067,E00054
T000067,E00692
T000067,E00684
T000068,E00017
T000068,E00015
T000068,E00224
T000068,E00516
T000068,E00006
T000069,E99429
T000069,E00268
T000069,E00592
T000069,E00624
T000069,E00620
T000069,E00719
T000069,E00467
T000069,E00708
T000070,E00658
T000070,E00151
T000070,E00386
T000070,E00776
T000070,E00164
T000070,E00306
T000070,E00724
T000070,E00566
T000071,E00227
T000071,E00180
T000071,E00274
T000071,E00170
T000071,E00576
T000071,E00590
T000071,E00200
T000071,E00174
T000072,E00502
T000072,E00462
T000072,E00290
T000072,E00648
T000072,E00343
T000072,E00793
T000072,E00434
T000073,E00595
T000073,E00634
T000073,E00575
T000073,E00225
T000074,E00705
T000074,E00293
T000074,E00384
T000074,E00682
T000075,E00120
T000075,E00344
T000075,E00202
T000075,E00753
T000076,E00144
T000076,E00204
T000076,E00470
T000076,E00050
T000077,E00334
T000077,E00792
T000077,E00416
T000077,E00353
T000078,E00490
T000078,E00681
T000078,E00042
T000078,E00427
T000079,E00476
T000079,E00078
T000079,E00540
T000079,E00390
T000080,E00057
T000080,E00072
T000080,E00609
T000081,E00115
T000081,E99567
T000081,E00791
T000081,E00560
T000081,E00654
T000081,E00034
T000081,E00226
T000081,E00653
T000081,E00614
T000081,E00379
T000081,E00069
T000081,E00095
T000081,E00228
T000081,E00373
T000081,E00574
T000081,E00696
T000081,E00774
T000081,E00355
T000082,E00346
T000082,E00365
T000083,E00351
T000083,E00610
T000083,E00591
T000083,E00372
T000083,E00559
T000083,E00251
T000083,E00628
T000083,E00349
T000083,E00167
T000083,E00156
T000083,E00062
T000083,E00123
T000083,E00568
T000083,E00796
T000083,E00255
T000083,E00084
T000084,E00420
T000084,E00239
T000084,E00201
T000084,E00219
T000084,E00580
T000084,E00316
T000084,E00008
T000084,E00649
T000085,E00221
T000085,E00092
T000085,E00135
T000085,E00026
T000085,E00679
T000085,E00594
T000086,E00270
T000086,E00523
T000086,E00021
T000086,E00254
T000086,E00321
T000086,E00411
T000086,E00650
T000086,E00289
T000087,E00350
T000087,E00233
T000087,E00342
T000087,E00083
T000087,E00046
T000087,E00417
T000087,E00085
T000087,E00360
T000088,E00775
T000088,E00548
T000088,E00314
T000088,E00307
T000089,E00312
T000089,E00071
T000089,E00424
T000089,E00366
T000090,E00356
T000090,E00113
T000090,E00394
T000090,E00296
T000091,E00474
T000091,E00179
T000091,E00091
T000091,E00748
T000092,E00210
T000092,E00514
T000092,E00612
T000092,E00029
T000093,E00288
T000093,E00458
T000093,E00367
T000093,E00558
T000094,E00090
T000094,E00765
T000094,E00663
T000094,E00099
T000094,E00504
T000094,E00088
T000094,E00148
T000094,E00790
T000094,E00734
T000094,E00310
T000094,E00248
T000094,E00550
T000094,E00461
T000094,E00563
T000094,E00712
T000094,E00332
T000094,E00374
T000094,E00522
T000095,E00601
T000096,E00740
T000096,E00749
T000096,E00657
T000096,E00238
T000096,E00232
T000096,E00437
T000096,E00780
T000096,E00341
T000097,E00157
T000097,E99641
T000097,E00383
T000097,E00194
T000097,E00246
T000097,E00786
T000097,E00207
T000098,E00760
T000098,E00578
T000098,E00244
T000098,E00632
T000099,E00686
T000099,E00209
T000099,E00318
T000099,E00331
T000100,E00114
T000100,E00690
T000100,E00639
T000100,E00397
T000101,E00025
T000101,E00280
T000102,E00051
T000102,E00129
T000102,E00783
T000102,E00291
T000102,E00003
T000102,E00142
T000102,E00125
T000102,E00273
T000102,E00779
T000102,E00230
T000102,E00161
T000102,E00647
T000102,E00660
T000102,E00572
T000102,E00038
T000102,E00077
T000102,E00565
T000102,E00337
T000103,E00329
T000103,E00333
T000103,E00561
T000103,E00199
T000103,E00267
T000103,E00549
T000103,E00086
T000103,E00009
T000103,E00409
T000103,E00795
T000103,E00252
T000103,E00018
T000103,E00258
T000103,E00605
T000103,E00630
T000103,E00773
T000103,E00398
T000103,E00016
T000104,E00406
T000104,E00459
T000104,E00253
T000104,E00497
T000104,E00297
T000104,E00556
T000104,E00762
T000104,E00460
T000105,E00731
T000105,E00676
T000105,E00087
T000105,E00482
T000105,E00798
T000105,E00037
T000105,E00759
T000105,E00456
T000105,E00597
T000105,E00082
T000105,E00542
T000105,E00052
T000105,E00767
T000105,E00579
T000105,E00153
T000105,E00689
T000105,E00159
T000105,E00388
T000106,E00655
T000106,E00315
T000106,E00577
T000106,E00218
T000106,E00448
T000106,E00335
T000106,E00631
T000106,E00607
T000106,E00368
T000106,E00080
T000106,E00789
T000106,E00723
T000106,E00732
T000106,E99776
T000106,E00672
T000106,E00693
T000106,E00754
T000106,E00272
T000107,E00265
T000107,E00033
T000107,E00716
T000107,E00596
T000107,E00756
T000107,E00536
T000107,E00096
T000107,E00022
T000107,E00515
T000107,E00702
T000108,E00717
T000108,E00137
T000108,E00532
T000108,E00510
T000108,E00551
T000108,E00338
T000108,E00616
T000108,E00438
T000109,E00382
T000109,E00176
T000109,E00730
T000109,E00282
T000109,E00469
T000109,E00443
T000109,E00500
T000109,E00011
T000110,E00738
T000110,E00675
T000110,E00661
T000110,E00024
T000110,E00678
T000110,E00769
T000110,E00240
T000110,E00699
T000111,E00557
T000111,E00466
T000111,E00126
T000111,E00444
T000111,E00124
T000111,E00260
T000111,E00185
T000111,E00758
T000112,E00564
T000112,E00154
T000112,E00465
T000112,E00581
T000112,E00173
T000112,E00619
T000112,E00706
T000112,E00134
T000113,E00259
T000113,E00364
T000114,E00190
T000114,E00089
T000114,E00247
T000114,E00313
T000114,E00234
T000114,E00269
T000114,E00213
T000114,E00056
T000115,E00340
T000115,E99049
T000115,E00222
T000115,E00183
T000115,E00020
T000115,E00468
T000115,E00359
T000115,E00032
T000116,E00541
T000116,E00014
T000116,E00673
T000116,E00613
T000116,E00097
T000116,E00203
T000116,E00644
T000116,E00665
T000117,E00301
T000117,E00546
T000117,E00503
T000117,E00131
T000117,E00362
T000117,E00744
T000117,E00407
T000117,E00520
T000118,E00419
T000118,E00298
T000118,E00111
T000118,E00704
T000118,E00750
T000118,E00348
T000118,E00299
T000118,E00493
T000119,E00330
T000119,E00472
T000119,E00485
T000119,E00425
T000120,E00177
T000120,E00283
T000120,E00517
T000120,E00486
T000121,E00128
T000121,E00583
T000121,E00593
T000121,E99384
T000122,E00718
T000122,E00480
T000122,E00506
T000122,E00714
T000123,E00615
T000123,E00471
T000123,E00778
T000123,E00319
T000124,E00007
T000124,E00105
T000124,E00271
T000124,E00415
T000125,E00421
T000125,E99749
T000125,E00687
T000125,E00010
T000126,E00369
T000126,E00742
T000126,E00286
T000126,E00573
T000127,E00453
T000127,E00215
T000127,E00477
T000127,E00211
T000128,E00357
T000128,E00155
T000128,E00093
T000128,E00423
T000129,E00266
T000129,E99083
T000129,E00059
T000130,E00292
T000130,E00279
T000130,E00726
T000130,E00707
T000130,E00181
T000130,E00683
T000130,E00389
T000130,E00076
T000130,E00508
T000130,E00295
T000130,E00544
T000130,E00435
T000130,E00625
T000130,E00112
T000130,E00499
T000130,E00709
T000130,E00094
T000130,E00651
T000131,E00187
T000131,E00512
T000131,E99209
T000131,E00446
T000131,E00670
T000131,E00539
T000131,E00627
T000131,E00422
T000131,E00626
T000131,E00618
T000131,E00725
T000131,E00166
T000131,E00674
T000131,E00787
T000131,E00728
T000131,E99381
T000131,E00237
T000131,E00150
T000132,E00429
T000132,E00492
T000132,E00603
T000132,E00308
T000132,E00399
T000132,E00276
T000132,E00768
T000132,E00217
T000132,E00669
T000132,E00431
T000132,E00555
T000133,E00481
T000133,E00345
T000133,E00666
T000133,E00721
T000133,E00277
T000133,E00447
T000133,E00370
T000133,E00162
T000134,E00788
T000134,E00449
T000134,E00235
T000134,E00049
T000134,E00249
T000134,E00285
T000134,E00478
T000134,E00433
T000135,E00633
T000135,E00664
T000135,E00065
T000135,E00027
T000135,E00604
T000135,E00136
T000135,E00220
T000135,E00250
T000136,E00300
T000136,E00764
T000136,E00695
T000136,E00511
T000136,E00430
T000136,E00197
T000136,E00223
T000136,E00487
T000137,E00048
T000137,E00175
T000137,E00637
T000137,E00133
T000137,E00483
T000137,E99357
T000137,E00171
T000137,E00713
T000138,E00545
T000138,E00537
T000138,E00652
T000138,E00584
T000138,E00229
T000138,E00243
T000138,E00513
T000139,E00311
T000139,E00208
T000139,E99110
T000139,E00400
T000140,E00772
T000140,E00428
T000140,E00450
T000140,E00739
T000141,E00412
T000141,E00509
T000141,E00587
T000141,E00205
T000142,E00302
T000142,E00442
T000142,E00102
T000142,E00745
T000143,E00371
T000143,E00336
T000143,E00354
T000143,E00781
T000144,E00743
T000144,E00380
T000144,E00001
T000144,E00182
T000145,E00214
T000145,E00547
T000145,E00212
T000145,E00445
T000146,E00569
T000146,E00044
T000146,E00381
T000146,E00385
T000147,E00525
T000147,E00533
T000147,E00358
T000147,E00045
T000148,E00662
T000148,E00436
T000148,E00685
T000148,E00405
T000149,E00441
T000149,E00184
T000149,E00426
T000149,E00404
T000150,E00700
T000150,E00023
T000151,E00377
T000151,E00063
T000151,E00256
T000151,E00733
T000151,E00392
T000151,E00529
T000151,E00538
T000151,E00242
T000151,E00075
T000151,E00122
T000151,E00489
T000151,E00241
T000151,E00323
T000151,E00766
T000151,E00117
T000151,E00304
T000151,E00236
T000151,E00473
T000152,E00451
T000152,E00352
T000152,E00439
T000152,E00600
T000153,E00567
T000153,E00671
T000153,E00531
T000153,E00106
T000153,E00132
T000153,E00454
T000153,E00039
T000153,E00081
T000153,E00004
T000153,E00141
T000153,E00782
T000153,E00585
T000153,E00598
T000153,E00047
T000153,E00395
T000153,E00455
T000153,E00602
T000153,E00108
T000154,E00720
T000154,E00278
T000154,E00496
T000154,E00667
T000154,E00570
T000154,E00149
T000154,E00193
T000154,E00452
T000154,E00393
T000155,E00785
T000155,E00324
T000155,E00737
T000155,E00727
T000155,E00198
T000155,E00408
T000155,E00264
T000155,E00043
T000156,E00109
T000156,E99839
T000156,E00322
T000156,E00621
T000156,E00363
T000156,E00281
T000156,E00771
T000156,E00703
T000157,E00127
T000157,E00495
T000157,E00715
T000157,E00327
T000157,E00535
T000157,E00413
T000157,E00528
T000158,E00188
T000158,E00060
T000158,E00320
T000158,E00729
T000158,E00074
T000158,E00562
T000158,E00100
T000158,E00554
T000159,E00641
T000159,E00586
T000159,E00317
T000159,E00146
T000159,E00257
T000159,E00130
T000159,E00139
T000159,E00608
T000160,E00784
T000160,E00262
T000160,E00552
T000160,E00195
T000160,E00553
T000160,E00073
T000160,E00028
T000160,E00163
T000161,E00036
T000161,E00192
T000161,E00643
T000161,E00402
T000161,E00147
T000162,E00168
T000162,E00005
T000162,E00617
T000162,E00169
T000163,E00119
T000163,E00339
T000163,E00098
T000163,E00757
T000164,E00231
T000164,E00505
T000164,E00494
T000164,E00770
T000165,E00479
T000165,E00110
T000165,E00640
T000165,E00305
T000166,E00103
T000166,E00263
T000166,E99435
T000166,E00189
T000167,E00526
T000167,E00013
T000167,E00414
T000167,E00606
T000168,E00002
T000168,E00635
T000168,E00101
T000168,E00326
T000169,E00516
T000169,E00224
T000169,E00692
T000169,E00599
T000169,E00646
T000169,E00165
T000169,E00543
T000169,E00015
T000169,E00684
T000169,E00138
T000169,E00006
T000169,E00158
T000169,E00054
T000169,E00118
T000169,E00019
T000169,E00275
T000169,E00294
T000169,E00017
T000170,E00206
T000170,E00030
T000170,E00746
T000170,E00701
T000170,E00799
T000170,E00387
T000171,E00053
T000171,E00434
T000171,E00227
T000171,E00620
T000171,E00467
T000171,E00290
T000171,E00793
T000171,E00170
T000172,E00776
T000172,E00174
T000172,E99286
T000172,E00462
T000172,E00719
T000172,E00648
T000172,E00306
T000172,E00386
T000173,E00590
T000173,E00708
T000173,E00151
T000173,E00724
T000173,E00566
T000173,E00180
T000173,E00121
T000173,E99792
T000174,E00502
T000174,E00576
T000174,E00200
T000174,E00592
T000175,E00595
T000175,E00057
T000175,E00120
T000175,E00384
T000176,E00344
T000176,E00390
T000176,E00225
T000176,E00470
T000177,E00050
T000177,E00476
T000177,E00540
T000177,E00416
T000178,E00681
T000178,E00682
T000178,E00202
T000178,E00634
T000179,E00705
T000179,E00792
T000179,E00293
T000179,E00334
T000180,E00353
T000180,E00575
T000180,E00490
T000180,E00753
T000181,E00401
T000181,E00427
T000181,E00042
T000181,E00072
T000182,E00346
T000182,E00355
T000182,E00642
T000182,E00653
T000182,E00095
T000182,E00069
T000182,E00696
T000182,E00115
T000182,E00654
T000182,E00034
T000182,E00104
T000182,E00379
T000182,E00791
T000182,E00373
T000182,E00226
T000182,E00488
T000182,E00521
T000182,E00228
T000183,E00372
T000183,E00568
T000183,E00156
T000183,E00062
T000183,E00796
T000183,E00123
T000183,E00255
T000183,E00610
T000183,E00351
T000183,E00628
T000183,E00591
T000183,E00251
T000183,E00084
T000183,E00559
T000183,E00167
T000183,E00349
T000184,E00580
T000184,E00221
T000184,E00735
T000184,E00649
T000184,E00418
T000184,E00135
T000184,E00026
T000184,E00316
T000185,E00219
T000185,E00239
T000185,E00008
T000185,E00594
T000185,E00201
T000185,E00092
T000185,E00679
T000186,E00289
T000186,E00085
T000186,E00083
T000186,E00021
T000186,E00035
T000186,E00270
T000186,E00548
T000186,E00314
T000187,E00523
T000187,E00046
T000187,E00233
T000187,E00775
T000187,E00411
T000187,E00350
T000187,E00417
T000187,E00342
T000188,E00650
T000188,E00321
T000188,E00360
T000188,E00307
T000188,E00041
T000189,E00113
T000189,E00612
T000189,E00366
T000189,E00288
T000190,E00296
T000190,E00312
T000190,E00474
T000190,E00029
T000191,E00091
T000191,E00748
T000191,E00179
T000191,E00424
T000192,E00458
T000192,E00107
T000192,E00071
T000192,E00375
T000193,E00367
T000193,E00558
T000193,E00210
T000193,E00514
T000194,E00356
T000195,E00765
T000195,E00088
T000195,E00663
T000195,E00248
T000195,E00522
T000195,E00099
T000195,E00504
T000195,E00332
T000195,E00310
T000195,E00148
T000195,E00763
T000195,E00734
T000195,E00712
T000195,E00374
T000195,E00790
T000195,E00461
T000195,E00090
T000195,E00563
T000196,E00550
T000196,E00040
T000196,E00711
T000197,E00341
T000197,E00656
T000197,E00383
T000197,E00749
T000197,E00116
T000197,E00786
T000197,E00588
T000197,E00246
T000198,E00207
T000198,E00232
T000198,E00780
T000198,E00238
T000198,E00437
T000198,E00518
T000198,E00157
T000198,E00194
T000199,E00657
T000200,E00639
T000200,E00114
T000200,E00280
T000200,E00690
T000201,E00209
T000201,E00397
T000201,E00760
T000201,E00318
T000202,E00025
T000202,E00244
T000202,E00686
T000202,E00331
T000203,E00632
T000204,E00565
T000204,E00660
T000204,E00009
T000204,E00253
T000204,E00142
T000204,E00273
T000204,E00077
T000204,E00773
T000204,E00333
T000204,E00409
T000204,E00572
T000204,E00125
T000204,E00325
T000204,E00710
T000204,E00779
T000204,E99295
T000204,E00647
T000204,E00051
T000205,E00762
T000205,E00561
T000205,E00267
T000205,E00086
T000205,E00497
T000205,E00783
T000205,E00337
T000205,E00258
T000205,E00018
T000205,E00460
T000205,E00199
T000205,E00398
T000205,E00752
T000205,E00549
T000205,E00459
T000205,E00800
T000205,E00688
T000205,E00605
T000206,E00016
T000206,E00178
T000206,E00291
T000206,E00406
T000206,E00556
T000206,E00191
T000206,E00038
T000206,E00252
T000206,E00230
T000206,E00161
T000206,E00329
T000207,E00515
T000207,E00680
T000207,E00732
T000207,E00265
T000207,E00693
T000207,E00082
T000207,E00542
T000207,E00789
T000207,E00524
T000207,E00335
T000207,E00702
T000207,E00689
T000207,E00315
T000207,E00676
T000207,E00052
T000207,E00037
T000207,E99607
T000207,E00159
T000208,E00754
T000208,E00631
T000208,E00597
T000208,E00272
T000208,E00672
T000208,E00080
T000208,E00388
T000208,E00596
T000208,E00482
T000208,E00759
T000208,E00798
T000208,E00448
T000208,E99809
T000208,E00153
T000208,E00731
T000208,E00723
T000208,E00756
T000208,E00579
T000209,E00096
T000209,E00022
T000209,E00767
T000209,E00368
T000209,E00186
T000209,E00456
T000209,E00536
T000209,E00577
T000210,E00551
T000210,E00282
T000210,E00717
T000210,E00137
T000210,E00438
T000210,E00382
T000210,E00259
T000210,E00675
T000211,E00124
T000211,E00616
T000211,E00126
T000211,E00769
T000211,E00469
T000211,E00466
T000211,E00557
T000211,E00176
T000212,E00338
T000212,E00443
T000212,E00678
T000212,E00260
T000212,E00185
T000212,E00024
T000212,E00699
T000212,E00465
T000213,E00581
T000213,E00364
T000213,E00240
T000213,E00564
T000213,E00134
T000213,E00011
T000213,E00706
T000213,E00140
T000214,E00154
T000214,E00758
T000214,E00510
T000214,E00661
T000214,E00532
T000214,E00444
T000214,E99921
T000214,E00619
T000215,E00299
T000215,E00613
T000215,E00741
T000215,E00190
T000215,E00020
T000215,E00143
T000215,E00014
T000215,E00359
T000216,E00520
T000216,E00432
T000216,E00160
T000216,E00056
T000216,E00407
T000216,E00644
T000216,E00419
T000216,E00097
T000217,E00546
T000217,E00032
T000217,E00298
T000217,E00503
T000217,E00203
T000217,E00797
T000217,E00131
T000217,E00704
T000218,E00089
T000218,E00213
T000218,E00468
T000218,E00493
T000218,E00665
T000218,E00340
T000218,E00111
T000218,E00301
T000219,E99536
T000219,E00269
T000219,E00541
T000219,E00222
T000219,E00744
T000220,E00172
T000220,E00778
T000220,E00177
T000220,E00425
T000221,E00477
T000221,E00105
T000221,E00423
T000221,E00211
T000222,E00283
T000222,E00271
T000222,E00369
T000222,E00421
T000223,E00093
T000223,E00777
T000223,E00453
T000223,E99995
T000224,E00319
T000224,E00742
T000224,E00485
T000224,E00687
T000225,E00677
T000225,E00357
T000225,E00486
T000225,E00593
T000226,E00615
T000226,E00472
T000226,E00583
T000226,E00286
T000227,E00507
T000227,E00480
T000227,E00415
T000227,E00007
T000228,E00128
T000228,E00330
T000228,E00155
T000228,E00714
T000229,E00471
T000229,E00215
T000229,E00070
T000229,E00266
T000230,E00718
T000230,E00517
T000231,E00626
T000231,E00166
T000231,E00492
T000231,E00683
T000231,E00440
T000231,E00627
T000231,E00217
T000231,E00112
T000231,E00651
T000231,E00499
T000231,E00435
T000231,E00728
T000231,E00422
T000231,E00181
T000231,E00725
T000231,E00618
T000231,E00309
T000231,E00389
T000232,E00152
T000232,E00399
T000232,E00544
T000232,E00276
T000232,E00519
T000232,E00625
T000232,E00603
T000232,E00787
T000232,E00429
T000232,E00484
T000232,E00582
T000232,E00674
T000232,E00292
T000232,E00669
T000232,E00512
T000232,E00279
T000232,E00539
T000232,E00295
T000233,E00308
T000233,E00150
T000233,E99080
T000233,E00670
T000233,E00726
T000233,E00768
T000233,E00707
T000233,E00237
T000233,E00555
T000233,E00094
T000234,E00027
T000234,E00285
T000234,E00666
T000234,E00788
T000234,E00637
T000234,E00370
T000234,E00481
T000234,E00447
T000235,E00584
T000235,E00300
T000235,E00433
T000235,E00196
T000235,E00058
T000235,E00449
T000235,E00065
T000235,E00464
T000236,E00220
T000236,E00250
T000236,E00604
T000236,E00478
T000236,E00713
T000236,E00664
T000236,E00545
T000236,E00277
T000237,E00410
T000237,E00197
T000237,E00049
T000237,E00136
T000237,E00243
T000237,E00483
T000237,E00487
T000237,E00736
T000238,E00133
T000238,E00235
T000238,E00171
T000238,E00345
T000238,E00721
T000238,E00652
T000238,E00162
T000238,E00430
T000239,E00223
T000239,E00175
T000239,E00511
T000239,E00513
T000239,E00764
T000239,E00537
T000239,E00048
T000239,E99878
T000240,E00405
T000240,E00589
T000240,E00445
T000240,E00214
T000241,E00302
T000241,E00685
T000241,E00044
T000241,E00450
T000242,E00547
T000242,E00569
T000242,E00662
T000242,E00102
T000243,E00212
T000243,E00001
T000243,E00336
T000243,E00400
T000244,E00743
T000244,E00781
T000244,E00739
T000244,E00205
T000245,E00023
T000245,E00587
T000245,E00311
T000245,E00436
T000246,E00354
T000246,E00698
T000246,E00358
T000246,E00208
T000247,E00385
T000247,E00182
T000247,E00498
T000247,E00533
T000248,E00381
T000248,E00303
T000248,E00745
T000248,E00426
T000249,E00700
T000249,E00184
T000249,E00412
T000249,E00371
T000250,E00442
T000250,E00045
T000250,E00404
T000250,E00772
T000251,E00441
T000251,E00525
T000251,E00428
T000252,E00473
T000252,E00242
T000252,E00304
T000252,E00691
T000252,E00241
T000252,E00733
T000252,E00392
T000252,E00377
T000252,E00451
T000252,E00600
T000252,E00439
T000252,E00323
T000252,E00075
T000252,E00352
T000252,E00538
T000252,E00766
T000252,E00117
T000252,E00236
T000253,E00256
T000253,E00489
T000253,E00063
T000254,E00393
T000254,E00454
T000254,E00149
T000254,E00531
T000254,E00671
T000254,E00496
T000254,E00141
T000254,E00081
T000254,E00755
T000254,E00782
T000254,E00376
T000254,E00108
T000254,E00278
T000254,E00039
T000254,E00395
T000254,E00598
T000254,E00455
T000254,E00667
T000255,E00193
T000255,E00567
T000255,E00452
T000255,E00720
T000255,E00570
T000255,E00047
T000255,E00132
T000255,E00106
T000255,E00602
T000255,E00004
T000255,E00012
T000256,E00403
T000256,E00629
T000256,E00528
T000256,E00475
T000256,E00785
T000256,E00322
T000256,E00363
T000256,E00281
T000257,E00198
T000257,E00715
T000257,E00324
T000257,E00495
T000257,E00109
T000257,E00043
T000257,E00408
T000257,E00327
T000258,E99713
T000258,E00535
T000258,E00703
T000258,E00127
T000258,E00727
T000259,E00552
T000259,E00554
T000259,E00055
T000259,E00073
T000259,E00320
T000259,E00643
T000259,E00139
T000259,E00317
T000260,E00130
T000260,E00784
T000260,E00553
T000260,E00060
T000260,E00586
T000260,E00262
T000260,E00195
T000260,E00146
T000261,E00163
T000261,E00028
T000261,E00192
T000261,E00641
T000261,E00608
T000261,E00147
T000261,E00729
T000261,E00036
T000262,E00402
T000262,E00257
T000262,E00562
T000262,E00100
T000263,E00305
T000263,E00640
T000263,E00617
T000263,E00794
T000264,E00002
T000264,E00013
T000264,E99310
T000264,E00501
T000265,E00494
T000265,E00263
T000265,E00110
T000265,E00770
T000266,E00103
T000266,E00189
T000266,E00326
T000266,E00145
T000267,E00169
T000267,E00231
T000267,E00339
T000267,E00606
T000268,E00757
T000268,E00414
T000268,E00505
T000268,E00005
T000269,E00479
T000269,E00101
T000269,E00645
T000270,E00799
T000270,E00158
T000270,E00387
T000270,E00516
T000270,E00015
T000270,E00165
T000270,E00692
T000270,E00275
T000270,E00138
T000270,E00746
T000270,E00294
T000270,E00118
T000270,E00030
T000270,E00701
T000270,E00019
T000270,E00224
T000270,E00684
T000270,E00543
T000271,E00646
T000271,E00054
T000272,E00386
T000272,E00174
T000272,E00719
T000272,E00343
T000272,E00576
T000272,E00724
T000272,E00467
T000272,E99093
T000273,E00053
T000273,E00776
T000273,E00648
T000273,E00151
T000273,E00502
T000273,E00592
T000273,E00620
T000273,E00170
T000274,E00200
T000274,E00180
T000274,E00566
T000274,E00708
T000274,E00391
T000274,E00434
T000274,E00274
T000274,E00793
T000275,E00590
T000275,E00306
T000275,E00227
T000275,E00624
T000275,E00462
T000275,E00268
T000275,E00121
T000276,E00540
T000276,E00144
T000276,E00050
T000276,E00427
T000277,E00575
T000277,E00705
T000277,E00120
T000277,E00470
T000278,E00681
T000278,E00293
T000278,E00057
T000278,E00682
T000279,E00384
T000279,E00078
T000279,E00609
T000279,E00225
T000280,E00202
T000280,E00792
T000280,E00753
T000280,E00061
T000281,E00204
T000281,E00042
T000281,E00334
T000281,E00344
T000282,E00416
T000282,E00595
T000282,E00072
T000282,E00390
T000283,E00401
T000283,E00634
T000283,E00490
T000284,E00642
T000284,E00355
T000284,E00373
T000284,E00104
T000284,E00574
T000284,E00226
T000284,E00521
T000284,E00115
T000284,E00095
T000284,E00560
T000284,E00614
T000284,E00346
T000284,E00653
T000284,E00791
T000284,E00365
T000284,E00488
T000284,E00228
T000284,E00654
T000285,E00379
T000285,E99161
T000285,E00696
T000286,E00123
T000286,E00251
T000286,E00372
T000286,E00628
T000286,E00610
T000286,E00255
T000286,E00062
T000286,E00559
T000286,E00349
T000286,E00568
T000286,E00167
T000286,E00156
T000286,E00591
T000286,E99968
T000286,E00084
T000286,E00351
T000287,E00418
T000287,E00580
T000287,E00420
T000287,E00735
T000287,E00239
T000287,E00649
T000287,E00201
T000287,E00316
T000288,E00221
T000288,E00135
T000288,E00219
T000288,E00092
T000288,E00026
T000288,E00679
T000289,E00548
T000289,E00035
T000289,E00417
T000289,E00314
T000289,E00270
T000289,E00046
T000289,E00041
T000289,E00411
T000290,E00289
T000290,E00233
T000290,E00360
T000290,E00350
T000290,E00650
T000290,E00254
T000290,E00523
T000290,E00775
T000291,E00083
T000291,E00307
T000291,E00085
T000291,E00021
T000291,E00321
T000292,E00107
T000292,E00612
T000292,E00366
T000292,E00474
T000293,E00558
T000293,E00071
T000293,E00424
T000293,E00748
T000294,E00288
T000294,E00394
T000294,E00113
T000294,E00091
T000295,E00356
T000295,E00458
T000295,E00367
T000295,E00514
T000296,E00210
T000296,E99906
T000296,E00029
T000296,E00296
T000297,E00312
T000297,E00179
T000298,E00763
T000298,E00332
T000298,E00712
T000298,E00663
T000298,E00504
T000298,E00790
T000298,E00088
T000298,E00563
T000298,E00601
T000298,E00765
T000298,E00461
T000298,E00734
T000298,E00148
T000298,E00040
T000298,E00711
T000298,E00099
T000298,E00522
T000298,E00310
T000299,E00550
T000299,E00374
T000300,E00341
T000300,E99665
T000300,E00656
T000300,E00383
T000300,E00157
T000300,E00194
T000300,E00588
T000300,E00740
T000301,E00116
T000301,E00207
T000301,E00518
T000301,E00657
T000301,E00246
T000301,E00749
T000301,E00437
T000301,E00780
T000302,E00786
T000302,E00232
T000303,E00284
T000303,E00578
T000303,E00318
T000303,E00025
T000304,E00209
T000304,E00639
T000304,E00280
T000304,E00632
T000305,E00397
T000305,E00686
T000305,E00244
T000305,E00690
T000306,E99269
T000306,E00331
T000306,E00114
T000307,E00773
T000307,E00556
T000307,E00253
T000307,E00497
T000307,E00605
T000307,E00459
T000307,E00199
T000307,E00038
T000307,E00406
T000307,E00398
T000307,E00077
T000307,E00178
T000307,E00009
T000307,E00779
T000307,E00191
T000307,E00630
T000307,E00003
T000307,E00561
T000308,E00258
T000308,E99951
T000308,E00647
T000308,E00795
T000308,E00762
T000308,E00688
T000308,E00161
T000308,E00710
T000308,E00230
T000308,E00018
T000308,E00783
T000308,E00086
T000308,E00800
T000308,E00297
T000308,E00565
T000308,E00142
T000308,E00409
T000308,E00325
T000309,E00051
T000309,E00129
T000309,E00549
T000309,E00125
T000309,E00291
T000309,E00460
T000309,E00337
T000309,E00572
T000309,E00273
T000309,E00329
T000309,E00752
T000310,E00272
T000310,E00524
T000310,E00033
T000310,E00767
T000310,E00756
T000310,E00096
T000310,E00680
T000310,E00482
T000310,E00536
T000310,E00789
T000310,E00368
T000310,E00798
T000310,E00218
T000310,E00631
T000310,E00607
T000310,E00087
T000310,E00448
T000310,E00022
T000311,E00579
T000311,E00754
T000311,E00265
T000311,E00759
T000311,E00577
T000311,E00716
T000311,E00080
T000311,E00456
T000311,E00672
T000311,E00689
T000311,E00731
T000311,E00082
T000311,E00702
T000311,E00655
T000311,E00596
T000311,E00515
T000311,E00335
T000311,E00052
T000312,E00037
T000312,E00693
T000312,E00159
T000312,E00186
T000312,E00723
T000313,E00154
T000313,E00581
T000313,E00137
T000313,E00532
T000313,E00444
T000313,E00699
T000313,E00551
T000313,E00465
T000314,E00678
T000314,E00466
T000314,E99653
T000314,E00661
T000314,E00738
T000314,E00259
T000314,E00557
T000314,E00140
T000315,E00469
T000315,E00706
T000315,E00173
T000315,E00124
T000315,E00011
T000315,E00675
T000315,E00134
T000315,E00240
T000316,E00769
T000316,E00364
T000316,E00282
T000316,E00382
T000316,E00619
T000316,E00751
T000316,E00758
T000316,E00564
T000317,E00126
T000317,E00438
T000317,E00260
T000317,E00616
T000317,E00717
T000317,E00185
T000317,E00338
T000318,E00131
T000318,E00234
T000318,E00340
T000318,E00704
T000318,E00032
T000318,E00463
T000318,E00744
T000318,E00362
T000319,E00014
T000319,E00143
T000319,E00298
T000319,E00520
T000319,E00020
T000319,E00247
T000319,E00269
T000319,E00190
T000320,E00056
T000320,E00493
T000320,E00407
T000320,E00432
T000320,E00665
T000320,E00299
T000320,E00203
T000320,E00503
T000321,E00673
T000321,E00160
T000321,E00546
T000321,E00348
T000321,E00468
T000321,E00313
T000321,E00359
T000321,E00797
T000322,E00111
T000322,E00222
T000322,E00089
T000322,E00419
T000322,E00213
T000322,E00613
T000322,E00750
T000322,E00301
T000323,E00644
T000323,E00541
T000324,E00283
T000324,E00007
T000324,E00453
T000324,E00583
T000325,E00480
T000325,E00415
T000325,E00105
T000325,E00330
T000326,E00172
T000326,E00421
T000326,E00677
T000326,E00477
T000327,E00369
T000327,E00742
T000327,E00286
T000327,E00485
T000328,E00471
T000328,E00010
T000328,E00687
T000328,E00777
T000329,E00319
T000329,E00573
T000329,E00093
T000329,E00266
T000330,E00155
T000330,E00778
T000330,E00059
T000330,E00357
T000331,E00615
T000331,E00070
T000331,E00507
T000331,E00486
T000332,E00472
T000332,E00506
T000332,E00423
T000332,E00177
T000333,E00271
T000333,E00517
T000333,E00128
T000333,E00211
T000334,E00539
T000334,E00670
T000334,E00152
T000334,E00709
T000334,E00181
T000334,E00603
T000334,E00076
T000334,E00422
T000334,E00166
T000334,E00669
T000334,E00279
T000334,E00651
T000334,E00112
T000334,E00217
T000334,E00150
T000334,E00295
T000334,E00787
T000334,E00276
T000335,E00707
T000335,E00626
T000335,E00429
T000335,E00309
T000335,E00292
T000335,E00435
T000335,E00674
T000335,E00683
T000335,E00725
T000335,E00431
T000335,E00582
T000335,E00484
T000335,E00187
T000335,E00389
T000335,E00308
T000335,E00627
T000335,E00237
T000335,E00512
T000336,E00440
T000336,E00446
T000336,E99999
T000336,E00728
T000336,E00508
T000336,E00726
T000336,E00544
T000336,E00555
T000336,E00519
T000337,E00433
T000337,E00243
T000337,E00764
T000337,E00637
T000337,E00652
T000337,E99945
T000337,E00175
T000337,E00736
T000338,E00545
T000338,E00481
T000338,E00229
T000338,E00511
T000338,E00285
T000338,E00695
T000338,E00300
T000338,E00464
T000339,E00788
T000339,E00513
T000339,E00065
T000339,E00487
T000339,E00447
T000339,E00249
T000339,E00430
T000339,E00345
T000340,E00604
T000340,E00049
T000340,E00370
T000340,E00483
T000340,E00220
T000340,E00478
T000340,E00666
T000340,E00584
T000341,E00027
T000341,E00664
T000341,E00136
T000341,E00721
T000341,E00197
T000341,E00713
T000341,E00449
T000341,E00223
T000342,E00133
T000342,E00277
T000342,E00171
T000342,E00196
T000342,E00048
T000343,E00205
T000343,E00303
T000343,E00182
T000343,E00208
T000344,E00214
T000344,E99683
T000344,E00381
T000344,E00743
T000345,E00745
T000345,E00102
T000345,E00739
T000345,E00336
T000346,E00450
T000346,E00311
T000346,E00428
T000346,E00404
T000347,E00371
T000347,E00426
T000347,E00023
T000347,E00587
T000348,E00781
T000348,E00662
T000348,E00589
T000348,E00442
T000349,E00525
T000349,E00436
T000349,E00441
T000349,E00184
T000350,E00547
T000350,E00445
T000350,E00385
T000350,E00533
T000351,E00509
T000351,E00698
T000351,E00380
T000351,E00212
T000352,E00569
T000352,E00772
T000352,E00412
T000352,E00400
T000353,E00001
T000353,E00700
T000353,E00354
T000353,E00358
T000354,E00498
T000354,E00045
T000355,E00733
T000355,E00352
T000355,E00304
T000355,E00766
T000355,E00529
T000355,E00117
T000355,E00323
T000355,E00538
T000355,E00241
T000355,E00236
T000355,E00600
T000355,E00691
T000355,E00377
T000355,E00122
T000355,E00439
T000355,E00489
T000355,E00451
T000355,E00075
T000356,E00063
T000356,E00473
T000356,E00256
T000356,E00242
T000357,E00376
T000357,E00531
T000357,E00454
T000357,E00455
T000357,E00141
T000357,E00012
T000357,E00567
T000357,E00393
T000357,E00496
T000357,E00081
T000357,E00694
T000357,E00720
T000357,E00667
T000357,E00278
T000357,E00598
T000357,E00395
T000357,E00671
T000357,E00452
T000358,E00149
T000358,E00570
T000358,E00039
T000358,E00585
T000358,E00108
T000358,E00132
T000358,E00047
T000358,E00193
T000358,E00755
T000358,E00782
T000358,E00004
T000359,E00475
T000359,E00403
T000359,E00528
T000359,E00737
T000359,E00322
T000359,E99661
T000359,E00621
T000359,E00408
T000360,E00127
T000360,E00727
T000360,E00363
T000360,E00324
T000360,E00281
T000360,E00771
T000360,E00327
T000360,E00785
T000361,E00264
T000361,E00703
T000361,E99460
T000361,E00629
T000361,E00109
T000361,E00495
T000362,E00028
T000362,E00195
T000362,E00060
T000362,E00163
T000362,E00130
T000362,E00100
T000362,E00262
T000362,E00188
T000363,E00643
T000363,E00036
T000363,E00608
T000363,E00146
T000363,E00192
T000363,E00139
T000363,E00074
T000363,E00552
T000364,E00055
T000364,E00147
T000364,E00257
T000364,E00073
T000364,E00729
T000364,E00586
T000364,E00562
T000364,E00402
T000365,E00553
T000365,E00317
T000365,E00784
T000365,E00320
T000365,E00554
T000366,E00013
T000366,E99908
T000366,E00189
T000366,E00005
T000367,E00640
T000367,E00098
T000367,E00794
T000367,E00645
T000368,E00145
T000368,E00606
T000368,E00231
T000368,E00103
T000369,E00501
T000369,E00526
T000369,E00479
T000369,E00414
T000370,E00119
T000370,E00168
T000370,E00494
T000370,E00002
T000371,E00770
T000371,E00505
T000371,E00305
T000371,E00635
T000372,E00101
T000372,E00757
T000372,E00339
T000372,E00617
T000373,E00326
T000374,E00692
T000374,E00015
T000374,E00206
T000374,E00030
T000374,E00646
T000374,E00165
T000374,E00054
T000374,E00684
T000374,E00294
T000374,E00799
T000374,E00118
T000374,E00017
T000374,E00746
T000374,E00019
T000374,E00543
T000374,E00224
T000374,E00599
T000374,E00701
T000375,E00275
T000375,E99388
T000375,E00158
T000375,E00387
T000375,E00138
T000375,E00006
T000376,E00151
T000376,E00306
T000376,E00170
T000376,E00274
T000376,E00343
T000376,E00164
T000376,E00290
T000376,E00719
T000377,E00200
T000377,E00391
T000377,E00434
T000377,E00592
T000377,E00180
T000377,E00776
T000377,E00566
T000377,E00386
T000378,E00053
T000378,E00708
T000378,E00227
T000378,E00590
T000378,E00268
T000378,E00793
T000378,E00576
T000378,E00658
T000379,E00724
T000379,E00624
T000379,E00174
T000379,E00502
T000380,E00204
T000380,E00042
T000380,E00072
T000380,E00401
T000381,E00061
T000381,E00384
T000381,E00416
T000381,E00634
T000382,E00575
T000382,E00490
T000382,E00293
T000382,E00681
T000383,E00144
T000383,E00353
T000383,E00470
T000383,E00792
T000384,E00202
T000384,E00427
T000384,E00609
T000384,E00057
T000385,E00595
T000385,E00682
T000385,E00344
T000385,E00078
T000386,E00334
T000386,E00050
T000386,E00476
T000386,E00390
T000387,E00120
T000387,E00540
T000387,E00753
T000388,E99220
T000388,E00104
T000388,E00614
T000388,E00095
T000388,E00115
T000388,E00226
T000388,E00560
T000388,E00365
T000388,E00642
T000388,E00488
T000388,E00069
T000388,E00696
T000388,E00791
T000388,E00521
T000388,E00355
T000388,E00346
T000388,E00653
T000388,E00228
T000389,E00379
T000390,E00559
T000390,E00167
T000390,E00372
T000390,E00349
T000390,E00796
T000390,E00156
T000390,E00062
T000390,E00610
T000390,E00351
T000390,E00084
T000390,E00628
T000390,E00591
T000390,E00568
T000391,E00092
T000391,E00219
T000391,E00420
T000391,E00221
T000391,E00201
T000391,E00026
T000391,E00679
T000391,E00008
T000392,E00649
T000392,E00735
T000392,E00239
T000392,E00135
T000392,E00580
T000392,E00594
T000392,E00418
T000392,E00316
T000393,E00289
T000393,E00775
T000393,E00307
T000393,E00233
T000393,E00350
T000393,E00035
T000393,E00523
T000393,E00254
T000394,E00650
T000394,E00548
T000394,E00342
T000394,E00270
T000394,E00046
T000394,E00314
T000394,E00083
T000394,E00321
T000395,E00360
T000395,E00041
T000395,E00417
T000395,E00411
T000395,E00021
T000396,E99897
T000396,E00474
T000396,E00356
T000396,E00612
T000397,E00210
T000397,E00394
T000397,E00424
T000397,E00288
T000398,E00113
T000398,E00748
T000398,E00029
T000398,E00375
T000399,E00367
T000399,E00107
T000399,E00558
T000399,E00312
T000400,E99697
T000400,E00071
T000400,E00296
T000401,E00550
T000401,E99179
T000401,E00099
T000401,E00040
T000401,E00734
T000401,E00563
T000401,E00461
T000401,E00663
T000401,E00790
T000401,E00248
T000401,E00088
T000401,E00374
T000401,E00504
T000401,E00522
T000401,E00310
T000401,E00763
T000401,E00601
T000401,E00148
T000402,E00711
T000402,E00090
T000402,E00765
T000402,E00332
T000403,E00656
T000403,E00238
T000403,E00588
T000403,E00786
T000403,E00749
T000403,E00194
T000403,E00232
T000403,E00341
T000404,E00383
T000404,E00437
T000404,E00740
T000404,E00657
T000404,E00207
T000404,E00246
T000404,E00116
T000404,E00780
T000405,E00157
T000406,E00639
T000406,E00209
T000406,E00760
T000406,E00318
T000407,E00397
T000407,E00280
T000407,E00686
T000407,E00284
T000408,E00114
T000408,E00244
T000408,E00025
T000408,E00690
T000409,E00578
T000409,E00632
T000410,E00795
T000410,E00630
T000410,E00142
T000410,E00459
T000410,E00779
T000410,E00252
T000410,E00291
T000410,E00267
T000410,E00497
T000410,E00051
T000410,E00329
T000410,E00125
T000410,E00161
T000410,E00660
T000410,E00297
T000410,E00572
T000410,E00556
T000410,E00800
T000411,E00199
T000411,E00178
T000411,E00460
T000411,E00258
T000411,E00762
T000411,E00605
T000411,E00688
T000411,E00003
T000411,E00337
T000411,E00230
T000411,E00038
T000411,E00710
T000411,E00018
T000411,E00086
T000411,E00752
T000411,E00773
T000411,E00409
T000411,E00398
T000412,E00549
T000412,E00253
T000412,E00325
T000412,E00009
T000412,E00333
T000412,E00016
T000412,E00406
T000412,E00565
T000412,E00561
T000412,E00129
T000412,E00273
T000413,E00482
T000413,E00607
T000413,E00037
T000413,E99985
T000413,E00631
T000413,E99223
T000413,E00798
T000413,E00218
T000413,E00759
T000413,E00542
T000413,E00754
T000413,E00767
T000413,E00186
T000413,E00335
T000413,E99506
T000413,E00756
T000413,E00368
T000413,E00082
T000414,E00789
T000414,E00033
T000414,E00716
T000414,E00153
T000414,E00723
T000414,E00732
T000414,E00577
T000414,E00579
T000414,E00456
T000414,E00693
T000414,E00080
T000414,E00676
T000414,E00680
T000414,E00448
T000414,E00731
T000414,E00388
T000414,E00096
T000414,E00524
T000415,E00515
T000415,E00689
T000415,E00265
T000415,E00159
T000415,E00087
T000415,E00597
T000415,E00672
T000415,E00702
T000415,E00022
T000415,E00315
T000416,E00173
T000416,E00500
T000416,E00675
T000416,E00140
T000416,E00758
T000416,E00769
T000416,E00444
T000416,E00465
T000417,E00176
T000417,E00137
T000417,E00126
T000417,E00443
T000417,E00557
T000417,E00282
T000417,E00240
T000417,E00124
T000418,E00730
T000418,E00438
T000418,E00510
T000418,E00466
T000418,E00259
T000418,E00011
T000418,E00134
T000418,E00382
T000419,E00751
T000419,E00678
T000419,E00364
T000419,E00706
T000419,E00260
T000419,E00738
T000419,E00469
T000419,E00619
T000420,E00616
T000420,E00154
T000420,E00551
T000420,E00564
T000420,E00699
T000420,E00661
T000420,E00024
T000420,E00581
T000421,E00717
T000421,E00338
T000422,E00143
T000422,E00741
T000422,E00359
T000422,E00673
T000422,E00797
T000422,E00222
T000422,E00432
T000422,E00313
T000423,E00247
T000423,E00541
T000423,E00463
T000423,E00704
T000423,E00089
T000423,E00419
T000423,E00203
T000423,E00213
T000424,E00493
T000424,E00111
T000424,E00020
T000424,E00097
T000424,E00407
T000424,E00644
T000424,E00298
T000424,E00056
T000425,E00032
T000425,E00750
T000425,E00468
T000425,E00744
T000425,E00546
T000425,E00362
T000425,E00503
T000425,E00131
T000426,E99100
T000426,E00234
T000426,E00014
T000426,E00269
T000426,E00301
T000426,E00340
T000426,E00613
T000427,E00485
T000427,E00718
T000427,E00128
T000427,E00593
T000428,E00215
T000428,E00357
T000428,E00286
T000428,E00742
T000429,E00477
T000429,E00480
T000429,E00677
T000429,E00453
T000430,E00211
T000430,E99731
T000430,E00172
T000430,E00093
T000431,E00177
T000431,E00583
T000431,E00687
T000431,E00319
T000432,E00615
T000432,E00070
T000432,E00423
T000432,E00506
T000433,E00266
T000433,E00010
T000433,E00421
T000433,E00486
T000434,E00573
T000434,E00283
T000434,E00105
T000434,E00714
T000435,E00415
T000435,E00472
T000435,E00369
T000435,E00425
T000436,E00778
T000436,E00517
T000436,E00471
T000436,E00777
T000437,E00271
T000437,E00507
T000438,E00279
T000438,E00431
T000438,E00181
T000438,E00544
T000438,E00683
T000438,E00651
T000438,E00292
T000438,E00582
T000438,E00768
T000438,E00435
T000438,E00508
T000438,E00674
T000438,E00625
T000438,E00446
T000438,E00626
T000438,E00519
T000438,E00076
T000438,E00422
T000439,E00725
T000439,E00112
T000439,E99726
T000439,E00499
T000439,E00603
T000439,E00728
T000439,E00166
T000439,E00669
T000439,E00726
T000439,E00627
T000439,E00399
T000439,E00618
T000439,E00309
T000439,E00276
T000439,E00787
T000439,E00187
T000439,E00512
T000439,E00150
T000440,E00555
T000440,E00670
T000440,E00707
T000440,E99416
T000440,E00152
T000440,E00389
T000440,E00094
T000440,E00295
T000440,E00217
T000440,E00429
T000440,E00492
T000440,E00484
T000441,E00604
T000441,E00478
T000441,E00481
T000441,E00196
T000441,E00220
T000441,E00537
T000441,E00652
T000441,E00249
T000442,E00175
T000442,E00048
T000442,E00410
T000442,E00545
T000442,E00162
T000442,E00345
T000442,E00664
T000442,E00449
T000443,E00136
T000443,E00433
T000443,E00065
T000443,E00511
T000443,E00133
T000443,E00171
T000443,E00370
T000443,E00049
T000444,E00027
T000444,E00447
T000444,E00637
T000444,E00285
T000444,E00721
T000444,E00695
T000444,E00713
T000444,E00736
T000445,E00788
T000445,E00666
T000445,E00464
T000445,E00300
T000445,E00197
T000445,E00229
T000445,E00235
T000445,E00250
T000446,E00633
T000446,E00483
T000446,E00764
T000446,E00058
T000446,E00277
T000446,E00487
T000446,E00223
T000447,E00781
T000447,E00547
T000447,E00023
T000447,E00336
T000448,E00404
T000448,E00436
T000448,E00533
T000448,E00380
T000449,E00405
T000449,E00426
T000449,E00400
T000449,E00303
T000450,E00205
T000450,E00428
T000450,E00498
T000450,E00412
T000451,E00354
T000451,E00184
T000451,E00311
T000451,E00212
T000452,E00445
T000452,E00743
T000452,E00358
T000452,E00525
T000453,E00371
T000453,E00739
T000453,E00745
T000453,E00045
T000454,E00102
T000454,E00385
T000454,E99562
T000454,E00509
T000455,E00441
T000455,E00001
T000455,E00589
T000455,E00685
T000456,E00044
T000456,E00700
T000456,E00662
T000456,E00587
T000457,E00698
T000457,E00381
T000457,E00214
T000457,E00569
T000458,E00377
T000458,E00392
T000458,E00451
T000458,E00236
T000458,E00473
T000458,E00538
T000458,E00691
T000458,E00733
T000458,E00075
T000458,E00117
T000458,E00766
T000458,E00439
T000458,E00304
T000458,E00122
T000458,E00063
T000458,E00600
T000458,E00529
T000458,E00241
T000459,E00352
T000459,E00256
T000459,E00242
T000460,E00278
T000460,E00393
T000460,E00585
T000460,E00012
T000460,E00452
T000460,E00531
T000460,E00694
T000460,E00720
T000460,E00149
T000460,E00395
T000460,E00671
T000460,E00193
T000460,E00039
T000460,E00132
T000460,E00004
T000460,E00455
T000460,E00570
T000460,E00081
T000461,E00047
T000461,E00755
T000461,E00602
T000461,E00782
T000461,E00496
T000461,E00108
T000461,E00454
T000461,E00567
T000461,E00141
T000462,E00127
T000462,E00528
T000462,E00413
T000462,E00629
T000462,E00198
T000462,E00771
T000462,E00264
T000462,E00621
T000463,E00109
T000463,E00408
T000463,E00475
T000463,E00785
T000463,E00703
T000463,E00327
T000463,E00403
T000463,E00363
T000464,E00043
T000464,E00535
T000464,E00737
T000464,E00324
T000464,E00495
T000464,E00727
T000464,E00715
T000465,E00163
T000465,E00192
T000465,E00784
T000465,E00553
T000465,E00195
T000465,E00060
T000465,E00552
T000465,E00641
T000466,E00146
T000466,E00055
T000466,E00188
T000466,E00320
T000466,E00402
T000466,E00130
T000466,E00562
T000466,E00036
T000467,E00028
T000467,E00586
T000467,E00147
T000467,E00317
T000467,E00554
T000467,E00262
T000467,E00074
T000467,E00257
T000468,E00139
T000468,E00073
T000468,E00643
T000468,E00100
T000469,E00098
T000469,E00002
T000469,E00013
T000469,E00635
T000470,E00640
T000470,E00263
T000470,E00339
T000470,E00110
T000471,E00526
T000471,E00414
T000471,E00189
T000471,E00494
T000472,E00794
T000472,E00119
T000472,E00103
T000472,E00645
T000473,E00505
T000473,E00145
T000473,E00501
T000473,E00326
T000474,E00617
T000474,E99261
T000474,E00169
T000474,E00005
T000475,E00479
T000475,E00101
T000475,E00231
T000475,E00168
T000476,E00757
T000477,E00516
T000477,E00030
T000477,E00684
T000477,E00138
T000477,E00543
T000477,E00294
T000477,E00646
T000477,E00746
T000477,E00006
T000477,E00599
T000477,E00019
T000477,E00692
T000477,E00701
T000477,E00158
T000477,E00017
T000477,E00206
T000477,E00118
T000477,E00799
T000478,E00054
T000478,E00165
T000478,E00275
T000478,E00387
T000479,E00658
T000479,E00053
T000479,E00576
T000479,E00776
T000479,E00566
T000479,E00170
T000479,E00343
T000479,E00290
T000480,E00502
T000480,E00648
T000480,E00386
T000480,E00467
T000480,E00268
T000480,E00620
T000480,E00227
T000480,E00151
T000481,E00180
T000481,E00624
T000481,E00391
T000481,E00200
T000481,E00274
T000481,E00592
T000481,E00708
T000481,E00121
T000482,E00434
T000482,E00462
T000482,E00306
T000482,E00164
T000482,E00793
T000482,E00590
T000482,E00174
T000482,E00724
T000483,E00719
T000484,E00634
T000484,E00753
T000484,E00470
T000484,E00595
T000485,E00476
T000485,E00792
T000485,E00427
T000485,E00144
T000486,E00042
T000486,E00334
T000486,E00390
T000486,E00384
T000487,E00050
T000487,E00609
T000487,E00401
T000487,E00540
T000488,E00416
T000488,E00293
T000488,E00575
T000488,E00682
T000489,E00120
T000489,E00202
T000489,E00705
T000489,E00204
T000490,E00057
T000490,E00061
T000490,E00681
T000490,E99619
T000491,E00072
T000491,E00344
T000491,E00078
T000492,E00791
T000492,E00488
T000492,E00355
T000492,E00654
T000492,E00034
T000492,E00574
T000492,E00069
T000492,E00104
T000492,E00774
T000492,E00226
T000492,E00379
T000492,E00228
T000492,E00365
T000492,E00095
T000492,E00642
T000492,E00614
T000492,E00560
T000492,E00346
T000493,E00115
T000493,E00373
T000493,E00521
T000494,E00610
T000494,E00351
T000494,E00796
T000494,E00559
T000494,E00062
T000494,E00568
T000494,E00167
T000494,E00084
T000494,E00372
T000494,E00255
T000494,E00628
T000494,E00123
T000494,E00156
T000494,E00251
T000494,E00591
T000494,E00349
T000495,E00135
T000495,E00008
T000495,E00221
T000495,E00735
T000495,E00219
T000495,E00594
T000495,E99898
T000495,E99313
T000496,E00679
T000496,E00201
T000496,E00649
T000496,E00026
T000497,E00314
T000497,E00360
T000497,E00083
T000497,E00350
T000497,E00035
T000497,E00307
T000497,E00046
T000497,E00650
T000498,E00523
T000498,E00342
T000498,E00417
T000498,E00775
T000498,E00254
T000498,E00085
T000498,E00289
T000498,E00233
T000499,E00321
T000499,E00041
T000499,E00548
T000499,E00021
T000499,E00270
T000500,E00356
T000500,E00474
T000500,E00366
T000500,E00748
T000501,E00071
T000501,E00107
T000501,E00312
T000501,E00367
T000502,E00558
T000502,E00179
T000502,E00029
T000502,E00375
T000503,E00514
T000503,E00210
T000503,E00458
T000503,E00394
T000504,E00296
T000504,E00424
T000504,E00091
T000505,E00550
T000505,E00663
T000505,E00248
T000505,E00601
T000505,E00504
T000505,E00763
T000505,E00522
T000505,E00734
T000505,E00099
T000505,E00090
T000505,E00712
T000505,E00563
T000505,E00790
T000505,E00310
T000505,E00711
T000505,E00374
T000505,E00461
T000505,E00765
T000506,E00040
T000506,E00332
T000506,E00088
T000506,E00148
T000507,E00786
T000507,E00437
T000507,E00749
T000507,E00518
T000507,E00383
T000507,E00157
T000507,E00588
T000507,E00656
T000508,E00657
T000508,E00194
T000508,E00780
T000508,E99364
T000508,E00232
T000508,E00238
T000508,E00116
T000508,E00341
T000509,E00244
T000509,E00280
T000509,E00760
T000509,E00318
T000510,E00331
T000510,E00025
T000510,E00686
T000510,E00578
T000511,E00639
T000511,E00209
T000511,E99272
T000511,E00114
T000512,E00191
T000512,E00630
T000512,E00460
T000512,E00125
T000512,E00086
T000512,E00051
T000512,E00329
T000512,E00337
T000512,E00018
T000512,E00779
T000512,E00561
T000512,E00273
T000512,E00325
T000512,E00129
T000512,E00038
T000512,E00230
T000512,E00199
T000512,E00077
T000513,E99235
T000513,E00660
T000513,E00016
T000513,E00762
T000513,E00398
T000513,E00252
T000513,E00333
T000513,E00795
T000513,E00572
T000513,E00710
T000513,E00161
T000513,E00406
T000513,E00565
T000513,E00142
T000513,E00752
T000513,E00459
T000513,E00253
T000513,E00003
T000514,E00297
T000514,E00605
T000514,E00688
T000514,E00497
T000514,E00556
T000514,E00549
T000514,E00773
T000514,E00009
T000514,E00409
T000514,E00267
T000514,E00783
T000514,E00258
T000514,E00800
T000514,E00178
T000515,E00732
T000515,E00702
T000515,E00159
T000515,E00680
T000515,E00693
T000515,E00082
T000515,E00731
T000515,E00186
T000515,E00756
T000515,E00676
T000515,E00052
T000515,E00789
T000515,E00577
T000515,E00153
T000515,E00448
T000515,E00607
T000515,E00672
T000515,E00723
T000516,E00798
T000516,E00368
T000516,E00579
T000516,E00033
T000516,E00631
T000516,E00482
T000516,E00536
T000516,E00087
T000516,E00515
T000516,E00596
T000516,E00597
T000516,E00335
T000516,E00655
T000516,E00218
T000516,E00542
T000516,E00767
T000516,E00716
T000516,E00689
T000517,E00388
T000517,E00456
T000517,E00265
T000517,E99816
T000517,E00037
T000517,E00754
T000517,E00524
T000517,E00022
T000517,E00096
T000517,E00272
T000518,E99299
T000518,E00466
T000518,E00338
T000518,E00699
T000518,E00619
T000518,E00364
T000518,E00469
T000518,E00444
T000519,E00137
T000519,E00500
T000519,E00532
T000519,E00581
T000519,E00260
T000519,E00738
T000519,E00282
T000519,E00154
T000520,E00557
T000520,E00758
T000520,E00134
T000520,E00382
T000520,E00259
T000520,E00510
T000520,E00675
T000520,E00717
T000521,E00140
T000521,E00706
T000521,E00011
T000521,E00024
T000521,E00465
T000521,E00438
T000521,E00185
T000521,E00678
T000522,E00730
T000522,E00751
T000522,E00616
T000522,E00176
T000522,E00551
T000522,E00769
T000522,E00124
T000522,E00173
T000523,E00240
T000524,E00089
T000524,E00463
T000524,E00190
T000524,E00056
T000524,E00183
T000524,E00014
T000524,E00613
T000524,E00160
T000525,E00744
T000525,E00362
T000525,E00468
T000525,E00298
T000525,E00299
T000525,E00143
T000525,E00665
T000525,E99058
T000526,E00247
T000526,E00704
T000526,E00644
T000526,E00673
T000526,E00097
T000526,E00301
T000526,E00269
T000526,E00313
T000527,E00541
T000527,E00111
T000527,E00348
T000527,E00493
T000527,E00407
T000527,E00432
T000527,E00750
T000527,E00419
T000528,E00797
T000528,E00131
T000528,E00203
T000528,E00741
T000528,E00020
T000528,E00546
T000528,E00520
T000528,E00503
T000529,E00234
T000529,E00340
T000529,E00032
T000529,E00222
T000530,E00517
T000530,E00007
T000530,E00471
T000530,E00718
T000531,E00687
T000531,E00283
T000531,E00583
T000531,E00271
T000532,E00128
T000532,E00477
T000532,E00155
T000532,E00286
T000533,E00778
T000533,E99862
T000533,E00423
T000533,E00714
T000534,E00105
T000534,E00742
T000534,E00480
T000534,E00211
T000535,E00506
T000535,E00472
T000535,E00486
T000535,E00573
T000536,E00093
T000536,E00357
T000536,E00215
T000536,E00330
T000537,E00615
T000537,E00010
T000537,E00369
T000537,E00059
T000538,E00485
T000538,E00319
T000538,E00172
T000538,E99506
T000539,E00421
T000539,E00777
T000539,E00415
T000539,E00507
T000540,E00677
T000540,E00177
T000540,E00593
T000541,E00508
T000541,E00292
T000541,E00683
T000541,E00555
T000541,E00582
T000541,E00152
T000541,E00389
T000541,E00431
T000541,E00484
T000541,E00603
T000541,E00651
T000541,E00166
T000541,E00728
T000541,E00429
T000541,E00187
T000541,E00669
T000541,E00094
T000541,E00440
T000542,E00625
T000542,E00709
T000542,E00308
T000542,E00670
T000542,E99938
T000542,E00726
T000542,E00539
T000542,E00399
T000542,E00787
T000542,E00181
T000542,E00279
T000542,E00422
T000542,E00626
T000542,E00217
T000542,E00499
T000542,E00707
T000542,E00309
T000542,E00435
T000543,E00627
T000543,E00112
T000543,E00725
T000543,E00768
T000543,E00276
T000543,E00674
T000543,E00512
T000543,E00492
T000543,E99012
T000543,E00237
T000543,E00076
T000543,E00544
T000543,E00150
T000543,E00295
T000544,E00433
T000544,E00223
T000544,E00171
T000544,E00370
T000544,E00713
T000544,E00410
T000544,E00285
T000544,E00483
T000545,E00133
T000545,E00136
T000545,E00345
T000545,E00430
T000545,E00695
T000545,E00249
T000545,E00545
T000545,E00764
T000546,E00175
T000546,E00513
T000546,E00666
T000546,E00721
T000546,E00243
T000546,E00481
T000546,E00633
T000546,E00487
T000547,E00664
T000547,E00220
T000547,E00447
T000547,E00478
T000547,E00300
T000547,E00788
T000547,E00604
T000547,E00065
T000548,E00584
T000548,E00511
T000548,E99207
T000548,E00537
T000548,E99716
T000548,E00277
T000548,E00197
T000548,E00637
T000549,E00464
T000549,E00162
T000549,E00652
T000549,E00049
T000549,E00027
T000550,E00781
T000550,E00739
T000550,E00442
T000550,E00587
T000551,E00700
T000551,E00381
T000551,E00412
T000551,E00023
T000552,E00685
T000552,E00404
T000552,E00354
T000552,E00547
T000553,E00336
T000553,E00426
T000553,E00698
T000553,E00436
T000554,E00205
T000554,E00212
T000554,E00772
T000554,E00208
T000555,E00428
T000555,E00182
T000555,E99090
T000555,E99828
T000556,E00405
T000556,E00525
T000556,E00303
T000556,E00400
T000557,E00445
T000557,E00743
T000557,E00569
T000557,E00450
T000558,E00044
T000558,E00001
T000558,E00441
T000558,E00371
T000559,E00102
T000559,E00745
T000559,E00311
T000559,E00184
T000560,E00392
T000560,E00733
T000560,E00304
T000560,E00377
T000560,E00538
T000560,E00117
T000560,E00256
T000560,E00691
T000560,E00323
T000560,E00766
T000560,E00242
T000560,E00600
T000560,E00236
T000560,E00529
T000560,E00473
T000560,E00489
T000560,E00063
T000560,E00122
T000561,E00439
T000561,E99645
T000561,E00352
T000561,E00451
T000562,E00585
T000562,E00376
T000562,E00598
T000562,E00452
T000562,E00531
T000562,E00782
T000562,E00149
T000562,E00567
T000562,E00141
T000562,E00132
T000562,E00193
T000562,E00667
T000562,E00455
T000562,E00106
T000562,E00454
T000562,E00496
T000562,E00720
T000562,E00108
T000563,E00570
T000563,E00004
T000563,E00047
T000563,E00671
T000563,E00039
T000563,E00278
T000563,E00012
T000563,E00081
T000563,E00694
T000563,E99429
T000563,E00602
T000563,E99799
T000564,E00727
T000564,E00535
T000564,E00737
T000564,E00413
T000564,E00771
T000564,E00715
T000564,E00127
T000564,E00408
T000565,E00109
T000565,E00703
T000565,E00264
T000565,E00785
T000565,E00198
T000565,E00528
T000565,E00475
T000565,E00495
T000566,E00324
T000566,E00621
T000566,E00322
T000566,E00281
T000566,E00403
T000566,E00629
T000566,E00327
T000567,E00055
T000567,E00643
T000567,E00036
T000567,E00317
T000567,E00784
T000567,E00139
T000567,E00060
T000567,E00028
T000568,E00553
T000568,E00320
T000568,E00586
T000568,E00641
T000568,E00073
T000568,E00130
T000568,E00552
T000568,E00100
T000569,E00188
T000569,E00147
T000569,E00402
T000569,E00562
T000569,E00729
T000569,E00074
T000569,E00163
T000569,E00554
T000570,E00192
T000570,E00257
T000570,E00195
T000571,E00339
T000571,E00231
T000571,E00263
T000571,E00110
T000572,E00635
T000572,E00505
T000572,E00168
T000572,E00414
T000573,E00005
T000573,E00757
T000573,E00770
T000573,E00606
T000574,E00101
T000574,E00013
T000574,E00794
T000574,E00189
T000575,E00145
T000575,E00479
T000575,E00103
T000575,E00526
T000576,E00501
T000576,E00617
T000576,E00002
T000576,E00119
T000577,E00640
T000577,E00645
T000577,E00326
T000577,E00098
T000578,E00305
T000579,E00646
T000579,E00701
T000579,E00015
T000579,E00799
T000579,E00746
T000579,E00692
T000579,E00158
T000579,E00224
T000579,E00017
T000579,E00138
T000579,E00019
T000579,E00054
T000579,E00684
T000579,E00516
T000579,E00006
T000579,E00275
T000579,E00599
T000579,E00118
T000580,E00206
T000580,E00294
T000580,E00030
T000580,E00387
T000580,E00543
T000581,E00170
T000581,E00180
T000581,E00290
T000581,E00386
T000581,E00719
T000581,E00776
T000581,E00648
T000581,E00121
T000582,E00467
T000582,E00462
T000582,E00164
T000582,E00268
T000582,E00620
T000582,E00502
T000582,E00343
T000582,E00053
T000583,E00624
T000583,E00724
T000583,E00590
T000583,E00306
T000583,E00151
T000583,E00174
T000583,E00227
T000583,E00592
T000584,E00391
T000584,E00708
T000584,E00566
T000584,E00274
T000584,E00658
T000584,E00434
T000584,E99064
T000584,E00576
T000585,E00144
T000585,E00575
T000585,E00204
T000585,E00293
T000586,E00792
T000586,E00042
T000586,E00540
T000586,E00225
T000587,E00050
T000587,E00202
T000587,E00384
T000587,E00476
T000588,E00344
T000588,E00634
T000588,E00334
T000588,E00353
T000589,E00072
T000589,E00061
T000589,E00390
T000589,E00681
T000590,E00416
T000590,E00705
T000590,E00490
T000590,E00057
T000591,E00470
T000591,E00401
T000591,E00595
T000591,E00078
T000592,E00753
T000592,E00427
T000592,E00609
T000593,E00574
T000593,E00115
T000593,E00696
T000593,E00614
T000593,E00095
T000593,E00069
T000593,E00373
T000593,E00521
T000593,E00488
T000593,E00104
T000593,E00642
T000593,E00654
T000593,E00228
T000593,E00653
T000593,E00365
T000593,E00355
T000593,E00226
T000593,E00034
T000594,E00774
T000594,E00379
T000594,E00560
T000594,E00346
T000595,E00062
T000595,E00084
T000595,E00123
T000595,E00796
T000595,E00255
T000595,E00568
T000595,E00351
T000595,E00372
T000595,E00349
T000595,E00591
T000595,E00251
T000595,E00559
T000595,E00610
T000595,E00628
T000596,E00135
T000596,E00239
T000596,E00679
T000596,E00092
T000596,E00580
T000596,E00594
T000596,E00026
T000596,E00735
T000597,E00420
T000597,E00219
T000597,E00221
T000597,E00316
T000597,E00649
T000597,E00418
T000597,E00008
T000597,E00201
T000598,E00041
T000598,E00775
T000598,E00417
T000598,E00021
T000598,E00289
T000598,E00233
T000598,E00411
T000598,E00254
T000599,E00046
T000599,E00523
T000599,E00342
T000599,E00360
T000599,E00321
T000599,E00307
T000599,E00350
T000599,E00314
T000600,E99838
T000600,E00035
T000600,E00085
T000600,E00650
T000601,E00312
T000601,E00179
T000601,E00113
T000601,E00210
T000602,E00091
T000602,E00107
T000602,E00748
T000602,E00558
T000603,E00424
T000603,E00612
T000603,E00394
T000603,E00029
T000604,E00375
T000604,E00514
T000604,E00356
T000604,E00296
T000605,E00367
T000605,E00474
T000605,E00366
T000605,E00458
T000606,E00288
T000606,E00071
T000607,E00763
T000607,E00790
T000607,E00550
T000607,E00248
T000607,E00310
T000607,E00734
T000607,E00332
T000607,E00522
T000607,E00504
T000607,E00099
T000607,E00711
T000607,E00088
T000607,E00601
T000607,E00765
T000607,E00461
T000607,E00040
T000607,E00374
T000607,E00563
T000608,E00090
T000608,E00712
T000608,E00148
T000609,E00157
T000609,E00341
T000609,E00238
T000609,E00232
T000609,E00780
T000609,E00786
T000609,E00383
T000609,E00207
T000610,E00657
T000610,E00116
T000610,E00656
T000610,E00246
T000610,E00194
T000610,E00518
T000610,E00740
T000610,E00749
T000611,E00437
T000612,E00690
T000612,E00632
T000612,E00686
T000612,E00331
T000613,E00639
T000613,E00209
T000613,E00280
T000613,E00578
T000614,E00397
T000614,E00025
T000614,E00760
T000614,E00244
T000615,E00297
T000615,E00018
T000615,E00016
T000615,E00337
T000615,E00252
T000615,E00230
T000615,E00291
T000615,E00660
T000615,E00398
T000615,E00783
T000615,E00329
T000615,E00142
T000615,E00051
T000615,E00795
T000615,E00752
T000615,E00647
T000615,E00688
T000615,E00325
T000616,E00178
T000616,E00253
T000616,E00086
T000616,E00191
T000616,E00125
T000616,E00779
T000616,E00497
T000616,E00077
T000616,E00199
T000616,E00605
T000616,E00003
T000616,E00630
T000616,E00273
T000616,E00710
T000616,E00800
T000616,E00406
T000616,E00549
T000616,E00762
T000617,E00161
T000617,E00572
T000617,E00333
T000617,E00561
T000617,E00460
T000617,E00773
T000617,E00009
T000617,E00258
T000617,E00565
T000617,E00129
T000618,E00159
T000618,E00082
T000618,E00676
T000618,E00037
T000618,E00655
T000618,E00754
T000618,E00272
T000618,E00798
T000618,E00052
T000618,E00335
T000618,E00524
T000618,E00033
T000618,E00732
T000618,E00723
T000618,E00759
T000618,E00368
T000618,E00218
T000618,E00153
T000619,E00542
T000619,E00693
T000619,E00789
T000619,E00448
T000619,E00315
T000619,E00716
T000619,E00631
T000619,E00756
T000619,E00597
T000619,E00607
T000619,E00596
T000619,E00702
T000619,E00022
T000619,E00456
T000619,E00672
T000619,E00689
T000619,E00080
T000619,E00731
T000620,E00482
T000620,E00767
T000620,E00265
T000620,E00186
T000620,E00087
T000620,E00515
T000620,E00388
T000620,E00536
T000620,E00579
T000621,E00717
T000621,E00466
T000621,E00706
T000621,E00124
T000621,E00510
T000621,E00678
T000621,E00154
T000621,E00532
T000622,E00557
T000622,E00500
T000622,E00581
T000622,E00469
T000622,E00259
T000622,E00260
T000622,E00438
T000622,E00730
T000623,E00240
T000623,E00282
T000623,E00616
T000623,E99798
T000623,E00758
T000623,E00738
T000623,E00173
T000623,E00140
T000624,E00137
T000624,E00011
T000624,E00443
T000624,E00382
T000624,E00444
T000624,E00699
T000624,E00134
T000624,E00675
T000625,E00338
T000625,E00751
T000625,E00661
T000625,E00176
T000625,E00364
T000625,E00185
T000625,E00564
T000625,E00024
T000626,E00097
T000626,E00313
T000626,E00213
T000626,E00546
T000626,E00143
T000626,E00493
T000626,E00014
T000626,E00644
T000627,E00131
T000627,E00797
T000627,E00463
T000627,E00298
T000627,E00160
T000627,E00032
T000627,E00348
T000627,E00750
T000628,E00744
T000628,E00362
T000628,E00203
T000628,E00056
T000628,E00407
T000628,E00340
T000628,E00269
T000628,E00419
T000629,E00503
T000629,E00247
T000629,E00183
T000629,E00613
T000629,E00541
T000629,E00111
T000629,E00222
T000629,E00089
T000630,E00741
T000630,E00301
T000630,E00665
T000630,E00468
T000630,E00234
T000630,E00020
T000630,E00299
T000630,E00704
T000631,E00520
T000632,E99684
T000632,E00105
T000632,E00070
T000632,E00593
T000633,E00271
T000633,E00453
T000633,E00472
T000633,E00211
T000634,E00477
T000634,E00155
T000634,E00742
T000634,E00415
T000635,E00319
T000635,E00506
T000635,E00010
T000635,E00421
T000636,E00093
T000636,E00128
T000636,E00357
T000636,E00177
T000637,E00517
T000637,E00480
T000637,E00573
T000637,E00423
T000638,E00471
T000638,E00425
T000638,E00266
T000638,E00485
T000639,E00778
T000639,E00172
T000639,E00059
T000639,E00714
T000640,E00286
T000640,E00486
T000640,E00369
T000640,E00007
T000641,E00615
T000641,E00283
T000641,E00777
T000641,E00583
T000642,E00215
T000643,E00582
T000643,E00422
T000643,E00446
T000643,E00279
T000643,E00276
T000643,E00709
T000643,E00499
T000643,E00431
T000643,E00508
T000643,E00726
T000643,E00112
T000643,E00707
T000643,E00435
T000643,E00295
T000643,E00429
T000643,E00484
T000643,E00309
T000643,E00237
T000644,E00152
T000644,E00626
T000644,E00651
T000644,E00539
T000644,E00618
T000644,E00787
T000644,E00728
T000644,E00544
T000644,E00670
T000644,E00669
T000644,E00399
T000644,E00076
T000644,E00217
T000644,E00094
T000644,E00674
T000644,E00555
T000644,E00308
T000644,E00683
T000645,E00512
T000645,E00768
T000645,E00181
T000645,E00625
T000645,E00389
T000645,E00492
T000645,E00187
T000645,E00519
T000645,E00166
T000645,E00725
T000645,E00627
T000646,E00478
T000646,E00196
T000646,E00171
T000646,E00764
T000646,E00345
T000646,E00447
T000646,E00058
T000646,E00220
T000647,E00249
T000647,E00223
T000647,E00637
T000647,E00721
T000647,E99041
T000647,E00300
T000647,E00487
T000647,E00695
T000648,E00584
T000648,E99784
T000648,E99094
T000648,E00481
T000648,E00652
T000648,E00664
T000648,E00633
T000648,E00433
T000649,E00065
T000649,E00410
T000649,E00197
T000649,E00713
T000649,E00430
T000649,E00511
T000649,E00048
T000649,E00162
T000650,E00277
T000650,E00133
T000650,E00229
T000650,E00736
T000650,E00370
T000650,E00464
T000650,E00537
T000650,E00449
T000651,E00545
T000651,E00513
T000651,E00483
T000651,E00243
T000651,E00666
T000652,E00182
T000652,E00739
T000652,E00442
T000652,E00045
T000653,E00208
T000653,E00450
T000653,E00303
T000653,E00772
T000654,E00589
T000654,E00205
T000654,E00336
T000654,E00380
T000655,E00547
T000655,E00044
T000655,E00358
T000655,E00311
T000656,E00498
T000656,E00023
T000656,E00404
T000656,E00354
T000657,E00745
T000657,E00509
T000657,E00184
T000657,E00212
T000658,E00385
T000658,E00743
T000658,E00436
T000658,E00587
T000659,E00214
T000659,E00525
T000659,E00400
T000659,E00428
T000660,E00533
T000660,E00426
T000660,E00698
T000660,E00662
T000661,E00412
T000661,E00405
T000661,E00001
T000661,E00685
T000662,E00700
T000662,E00441
T000662,E00371
T000663,E00529
T000663,E00538
T000663,E00691
T000663,E00377
T000663,E00733
T000663,E00323
T000663,E00236
T000663,E00241
T000663,E00304
T000663,E00075
T000663,E00600
T000663,E00489
T000663,E00122
T000663,E00766
T000663,E00117
T000663,E00256
T000663,E00352
T000663,E00242
T000664,E00439
T000664,E00473
T000664,E00392
T000664,E00063
T000664,E00451
T000665,E00755
T000665,E00141
T000665,E00193
T000665,E00452
T000665,E00667
T000665,E00047
T000665,E00570
T000665,E00598
T000665,E00720
T000665,E00782
T000665,E00278
T000665,E00004
T000665,E00585
T000665,E00531
T000665,E00395
T000665,E00149
T000665,E00132
T000665,E00496
T000666,E00671
T000666,E00455
T000666,E00694
T000666,E00454
T000666,E00012
T000666,E00602
T000666,E00108
T000666,E00081
T000666,E00376
T000666,E00567
T000667,E00475
T000667,E00324
T000667,E00785
T000667,E00715
T000667,E00413
T000667,E00127
T000667,E00535
T000667,E00198
T000668,E00109
T000668,E00629
T000668,E00727
T000668,E00703
T000668,E00322
T000668,E00281
T000668,E00737
T000668,E00043
T000669,E00264
T000669,E00495
T000669,E00363
T000669,E00327
T000669,E00771
T000669,E00408
T000670,E00060
T000670,E00317
T000670,E00195
T000670,E00643
T000670,E00028
T000670,E00729
T000670,E00586
T000670,E00147
T000671,E00553
T000671,E00036
T000671,E00262
T000671,E00188
T000671,E00257
T000671,E00139
T000671,E00055
T000671,E00163
T000672,E00100
T000672,E00320
T000672,E00552
T000672,E00562
T000672,E00784
T000672,E00641
T000672,E00146
T000672,E00192
T000673,E00402
T000673,E00074
T000673,E00608
T000674,E00640
T000674,E00794
T000674,E00145
T000674,E00101
T000675,E00103
T000675,E00505
T000675,E00501
T000675,E00494
T000676,E00110
T000676,E00231
T000676,E00414
T000676,E00757
T000677,E00635
T000677,E00189
T000677,E00002
T000677,E99691
T000678,E00013
T000678,E00606
T000678,E00770
T000678,E00169
T000679,E00098
T000679,E00005
T000679,E00305
T000679,E00119
T000680,E00617
T000680,E00479
T000680,E00168
T000681,E00224
T000681,E00684
T000681,E00599
T000681,E00019
T000681,E00799
T000681,E00294
T000681,E00054
T000681,E00275
T000681,E00015
T000681,E00017
T000681,E00030
T000681,E00158
T000681,E00516
T000681,E99431
T000681,E99414
T000681,E00746
T000681,E00543
T000681,E00387
T000682,E00006
T000682,E00138
T000682,E00118
T000682,E00646
T000683,E00776
T000683,E00151
T000683,E99337
T000683,E00174
T000683,E00592
T000683,E00343
T000683,E00290
T000683,E00170
T000684,E00624
T000684,E00620
T000684,E00462
T000684,E00793
T000684,E00434
T000684,E00227
T000684,E00724
T000684,E00566
T000685,E00502
T000685,E00268
T000685,E00180
T000685,E00576
T000685,E00053
T000685,E00658
T000685,E00306
T000685,E00590
T000686,E00708
T000686,E00121
T000686,E00386
T000686,E00467
T000686,E00274
T000686,E00719
T000687,E00490
T000687,E00334
T000687,E00416
T000687,E00401
T000688,E00595
T000688,E00293
T000688,E00470
T000688,E00078
T000689,E00705
T000689,E00061
T000689,E00681
T000689,E00072
T000690,E00384
T000690,E00202
T000690,E00344
T000690,E00575
T000691,E00792
T000691,E00609
T000691,E00682
T000691,E00144
T000692,E00634
T000692,E00057
T000692,E00042
T000692,E00753
T000693,E00390
T000693,E00353
T000693,E00204
T000693,E00427
T000694,E00120
T000694,E00476
T000695,E00653
T000695,E00373
T000695,E00115
T000695,E00791
T000695,E00488
T000695,E00574
T000695,E00379
T000695,E00654
T000695,E00696
T000695,E00034
T000695,E00069
T000695,E00104
T000695,E00226
T000695,E00642
T000695,E00560
T000695,E00521
T000695,E00346
T000695,E00365
T000696,E00774
T000696,E99065
T000696,E00095
T000696,E00228
T000696,E00355
T000697,E00123
T000697,E00062
T000697,E00156
T000697,E00610
T000697,E00591
T000697,E00372
T000697,E00351
T000697,E00084
T000697,E00628
T000697,E00251
T000697,E00349
T000697,E00568
T000697,E00559
T000697,E00796
T000697,E00167
T000697,E00255
T000698,E00580
T000698,E00418
T000698,E00594
T000698,E00092
T000698,E00316
T000698,E00649
T000698,E00420
T000698,E00219
T000699,E99461
T000699,E00135
T000699,E00221
T000699,E00026
T000699,E00239
T000699,E00008
T000699,E00679
T000700,E00254
T000700,E00548
T000700,E00775
T000700,E00417
T000700,E00314
T000700,E00650
T000700,E00270
T000700,E99873
T000701,E00350
T000701,E00523
T000701,E00083
T000701,E00307
T000701,E00035
T000701,E00321
T000701,E00233
T000701,E00411
T000702,E00041
T000702,E00046
T000702,E00289
T000702,E00021
T000703,E00179
T000703,E00748
T000703,E00296
T000703,E00514
T000704,E00288
T000704,E00312
T000704,E00113
T000704,E00558
T000705,E00367
T000705,E00375
T000705,E00424
T000705,E00071
T000706,E00107
T000706,E00612
T000706,E00474
T000706,E00366
T000707,E00210
T000707,E00458
T000707,E00091
T000707,E00394
T000708,E00029
T000709,E00099
T000709,E00763
T000709,E00310
T000709,E00040
T000709,E00504
T000709,E00563
T000709,E00248
T000709,E00765
T000709,E00332
T000709,E00663
T000709,E00090
T000709,E00550
T000709,E00461
T000709,E00790
T000709,E00711
T000709,E00088
T000709,E00374
T000709,E00148
T000710,E00601
T000710,E00712
T000710,E00734
T000710,E00522
T000711,E00588
T000711,E00341
T000711,E00657
T000711,E00437
T000711,E00232
T000711,E00518
T000711,E00740
T000711,E00116
T000712,E00786
T000712,E00780
T000712,E00749
T000712,E00207
T000712,E00656
T000712,E00238
T000712,E00246
T000712,E00157
T000713,E00280
T000713,E00114
T000713,E00397
T000713,E00632
T000714,E00760
T000714,E00025
T000714,E00690
T000714,E00318
T000715,E00639
T000715,E00331
T000715,E00209
T000715,E00578
T000716,E00686
T000716,E00244
T000717,E00561
T000717,E00630
T000717,E00253
T000717,E00086
T000717,E00752
T000717,E00273
T000717,E00291
T000717,E00003
T000717,E00459
T000717,E00199
T000717,E00688
T000717,E00773
T000717,E00800
T000717,E00129
T000717,E00783
T000717,E00016
T000717,E00660
T000717,E00333
T000718,E00409
T000718,E00460
T000718,E00762
T000718,E00565
T000718,E00605
T000718,E00795
T000718,E00267
T000718,E00178
T000718,E00230
T000718,E00406
T000718,E00125
T000718,E00398
T000718,E00252
T000718,E00572
T000718,E00325
T000718,E00258
T000718,E00038
T000718,E00779
T000719,E00161
T000719,E00018
T000719,E00297
T000719,E00142
T000719,E00556
T000719,E00329
T000719,E00191
T000719,E00710
T000719,E00647
T000720,E00033
T000720,E00524
T000720,E00052
T000720,E00096
T000720,E00693
T000720,E00676
T000720,E00759
T000720,E00579
T000720,E00482
T000720,E00456
T000720,E00186
T000720,E00265
T000720,E00754
T000720,E00756
T000720,E00218
T000720,E00597
T000720,E00153
T000720,E00022
T000721,E00723
T000721,E00655
T000721,E00689
T000721,E00536
T000721,E00732
T000721,E00368
T000721,E00037
T000721,E00716
T000721,E00315
T000721,E00335
T000721,E00672
T000721,E00542
T000721,E00159
T000721,E00080
T000721,E00607
T000721,E00798
T000721,E00448
T000721,E00631
T000722,E00272
T000722,E00680
T000722,E00789
T000722,E00087
T000722,E00702
T000722,E00767
T000722,E00082
T000722,E00515
T000722,E00596
T000723,E99881
T000723,E00717
T000723,E00678
T000723,E00557
T000723,E00551
T000723,E00364
T000723,E00758
T000723,E00260
T000724,E00134
T000724,E00173
T000724,E00443
T000724,E00699
T000724,E00751
T000724,E00240
T000724,E00675
T000724,E00500
T000725,E00616
T000725,E00564
T000725,E00382
T000725,E00444
T000725,E99910
T000725,E00011
T000725,E00661
T000725,E00176
T000726,E00532
T000726,E00140
T000726,E00024
T000726,E00154
T000726,E00185
T000726,E00124
T000726,E00581
T000726,E00126
T000727,E00730
T000727,E00469
T000727,E00466
T000727,E00465
T000727,E00738
T000727,E00338
T000727,E00259
T000727,E00137
T000728,E00510
T000728,E00438
T000729,E00493
T000729,E00362
T000729,E00419
T000729,E00546
T000729,E00613
T000729,E00097
T000729,E00359
T000729,E00222
T000730,E00348
T000730,E00143
T000730,E00014
T000730,E00644
T000730,E00744
T000730,E00541
T000730,E00463
T000730,E00468
T000731,E00432
T000731,E00203
T000731,E00020
T000731,E00111
T000731,E00269
T000731,E00234
T000731,E00032
T000731,E00213
T000732,E00750
T000732,E00520
T000732,E00299
T000732,E00797
T000732,E00247
T000732,E00190
T000732,E00665
T000732,E00407
T000733,E00056
T000733,E00503
T000733,E00298
T000733,E00131
T000733,E00089
T000733,E00340
T000733,E00301
T000733,E00704
T000734,E00425
T000734,E00583
T000734,E00485
T000734,E00093
T000735,E99416
T000735,E00480
T000735,E00283
T000735,E00105
T000736,E00423
T000736,E00506
T000736,E00742
T000736,E00286
T000737,E00010
T000737,E00573
T000737,E00211
T000737,E00357
T000738,E00718
T000738,E00319
T000738,E00330
T000738,E00007
T000739,E00177
T000739,E00415
T000739,E99646
T000739,E00471
T000740,E00453
T000740,E00777
T000740,E00266
T000740,E00271
T000741,E00714
T000741,E00593
T000741,E00155
T000741,E00059
T000742,E00477
T000742,E00615
T000742,E00778
T000742,E00507
T000743,E00486
T000743,E00472
T000743,E00677
T000743,E00215
T000744,E00112
T000744,E00625
T000744,E99252
T000744,E00768
T000744,E00422
T000744,E00651
T000744,E00709
T000744,E00555
T000744,E00492
T000744,E00539
T000744,E00499
T000744,E00725
T000744,E00508
T000744,E00292
T000744,E00626
T000744,E00683
T000744,E00237
T000744,E00150
T000745,E00726
T000745,E00512
T000745,E00431
T000745,E00399
T000745,E00603
T000745,E00519
T000745,E99287
T000745,E00627
T000745,E00728
T000745,E00217
T000745,E00618
T000745,E99147
T000745,E00440
T000745,E00582
T000745,E00279
T000745,E00435
T000745,E00544
T000745,E00152
T000746,E00707
T000746,E00787
T000746,E00166
T000746,E00076
T000746,E00674
T000746,E00295
T000746,E99890
T000746,E00484
T000746,E00309
T000746,E00308
T000746,E00181
T000746,E00429
T000747,E00048
T000747,E00229
T000747,E00243
T000747,E00447
T000747,E00511
T000747,E00449
T000747,E00235
T000747,E00249
T000748,E00633
T000748,E00345
T000748,E00175
T000748,E99333
T000748,E00487
T000748,E00637
T000748,E00695
T000748,E00058
T000749,E00430
T000749,E00370
T000749,E00736
T000749,E00764
T000749,E00133
T000749,E00652
T000749,E00788
T000749,E00666
T000750,E00300
T000750,E00464
T000750,E00285
T000750,E00049
T000750,E00483
T000750,E00197
T000750,E00481
T000750,E00162
T000751,E00220
T000751,E00250
T000751,E00721
T000751,E00027
T000751,E00478
T000751,E00664
T000751,E00584
T000751,E00196
T000752,E00513
T000752,E00433
T000752,E00223
T000752,E00136
T000752,E00545
T000752,E00537
T000752,E00410
T000752,E00065
T000753,E00428
T000753,E00214
T000753,E00371
T000753,E00569
T000754,E00400
T000754,E00533
T000754,E00498
T000754,E00772
T000755,E00739
T000755,E00336
T000755,E00354
T000755,E00685
T000756,E00547
T000756,E00743
T000756,E00001
T000756,E00311
T000757,E00380
T000757,E00698
T000757,E00441
T000757,E00525
T000758,E00385
T000758,E00445
T000758,E00102
T000758,E00023
T000759,E00745
T000759,E00436
T000759,E00412
T000759,E00509
T000760,E00700
T000760,E00781
T000760,E00184
T000760,E00381
T000761,E00302
T000761,E00662
T000761,E00044
T000761,E00589
T000762,E00303
T000762,E00442
T000762,E00587
T000762,E00212
T000763,E00205
T000763,E00426
T000763,E00358
T000763,E00450
T000764,E00045
T000764,E00182
T000765,E00063
T000765,E00256
T000765,E00766
T000765,E00529
T000765,E00241
T000765,E99222
T000765,E00691
T000765,E00392
T000765,E00236
T000765,E00377
T000765,E00323
T000765,E00075
T000765,E00352
T000765,E00538
T000765,E00117
T000765,E00451
T000765,E00242
T000765,E00473
T000766,E00304
T000766,E00489
T000766,E00600
T000767,E00667
T000767,E00047
T000767,E00720
T000767,E00496
T000767,E00452
T000767,E00393
T000767,E00012
T000767,E00602
T000767,E00755
T000767,E00585
T000767,E00567
T000767,E00376
T000767,E00694
T000767,E00149
T000767,E00106
T000767,E00108
T000767,E00132
T000767,E00081
T000768,E00141
T000768,E00531
T000768,E00039
T000768,E00598
T000768,E00671
T000768,E00004
T000768,E00570
T000768,E99836
T000768,E00278
T000768,E00782
T000769,E00127
T000769,E00324
T000769,E00413
T000769,E00264
T000769,E00363
T000769,E00785
T000769,E00403
T000769,E00715
T000770,E00109
T000770,E00737
T000770,E00535
T000770,E00528
T000770,E00475
T000770,E00198
T000770,E00771
T000770,E00281
T000771,E00495
T000771,E00322
T000771,E00408
T000771,E00621
T000771,E00629
T000771,E00727
T000771,E00043
T000771,E00327
T000772,E00074
T000772,E00146
T000772,E00055
T000772,E00130
T000772,E00195
T000772,E99883
T000772,E00729
T000772,E00317
T000773,E00163
T000773,E00608
T000773,E00147
T000773,E00552
T000773,E00188
T000773,E00553
T000773,E00028
T000773,E00784
T000774,E00641
T000774,E00320
T000774,E00554
T000774,E00262
T000774,E00257
T000774,E00073
T000774,E00402
T000774,E99500
T000775,E00643
T000775,E00036
T000775,E00060
T000775,E00562
T000775,E00192
T000775,E00586
T000776,E00189
T000776,E00101
T000776,E00110
T000776,E00231
T000777,E00635
T000777,E00002
T000777,E00305
T000777,E00169
T000778,E00640
T000778,E99383
T000778,E00103
T000778,E00098
T000779,E00501
T000779,E00770
T000779,E00168
T000779,E00145
T000780,E00326
T000780,E00263
T000780,E00339
T000780,E00606
T000781,E00119
T000781,E00479
T000781,E00645
T000781,E00494
T000782,E00526
T000782,E00794
T000782,E00757
T000782,E00617
T000783,E00414
T000783,E00013
T000784,E00158
T000784,E00275
T000784,E00684
T000784,E00019
T000784,E00387
T000784,E00054
T000784,E00017
T000784,E00746
T000784,E00138
T000784,E00118
T000784,E00799
T000784,E00030
T000784,E00701
T000784,E00165
T000784,E00006
T000784,E00599
T000784,E00294
T000784,E00692
T000785,E00015
T000785,E00646
T000786,E00724
T000786,E00174
T000786,E00386
T000786,E00268
T000786,E00467
T000786,E00227
T000786,E00592
T000786,E00793
T000787,E00170
T000787,E00719
T000787,E00053
T000787,E00620
T000787,E00343
T000787,E00306
T000787,E99512
T000787,E00708
T000788,E00590
T000788,E00151
T000788,E00648
T000788,E00164
T000788,E00462
T000788,E00391
T000788,E00121
T000788,E00624
T000789,E00200
T000789,E00566
T000789,E00274
T000789,E00502
T000789,E00290
T000789,E00434
T000789,E00576
T000790,E00078
T000790,E00390
T000790,E00202
T000790,E00334
T000791,E00144
T000791,E00575
T000791,E00042
T000791,E00416
T000792,E00609
T000792,E00470
T000792,E00225
T000792,E00344
T000793,E00072
T000793,E00204
T000793,E00753
T000793,E00384
T000794,E00476
T000794,E00540
T000794,E00681
T000794,E00353
T000795,E00293
T000795,E00057
T000795,E00050
T000795,E00634
T000796,E00595
T000796,E00061
T000796,E00792
T000796,E00682
T000797,E00614
T000797,E00379
T000797,E00560
T000797,E00104
T000797,E00642
T000797,E00653
T000797,E00346
T000797,E00521
T000797,E00226
T000797,E00574
T000797,E00095
T000797,E00696
T000797,E00774
T000797,E00355
T000797,E00069
T000797,E00365
T000797,E00373
T000797,E99829
T000798,E00115
T000798,E00228
T000798,E00034
T000798,E00791
T000798,E00488
T000799,E00610
T000799,E00156
T000799,E00568
T000799,E00167
T000799,E00349
T000799,E00062
T000799,E00628
T000799,E00351
T000799,E00591
T000799,E00372
T000799,E00123
T000799,E00084
T000799,E00251
T000799,E00796
T000799,E99034
T000799,E00255
T000800,E00594
T000800,E00026
T000800,E00135
T000800,E00420
T000800,E00092
T000800,E00219
T000800,E00221
T000800,E00679
T000801,E00735
T000801,E00316
T000801,E00580
T000801,E00008
T000801,E00239
T000801,E00418
T000801,E00201
T000802,E00083
T000802,E00411
T000802,E00233
T000802,E00085
T000802,E00360
T000802,E00046
T000802,E00350
T000802,E00314
T000803,E00254
T000803,E00523
T000803,E00041
T000803,E00650
T000803,E00307
T000803,E00342
T000803,E00417
T000803,E00548
T000804,E00321
T000804,E00289
T000804,E00775
T000804,E00270
T000804,E00035
T000805,E00071
T000805,E00029
T000805,E00356
T000805,E00113
T000806,E00179
T000806,E00612
T000806,E00748
T000806,E00424
T000807,E00375
T000807,E00091
T000807,E00210
T000807,E00366
T000808,E00394
T000808,E00312
T000808,E00367
T000808,E00458
T000809,E00514
T000809,E00288
T000809,E00296
T000810,E00040
T000810,E00765
T000810,E00504
T000810,E00734
T000810,E00522
T000810,E00461
T000810,E00711
T000810,E00601
T000810,E00332
T000810,E00374
T000810,E00663
T000810,E00712
T000810,E00148
T000810,E00090
T000810,E00563
T000810,E00088
T000810,E00790
T000810,E00763
T000811,E00310
T000811,E00550
T000812,E00157
T000812,E00657
T000812,E00656
T000812,E00588
T000812,E00383
T000812,E00780
T000812,E00238
T000812,E00232
T000813,E00116
T000813,E00740
T000813,E00786
T000813,E00341
T000813,E00194
T000813,E00518
T000813,E00207
T000813,E00246
T000814,E00437
T000814,E00749
T000815,E00280
T000815,E00578
T000815,E00284
T000815,E00686
T000816,E00639
T000816,E00114
T000816,E00331
T000816,E00690
T000817,E00397
T000817,E00632
T000817,E99306
T000817,E00244
T000818,E00318
T000818,E00025
T000818,E99020
T000819,E00752
T000819,E00129
T000819,E00199
T000819,E00762
T000819,E00329
T000819,E00077
T000819,E00800
T000819,E00191
T000819,E00125
T000819,E00565
T000819,E00161
T000819,E00230
T000819,E00016
T000819,E00572
T000819,E00253
T000819,E00273
T000819,E00556
T000819,E00710
T000820,E00178
T000820,E99336
T000820,E00779
T000820,E00605
T000820,E00398
T000820,E00252
T000820,E00297
T000820,E00549
T000820,E00003
T000820,E00783
T000820,E00647
T000820,E99711
T000820,E99800
T000820,E00795
T000820,E00038
T000820,E00291
T000820,E00018
T000820,E00051
T000821,E00406
T000821,E00267
T000821,E00142
T000821,E99571
T000821,E00337
T000821,E00688
T000821,E00460
T000821,E00333
T000821,E00660
T000821,E00630
T000821,E00409
T000822,E00759
T000822,E00265
T000822,E00756
T000822,E00052
T000822,E00536
T000822,E00542
T000822,E00524
T000822,E00515
T000822,E00789
T000822,E00680
T000822,E99900
T000822,E00716
T000822,E00767
T000822,E99590
T000822,E00159
T000822,E00080
T000822,E00754
T000822,E00597
T000823,E00033
T000823,E00388
T000823,E00186
T000823,E00731
T000823,E00723
T000823,E00315
T000823,E00607
T000823,E00272
T000823,E00153
T000823,E00037
T000823,E00082
T000823,E00798
T000823,E00579
T000823,E00689
T000823,E00368
T000823,E00672
T000823,E00087
T000823,E00655
T000824,E00335
T000824,E00218
T000824,E00456
T000824,E00022
T000824,E00577
T000824,E00482
T000824,E00631
T000825,E00465
T000825,E00173
T000825,E00438
T000825,E00616
T000825,E00717
T000825,E00364
T000825,E00443
T000825,E00154
T000826,E00551
T000826,E00124
T000826,E00126
T000826,E00444
T000826,E00011
T000826,E00140
T000826,E00240
T000826,E00661
T000827,E00466
T000827,E00564
T000827,E99587
T000827,E00730
T000827,E00678
T000827,E00706
T000827,E00769
T000827,E00259
T000828,E00382
T000828,E00338
T000828,E00469
T000828,E00282
T000828,E00532
T000828,E00134
T000828,E00176
T000828,E00699
T000829,E00510
T000829,E00557
T000829,E00738
T000829,E00024
T000829,E00751
T000829,E00260
T000829,E00185
T000829,E00137
T000830,E00581
T000831,E00468
T000831,E00503
T000831,E00143
T000831,E00744
T000831,E00247
T000831,E00298
T000831,E00797
T000831,E00301
T000832,E00362
T000832,E00131
T000832,E00432
T000832,E00313
T000832,E00234
T000832,E00222
T000832,E00014
T000832,E00613
T000833,E00020
T000833,E00673
T000833,E00704
T000833,E00541
T000833,E00419
T000833,E00269
T000833,E00213
T000833,E00160
T000834,E00750
T000834,E00097
T000834,E00407
T000834,E00741
T000834,E00340
T000834,E00032
T000834,E00493
T000834,E00111
T000835,E00359
T000835,E00463
T000835,E00089
T000835,E00203
T000835,E00644
T000835,E00665
T000835,E00520
T000835,E00056
T000836,E00059
T000836,E00453
T000836,E00415
T000836,E00266
T000837,E00128
T000837,E00283
T000837,E00271
T000837,E00573
T000838,E00177
T000838,E00421
T000838,E00369
T000838,E00486
T000839,E99245
T000839,E00480
T000839,E00211
T000839,E00714
T000840,E00423
T000840,E00330
T000840,E00215
T000840,E00093
T000841,E00517
T000841,E00742
T000841,E00777
T000841,E00286
T000842,E00778
T000842,E00155
T000842,E00172
T000842,E00471
T000843,E00105
T000843,E00718
T000843,E00485
T000843,E00319
T000844,E00583
T000844,E00687
T000844,E00477
T000844,E00357
T000845,E00425
T000845,E00007
T000845,E00010
T000845,E00506
T000846,E00276
T000846,E00295
T000846,E00651
T000846,E00279
T000846,E00492
T000846,E00539
T000846,E99616
T000846,E00499
T000846,E00152
T000846,E00625
T000846,E00446
T000846,E00787
T000846,E00626
T000846,E00076
T000846,E00512
T000846,E00670
T000846,E00582
T000846,E00094
T000847,E00112
T000847,E00389
T000847,E00707
T000847,E00399
T000847,E00237
T000847,E00674
T000847,E00166
T000847,E00618
T000847,E00725
T000847,E00181
T000847,E00484
T000847,E00768
T000847,E00519
T000847,E00187
T000847,E00669
T000847,E00309
T000847,E00292
T000847,E00440
T000848,E00429
T000848,E00555
T000848,E00435
T000848,E00422
T000848,E00308
T000848,E00544
T000849,E00065
T000849,E00027
T000849,E00433
T000849,E00430
T000849,E00447
T000849,E00285
T000849,E00370
T000849,E00464
T000850,E00133
T000850,E00449
T000850,E99426
T000850,E00483
T000850,E00162
T000850,E00695
T000850,E00175
T000850,E00487
T000851,E00229
T000851,E00736
T000851,E00196
T000851,E00584
T000851,E00652
T000851,E00048
T000851,E00223
T000851,E00481
T000852,E00666
T000852,E00136
T000852,E00410
T000852,E00235
T000852,E00545
T000852,E00764
T000852,E00604
T000852,E00345
T000853,E00713
T000853,E00478
T000853,E00197
T000853,E00637
T000853,E00664
T000853,E00277
T000853,E00249
T000853,E00537
T000854,E00633
T000854,E00721
T000854,E00513
T000854,E99980
T000854,E00220
T000854,E00243
T000855,E00400
T000855,E00385
T000855,E99210
T000855,E00023
T000856,E00772
T000856,E00044
T000856,E00214
T000856,E00547
T000857,E00436
T000857,E00358
T000857,E00184
T000857,E00700
T000858,E00745
T000858,E00405
T000858,E00412
T000858,E00371
T000859,E00743
T000859,E00428
T000859,E00336
T000859,E00450
T000860,E00045
T000860,E00441
T000860,E00685
T000860,E00354
T000861,E00587
T000861,E00102
T000861,E00662
T000861,E00533
T000862,E00303
T000862,E00381
T000862,E00212
T000862,E00001
T000863,E00739
T000863,E00426
T000863,E00302
T000863,E00380
T000864,E00445
T000864,E00569
T000864,E00698
T000864,E00589
T000865,E00781
T000865,E00182
T000865,E00509
T000865,E00442
T000866,E00525
T000866,E00404
T000867,E00117
T000867,E00451
T000867,E00304
T000867,E00241
T000867,E00766
T000867,E00236
T000867,E00063
T000867,E00256
T000867,E00242
T000867,E00489
T000867,E00473
T000867,E00538
T000867,E00529
T000867,E00600
T000867,E00323
T000867,E00122
T000867,E00352
T000867,E99967
T000868,E00075
T000868,E00377
T000868,E00733
T000868,E00439
T000869,E00395
T000869,E00455
T000869,E00782
T000869,E00108
T000869,E00667
T000869,E00193
T000869,E00039
T000869,E00454
T000869,E00570
T000869,E99033
T000869,E00141
T000869,E00393
T000869,E00585
T000869,E00004
T000869,E00567
T000869,E00598
T000869,E00496
T000869,E00531
T000870,E00694
T000870,E00376
T000870,E00278
T000870,E00047
T000870,E00149
T000870,E00755
T000870,E00452
T000870,E00012
T000870,E00106
T000870,E00671
T000871,E00621
T000871,E00535
T000871,E00109
T000871,E00281
T000871,E00413
T000871,E00495
T000871,E00363
T000871,E00127
T000872,E00403
T000872,E00408
T000872,E00727
T000872,E00785
T000872,E00629
T000872,E00043
T000872,E99065
T000872,E00737
T000873,E00264
T000873,E00771
T000873,E00528
T000873,E00198
T000874,E00317
T000874,E00562
T000874,E00784
T000874,E00257
T000874,E00729
T000874,E00100
T000874,E00055
T000874,E00643
T000875,E00130
T000875,E00139
T000875,E00608
T000875,E00553
T000875,E00147
T000875,E00060
T000875,E00586
T000875,E00552
T000876,E00262
T000876,E00195
T000876,E00163
T000876,E00192
T000876,E00074
T000876,E00146
T000876,E00073
T000876,E00188
T000877,E00320
T000877,E00554
T000877,E00641
T000877,E00036
T000877,E00028
T000878,E00231
T000878,E00002
T000878,E00505
T000878,E00110
T000879,E00640
T000879,E00494
T000879,E99549
T000879,E00263
T000880,E00757
T000880,E99030
T000880,E00098
T000880,E99816
T000881,E00526
T000881,E00101
T000881,E00617
T000881,E00005
T000882,E00169
T000882,E00770
T000882,E00794
T000882,E00414
T000883,E00145
T000883,E00305
T000883,E00326
T000883,E00119
T000884,E00168
T000884,E00501
T000884,E00339
T000884,E00103
T000885,E00275
T000885,E00158
T000885,E00387
T000885,E00543
T000885,E00684
T000885,E00224
T000885,E00017
T000885,E00015
T000885,E00701
T000885,E00138
T000885,E00206
T000885,E00006
T000885,E00646
T000885,E00746
T000885,E00019
T000885,E00118
T000885,E00030
T000885,E00516
T000886,E00294
T000886,E00054
T000886,E00165
T000886,E00599
T000886,E00692
T000887,E00268
T000887,E00391
T000887,E00180
T000887,E00620
T000887,E00053
T000887,E00502
T000887,E00624
T000887,E00793
T000888,E00719
T000888,E00776
T000888,E00170
T000888,E00174
T000888,E00274
T000888,E00658
T000888,E00227
T000888,E00343
T000889,E00306
T000889,E00200
T000889,E00434
T000889,E00566
T000889,E00290
T000889,E00462
T000889,E00121
T000889,E00151
T000890,E00648
T000890,E99689
T000890,E00467
T000890,E00592
T000890,E00590
T000890,E00724
T000891,E00144
T000891,E00050
T000891,E00120
T000891,E00072
T000892,E00057
T000892,E00540
T000892,E00384
T000892,E00042
T000893,E00476
T000893,E00344
T000893,E99571
T000893,E99321
T000894,E00202
T000894,E00609
T000894,E00634
T000894,E00792
T000895,E00401
T000895,E00225
T000895,E00427
T000895,E00293
T000896,E00353
T000896,E00753
T000896,E00334
T000896,E99571
T000897,E00575
T000897,E00061
T000897,E00470
T000897,E00682
T000898,E00416
T000899,E00228
T000899,E00521
T000899,E00560
T000899,E99421
T000899,E00115
T000899,E00574
T000899,E00373
T000899,E00642
T000899,E00791
T000899,E00696
T000899,E00034
T000899,E00095
T000899,E00104
T000899,E00355
T000899,E00379
T000899,E00226
T000899,E00069
T000899,E00365
T000900,E00488
T000901,E00591
T000901,E00372
T000901,E00156
T000901,E00796
T000901,E00062
T000901,E00123
T000901,E00251
T000901,E00084
T000901,E00255
T000901,E00349
T000901,E00351
T000901,E00568
T000901,E00628
T000901,E00167
T000901,E00610
T000901,E00559
T000902,E00092
T000902,E00008
T000902,E00735
T000902,E00221
T000902,E00135
T000902,E00679
T000902,E00239
T000902,E00420
T000903,E00316
T000903,E00649
T000903,E00418
T000903,E00594
T000903,E00219
T000903,E00201
T000903,E00580
T000903,E00026
T000904,E00321
T000904,E00650
T000904,E00523
T000904,E00270
T000904,E00350
T000904,E00307
T000904,E00083
T000904,E00342
T000905,E00314
T000905,E00041
T000905,E00085
T000905,E00254
T000905,E00021
T000905,E00360
T000905,E00411
T000905,E00417
T000906,E00775
T000907,E00029
T000907,E00113
T000907,E00210
T000907,E00558
T000908,E00366
T000908,E00091
T000908,E00107
T000908,E00458
T000909,E00474
T000909,E00071
T000909,E00296
T000909,E00612
T000910,E00356
T000910,E00367
T000910,E00312
T000910,E00394
T000911,E00288
T000911,E00514
T000911,E00375
T000911,E00424
T000912,E00179
T000912,E00748
T000913,E00712
T000913,E00090
T000913,E00763
T000913,E00790
T000913,E00550
T000913,E00332
T000913,E00504
T000913,E00148
T000913,E00088
T000913,E00563
T000913,E00040
T000913,E00248
T000913,E00461
T000913,E00601
T000913,E00663
T000913,E00522
T000913,E00765
T000913,E00374
T000914,E00099
T000915,E00238
T000915,E00518
T000915,E00383
T000915,E00656
T000915,E00246
T000915,E00786
T000915,E00588
T000915,E00657
T000916,E00780
T000916,E00194
T000916,E00437
T000916,E00157
T000916,E00207
T000916,E00749
T000916,E00116
T000916,E00232
T000917,E00341
T000917,E00740
T000918,E00280
T000918,E00686
T000918,E00244
T000918,E00318
T000919,E00690
T000919,E00331
T000919,E00397
T000919,E00760
T000920,E00209
T000920,E00025
T000920,E00578
T000920,E00114
T000921,E00639
T000921,E00284
T000921,E00632
T000922,E00779
T000922,E00329
T000922,E00460
T000922,E00191
T000922,E00253
T000922,E00018
T000922,E00273
T000922,E00129
T000922,E00647
T000922,E00325
T000922,E00161
T000922,E00142
T000922,E99304
T000922,E99167
T000922,E00497
T000922,E00051
T000922,E00178
T000922,E00252
T000923,E00556
T000923,E00077
T000923,E00297
T000923,E00795
T000923,E00605
T000923,E00291
T000923,E00016
T000923,E00258
T000923,E00688
T000923,E00549
T000923,E00572
T000923,E00800
T000923,E00267
T000923,E00783
T000923,E00003
T000923,E00710
T000923,E00199
T000923,E00660
T000924,E00762
T000924,E00009
T000924,E00561
T000924,E00459
T000924,E00630
T000924,E00086
T000924,E00038
T000924,E00333
T000924,E00773
T000924,E00752
T000924,E00125
T000925,E00096
T000925,E00702
T000925,E00731
T000925,E99784
T000925,E00579
T000925,E00607
T000925,E00716
T000925,E00680
T000925,E00732
T000925,E00186
T000925,E00052
T000925,E00631
T000925,E00159
T000925,E00037
T000925,E99342
T000925,E00388
T000925,E00596
T000925,E00218
T000926,E00265
T000926,E00087
T000926,E00577
T000926,E00368
T000926,E00798
T000926,E00789
T000926,E00655
T000926,E00082
T000926,E00315
T000926,E00689
T000926,E00448
T000926,E00597
T000926,E99026
T000926,E99587
T000926,E00672
T000926,E00515
T000926,E00693
T000926,E00080
T000927,E00676
T000927,E00335
T000927,E00524
T000927,E00759
T000927,E00482
T000927,E00754
T000927,E00767
T000927,E00272
T000927,E00456
T000927,E00756
T000927,E00153
T000928,E00282
T000928,E00338
T000928,E00134
T000928,E00717
T000928,E00173
T000928,E00557
T000928,E00751
T000928,E00758
T000929,E00619
T000929,E00469
T000929,E00024
T000929,E00661
T000929,E00616
T000929,E00364
T000929,E00444
T000929,E00137
T000930,E00176
T000930,E00126
T000930,E00581
T000930,E00465
T000930,E00675
T000930,E00259
T000930,E00532
T000930,E00510
T000931,E00240
T000931,E00382
T000931,E00564
T000931,E00140
T000931,E00124
T000931,E00551
T000931,E00011
T000931,E00699
T000932,E00706
T000932,E00769
T000932,E00154
T000932,E00678
T000932,E00438
T000932,E00738
T000932,E00730
T000932,E00185
T000933,E00443
T000934,E00111
T000934,E00313
T000934,E99504
T000934,E00203
T000934,E00665
T000934,E00247
T000934,E00468
T000934,E00160
T000935,E00020
T000935,E00797
T000935,E00546
T000935,E00298
T000935,E00222
T000935,E00213
T000935,E00644
T000935,E00056
T000936,E00362
T000936,E00183
T000936,E00520
T000936,E00744
T000936,E00097
T000936,E00432
T000936,E00190
T000936,E00348
T000937,E00419
T000937,E00269
T000937,E99501
T000937,E00704
T000937,E00750
T000937,E00299
T000937,E00032
T000937,E00340
T000938,E00301
T000938,E00014
T000938,E00613
T000938,E00234
T000938,E00089
T000938,E00143
T000938,E00741
T000938,E00407
T000939,E00541
T000939,E00359
T000939,E00463
T000940,E00319
T000940,E00266
T000940,E00421
T000940,E00010
T000941,E00718
T000941,E00425
T000941,E00105
T000941,E00093
T000942,E00128
T000942,E00177
T000942,E99333
T000942,E00007
T000943,E00472
T000943,E00486
T000943,E00423
T000943,E00506
T000944,E00480
T000944,E00155
T000944,E00615
T000944,E00573
T000945,E99099
T000945,E00283
T000945,E00357
T000945,E00471
T000946,E00477
T000946,E00714
T000946,E00593
T000946,E00415
T000947,E00070
T000947,E00215
T000947,E00172
T000947,E00778
T000948,E00777
T000948,E00517
T000948,E00583
T000948,E00369
T000949,E00059
T000949,E00211
T000949,E00507
T000949,E00742
T000950,E00286
T000950,E00687
T000951,E00276
T000951,E00651
T000951,E00446
T000951,E00625
T000951,E00728
T000951,E00669
T000951,E00152
T000951,E00725
T000951,E00512
T000951,E00308
T000951,E00309
T000951,E00519
T000951,E00618
T000951,E00389
T000951,E00539
T000951,E00076
T000951,E00555
T000951,E00508
T000952,E00166
T000952,E00279
T000952,E00440
T000952,E00726
T000952,E00492
T000952,E00094
T000952,E00399
T000952,E00544
T000952,E00217
T000952,E00431
T000952,E00582
T000952,E00674
T000952,E00707
T000952,E00787
T000952,E00768
T000952,E00295
T000952,E00292
T000952,E00112
T000953,E00435
T000953,E00670
T000953,E00429
T000953,E00187
T000953,E00627
T000953,E00150
T000953,E00499
T000953,E00683
T000953,E00709
T000953,E00237
T000953,E00626
T000954,E00481
T000954,E00235
T000954,E00764
T000954,E00537
T000954,E00058
T000954,E00447
T000954,E00430
T000954,E00027
T000955,E00464
T000955,E00133
T000955,E00048
T000955,E00049
T000955,E00175
T000955,E00584
T000955,E00220
T000955,E00223
T000956,E00604
T000956,E00243
T000956,E00713
T000956,E00065
T000956,E00433
T000956,E00229
T000956,E00300
T000956,E00162
T000957,E00633
T000957,E00788
T000957,E00736
T000957,E00664
T000957,E00652
T000957,E00285
T000957,E00136
T000957,E00197
T000958,E00249
T000958,E00483
T000958,E00511
T000958,E00449
T000958,E00478
T000958,E00171
T000958,E00545
T000958,E00196
T000959,E00410
T000959,E00637
T000959,E00345
T000959,E00666
T000959,E00721
T000959,E00250
T000959,E00695
T000960,E00302
T000960,E00385
T000960,E00445
T000960,E00569
T000961,E00441
T000961,E00311
T000961,E00044
T000961,E99792
T000962,E00772
T000962,E00533
T000962,E00182
T000962,E00184
T000963,E00781
T000963,E00509
T000963,E00589
T000963,E00358
T000964,E00023
T000964,E00212
T000964,E00743
T000964,E00426
T000965,E00436
T000965,E00001
T000965,E00525
T000965,E00354
T000966,E00547
T000966,E00208
T000966,E00685
T000966,E00371
T000967,E00400
T000967,E00700
T000967,E00405
T000967,E00412
T000968,E00587
T000968,E00442
T000968,E00205
T000968,E00745
T000969,E00380
T000969,E00214
T000969,E00102
T000969,E00045
T000970,E00498
T000970,E00450
T000970,E00336
T000970,E00404
T000971,E00698
T000972,E00256
T000972,E00766
T000972,E00241
T000972,E00377
T000972,E00451
T000972,E00600
T000972,E00529
T000972,E00352
T000972,E00063
T000972,E00323
T000972,E00122
T000972,E00733
T000972,E00242
T000972,E00236
T000972,E00117
T000972,E00473
T000972,E00392
T000972,E00538
T000973,E00075
T000973,E00304
T000973,E00439
T000973,E00489
T000973,E99159
T000974,E00047
T000974,E00454
T000974,E00193
T000974,E00667
T000974,E00567
T000974,E00496
T000974,E00393
T000974,E00106
T000974,E00395
T000974,E00376
T000974,E00671
T000974,E99371
T000974,E00141
T000974,E00570
T000974,E00149
T000974,E00132
T000974,E00720
T000974,E00694
T000975,E00278
T000975,E00012
T000975,E00585
T000975,E00755
T000975,E00455
T000975,E00598
T000975,E00081
T000975,E00004
T000975,E00039
T000976,E00535
T000976,E00322
T000976,E00363
T000976,E00109
T000976,E00043
T000976,E00281
T000976,E00715
T000976,E00621
T000977,E00264
T000977,E00413
T000977,E00127
T000977,E00528
T000977,E00785
T000977,E00703
T000977,E00403
T000977,E00327
T000978,E00408
T000978,E00198
T000978,E00737
T000978,E00495
T000978,E00475
T000979,E00402
T000979,E00192
T000979,E00188
T000979,E00586
T000979,E00028
T000979,E00552
T000979,E00060
T000979,E00562
T000980,E00055
T000980,E99825
T000980,E00729
T000980,E00320
T000980,E00146
T000980,E00074
T000980,E00608
T000980,E00147
T000981,E00643
T000981,E00257
T000981,E00262
T000981,E00641
T000981,E99330
T000981,E00163
T000981,E00073
T000981,E99788
T000982,E00130
T000982,E00195
T000982,E00554
T000982,E00784
T000982,E00036
T000983,E00617
T000983,E00606
T000983,E00098
T000983,E00414
T000984,E00005
T000984,E00101
T000984,E00339
T000984,E00757
T000985,E00326
T000985,E00505
T000985,E00103
T000985,E00231
T000986,E00189
T000986,E00013
T000986,E00168
T000986,E00640
T000987,E00110
T000987,E00635
T000987,E00002
T000987,E00794
T000988,E00145
T000988,E00494
T000988,E00169
T000988,E00526
T000989,E00770
T000989,E00263
T000989,E00305
T000990,E00294
T000990,E00701
T000990,E00017
T000990,E00019
T000990,E00275
T000990,E00006
T000990,E00646
T000990,E00692
T000990,E00224
T000990,E00684
T000990,E00030
T000990,E00387
T000990,E00516
T000990,E00799
T000990,E00015
T000990,E00543
T000990,E00138
T000990,E00165
T000991,E00158
T000991,E00599
T000991,E00746
T000991,E00206
T000991,E00118
T000992,E00121
T000992,E00590
T000992,E00164
T000992,E00592
T000992,E00620
T000992,E00566
T000992,E00502
T000992,E00306
T000993,E00200
T000993,E00174
T000993,E00648
T000993,E00227
T000993,E00343
T000993,E00170
T000993,E00724
T000993,E00793
T000994,E00434
T000994,E00386
T000994,E00274
T000994,E00467
T000994,E00180
T000994,E00719
T000994,E99514
T000994,E00268
T000995,E00462
T000995,E00053
T000995,E00776
T000995,E00708
T000995,E00290
T000995,E00391
T000996,E00344
T000996,E00682
T000996,E00334
T000996,E00540
T000997,E00050
T000997,E00792
T000997,E00634
T000997,E00416
T000998,E00202
T000998,E00061
T000998,E00204
T000998,E00609
T000999,E00072
T000999,E00681
T000999,E00057
T000999,E00042
T001000,E00753
T001000,E00225
T001000,E00470
T001000,E00120
T001001,E00476
T001001,E00427
T001001,E00575
T001001,E00353
T001002,E00078
T001002,E00384
T001002,E00390
T001002,E00490
T001003,E99706
T001003,E00144
T001003,E99710
T001003,E00705
T001004,E00401
T001005,E99159
T001005,E00346
T001005,E00095
T001005,E00654
T001005,E00560
T001005,E00521
T001005,E00488
T001005,E00365
T001005,E00614
T001005,E00653
T001005,E00642
T001005,E00228
T001005,E00069
T001005,E00696
T001005,E00379
T001005,E00115
T001005,E00791
T001005,E00373
T001006,E00226
T001006,E00774
T001006,E00104
T001006,E00034
T001007,E99705
T001007,E00610
T001007,E00255
T001007,E00123
T001007,E00628
T001007,E00372
T001007,E00591
T001007,E00156
T001007,E00167
T001007,E00062
T001007,E00251
T001007,E00084
T001007,E00796
T001007,E00559
T001007,E00568
T001007,E00351
T001008,E00008
T001008,E00135
T001008,E00649
T001008,E00679
T001008,E00418
T001008,E00221
T001008,E00239
T001008,E00026
T001009,E00594
T001009,E00092
T001009,E00219
T001009,E00316
T001009,E00201
T001009,E00735
T001010,E00350
T001010,E00321
T001010,E00035
T001010,E00342
T001010,E00775
T001010,E00270
T001010,E00041
T001010,E00021
T001011,E00289
T001011,E00523
T001011,E00083
T001011,E00307
T001011,E00650
T001011,E00548
T001011,E00314
T001011,E00233
T001012,E00085
T001012,E00360
T001012,E00254
T001012,E00411
T001012,E00417
T001013,E00312
T001013,E00612
T001013,E00288
T001013,E00424
T001014,E00514
T001014,E00071
T001014,E00029
T001014,E00558
T001015,E00375
T001015,E00474
T001015,E00458
T001015,E00091
T001016,E00366
T001016,E00179
T001016,E00367
T001016,E00296
T001017,E00356
T001017,E00748
T001017,E00107
T001017,E00210
T001018,E00394
T001019,E00790
T001019,E00148
T001019,E00601
T001019,E00734
T001019,E00461
T001019,E00099
T001019,E00040
T001019,E00374
T001019,E00310
T001019,E00504
T001019,E00248
T001019,E00663
T001019,E00088
T001019,E00332
T001019,E00711
T001019,E00763
T001019,E00550
T001019,E00090
T001020,E00765
T001020,E00712
T001020,E00563
T001021,E00383
T001021,E00207
T001021,E00238
T001021,E00786
T001021,E00657
T001021,E00780
T001021,E00194
T001021,E00588
T001022,E00246
T001022,E00518
T001022,E00157
T001022,E00740
T001022,E00656
T001022,E00437
T001022,E00232
T001022,E00749
T001023,E00209
T001023,E00397
T001023,E00760
T001023,E00280
T001024,E00318
T001024,E00639
T001024,E00284
T001024,E00244
T001025,E00025
T001025,E00632
T001025,E00686
T001025,E00331
T001026,E00114
T001027,E00497
T001027,E00688
T001027,E00291
T001027,E00125
T001027,E00783
T001027,E00077
T001027,E00051
T001027,E00647
T001027,E00161
T001027,E00572
T001027,E00325
T001027,E00409
T001027,E00549
T001027,E00762
T001027,E00459
T001027,E00556
T001027,E00253
T001027,E00258
T001028,E00009
T001028,E00779
T001028,E00752
T001028,E00142
T001028,E00267
T001028,E00018
T001028,E99483
T001028,E00795
T001028,E00565
T001028,E00252
T001028,E00297
T001028,E00038
T001028,E00016
T001028,E00273
T001028,E00086
T001028,E00003
T001028,E00398
T001028,E00710
T001029,E00800
T001029,E00630
T001029,E00230
T001029,E00129
T001029,E00178
T001029,E00561
T001029,E00460
T001029,E00406
T001029,E00329
T001029,E00660
T001029,E00337
T001030,E00542
T001030,E00265
T001030,E00607
T001030,E00186
T001030,E00082
T001030,E99124
T001030,E00218
T001030,E00672
T001030,E00579
T001030,E00448
T001030,E00037
T001030,E00159
T001030,E00723
T001030,E00515
T001030,E00368
T001030,E99424
T001030,E99177
T001030,E00022
T001031,E00335
T001031,E00798
T001031,E00597
T001031,E00524
T001031,E00680
T001031,E00536
T001031,E00087
T001031,E99862
T001031,E00716
T001031,E00096
T001031,E00732
T001031,E00052
T001031,E00388
T001031,E00789
T001031,E00272
T001031,E00767
T001031,E00456
T001031,E00631
T001032,E00689
T001032,E00759
T001032,E99533
T001032,E00655
T001032,E00731
T001032,E00702
T001032,E00315
T001032,E00754
T001032,E00033
T001032,E00482
T001033,E00260
T001033,E00469
T001033,E00557
T001033,E00173
T001033,E00738
T001033,E00443
T001033,E00564
T001033,E00137
T001034,E00758
T001034,E00126
T001034,E00444
T001034,E00124
T001034,E99030
T001034,E00500
T001034,E00185
T001034,E00134
T001035,E00706
T001035,E00661
T001035,E00140
T001035,E00338
T001035,E00532
T001035,E00717
T001035,E00176
T001035,E00699
T001036,E00751
T001036,E00438
T001036,E00466
T001036,E00154
T001036,E00024
T001036,E00364
T001036,E00465
T001036,E00282
T001037,E00259
T001037,E00551
T001037,E00619
T001037,E00382
T001037,E00616
T001037,E00730
T001037,E00769
T001037,E00675
T001038,E00240
T001038,E00510
T001039,E99717
T001039,E00348
T001039,E00298
T001039,E00520
T001039,E00032
T001039,E00183
T001039,E00419
T001039,E00704
T001040,E00213
T001040,E00247
T001040,E00541
T001040,E00362
T001040,E00797
T001040,E00299
T001040,E00301
T001040,E00665
T001041,E00644
T001041,E00160
T001041,E00056
T001041,E00234
T001041,E00463
T001041,E00222
T001041,E00432
T001041,E00546
T001042,E99272
T001042,E00203
T001042,E00673
T001042,E00468
T001042,E00340
T001042,E00143
T001042,E00111
T001042,E00020
T001043,E00359
T001043,E00613
T001043,E00190
T001043,E00744
T001043,E00750
T001043,E00741
T001043,E00089
T001043,E00503
T001044,E00014
T001044,E00269
T001045,E00507
T001045,E00357
T001045,E00687
T001045,E00573
T001046,E00517
T001046,E00070
T001046,E00615
T001046,E00211
T001047,E00471
T001047,E00477
T001047,E00093
T001047,E00506
T001048,E00421
T001048,E00266
T001048,E00593
T001048,E00778
T001049,E00677
T001049,E00059
T001049,E00714
T001049,E00177
T001050,E00155
T001050,E00718
T001050,E00480
T001050,E00369
T001051,E00105
T001051,E00128
T001051,E00215
T001051,E00330
T001052,E00415
T001052,E00319
T001052,E00010
T001052,E00472
T001053,E00172
T001053,E00425
T001053,E00286
T001053,E00423
T001054,E00271
T001054,E00007
T001054,E00777
T001054,E00742
T001055,E00283
T001055,E00583
T001056,E00484
T001056,E00670
T001056,E00292
T001056,E00627
T001056,E00152
T001056,E00112
T001056,E00181
T001056,E00389
T001056,E00508
T001056,E00626
T001056,E00726
T001056,E00768
T001056,E00431
T001056,E00709
T001056,E00076
T001056,E00544
T001056,E00499
T001056,E00166
T001057,E00728
T001057,E00683
T001057,E00308
T001057,E00651
T001057,E00429
T001057,E00674
T001057,E00787
T001057,E00435
T001057,E00217
T001057,E00446
T001057,E00295
T001057,E00669
T001057,E00618
T001057,E00399
T001057,E00440
T001057,E00492
T001057,E00276
T001057,E00150
T001058,E00582
T001058,E00279
T001058,E99700
T001058,E00512
T001058,E00603
T001058,E00519
T001058,E00625
T001058,E00187
T001058,E00725
T001059,E00229
T001059,E00175
T001059,E00136
T001059,E00133
T001059,E00235
T001059,E00464
T001059,E00721
T001059,E00197
T001060,E00220
T001060,E00300
T001060,E00058
T001060,E00637
T001060,E00065
T001060,E00652
T001060,E00604
T001060,E00048
T001061,E00370
T001061,E00410
T001061,E00277
T001061,E00736
T001061,E00764
T001061,E00196
T001061,E00483
T001061,E00664
T001062,E00449
T001062,E00430
T001062,E00027
T001062,E00513
T001062,E00695
T001062,E00481
T001062,E99526
T001062,E00487
T001063,E00584
T001063,E00511
T001063,E00447
T001063,E00171
T001063,E00162
T001063,E00713
T001063,E00285
T001063,E00478
T001064,E99328
T001064,E00249
T001064,E00633
T001064,E00788
T001064,E00049
T001064,E00250
T001064,E00537
T001064,E00545
T001065,E00045
T001065,E00772
T001065,E00533
T001065,E00700
T001066,E00214
T001066,E00184
T001066,E00450
T001066,E00569
T001067,E99542
T001067,E00405
T001067,E00311
T001067,E00745
T001068,E00023
T001068,E00302
T001068,E00371
T001068,E00102
T001069,E00436
T001069,E00662
T001069,E00385
T001069,E00404
T001070,E00212
T001070,E00547
T001070,E00441
T001070,E00426
T001071,E00587
T001071,E00589
T001071,E00400
T001071,E00698
T001072,E00509
T001072,E99340
T001072,E00498
T001072,E00525
T001073,E00442
T001073,E00208
T001073,E00685
T001073,E00303
T001074,E00743
T001074,E00044
T001074,E00182
T001074,E00358
T001075,E00381
T001075,E00205
T001075,E00380
T001075,E00336
T001076,E00739
T001076,E00412
T001076,E00354
T001077,E00236
T001077,E00063
T001077,E00241
T001077,E00122
T001077,E00242
T001077,E00529
T001077,E00323
T001077,E00691
T001077,E00352
T001077,E00451
T001077,E00075
T001077,E00377
T001077,E99301
T001077,E00117
T001077,E00256
T001077,E00304
T001077,E00473
T001077,E00439
T001078,E00766
T001078,E00392
T001079,E00081
T001079,E00047
T001079,E00012
T001079,E00395
T001079,E00531
T001079,E00755
T001079,E00039
T001079,E99992
T001079,E00454
T001079,E00567
T001079,E00667
T001079,E99143
T001079,E00149
T001079,E99776
T001079,E00193
T001079,E00376
T001079,E00570
T001079,E00782
T001080,E00108
T001080,E00393
T001080,E00452
T001080,E00585
T001080,E00141
T001080,E00720
T001080,E00602
T001080,E99517
T001080,E00671
T001080,E00455
T001081,E00324
T001081,E00475
T001081,E00785
T001081,E00528
T001081,E00127
T001081,E00715
T001081,E00363
T001081,E00703
T001082,E00327
T001082,E00495
T001082,E00043
T001082,E00281
T001082,E00264
T001082,E00737
T001082,E00322
T001082,E00403
T001083,E00535
T001083,E00727
T001083,E00771
T001083,E00621
T001083,E00109
T001083,E00408
T001083,E00629
T001083,E00198
T001084,E00146
T001084,E00317
T001084,E00784
T001084,E00060
T001084,E00028
T001084,E00192
T001084,E00188
T001084,E00036
T001085,E00100
T001085,E00320
T001085,E00163
T001085,E00554
T001085,E00402
T001085,E00262
T001085,E00553
T001085,E00552
T001086,E00073
T001086,E00055
T001086,E00074
T001086,E00195
T001086,E00130
T001086,E00643
T001086,E00586
T001086,E00641
T001087,E00729
T001087,E00139
T001087,E00257
T001087,E00147
T001088,E00645
T001088,E00168
T001088,E00526
T001088,E00640
T001089,E00494
T001089,E00002
T001089,E00794
T001089,E00119
T001090,E00770
T001090,E00005
T001090,E00145
T001090,E00757
T001091,E00606
T001091,E00231
T001091,E00101
T001091,E00103
T001092,E00617
T001092,E00501
T001092,E00505
T001092,E00110
T001093,E00169
T001093,E00635
T001093,E00339
T001093,E00013
T001094,E00098
T001094,E00414
T001094,E00326
T001094,E00189
T001095,E00543
T001095,E00206
T001095,E00138
T001095,E00646
T001095,E00224
T001095,E00017
T001095,E00158
T001095,E00118
T001095,E00054
T001095,E00019
T001095,E00294
T001095,E00387
T001095,E00684
T001095,E00165
T001095,E00701
T001095,E00599
T001095,E00015
T001095,E00275
T001096,E00006
T001096,E00516
T001096,E00692
T001096,E00799
T001096,E00030
T001097,E00170
T001097,E00776
T001097,E00180
T001097,E00719
T001097,E00151
T001097,E00053
T001097,E00592
T001097,E00306
T001098,E00708
T001098,E00174
T001098,E00566
T001098,E00343
T001098,E00274
T001098,E00624
T001098,E00200
T001098,E00164
T001099,E00386
T001099,E00462
T001099,E00658
T001099,E00590
T001099,E00467
T001099,E00121
T001099,E00290
T001099,E00227
T001100,E00391
T001100,E00268
T001100,E00502
T001100,E00576
T001100,E00620
T001100,E00648
T001101,E00061
T001101,E00050
T001101,E00334
T001101,E00042
T001102,E00293
T001102,E00427
T001102,E00634
T001102,E00681
T001103,E00609
T001103,E00390
T001103,E00344
T001103,E00225
T001104,E00078
T001104,E00144
T001104,E00384
T001104,E00705
T001105,E00057
T001105,E00120
T001105,E00202
T001105,E00595
T001106,E00540
T001106,E00072
T001106,E00476
T001106,E00792
T001107,E00204
T001107,E00753
T001107,E00682
T001107,E00490
T001108,E00470
T001108,E00353
T001108,E00401
T001108,E00575
T001109,E00416
T001110,E00654
T001110,E00560
T001110,E00228
T001110,E00653
T001110,E00774
T001110,E00696
T001110,E00614
T001110,E00115
T001110,E00346
T001110,E00226
T001110,E00104
T001110,E00791
T001110,E00488
T001110,E00365
T001110,E00034
T001110,E00095
T001110,E00642
T001110,E00373
T001111,E00521
T001111,E00379
T001112,E00156
T001112,E00610
T001112,E00167
T001112,E00559
T001112,E00351
T001112,E00372
T001112,E00251
T001112,E00796
T001112,E00628
T001112,E00591
T001112,E00568
T001112,E00123
T001112,E00349
T001112,E00062
T001113,E00420
T001113,E00219
T001113,E00201
T001113,E00092
T001113,E00735
T001113,E00239
T001113,E00008
T001113,E00135
T001114,E00594
T001114,E00221
T001114,E00026
T001114,E00418
T001114,E00316
T001114,E00649
T001114,E00580
T001115,E00342
T001115,E00307
T001115,E00411
T001115,E00289
T001115,E00021
T001115,E00360
T001115,E00085
T001115,E00523
T001116,E00041
T001116,E00350
T001116,E00046
T001116,E00548
T001116,E00233
T001116,E00650
T001116,E00775
T001116,E00321
T001117,E00083
T001117,E00417
T001117,E00035
T001118,E00113
T001118,E00424
T001118,E00375
T001118,E00312
T001119,E00612
T001119,E00366
T001119,E00029
T001119,E00107
T001120,E00514
T001120,E00091
T001120,E00179
T001120,E00296
T001121,E00210
T001121,E00356
T001121,E00474
T001121,E00071
T001122,E00748
T001122,E00394
T001122,E00288
T001122,E00458
T001123,E00734
T001123,E00090
T001123,E00601
T001123,E00374
T001123,E00765
T001123,E00088
T001123,E00248
T001123,E00148
T001123,E00310
T001123,E00099
T001123,E00563
T001123,E00711
T001123,E00550
T001123,E00461
T001123,E00763
T001123,E00663
T001123,E00712
T001123,E00522
T001124,E00040
T001124,E00332
T001124,E00504
T001124,E00790
T001125,E00341
T001125,E00383
T001125,E00780
T001125,E00246
T001125,E00194
T001125,E00740
T001125,E00157
T001125,E00116
T001126,E00656
T001126,E99336
T001126,E00749
T001126,E00437
T001126,E00786
T001126,E00657
T001126,E00238
T001126,E00518
T001127,E00686
T001127,E00331
T001127,E00209
T001127,E00280
T001128,E00025
T001128,E00760
T001128,E00284
T001128,E00397
T001129,E00578
T001129,E00114
T001129,E00690
T001129,E00244
T001130,E00318
T001130,E00639
T001130,E00632
T001131,E00561
T001131,E00325
T001131,E99446
T001131,E00191
T001131,E00230
T001131,E00267
T001131,E00795
T001131,E00762
T001131,E00273
T001131,E00086
T001131,E00125
T001131,E00630
T001131,E00660
T001131,E00077
T001131,E00549
T001131,E00497
T001131,E00572
T001131,E00337
T001132,E00783
T001132,E00398
T001132,E00556
T001132,E00459
T001132,E00752
T001132,E00779
T001132,E00003
T001132,E00142
T001132,E00647
T001132,E00161
T001132,E00199
T001132,E00253
T001132,E00710
T001132,E00297
T001132,E00291
T001132,E00038
T001132,E00009
T001132,E00605
T001133,E00460
T001133,E99537
T001133,E00688
T001133,E00409
T001133,E00016
T001133,E00333
T001134,E00756
T001134,E00087
T001134,E00596
T001134,E00186
T001134,E00655
T001134,E00052
T001134,E00798
T001134,E00272
T001134,E00759
T001134,E00702
T001134,E99892
T001134,E00731
T001134,E00448
T001134,E00082
T001134,E00597
T001134,E00037
T001134,E00368
T001134,E00482
T001135,E00096
T001135,E00672
T001135,E00689
T001135,E00265
T001135,E00515
T001135,E00680
T001135,E00080
T001135,E00456
T001135,E00789
T001135,E00335
T001135,E00693
T001135,E00767
T001135,E00723
T001135,E00536
T001135,E00033
T001135,E00676
T001135,E00607
T001135,E99889
T001136,E00153
T001136,E00315
T001136,E00716
T001136,E00524
T001136,E00159
T001136,E00388
T001136,E00577
T001136,E00218
T001136,E00542
T001137,E00466
T001137,E00500
T001137,E00581
T001137,E00532
T001137,E00751
T001137,E00730
T001137,E00699
T001137,E00465
T001138,E00564
T001138,E00469
T001138,E00240
T001138,E00260
T001138,E00619
T001138,E00661
T001138,E00140
T001138,E00024
T001139,E00173
T001139,E00675
T001139,E00011
T001139,E00678
T001139,E00706
T001139,E00557
T001139,E00510
T001139,E00443
T001140,E00758
T001140,E00282
T001140,E00176
T001140,E00134
T001140,E00738
T001140,E00338
T001140,E00438
T001140,E00185
T001141,E00154
T001141,E00137
T001141,E00364
T001141,E00126
T001141,E00382
T001141,E00551
T001141,E00444
T001141,E00717
T001142,E00259
T001142,E00769
T001143,E00299
T001143,E00468
T001143,E00247
T001143,E99532
T001143,E00546
T001143,E00741
T001143,E00503
T001143,E00520
T001144,E00432
T001144,E00673
T001144,E00014
T001144,E00493
T001144,E00301
T001144,E00190
T001144,E00160
T001144,E00463
T001145,E00183
T001145,E00143
T001145,E00222
T001145,E00644
T001145,E00111
T001145,E00797
T001145,E00234
T001145,E00665
T001146,E00744
T001146,E00203
T001146,E00313
T001146,E00704
T001146,E00419
T001146,E00750
T001146,E00541
T001146,E00269
T001147,E00359
T001147,E00131
T001147,E00097
T001147,E00407
T001147,E00348
T001147,E00089
T001147,E00020
T001148,E00330
T001148,E00593
T001148,E00211
T001148,E00777
T001149,E00415
T001149,E00480
T001149,E00369
T001149,E00507
T001150,E00172
T001150,E00486
T001150,E00517
T001150,E00687
T001151,E00286
T001151,E00615
T001151,E00421
T001151,E00718
T001152,E00271
T001152,E00059
T001152,E00425
T001152,E00319
T001153,E00714
T001153,E00093
T001153,E00742
T001153,E00472
T001154,E99574
T001154,E00007
T001154,E00471
T001154,E00583
T001155,E00283
T001155,E00155
T001155,E00357
T001155,E00070
T001156,E00177
T001156,E00477
T001156,E00423
T001156,E00215
T001157,E00266
T001157,E00105
T001157,E00010
T001157,E00778
T001158,E00677
T001159,E00112
T001159,E00166
T001159,E00499
T001159,E00094
T001159,E00389
T001159,E00725
T001159,E00150
T001159,E00603
T001159,E00670
T001159,E00544
T001159,E00279
T001159,E00651
T001159,E00508
T001159,E00707
T001159,E00728
T001159,E00187
T001159,E00709
T001159,E00422
T001160,E00431
T001160,E00787
T001160,E00512
T001160,E00627
T001160,E00582
T001160,E00435
T001160,E00446
T001160,E00484
T001160,E00429
T001160,E00618
T001160,E00276
T001160,E00152
T001160,E99338
T001160,E00726
T001160,E00492
T001160,E00181
T001160,E00683
T001160,E00669
T001161,E00626
T001161,E00308
T001161,E00309
T001161,E00295
T001161,E00237
T001161,E00399
T001161,E00076
T001161,E00292
T001161,E00217
T001162,E00370
T001162,E00637
T001162,E00483
T001162,E00537
T001162,E00277
T001162,E00058
T001162,E00049
T001162,E00433
T001163,E00604
T001163,E00133
T001163,E00464
T001163,E00666
T001163,E00345
T001163,E00136
T001163,E00478
T001163,E00788
T001164,E00545
T001164,E00027
T001164,E00196
T001164,E00695
T001164,E00513
T001164,E00065
T001164,E00736
T001164,E00229
T001165,E00652
T001165,E00285
T001165,E00300
T001165,E00220
T001165,E00048
T001165,E00447
T001165,E00410
T001165,E00235
T001166,E00481
T001166,E00197
T001166,E00511
T001166,E00171
T001166,E00223
T001166,E00243
T001166,E00249
T001166,E00764
T001167,E00713
T001167,E00664
T001167,E00487
T001167,E00250
T001167,E00175
T001168,E00404
T001168,E00184
T001168,E00498
T001168,E00700
T001169,E00044
T001169,E00587
T001169,E00739
T001169,E00772
T001170,E00354
T001170,E00001
T001170,E00412
T001170,E00745
T001171,E00445
T001171,E00509
T001171,E00662
T001171,E00358
T001172,E00381
T001172,E00525
T001172,E00336
T001172,E00685
T001173,E00400
T001173,E00102
T001173,E00428
T001173,E99302
T001174,E00450
T001174,E00441
T001174,E00405
T001174,E00303
T001175,E00547
T001175,E00426
T001175,E99930
T001175,E00533
T001176,E00302
T001176,E00380
T001176,E00023
T001176,E00743
T001177,E00385
T001177,E00442
T001177,E00205
T001177,E00045
T001178,E00371
T001178,E00311
T001178,E00569
T001179,E00392
T001179,E00439
T001179,E00256
T001179,E00473
T001179,E00236
T001179,E00323
T001179,E00733
T001179,E00242
T001179,E00766
T001179,E00304
T001179,E00122
T001179,E00241
T001179,E00117
T001179,E00352
T001179,E00529
T001179,E00691
T001179,E00063
T001179,E00075
T001180,E00451
T001180,E00489
T001180,E00377
T001180,E00538
T001180,E00600
T001181,E00602
T001181,E00667
T001181,E00570
T001181,E00694
T001181,E00081
T001181,E00012
T001181,E00455
T001181,E00047
T001181,E00531
T001181,E00395
T001181,E00496
T001181,E00567
T001181,E00108
T001181,E00598
T001181,E00755
T001181,E00149
T001181,E00585
T001181,E00454
T001182,E00193
T001182,E00376
T001182,E00393
T001182,E00106
T001182,E00671
T001182,E00039
T001182,E00004
T001182,E00782
T001182,E00132
T001182,E00141
T001183,E00785
T001183,E00703
T001183,E00109
T001183,E00403
T001183,E00535
T001183,E00737
T001183,E00629
T001183,E00771
T001184,E00363
T001184,E00043
T001184,E00198
T001184,E00127
T001184,E00327
T001184,E00264
T001184,E00324
T001184,E00281
T001185,E00475
T001185,E00727
T001185,E00621
T001185,E00413
T001185,E00715
T001185,E00408
T001185,E00528
T001185,E00322
T001186,E00130
T001186,E00643
T001186,E00060
T001186,E00402
T001186,E00554
T001186,E00055
T001186,E00641
T001186,E00553
T001187,E00100
T001187,E00257
T001187,E00729
T001187,E00192
T001187,E00139
T001187,E00562
T001187,E00147
T001187,E00552
T001188,E00586
T001188,E00146
T001188,E00073
T001188,E00608
T001188,E00188
T001188,E00317
T001188,E00163
T001188,E00784
T001189,E00320
T001189,E00036
T001189,E00262
T001189,E00195
T001189,E00028
T001190,E00494
T001190,E00119
T001190,E00101
T001190,E00326
T001191,E00169
T001191,E00005
T001191,E00098
T001191,E00168
T001192,E00013
T001192,E00645
T001192,E00501
T001192,E00606
T001193,E00414
T001193,E00145
T001193,E00635
T001193,E00231
T001194,E00794
T001194,E00640
T001194,E00339
T001194,E00189
T001195,E00526
T001195,E00505
T001195,E00103
T001195,E00263
T001196,E00002
T001196,E00305
T001196,E00770
T001196,E00617
T001197,E00757
T001197,E00110
T001198,E00138
T001198,E00224
T001198,E00543
T001198,E00006
T001198,E00017
T001198,E00692
T001198,E00799
T001198,E00684
T001198,E00516
T001198,E00275
T001198,E00165
T001198,E00294
T001198,E00387
T001198,E00701
T001198,E00019
T001198,E00746
T001198,E00030
T001198,E00118
T001199,E99326
T001199,E00158
T001199,E00206
T001200,E00502
T001200,E00164
T001200,E00467
T001200,E00343
T001200,E00719
T001200,E00180
T001200,E00648
T001200,E00290
T001201,E00793
T001201,E00170
T001201,E00274
T001201,E00708
T001201,E00462
T001201,E00592
T001201,E00576
T001201,E00434
T001202,E99533
T001202,E00121
T001202,E00590
T001202,E00200
T001202,E00776
T001202,E00620
T001202,E00724
T001202,E00306
T001203,E00227
T001203,E00624
T001203,E00151
T001203,E00053
T001203,E00268
T001203,E00566
T001203,E00658
T001203,E00174
T001204,E00792
T001204,E00061
T001204,E00078
T001204,E00120
T001205,E00575
T001205,E00634
T001205,E00334
T001205,E00401
T001206,E00476
T001206,E00384
T001206,E00470
T001206,E00595
T001207,E00353
T001207,E00072
T001207,E00050
T001207,E00427
T001208,E00490
T001208,E00609
T001208,E00225
T001208,E00540
T001209,E00293
T001209,E00344
T001209,E00144
T001209,E00705
T001210,E00057
T001210,E00390
T001210,E00416
T001210,E00681
T001211,E00204
T001211,E00042
T001211,E00682
T001212,E00654
T001212,E00521
T001212,E00642
T001212,E00791
T001212,E00355
T001212,E00228
T001212,E00774
T001212,E00379
T001212,E00226
T001212,E00488
T001212,E00614
T001212,E00346
T001212,E00365
T001212,E00069
T001212,E99168
T001212,E00574
T001212,E00696
T001212,E00373
T001213,E00034
T001213,E00104
T001213,E00653
T001213,E00095
T001213,E00115
T001214,E00796
T001214,E00255
T001214,E00568
T001214,E00559
T001214,E00372
T001214,E00062
T001214,E00628
T001214,E99432
T001214,E00251
T001214,E00591
T001214,E00084
T001214,E00610
T001214,E99295
T001214,E00167
T001214,E00351
T001214,E00123
T001215,E00735
T001215,E00594
T001215,E00219
T001215,E00679
T001215,E00135
T001215,E00221
T001215,E00239
T001215,E00092
T001216,E00008
T001216,E00420
T001216,E00580
T001216,E00418
T001216,E00026
T001216,E00201
T001217,E00046
T001217,E00350
T001217,E00360
T001217,E00548
T001217,E00254
T001217,E00775
T001217,E00041
T001217,E00523
T001218,E00035
T001218,E00342
T001218,E00270
T001218,E00083
T001218,E99265
T001218,E00321
T001218,E00233
T001218,E00085
T001219,E00650
T001219,E00021
T001219,E00289
T001219,E00411
T001219,E00417
T001220,E00071
T001220,E00748
T001220,E00458
T001220,E00612
T001221,E00107
T001221,E00394
T001221,E00367
T001221,E00113
T001222,E00558
T001222,E00179
T001222,E00210
T001222,E00029
T001223,E00514
T001223,E00312
T001223,E00296
T001223,E00424
T001224,E00288
T001224,E00091
T001224,E00366
T001225,E00763
T001225,E00088
T001225,E00522
T001225,E00099
T001225,E00374
T001225,E00790
T001225,E00765
T001225,E00712
T001225,E00248
T001225,E00601
T001225,E00734
T001225,E00332
T001225,E00563
T001225,E00504
T001225,E00040
T001225,E00090
T001225,E00148
T001225,E00310
T001226,E00550
T001226,E00711
T001226,E00461
T001226,E00663
T001227,E00157
T001227,E00437
T001227,E00749
T001227,E00341
T001227,E00657
T001227,E00246
T001227,E00238
T001227,E99055
T001228,E00786
T001228,E00588
T001228,E00207
T001228,E00116
T001228,E00518
T001228,E00780
T001228,E99939
T001228,E99319
T001229,E00232
T001230,E00025
T001230,E00209
T001230,E00397
T001230,E00632
T001231,E00639
T001231,E00686
T001231,E00284
T001231,E00244
T001232,E00114
T001232,E00280
T001232,E00760
T001232,E00318
T001233,E00331
T001233,E00578
T001233,E00690
T001234,E00647
T001234,E00605
T001234,E00252
T001234,E00009
T001234,E00630
T001234,E00325
T001234,E00297
T001234,E00549
T001234,E00253
T001234,E00561
T001234,E00337
T001234,E00779
T001234,E00762
T001234,E00333
T001234,E00459
T001234,E00178
T001234,E00688
T001234,E00660
T001235,E00230
T001235,E00142
T001235,E00565
T001235,E00406
T001235,E00460
T001235,E00800
T001235,E00329
T001235,E00409
T001235,E00003
T001235,E00273
T001235,E00125
T001235,E00556
T001235,E00710
T001235,E00267
T001235,E00258
T001235,E00199
T001235,E00051
T001235,E00016
T001236,E00572
T001236,E00038
T001236,E00191
T001236,E00398
T001236,E00497
T001236,E00752
T001236,E00783
T001236,E00161
T001236,E00129
T001236,E00291
T001237,E00082
T001237,E00798
T001237,E00689
T001237,E00080
T001237,E99414
T001237,E00515
T001237,E00607
T001237,E00732
T001237,E00218
T001237,E00037
T001237,E00680
T001237,E00368
T001237,E00315
T001237,E00672
T001237,E00542
T001237,E00759
T001237,E00596
T001237,E00655
T001238,E00577
T001238,E00676
T001238,E00096
T001238,E00702
T001238,E00022
T001238,E00159
T001238,E00631
T001238,E00767
T001238,E00388
T001238,E00723
T001238,E00272
T001238,E00482
T001238,E00716
T001238,E00335
T001238,E00265
T001238,E00052
T001238,E00754
T001238,E00789
T001239,E00536
T001239,E00033
T001239,E00731
T001239,E00186
T001239,E00456
T001239,E00448
T001239,E00756
T001240,E00240
T001240,E00699
T001240,E00282
T001240,E00678
T001240,E00616
T001240,E00338
T001240,E00532
T001240,E00675
T001241,E00137
T001241,E00438
T001241,E00758
T001241,E00769
T001241,E00185
T001241,E00619
T001241,E00443
T001241,E00444
T001242,E00140
T001242,E00173
T001242,E00382
T001242,E00581
T001242,E00260
T001242,E00126
T001242,E00717
T001242,E00465
T001243,E00024
T001243,E00154
T001243,E00557
T001243,E00510
T001243,E00738
T001243,E00730
T001243,E00134
T001243,E00364
T001244,E00124
T001244,E00176
T001244,E00500
T001244,E00551
T001244,E00466
T001244,E00564
T001244,E00259
T001244,E00469
T001245,E00744
T001245,E00020
T001245,E00541
T001245,E00704
T001245,E00362
T001245,E00160
T001245,E00741
T001245,E00269
T001246,E00359
T001246,E00419
T001246,E00213
T001246,E00340
T001246,E00111
T001246,E00032
T001246,E00089
T001246,E00234
T001247,E00131
T001247,E00190
T001247,E00299
T001247,E00613
T001247,E00222
T001247,E00520
T001247,E00313
T001247,E00203
T001248,E00143
T001248,E00247
T001248,E00750
T001248,E00056
T001248,E00183
T001248,E00546
T001248,E00407
T001248,E00673
T001249,E00298
T001249,E00468
T001249,E00644
T001249,E00463
T001249,E00665
T001249,E00432
T001249,E00797
T001249,E00493
T001250,E00014
T001251,E00714
T001251,E00477
T001251,E00070
T001251,E00211
T001252,E99562
T001252,E00421
T001252,E00369
T001252,E00007
T001253,E00471
T001253,E00486
T001253,E00485
T001253,E00330
T001254,E00266
T001254,E00423
T001254,E00059
T001254,E00453
T001255,E00172
T001255,E00093
T001255,E00105
T001255,E00777
T001256,E00177
T001256,E00677
T001256,E00517
T001256,E00128
T001257,E00573
T001257,E00472
T001257,E00357
T001257,E00687
T001258,E00010
T001258,E00271
T001258,E00718
T001258,E00215
T001259,E00615
T001259,E00319
T001259,E00286
T001259,E00155
T001260,E00742
T001260,E00583
T001260,E00506
T001260,E00593
T001261,E00415
T001261,E00778
T001261,E00480
T001262,E00112
T001262,E00539
T001262,E00544
T001262,E00555
T001262,E00150
T001262,E00181
T001262,E00217
T001262,E00389
T001262,E00683
T001262,E00707
T001262,E00308
T001262,E00669
T001262,E00499
T001262,E00279
T001262,E99950
T001262,E00626
T001262,E00237
T001262,E00429
T001263,E00076
T001263,E00422
T001263,E00651
T001263,E00674
T001263,E00519
T001263,E00726
T001263,E00295
T001263,E00292
T001263,E00787
T001263,E00435
T001263,E00618
T001263,E00152
T001263,E00446
T001263,E00627
T001263,E00582
T001263,E00440
T001263,E00309
T001263,E00431
T001264,E00625
T001264,E00670
T001264,E00166
T001264,E00768
T001264,E00603
T001264,E00492
T001264,E00094
T001264,E00728
T001264,E00709
T001265,E00464
T001265,E00433
T001265,E00537
T001265,E00065
T001265,E00171
T001265,E00736
T001265,E00049
T001265,E00764
T001266,E00430
T001266,E00048
T001266,E00197
T001266,E00175
T001266,E00136
T001266,E00220
T001266,E00133
T001266,E00300
T001267,E00664
T001267,E00243
T001267,E00410
T001267,E00788
T001267,E00511
T001267,E00058
T001267,E00545
T001267,E00721
T001268,E00483
T001268,E00713
T001268,E00277
T001268,E00637
T001268,E00584
T001268,E00370
T001268,E00223
T001268,E00604
T001269,E00285
T001269,E00229
T001269,E00695
T001269,E00487
T001269,E00250
T001269,E00633
T001269,E00449
T001269,E00235
T001270,E00249
T001270,E00162
T001270,E00481
T001270,E00196
T001270,E00652
T001270,E00345
T001271,E00182
T001271,E00208
T001271,E00102
T001271,E00547
T001272,E00509
T001272,E00533
T001272,E00205
T001272,E00212
T001273,E00045
T001273,E00371
T001273,E00044
T001273,E00336
T001274,E00442
T001274,E00587
T001274,E00450
T001274,E00354
T001275,E00700
T001275,E00781
T001275,E00441
T001275,E00739
T001276,E00525
T001276,E00405
T001276,E00685
T001276,E00662
T001277,E00214
T001277,E00428
T001277,E00302
T001277,E00303
T001278,E00436
T001278,E00498
T001278,E00311
T001278,E00404
T001279,E00698
T001279,E00400
T001279,E00589
T001279,E00184
T001280,E00023
T001280,E00412
T001280,E00445
T001280,E00358
T001281,E00381
T001281,E00743
T001281,E00380
T001281,E00569
T001282,E00001
T001282,E00426
T001283,E00538
T001283,E00256
T001283,E00473
T001283,E00451
T001283,E00117
T001283,E00489
T001283,E00439
T001283,E00242
T001283,E00323
T001283,E00691
T001283,E00766
T001283,E00600
T001283,E00529
T001283,E00075
T001283,E00392
T001283,E00122
T001283,E00304
T001283,E00377
T001284,E00236
T001284,E00352
T001284,E00241
T001284,E00063
T001284,E00733
T001285,E00047
T001285,E00455
T001285,E00193
T001285,E00667
T001285,E00395
T001285,E00454
T001285,E00132
T001285,E00393
T001285,E00720
T001285,E00782
T001285,E00149
T001285,E00081
T001285,E00496
T001285,E00602
T001285,E00278
T001285,E00108
T001285,E00106
T001285,E00452
T001286,E00585
T001286,E00012
T001286,E00039
T001286,E00531
T001286,E00694
T001286,E00141
T001286,E00755
T001286,E00004
T001286,E00598
T001287,E00408
T001287,E00495
T001287,E99670
T001287,E00621
T001287,E00264
T001287,E00281
T001287,E00322
T001287,E00737
T001288,E00528
T001288,E00535
T001288,E00403
T001288,E00475
T001288,E00363
T001288,E00413
T001288,E00043
T001288,E00109
T001289,E00327
T001289,E99390
T001289,E99947
T001289,E00127
T001289,E00324
T001289,E00629
T001289,E00703
T001289,E00715
T001290,E00784
T001290,E00060
T001290,E00147
T001290,E00073
T001290,E00055
T001290,E00074
T001290,E00146
T001290,E00608
T001291,E00192
T001291,E00554
T001291,E00163
T001291,E00562
T001291,E00586
T001291,E00257
T001291,E00402
T001291,E00036
T001292,E00188
T001292,E00553
T001292,E00643
T001292,E00139
T001292,E00641
T001292,E00320
T001292,E00028
T001292,E00195
T001293,E00100
T001293,E00317
T001294,E00103
T001294,E00794
T001294,E00479
T001294,E00231
T001295,E00110
T001295,E00168
T001295,E00013
T001295,E00645
T001296,E00145
T001296,E00526
T001296,E00169
T001296,E00617
T001297,E00326
T001297,E00119
T001297,E00005
T001297,E00494
T001298,E00414
T001298,E00263
T001298,E00339
T001298,E99224
T001299,E00770
T001299,E00635
T001299,E00606
T001299,E00505
T001300,E00002
T001300,E00305
T001300,E00640
T001300,E00757
T001301,E00101
T001302,E00118
T001302,E99523
T001302,E00599
T001302,E00138
T001302,E00387
T001302,E00746
T001302,E99303
T001302,E00054
T001302,E00030
T001302,E00684
T001302,E00019
T001302,E00206
T001302,E00275
T001302,E00701
T001302,E00158
T001302,E00015
T001302,E00224
T001302,E00017
T001303,E00006
T001303,E00294
T001303,E00543
T001303,E00516
T001303,E00799
T001304,E00502
T001304,E00290
T001304,E00180
T001304,E00590
T001304,E00467
T001304,E00793
T001304,E00151
T001304,E00724
T001305,E00164
T001305,E00343
T001305,E00174
T001305,E00648
T001305,E00121
T001305,E00576
T001305,E00719
T001305,E00268
T001306,E00708
T001306,E00170
T001306,E00053
T001306,E00776
T001306,E00274
T001306,E00306
T001306,E00592
T001306,E00620
T001307,E00391
T001307,E00462
T001307,E00624
T001307,E00566
T001307,E00200
T001307,E00434
T001307,E00386
T001307,E00227
T001308,E00658
T001309,E99938
T001309,E00681
T001309,E00753
T001309,E00144
T001310,E00476
T001310,E00682
T001310,E00540
T001310,E00202
T001311,E00078
T001311,E00334
T001311,E99946
T001311,E00204
T001312,E99978
T001312,E00344
T001312,E00061
T001312,E00792
T001313,E00401
T001313,E00705
T001313,E00416
T001313,E00470
T001314,E00490
T001314,E00353
T001314,E00634
T001314,E00575
T001315,E00609
T001315,E00225
T001315,E00120
T001315,E00384
T001316,E00072
T001316,E00595
T001317,E00228
T001317,E00379
T001317,E00355
T001317,E00614
T001317,E00653
T001317,E00574
T001317,E00095
T001317,E00069
T001317,E00654
T001317,E00521
T001317,E00774
T001317,E00365
T001317,E99004
T001317,E00373
T001317,E00488
T001317,E00696
T001317,E00642
T001317,E00346
T001318,E00034
T001318,E00226
T001318,E00791
T001318,E00115
T001319,E00372
T001319,E00559
T001319,E00610
T001319,E00255
T001319,E00123
T001319,E00351
T001319,E99750
T001319,E00251
T001319,E00796
T001319,E00062
T001319,E00349
T001319,E00591
T001319,E00167
T001319,E00568
T001319,E00628
T001320,E00239
T001320,E00201
T001320,E00008
T001320,E00135
T001320,E00649
T001320,E00580
T001320,E00221
T001320,E00420
T001321,E00026
T001321,E00219
T001321,E00735
T001321,E00316
T001321,E00594
T001321,E00679
T001322,E00041
T001322,E00083
T001322,E00307
T001322,E00342
T001322,E00254
T001322,E00233
T001322,E00350
T001322,E00417
T001323,E00314
T001323,E00411
T001323,E00035
T001323,E00548
T001323,E00360
T001323,E00085
T001323,E00021
T001323,E00270
T001324,E00046
T001324,E00321
T001324,E00650
T001325,E00107
T001325,E00748
T001325,E00296
T001325,E00558
T001326,E00091
T001326,E00113
T001326,E00394
T001326,E00458
T001327,E00179
T001327,E00029
T001327,E00424
T001327,E00356
T001328,E00367
T001328,E00514
T001328,E00612
T001328,E99098
T001329,E00366
T001329,E00071
T001329,E00312
T001329,E00474
T001330,E00734
T001330,E00522
T001330,E00461
T001330,E00711
T001330,E00088
T001330,E00099
T001330,E00248
T001330,E00763
T001330,E00790
T001330,E00374
T001330,E00765
T001330,E00712
T001330,E00504
T001330,E00148
T001330,E00563
T001330,E00601
T001330,E00663
T001330,E99364
T001331,E00550
T001331,E00332
T001331,E00090
T001332,E00207
T001332,E00194
T001332,E00740
T001332,E00518
T001332,E00656
T001332,E00116
T001332,E00786
T001332,E00238
T001333,E00588
T001333,E00437
T001333,E00749
T001333,E00232
T001333,E00657
T001333,E00157
T001333,E00383
T001333,E00341
T001334,E00280
T001334,E00114
T001334,E00318
T001334,E00209
T001335,E00397
T001335,E00284
T001335,E00244
T001335,E00690
T001336,E00639
T001336,E00578
T001336,E00760
T001336,E00025
T001337,E00686
T001337,E00632
T001337,E00331
T001338,E00291
T001338,E00337
T001338,E00297
T001338,E00800
T001338,E00018
T001338,E00561
T001338,E00409
T001338,E00398
T001338,E00086
T001338,E00009
T001338,E00003
T001338,E00795
T001338,E00660
T001338,E00333
T001338,E00549
T001338,E00129
T001338,E00230
T001338,E00178
T001339,E00077
T001339,E00565
T001339,E00252
T001339,E00142
T001339,E00329
T001339,E00273
T001339,E00125
T001339,E00460
T001339,E00710
T001339,E99715
T001339,E00605
T001339,E00556
T001339,E00783
T001339,E00459
T001339,E00572
T001339,E00779
T001339,E00752
T001339,E99645
T001340,E00647
T001340,E00497
T001340,E00016
T001340,E00688
T001340,E00161
T001340,E00773
T001340,E00191
T001340,E00762
T001340,E00253
T001340,E00051
T001340,E00199
T001340,E00325
T001340,E99907
T001341,E00577
T001341,E00315
T001341,E00022
T001341,E00037
T001341,E00536
T001341,E00542
T001341,E00515
T001341,E00607
T001341,E00080
T001341,E00767
T001341,E00680
T001341,E00272
T001341,E00096
T001341,E00579
T001341,E00759
T001341,E00456
T001341,E00265
T001341,E00186
T001342,E00716
T001342,E00689
T001342,E00082
T001342,E00524
T001342,E00731
T001342,E00596
T001342,E00693
T001342,E00676
T001342,E00655
T001342,E00756
T001342,E00723
T001342,E00597
T001342,E00798
T001342,E00482
T001342,E00672
T001342,E00335
T001342,E00159
T001342,E00789
T001343,E00448
T001343,E00087
T001343,E00631
T001343,E00368
T001343,E00388
T001343,E00052
T001343,E00702
T001343,E00218
T001343,E00754
T001344,E00134
T001344,E00364
T001344,E00176
T001344,E00510
T001344,E00564
T001344,E00616
T001344,E00443
T001344,E00438
T001345,E00532
T001345,E00469
T001345,E00124
T001345,E00717
T001345,E00551
T001345,E00758
T001345,E00730
T001345,E00011
T001346,E00557
T001346,E00154
T001346,E00444
T001346,E00769
T001346,E99660
T001346,E99630
T001346,E00500
T001346,E00706
T001347,E00581
T001347,E00185
T001347,E00619
T001347,E00126
T001347,E00738
T001347,E00675
T001347,E00751
T001347,E00382
T001348,E00024
T001348,E00137
T001348,E00678
T001348,E00282
T001348,E00661
T001348,E00140
T001348,E00173
T001348,E00466
T001349,E00259
T001350,E00359
T001350,E00520
T001350,E00097
T001350,E00419
T001350,E00056
T001350,E00014
T001350,E00432
T001350,E00301
T001351,E00160
T001351,E00020
T001351,E00613
T001351,E00704
T001351,E00032
T001351,E00222
T001351,E00269
T001351,E00546
T001352,E00741
T001352,E00750
T001352,E00131
T001352,E00143
T001352,E00183
T001352,E00744
T001352,E00089
T001352,E00298
T001353,E00313
T001353,E00362
T001353,E00665
T001353,E00673
T001353,E00468
T001353,E00190
T001353,E00247
T001353,E00234
T001354,E00407
T001354,E00644
T001354,E00463
T001354,E00111
T001354,E00348
T001354,E00541
T001354,E00340
T001354,E00203
T001355,E00299
T001355,E00213
T001355,E00503
T001355,E00493
T001356,E00423
T001356,E00319
T001356,E00471
T001356,E00172
T001357,E00177
T001357,E00718
T001357,E00128
T001357,E00070
T001358,E00215
T001358,E00357
T001358,E00105
T001358,E00271
T001359,E00583
T001359,E00714
T001359,E00369
T001359,E00777
T001360,E00286
T001360,E00742
T001360,E00486
T001360,E00415
T001361,E00615
T001361,E00517
T001361,E00677
T001361,E00778
T001362,E00330
T001362,E00007
T001362,E00480
T001362,E00477
T001363,E00507
T001363,E00059
T001363,E00421
T001363,E00155
T001364,E00506
T001364,E00472
T001364,E00593
T001364,E00093
T001365,E00283
T001365,E00211
T001365,E00687
T001365,E00266
T001366,E00485
T001366,E00010
T001367,E00626
T001367,E00440
T001367,E00519
T001367,E00295
T001367,E00492
T001367,E00603
T001367,E00181
T001367,E00618
T001367,E00544
T001367,E00166
T001367,E00674
T001367,E00429
T001367,E00431
T001367,E00726
T001367,E00399
T001367,E00555
T001367,E00112
T001367,E00508
T001368,E00217
T001368,E00627
T001368,E00582
T001368,E00237
T001368,E00150
T001368,E00446
T001368,E00707
T001368,E00709
T001368,E00292
T001368,E00309
T001368,E00152
T001368,E00499
T001368,E00512
T001368,E00484
T001368,E00389
T001368,E99583
T001368,E00651
T001368,E00076
T001369,E00625
T001369,E00308
T001369,E00725
T001369,E00187
T001369,E00683
T001369,E00435
T001369,E00279
T001369,E00728
T001369,E00669
T001369,E00768
T001369,E00094
T001369,E00276
T001369,E00787
T001369,E00670
T001370,E00196
T001370,E00136
T001370,E00584
T001370,E00065
T001370,E00048
T001370,E00197
T001370,E00447
T001370,E00171
T001371,E00235
T001371,E00345
T001371,E00487
T001371,E00175
T001371,E00721
T001371,E00604
T001371,E00300
T001371,E00664
T001372,E00370
T001372,E00285
T001372,E00049
T001372,E00433
T001372,E00478
T001372,E00058
T001372,E00027
T001372,E00449
T001373,E00713
T001373,E00537
T001373,E00243
T001373,E00481
T001373,E00513
T001373,E00430
T001373,E00162
T001373,E00133
T001374,E00277
T001374,E00511
T001374,E00637
T001374,E00483
T001374,E00229
T001374,E00666
T001374,E00464
T001374,E00410
T001375,E00545
T001375,E00220
T001375,E00736
T001375,E00633
T001375,E00250
T001375,E00788
T001376,E00385
T001376,E00400
T001376,E00023
T001376,E00302
T001377,E00700
T001377,E00381
T001377,E00354
T001377,E00569
T001378,E00405
T001378,E00303
T001378,E00698
T001378,E00380
T001379,E00781
T001379,E00044
T001379,E00509
T001379,E00212
T001380,E00426
T001380,E00428
T001380,E00445
T001380,E00743
T001381,E99957
T001381,E00184
T001381,E00001
T001381,E00214
T001382,E00441
T001382,E00045
T001382,E00547
T001382,E00182
T001383,E00102
T001383,E00436
T001383,E99455
T001383,E00412
T001384,E00205
T001384,E00442
T001384,E99147
T001384,E00450
T001385,E00587
T001385,E00745
T001385,E99119
T001385,E00772
T001386,E00336
T001386,E00525
T001386,E00358
T001386,E00404
T001387,E00498
T001387,E00662
T001387,E00589
T001388,E00766
T001388,E00063
T001388,E00352
T001388,E00377
T001388,E00489
T001388,E00691
T001388,E00538
T001388,E00600
T001388,E00473
T001388,E00529
T001388,E00122
T001388,E00117
T001388,E00236
T001388,E00439
T001388,E00241
T001388,E00304
T001388,E00392
T001388,E00451
T001389,E00256
T001389,E00075
T001389,E00733
T001390,E00570
T001390,E00567
T001390,E00602
T001390,E00149
T001390,E00278
T001390,E00081
T001390,E00004
T001390,E00047
T001390,E00755
T001390,E00039
T001390,E00132
T001390,E00108
T001390,E00496
T001390,E00395
T001390,E00585
T001390,E00452
T001390,E00012
T001390,E00667
T001391,E00598
T001391,E00720
T001391,E00531
T001391,E99552
T001391,E00782
T001391,E00393
T001391,E00193
T001391,E00454
T001391,E00671
T001391,E00106
T001391,E00455
T001392,E00413
T001392,E00535
T001392,E00737
T001392,E00198
T001392,E00771
T001392,E00403
T001392,E00127
T001392,E00327
T001393,E00324
T001393,E00322
T001393,E00715
T001393,E00621
T001393,E00109
T001393,E00043
T001393,E00727
T001393,E00475
T001394,E00363
T001394,E00528
T001394,E00281
T001394,E00703
T001394,E00408
T001394,E00495
T001394,E00264
T001394,E00629
T001395,E00055
T001395,E00146
T001395,E00195
T001395,E00586
T001395,E00562
T001395,E00028
T001395,E00553
T001395,E00320
T001396,E00036
T001396,E00317
T001396,E00402
T001396,E00643
T001396,E00608
T001396,E00552
T001396,E00147
T001396,E00262
T001397,E00060
T001397,E00641
T001397,E00074
T001397,E00188
T001397,E00130
T001397,E00100
T001397,E99343
T001397,E00784
T001398,E00554
T001398,E00139
T001398,E00073
T001399,E00606
T001399,E00757
T001399,E00617
T001399,E00505
T001400,E00231
T001400,E00103
T001400,E00013
T001400,E00145
T001401,E00326
T001401,E00110
T001401,E00794
T001401,E00169
T001402,E00645
T001402,E00098
T001402,E00005
T001402,E00494
T001403,E99398
T001403,E00002
T001403,E00101
T001403,E00168
T001404,E00635
T001404,E00339
T001404,E00189
T001404,E00263
T001405,E00640
T001405,E00526
T001405,E00414
T001406,E00543
T001406,E00118
T001406,E00158
T001406,E00006
T001406,E00692
T001406,E00224
T001406,E00030
T001406,E99122
T001406,E00019
T001406,E00387
T001406,E00206
T001406,E00746
T001406,E00701
T001406,E00017
T001406,E00646
T001406,E00599
T001406,E00294
T001406,E00516
T001407,E00799
T001407,E00015
T001407,E00684
T001407,E00138
T001407,E00275
T001408,E00174
T001408,E00053
T001408,E00200
T001408,E00776
T001408,E00386
T001408,E00708
T001408,E00724
T001408,E00502
T001409,E00590
T001409,E00121
T001409,E00290
T001409,E00164
T001409,E00624
T001409,E00391
T001409,E00658
T001409,E99888
T001410,E00151
T001410,E00268
T001410,E00227
T001410,E00467
T001410,E00793
T001410,E00434
T001410,E00306
T001410,E99501
T001411,E00274
T001411,E00462
T001411,E00592
T001411,E00170
T001411,E00566
T001411,E00719
T001411,E99794
T001411,E00180
T001412,E00620
T001413,E00416
T001413,E00334
T001413,E00120
T001413,E00144
T001414,E00595
T001414,E00384
T001414,E00753
T001414,E00575
T001415,E00202
T001415,E00427
T001415,E00078
T001415,E00490
T001416,E99404
T001416,E00476
T001416,E00057
T001416,E00470
T001417,E00401
T001417,E00792
T001417,E00225
T001417,E00681
T001418,E00634
T001418,E00609
T001418,E00050
T001418,E00390
T001419,E00061
T001419,E00042
T001419,E00705
T001419,E00344
T001420,E00353
T001420,E00293
T001420,E00540
T001420,E00682
T001421,E00072
T001422,E00034
T001422,E00226
T001422,E00069
T001422,E00228
T001422,E00696
T001422,E00560
T001422,E00095
T001422,E00115
T001422,E00488
T001422,E00791
T001422,E00653
T001422,E00346
T001422,E00365
T001422,E00373
T001422,E00774
T001422,E00654
T001422,E00574
T001422,E00355
T001423,E00642
T001423,E99550
T001423,E00379
T001423,E00521
T001424,E00351
T001424,E00610
T001424,E00251
T001424,E00156
T001424,E00084
T001424,E00568
T001424,E00255
T001424,E00167
T001424,E00062
T001424,E00349
T001424,E00591
T001424,E00123
T001424,E00372
T001424,E00628
T001424,E00559
T001425,E00649
T001425,E00219
T001425,E00026
T001425,E00239
T001425,E00418
T001425,E00221
T001425,E00735
T001425,E00420
T001426,E00092
T001426,E00580
T001426,E00679
T001426,E00316
T001426,E00201
T001426,E00135
T001427,E00083
T001427,E00270
T001427,E00417
T001427,E00021
T001427,E00233
T001427,E00085
T001427,E00307
T001427,E00254
T001428,E00350
T001428,E00411
T001428,E00314
T001428,E00342
T001428,E00289
T001428,E00035
T001428,E00041
T001428,E00548
T001429,E00650
T001429,E00046
T001429,E00775
T001429,E00360
T001430,E00375
T001430,E00179
T001430,E00612
T001430,E00474
T001431,E00071
T001431,E00029
T001431,E00514
T001431,E00296
T001432,E00558
T001432,E00458
T001432,E00367
T001432,E99926
T001433,E00394
T001433,E00210
T001433,E00366
T001433,E00113
T001434,E00356
T001434,E00107
T001434,E00288
T001434,E00424
T001435,E00748
T001436,E99360
T001436,E00563
T001436,E00550
T001436,E00663
T001436,E00040
T001436,E00711
T001436,E00601
T001436,E00765
T001436,E00522
T001436,E00763
T001436,E00088
T001436,E00332
T001436,E00374
T001436,E00248
T001436,E00790
T001436,E00712
T001436,E00504
T001436,E00310
T001437,E00461
T001438,E00207
T001438,E00238
T001438,E00116
T001438,E00437
T001438,E00341
T001438,E00656
T001438,E00383
T001438,E00157
T001439,E00518
T001439,E00749
T001439,E00246
T001439,E00588
T001439,E00657
T001439,E00780
T001439,E00194
T001439,E00232
T001440,E00786
T001440,E00740
T001441,E00280
T001441,E00209
T001441,E00760
T001441,E00397
T001442,E00686
T001442,E00244
T001442,E00639
T001442,E00114
T001443,E00632
T001443,E00318
T001443,E00284
T001443,E00690
T001444,E99459
T001444,E00025
T001444,E00578
T001445,E00051
T001445,E00191
T001445,E00325
T001445,E00333
T001445,E00297
T001445,E99622
T001445,E00565
T001445,E00556
T001445,E00752
T001445,E00086
T001445,E00459
T001445,E00003
T001445,E00398
T001445,E00178
T001445,E00795
T001445,E00291
T001445,E00038
T001445,E00497
T001446,E00337
T001446,E00572
T001446,E00710
T001446,E00460
T001446,E00773
T001446,E00688
T001446,E00630
T001446,E00762
T001446,E00267
T001446,E00561
T001446,E00409
T001446,E00253
T001446,E00800
T001446,E00129
T001446,E00605
T001446,E00125
T001446,E00016
T001446,E00406
T001447,E00779
T001447,E00077
T001447,E00783
T001447,E00329
T001447,E00230
T001447,E00018
T001447,E00660
T001447,E00647
T001447,E00142
T001447,E00549
T001447,E00258
T001448,E00515
T001448,E00033
T001448,E00702
T001448,E00789
T001448,E00759
T001448,E00082
T001448,E99218
T001448,E00037
T001448,E00482
T001448,E00542
T001448,E00272
T001448,E00579
T001448,E00448
T001448,E00723
T001448,E00693
T001448,E99212
T001448,E00022
T001448,E00159
T001449,E00335
T001449,E00597
T001449,E00536
T001449,E00052
T001449,E00087
T001449,E00689
T001449,E00153
T001449,E00798
T001449,E00524
T001449,E00676
T001449,E00388
T001449,E00368
T001449,E00732
T001449,E00680
T001449,E00756
T001449,E00596
T001449,E00080
T001449,E00577
T001450,E00672
T001450,E00096
T001450,E00315
T001450,E00218
T001450,E00186
T001450,E00607
T001450,E00265
T001450,E00716
T001450,E00631
T001451,E00758
T001451,E00176
T001451,E00240
T001451,E00619
T001451,E00364
T001451,E00465
T001451,E00564
T001451,E00738
T001452,E00532
T001452,E00438
T001452,E00140
T001452,E00769
T001452,E00581
T001452,E00173
T001452,E00124
T001452,E00338
T001453,E00011
T001453,E00557
T001453,E00699
T001453,E00024
T001453,E00675
T001453,E00137
T001453,E00185
T001453,E00717
T001454,E00443
T001454,E00678
T001454,E00551
T001454,E00259
T001454,E00706
T001454,E99605
T001454,E00661
T001454,E00154
T001455,E00510
T001455,E00444
T001455,E00260
T001455,E00616
T001455,E00751
T001455,E00500
T001455,E00134
T001455,E00282
T001456,E00730
T001456,E00382
T001457,E00313
T001457,E00359
T001457,E00143
T001457,E00750
T001457,E00665
T001457,E00432
T001457,E00020
T001457,E00520
T001458,E00014
T001458,E00247
T001458,E00744
T001458,E00493
T001458,E00613
T001458,E00468
T001458,E00407
T001458,E00234
T001459,E00503
T001459,E00089
T001459,E00301
T001459,E00183
T001459,E00160
T001459,E00190
T001459,E99451
T001459,E00797
T001460,E00348
T001460,E00111
T001460,E00546
T001460,E00131
T001460,E00222
T001460,E00299
T001460,E00541
T001460,E00463
T001461,E00340
T001461,E00741
T001461,E00097
T001461,E00673
T001461,E00644
T001461,E00362
T001461,E00203
T001461,E00213
T001462,E00032
T001462,E00704
T001462,E00419
T001462,E00298
T001463,E00506
T001463,E00421
T001463,E00283
T001463,E00330
T001464,E00453
T001464,E00507
T001464,E00070
T001464,E00677
T001465,E00615
T001465,E00593
T001465,E00369
T001465,E00286
T001466,E00172
T001466,E00687
T001466,E00486
T001466,E00778
T001467,E00425
T001467,E00007
T001467,E00319
T001467,E00415
T001468,E00583
T001468,E00357
T001468,E00128
T001468,E00177
T001469,E00093
T001469,E00477
T001469,E00271
T001469,E00471
T001470,E00472
T001470,E00211
T001470,E00105
T001470,E00215
T001471,E00573
T001471,E00155
T001471,E00010
T001471,E00718
T001472,E00517
T001472,E00480
T001472,E00485
T001472,E00266
T001473,E00742
T001473,E00423
T001473,E00777
T001474,E00166
T001474,E00076
T001474,E99040
T001474,E00728
T001474,E00670
T001474,E00308
T001474,E00519
T001474,E00627
T001474,E00440
T001474,E00683
T001474,E00292
T001474,E00150
T001474,E00707
T001474,E99638
T001474,E00539
T001474,E00625
T001474,E00674
T001474,E00492
T001475,E00435
T001475,E00446
T001475,E00508
T001475,E00618
T001475,E00431
T001475,E00295
T001475,E00187
T001475,E00544
T001475,E00512
T001475,E00726
T001475,E00651
T001475,E00768
T001475,E00152
T001475,E00582
T001475,E00112
T001475,E00237
T001475,E00725
T001475,E00181
T001476,E00484
T001476,E00669
T001476,E00499
T001476,E00626
T001476,E00389
T001476,E00787
T001476,E00709
T001476,E00094
T001476,E00309
T001476,E00603
T001476,E00217
T001477,E00049
T001477,E00666
T001477,E00633
T001477,E00788
T001477,E00764
T001477,E00513
T001477,E00220
T001477,E00483
T001478,E00197
T001478,E00229
T001478,E00478
T001478,E00196
T001478,E00652
T001478,E00511
T001478,E00048
T001478,E00285
T001479,E00370
T001479,E00410
T001479,E00664
T001479,E00637
T001479,E00447
T001479,E00300
T001479,E00249
T001479,E00481
T001480,E00584
T001480,E00277
T001480,E00721
T001480,E00223
T001480,E00695
T001480,E00604
T001480,E00133
T001480,E00713
T001481,E00545
T001481,E00430
T001481,E00487
T001481,E00433
T001481,E00136
T001481,E00235
T001481,E00449
T001481,E00345
T001482,E00243
T001482,E00175
T001482,E00171
T001482,E00537
T001482,E00058
T001482,E00250
T001482,E00162
T001482,E00027
T001483,E00184
T001483,E99067
T001483,E00371
T001483,E00772
T001484,E00212
T001484,E00700
T001484,E00426
T001484,E00685
T001485,E00405
T001485,E00442
T001485,E00509
T001485,E00589
T001486,E00745
T001486,E00381
T001486,E00739
T001486,E00436
T001487,E00498
T001487,E00525
T001487,E00404
T001487,E00412
T001488,E99095
T001488,E00044
T001488,E00698
T001488,E00441
T001489,E00428
T001489,E00045
T001489,E00445
T001489,E00781
T001490,E00205
T001490,E99682
T001490,E00587
T001490,E00533
T001491,E00302
T001491,E00214
T001491,E00400
T001491,E00358
T001492,E00385
T001492,E99436
T001492,E00311
T001492,E00569
T001493,E00743
T001493,E00450
T001493,E00547
T001493,E00182
T001494,E00122
T001494,E99760
T001494,E00392
T001494,E00323
T001494,E00352
T001494,E00256
T001494,E00241
T001494,E00691
T001494,E00304
T001494,E00075
T001494,E00600
T001494,E00063
T001494,E00733
T001494,E00451
T001494,E00117
T001494,E00473
T001494,E00766
T001494,E00529
T001495,E00242
T001495,E00489
T001495,E00439
T001496,E00570
T001496,E00602
T001496,E00667
T001496,E00720
T001496,E00047
T001496,E00671
T001496,E00141
T001496,E00149
T001496,E00598
T001496,E00755
T001496,E00694
T001496,E00081
T001496,E00278
T001496,E00193
T001496,E00132
T001496,E00376
T001496,E00567
T001496,E00012
T001497,E00393
T001497,E00496
T001497,E00585
T001497,E00452
T001497,E00106
T001497,E00395
T001497,E00455
T001497,E99982
T001497,E00039
T001497,E00108
T001497,E00004
T001498,E00771
T001498,E00495
T001498,E00408
T001498,E00109
T001498,E00198
T001498,E00528
T001498,E00629
T001498,E00322
T001499,E00785
T001499,E00715
T001499,E00043
T001499,E00403
T001499,E00535
T001499,E00363
T001499,E99433
T001499,E00703
T001500,E00327
T001500,E00413
T001500,E00475
T001500,E00324
T001500,E00621
T001500,E00127
T001500,E00737
T001500,E00727
T001501,E00264
T001502,E00060
T001502,E00028
T001502,E00147
T001502,E00188
T001502,E00139
T001502,E00262
T001502,E00586
T001502,E00317
T001503,E00074
T001503,E00554
T001503,E00257
T001503,E00192
T001503,E00784
T001503,E00055
T001503,E00036
T001503,E00100
T001504,E00729
T001504,E00552
T001504,E00073
T001504,E00402
T001504,E00195
T001504,E00608
T001504,E00553
T001504,E00163
T001505,E00643
T001505,E00146
T001505,E00641
T001506,E00757
T001506,E00013
T001506,E00339
T001506,E00494
T001507,E00169
T001507,E00305
T001507,E00098
T001507,E00501
T001508,E00263
T001508,E00326
T001508,E00168
T001508,E00145
T001509,E00794
T001509,E00231
T001509,E00110
T001509,E00526
T001510,E00505
T001510,E00606
T001510,E00635
T001510,E00617
T001511,E00119
T001511,E00189
T001511,E99105
T001511,E00640
T001512,E00103
T001512,E00101
T001512,E00414
T001512,E00005
T001513,E00002
T001514,E00701
T001514,E00646
T001514,E00692
T001514,E00387
T001514,E00684
T001514,E00543
T001514,E00165
T001514,E00294
T001514,E00516
T001514,E00015
T001514,E00030
T001514,E00746
T001514,E00275
T001514,E00054
T001514,E00158
T001514,E00138
T001514,E00017
T001514,E00118
T001515,E00019
T001515,E00006
T001515,E00206
T001516,E00620
T001516,E00648
T001516,E00502
T001516,E00164
T001516,E00576
T001516,E00306
T001516,E00170
T001516,E00467
T001517,E00719
T001517,E00391
T001517,E00592
T001517,E00274
T001517,E00180
T001517,E00462
T001517,E00434
T001517,E00200
T001518,E00121
T001518,E00151
T001518,E00268
T001518,E00566
T001518,E00658
T001518,E00386
T001518,E00174
T001518,E00624
T001519,E00793
T001519,E00776
T001519,E00590
T001519,E00708
T001519,E00724
T001520,E00595
T001520,E00293
T001520,E00202
T001520,E00078
T001521,E00042
T001521,E00753
T001521,E00384
T001521,E00144
T001522,E00490
T001522,E00427
T001522,E00120
T001522,E00050
T001523,E00681
T001523,E00204
T001523,E00225
T001523,E00792
T001524,E00609
T001524,E00575
T001524,E00072
T001524,E00057
T001525,E00634
T001525,E00344
T001525,E00705
T001525,E00540
T001526,E00470
T001526,E00390
T001526,E00476
T001526,E00061
T001527,E00353
T001528,E00365
T001528,E00373
T001528,E00521
T001528,E00574
T001528,E00653
T001528,E00642
T001528,E00379
T001528,E00355
T001528,E00069
T001528,E00228
T001528,E00696
T001528,E00614
T001528,E00560
T001528,E00654
T001528,E00034
T001528,E00488
T001528,E00104
T001528,E00346
T001529,E00095
T001529,E00226
T001529,E00115
T001530,E00591
T001530,E00610
T001530,E00372
T001530,E00796
T001530,E00351
T001530,E00123
T001530,E99349
T001530,E00255
T001530,E00349
T001530,E00251
T001530,E00628
T001530,E00156
T001530,E00568
T001530,E00167
T001531,E00679
T001531,E00594
T001531,E00239
T001531,E00008
T001531,E00580
T001531,E00221
T001531,E00649
T001531,E00026
T001532,E00219
T001532,E00201
T001532,E00092
T001532,E00418
T001532,E00420
T001532,E00735
T001532,E00316
T001532,E00135
T001533,E00314
T001533,E00021
T001533,E00548
T001533,E00046
T001533,E00289
T001533,E00321
T001533,E00650
T001533,E00254
T001534,E00270
T001534,E00775
T001534,E00360
T001534,E00350
T001534,E00035
T001534,E00083
T001534,E00411
T001534,E00085
T001535,E00041
T001535,E00417
T001535,E00342
T001535,E00233
T001535,E00523
T001536,E00367
T001536,E00458
T001536,E00107
T001536,E00375
T001537,E00558
T001537,E00394
T001537,E00612
T001537,E00748
T001538,E00091
T001538,E00356
T001538,E00296
T001538,E00474
T001539,E00424
T001539,E00210
T001539,E00366
T001539,E00288
T001540,E00179
T001540,E00312
T001540,E00071
T001540,E00113
T001541,E00601
T001541,E00310
T001541,E00090
T001541,E00763
T001541,E00522
T001541,E00563
T001541,E00099
T001541,E00374
T001541,E00040
T001541,E00712
T001541,E00332
T001541,E00148
T001541,E00461
T001541,E00550
T001541,E00088
T001541,E00663
T001541,E00734
T001541,E00504
T001542,E00248
T001543,E00246
T001543,E00116
T001543,E00786
T001543,E00194
T001543,E00207
T001543,E00657
T001543,E00518
T001543,E00588
T001544,E00383
T001544,E99929
T001544,E00740
T001544,E00437
T001544,E00232
T001544,E00749
T001544,E00780
T001544,E00656
T001545,E00238
T001545,E00341
T001546,E00209
T001546,E00690
T001546,E00760
T001546,E00025
T001547,E00632
T001547,E00397
T001547,E00318
T001547,E00114
T001548,E00331
T001548,E00686
T001548,E00244
T001548,E00578
T001549,E00280
T001549,E00284
T001549,E00639
T001550,E00161
T001550,E00752
T001550,E00800
T001550,E00333
T001550,E00273
T001550,E00409
T001550,E00325
T001550,E00660
T001550,E00253
T001550,E00230
T001550,E00556
T001550,E00779
T001550,E00009
T001550,E00267
T001550,E00178
T001550,E00038
T001550,E00773
T001550,E00605
T001551,E00252
T001551,E00337
T001551,E00572
T001551,E00688
T001551,E00549
T001551,E00398
T001551,E00297
T001551,E00783
T001551,E00016
T001551,E00003
T001551,E00565
T001551,E00459
T001551,E00051
T001551,E00329
T001551,E00199
T001551,E00191
T001551,E00142
T001551,E00762
T001552,E00795
T001552,E00086
T001552,E99965
T001552,E00129
T001552,E00125
T001552,E00647
T001552,E00077
T001552,E00018
T001552,E00561
T001552,E00406
T001552,E00710
T001553,E00524
T001553,E00456
T001553,E00731
T001553,E00542
T001553,E00732
T001553,E00767
T001553,E00754
T001553,E00080
T001553,E00022
T001553,E00689
T001553,E00596
T001553,E00368
T001553,E00153
T001553,E00515
T001553,E00676
T001553,E00448
T001553,E00655
T001553,E00597
T001554,E00536
T001554,E00272
T001554,E00680
T001554,E00577
T001554,E00798
T001554,E00335
T001554,E00631
T001554,E99339
T001554,E00388
T001554,E00218
T001554,E00607
T001554,E00579
T001554,E00693
T001554,E00033
T001554,E00159
T001554,E00756
T001554,E00759
T001554,E00052
T001555,E00082
T001555,E00482
T001555,E00723
T001555,E00087
T001556,E00758
T001556,E00564
T001556,E00730
T001556,E00240
T001556,E00751
T001556,E00581
T001556,E00140
T001556,E00616
T001557,E00466
T001557,E00173
T001557,E00706
T001557,E00557
T001557,E00154
T001557,E00465
T001557,E00443
T001557,E00678
T001558,E00259
T001558,E00675
T001558,E00438
T001558,E00137
T001558,E00382
T001558,E00185
T001558,E00126
T001558,E00769
T001559,E00619
T001559,E00717
T001559,E00134
T001559,E00444
T001559,E00282
T001559,E00124
T001559,E00260
T001559,E00011
T001560,E00510
T001560,E00500
T001560,E00469
T001560,E00738
T001561,E00741
T001561,E00541
T001561,E00301
T001561,E00032
T001561,E00520
T001561,E00190
T001561,E00644
T001561,E00613
T001562,E00750
T001562,E00419
T001562,E00340
T001562,E00797
T001562,E00203
T001562,E00546
T001562,E00313
T001562,E00359
T001563,E00111
T001563,E00183
T001563,E00298
T001563,E00131
T001563,E00362
T001563,E00020
T001563,E00269
T001563,E00744
T001564,E00160
T001564,E00463
T001564,E00493
T001564,E00704
T001564,E00097
T001564,E00432
T001564,E00665
T001564,E00299
T001565,E00143
T001565,E00503
T001565,E00247
T001565,E00222
T001565,E00348
T001565,E00089
T001565,E00234
T001566,E00480
T001566,E00177
T001566,E00677
T001566,E00718
T001567,E99741
T001567,E00059
T001567,E00010
T001567,E00453
T001568,E00573
T001568,E00485
T001568,E00583
T001568,E00319
T001569,E00777
T001569,E00172
T001569,E00593
T001569,E00615
T001570,E00155
T001570,E00477
T001570,E00472
T001570,E00283
T001571,E00507
T001571,E00105
T001571,E00425
T001571,E99903
T001572,E00007
T001572,E00093
T001572,E00517
T001572,E00687
T001573,E00271
T001573,E00506
T001573,E00266
T001573,E00778
T001574,E00421
T001574,E00128
T001574,E00471
T001574,E00714
T001575,E00070
T001575,E00486
T001575,E00415
T001575,E00215
T001576,E00330
T001576,E00423
T001576,E00211
T001576,E00357
T001577,E00539
T001577,E00670
T001577,E00308
T001577,E00309
T001577,E00295
T001577,E00399
T001577,E00492
T001577,E00625
T001577,E00728
T001577,E00292
T001577,E00519
T001577,E00389
T001577,E00787
T001577,E00276
T001577,E00112
T001577,E00512
T001577,E00484
T001577,E00217
T001578,E00429
T001578,E00440
T001578,E00544
T001578,E00446
T001578,E00555
T001578,E00181
T001578,E00431
T001578,E00499
T001578,E00279
T001578,E00187
T001578,E00674
T001578,E00094
T001578,E00651
T001578,E00166
T001578,E00683
T001578,E00618
T001578,E00626
T001578,E00707
T001579,E00508
T001579,E00237
T001579,E00582
T001579,E00152
T001579,E00627
T001579,E00603
T001579,E00709
T001579,E00669
T001579,E00725
T001579,E00422
T001579,E00768
T001579,E00435
T001579,E00726
T001580,E00175
T001580,E00721
T001580,E00345
T001580,E00300
T001580,E00285
T001580,E00430
T001580,E00483
T001580,E00410
T001581,E00197
T001581,E00220
T001581,E00229
T001581,E00537
T001581,E00249
T001581,E00250
T001581,E00545
T001581,E99524
T001582,E00637
T001582,E00447
T001582,E00604
T001582,E00633
T001582,E00513
T001582,E00277
T001582,E00695
T001582,E00652
T001583,E00370
T001583,E00713
T001583,E00584
T001583,E00449
T001583,E00736
T001583,E00464
T001583,E00136
T001583,E00058
T001584,E00481
T001584,E00764
T001584,E00243
T001584,E00664
T001584,E00223
T001584,E00433
T001584,E00196
T001584,E00487
T001585,E00162
T001585,E00235
T001585,E00788
T001585,E00666
T001585,E00478
T001585,E00049
T001585,E00048
T001585,E00027
T001586,E00133
T001586,E00065
T001586,E00511
T001587,E00354
T001587,E00745
T001587,E00662
T001587,E00371
T001588,E00001
T001588,E00184
T001588,E99712
T001588,E00214
T001589,E00781
T001589,E00045
T001589,E00205
T001589,E00445
T001590,E00533
T001590,E00743
T001590,E00436
T001590,E00358
T001591,E00525
T001591,E00044
T001591,E00547
T001591,E00509
T001592,E00381
T001592,E00772
T001592,E00587
T001592,E00450
T001593,E00739
T001593,E00311
T001593,E00412
T001593,E00302
T001594,E00442
T001594,E00208
T001594,E00698
T001594,E00212
T001595,E00303
T001595,E00685
T001595,E00102
T001595,E00400
T001596,E00589
T001596,E00380
T001596,E00569
T001596,E00404
T001597,E00023
T001597,E00405
T001597,E00428
T001597,E00426
T001598,E00700
T001599,E00451
T001599,E00117
T001599,E00538
T001599,E00377
T001599,E00392
T001599,E00122
T001599,E99339
T001599,E00241
T001599,E00489
T001599,E00075
T001599,E00600
T001599,E00733
T001599,E00256
T001599,E00323
T001599,E00236
T001599,E00304
T001599,E00063
T001599,E00439
T001600,E00691
T001600,E00352
T001600,E00766
T001600,E00473
T001601,E00567
T001601,E00602
T001601,E00694
T001601,E00108
T001601,E00598
T001601,E00141
T001601,E00455
T001601,E00132
T001601,E00393
T001601,E00720
T001601,E00149
T001601,E00452
T001601,E00671
T001601,E00667
T001601,E00755
T001601,E00395
T001601,E00585
T001601,E00531
T001602,E00570
T001602,E00454
T001602,E00278
T001602,E00012
T001602,E00004
T001602,E00081
T001602,E99186
T001602,E00039
T001603,E00621
T001603,E00324
T001603,E00327
T001603,E00703
T001603,E00737
T001603,E00715
T001603,E00408
T001603,E00198
T001604,E00771
T001604,E00264
T001604,E00413
T001604,E00528
T001604,E00043
T001604,E00495
T001604,E00727
T001604,E00535
T001605,E00322
T001605,E00109
T001605,E00281
T001605,E00403
T001605,E00629
T001605,E00127
T001605,E00363
T001606,E00055
T001606,E00147
T001606,E00729
T001606,E00100
T001606,E00130
T001606,E00163
T001606,E00643
T001606,E00586
T001607,E00060
T001607,E00262
T001607,E00192
T001607,E00257
T001607,E00553
T001607,E00074
T001607,E00317
T001607,E00073
T001608,E00554
T001608,E00188
T001608,E00402
T001608,E00320
T001608,E00146
T001608,E00784
T001608,E00036
T001608,E00641
T001609,E00617
T001609,E00757
T001609,E00494
T001609,E00263
T001610,E00526
T001610,E00339
T001610,E00635
T001610,E00119
T001611,E00101
T001611,E00103
T001611,E00013
T001611,E00326
T001612,E00770
T001612,E00005
T001612,E00145
T001612,E00098
T001613,E00645
T001613,E00640
T001613,E00606
T001613,E00168
T001614,E00169
T001614,E00002
T001614,E00189
T001614,E00110
T001615,E00794
T001615,E00479
T001615,E00501
T001616,E00294
T001616,E00543
T001616,E00206
T001616,E00701
T001616,E00224
T001616,E00684
T001616,E00387
T001616,E00017
T001616,E00165
T001616,E00006
T001616,E00275
T001616,E00019
T001616,E00054
T001616,E00746
T001616,E00158
T001616,E00692
T001616,E00516
T001616,E00646
T001617,E00138
T001617,E00118
T001617,E00015
T001617,E99965
T001618,E00502
T001618,E00174
T001618,E00053
T001618,E00274
T001618,E00592
T001618,E00724
T001618,E00793
T001618,E00170
T001619,E00576
T001619,E00391
T001619,E00200
T001619,E00467
T001619,E00268
T001619,E00719
T001619,E00648
T001619,E00386
T001620,E00658
T001620,E00434
T001620,E00566
T001620,E00343
T001620,E00624
T001620,E00121
T001620,E00227
T001620,E00708
T001621,E00776
T001621,E00180
T001621,E00590
T001622,E00682
T001622,E00202
T001622,E00120
T001622,E00204
T001623,E00540
T001623,E00705
T001623,E00293
T001623,E00353
T001624,E00792
T001624,E00476
T001624,E00575
T001624,E00072
T001625,E00427
T001625,E00384
T001625,E00681
T001625,E00609
T001626,E00344
T001626,E00416
T001626,E00042
T001626,E00057
T001627,E00401
T001627,E00050
T001627,E00225
T001627,E00490
T001628,E00061
T001628,E00144
T001628,E00634
T001628,E00334
T001629,E00078
T001630,E00642
T001630,E00653
T001630,E00774
T001630,E00791
T001630,E00355
T001630,E00034
T001630,E00115
T001630,E00696
T001630,E99095
T001630,E00654
T001630,E00104
T001630,E00614
T001630,E00365
T001630,E00379
T001630,E00521
T001630,E00574
T001630,E00373
T001630,E00228
T001631,E99309
T001631,E00226
T001631,E00095
T001631,E00069
T001632,E00349
T001632,E00084
T001632,E00591
T001632,E00167
T001632,E00559
T001632,E00255
T001632,E00062
T001632,E00123
T001632,E00156
T001632,E00610
T001632,E00251
T001632,E00628
T001632,E00372
T001632,E00351
T001632,E00568
T001632,E99801
T001633,E00594
T001633,E00735
T001633,E00201
T001633,E00026
T001633,E00239
T001633,E00316
T001633,E00649
T001633,E00135
T001634,E00221
T001634,E00580
T001634,E00679
T001634,E00008
T001634,E00219
T001634,E00092
T001635,E00360
T001635,E00548
T001635,E00314
T001635,E00350
T001635,E00085
T001635,E00342
T001635,E00035
T001635,E00321
T001636,E00083
T001636,E00650
T001636,E00041
T001636,E00254
T001636,E00289
T001636,E00775
T001636,E00307
T001636,E00411
T001637,E00523
T001637,E00021
T001637,E00270
T001637,E99835
T001638,E00071
T001638,E00612
T001638,E00394
T001638,E00029
T001639,E00514
T001639,E00113
T001639,E00375
T001639,E00367
T001640,E00474
T001640,E99981
T001640,E00312
T001640,E00107
T001641,E00356
T001641,E00458
T001641,E00424
T001641,E00210
T001642,E00091
T001642,E00748
T001642,E00296
T001642,E00288
T001643,E00248
T001643,E00563
T001643,E00461
T001643,E00550
T001643,E00148
T001643,E00734
T001643,E00374
T001643,E00790
T001643,E00090
T001643,E00712
T001643,E00765
T001643,E00088
T001643,E00099
T001643,E00522
T001643,E00504
T001643,E00332
T001643,E00601
T001643,E00711
T001644,E00310
T001644,E00763
T001644,E00663
T001645,E00518
T001645,E00588
T001645,E00749
T001645,E00780
T001645,E00238
T001645,E00157
T001645,E00116
T001645,E00194
T001646,E00341
T001646,E00656
T001646,E00207
T001646,E00740
T001646,E00383
T001646,E00657
T001646,E00246
T001646,E00786
T001647,E00232
T001647,E00437
T001648,E00760
T001648,E00025
T001648,E00331
T001648,E00284
T001649,E00114
T001649,E00690
T001649,E00397
T001649,E00318
T001650,E00244
T001650,E00639
T001650,E00209
T001650,E00578
T001651,E00280
T001652,E00199
T001652,E00572
T001652,E00291
T001652,E99338
T001652,E00003
T001652,E00329
T001652,E00038
T001652,E00178
T001652,E00565
T001652,E00273
T001652,E00161
T001652,E00018
T001652,E00556
T001652,E00605
T001652,E00762
T001652,E00561
T001652,E00016
T001652,E00549
T001653,E00688
T001653,E00051
T001653,E00253
T001653,E00267
T001653,E00783
T001653,E00710
T001653,E00630
T001653,E00125
T001653,E00191
T001653,E00773
T001653,E00009
T001653,E00779
T001653,E00800
T001653,E00406
T001653,E00252
T001653,E00258
T001653,E00142
T001653,E00398
T001654,E00752
T001654,E00129
T001654,E00409
T001654,E00077
T001654,E00660
T001654,E00497
T001654,E00647
T001654,E00333
T001654,E00460
T001654,E00795
T001654,E00230
T001654,E00297
T001655,E00515
T001655,E00702
T001655,E00798
T001655,E00767
T001655,E00579
T001655,E00542
T001655,E00087
T001655,E00186
T001655,E00272
T001655,E00672
T001655,E00524
T001655,E00732
T001655,E00789
T001655,E00265
T001655,E00096
T001655,E00315
T001655,E00655
T001655,E00597
T001656,E00368
T001656,E00052
T001656,E00033
T001656,E00759
T001656,E00080
T001656,E00731
T001656,E00723
T001656,E00448
T001656,E00037
T001656,E00482
T001656,E00754
T001656,E00335
T001656,E00577
T001656,E00082
T001656,E00716
T001656,E00153
T001656,E00680
T001656,E00456
T001657,E00676
T001657,E00607
T001657,E00756
T001657,E00218
T001657,E00536
T001657,E00596
T001658,E00185
T001658,E00134
T001658,E00661
T001658,E00738
T001658,E00551
T001658,E00532
T001658,E00564
T001658,E00024
T001659,E00619
T001659,E00438
T001659,E00126
T001659,E00758
T001659,E00465
T001659,E00469
T001659,E00140
T001659,E00557
T001660,E00282
T001660,E00466
T001660,E00678
T001660,E00675
T001660,E00137
T001660,E00751
T001660,E00581
T001660,E00443
T001661,E00730
T001661,E00364
T001661,E00338
T001661,E00382
T001661,E00769
T001661,E99264
T001661,E00616
T001661,E00259
T001662,E00240
T001662,E00706
T001662,E00500
T001662,E99793
T001662,E00699
T001662,E00124
T001662,E00011
T001662,E00176
T001663,E00260
T001663,E00173
T001664,E00348
T001664,E00160
T001664,E00704
T001664,E00520
T001664,E00222
T001664,E00468
T001664,E00089
T001664,E00359
T001665,E00407
T001665,E00299
T001665,E00613
T001665,E00741
T001665,E99388
T001665,E00463
T001665,E00797
T001665,E00541
T001666,E00750
T001666,E00097
T001666,E00546
T001666,E00131
T001666,E00183
T001666,E00032
T001666,E00269
T001666,E00298
T001667,E00665
T001667,E00673
T001667,E00503
T001667,E00234
T001667,E00247
T001667,E00419
T001667,E00432
T001667,E00014
T001668,E00190
T001668,E00020
T001668,E00644
T001668,E00111
T001668,E00143
T001668,E00362
T001668,E00056
T001668,E00301
T001669,E00744
T001670,E00485
T001670,E00155
T001670,E00215
T001670,E00423
T001671,E00007
T001671,E00506
T001671,E00480
T001671,E00507
T001672,E00472
T001672,E00687
T001672,E00425
T001672,E00415
T001673,E00319
T001673,E00573
T001673,E00471
T001673,E00718
T001674,E00778
T001674,E00357
T001674,E00583
T001674,E00010
T001675,E00271
T001675,E00286
T001675,E00172
T001675,E00593
T001676,E00369
T001676,E00059
T001676,E00486
T001676,E00677
T001677,E00742
T001677,E00211
T001677,E00777
T001677,E00070
T001678,E00421
T001678,E00177
T001678,E00093
T001678,E00517
T001679,E00283
T001679,E00330
T001679,E00266
T001679,E00128
T001680,E00615
T001680,E00477
T001680,E00105
T001680,E00453
T001681,E00181
T001681,E00651
T001681,E00683
T001681,E00217
T001681,E00166
T001681,E00499
T001681,E00399
T001681,E00431
T001681,E00669
T001681,E00725
T001681,E00112
T001681,E00309
T001681,E00582
T001681,E00440
T001681,E00709
T001681,E00627
T001681,E00512
T001681,E00435
T001682,E00519
T001682,E00422
T001682,E00076
T001682,E00187
T001682,E00429
T001682,E00484
T001682,E00726
T001682,E00237
T001682,E00768
T001682,E00674
T001682,E00389
T001682,E00446
T001682,E00492
T001682,E00276
T001682,E00603
T001682,E00152
T001682,E00094
T001682,E00539
T001683,E00544
T001683,E00625
T001683,E00626
T001683,E00555
T001683,E00508
T001683,E00150
T001683,E00787
T001684,E99303
T001684,E00410
T001684,E00478
T001684,E00171
T001684,E00483
T001684,E00250
T001684,E00604
T001684,E00197
T001685,E00196
T001685,E00220
T001685,E00464
T001685,E00537
T001685,E00664
T001685,E00513
T001685,E00277
T001685,E00736
T001686,E00788
T001686,E00048
T001686,E00511
T001686,E00764
T001686,E00136
T001686,E00162
T001686,E00430
T001686,E00695
T001687,E00370
T001687,E00666
T001687,E00584
T001687,E00545
T001687,E00713
T001687,E00285
T001687,E00243
T001687,E00433
T001688,E00345
T001688,E99624
T001688,E00133
T001688,E00249
T001688,E00447
T001688,E00652
T001688,E00235
T001688,E00449
T001689,E00481
T001689,E00721
T001689,E00487
T001689,E00027
T001690,E00685
T001690,E00533
T001690,E00208
T001690,E00412
T001691,E00441
T001691,E00358
T001691,E00698
T001691,E00354
T001692,E00428
T001692,E00772
T001692,E00023
T001692,E00450
T001693,E00405
T001693,E00001
T001693,E00381
T001693,E00589
T001694,E00311
T001694,E00214
T001694,E00509
T001694,E00371
T001695,E00547
T001695,E00044
T001695,E00205
T001695,E00212
T001696,E00302
T001696,E99922
T001696,E00400
T001696,E00745
T001697,E00587
T001697,E99364
T001697,E00445
T001697,E00436
T001698,E00303
T001698,E00336
T001698,E00182
T001698,E00743
T001699,E00662
T001699,E00385
T001699,E00442
T001699,E00569
T001700,E00739
T001700,E00102
T001701,E00538
T001701,E00473
T001701,E99427
T001701,E00439
T001701,E00600
T001701,E00256
T001701,E00304
T001701,E00766
T001701,E00242
T001701,E00075
T001701,E00241
T001701,E00691
T001701,E00236
T001701,E00352
T001701,E00529
T001701,E00489
T001701,E00063
T001701,E00122
T001702,E00323
T001702,E00392
T001702,E00117
T001702,E00377
T001703,E00012
T001703,E00395
T001703,E00106
T001703,E00585
T001703,E00455
T001703,E00782
T001703,E00132
T001703,E00667
T001703,E99285
T001703,E00755
T001703,E99223
T001703,E00452
T001703,E00047
T001703,E00720
T001703,E00039
T001703,E00108
T001703,E00193
T001703,E00081
T001704,E00694
T001704,E00496
T001704,E00567
T001704,E00454
T001704,E00376
T001704,E00393
T001704,E00004
T001704,E00149
T001704,E00141
T001704,E00602
T001704,E00278
T001705,E00043
T001705,E99329
T001705,E00198
T001705,E00495
T001705,E00621
T001705,E00127
T001705,E00771
T001705,E00281
T001706,E00535
T001706,E00629
T001706,E00528
T001706,E00727
T001706,E00413
T001706,E00403
T001706,E00703
T001706,E00363
T001707,E00785
T001707,E00322
T001707,E00327
T001707,E00264
T001707,E00475
T001707,E00408
T001707,E00109
T001708,E00060
T001708,E99344
T001708,E00784
T001708,E00552
T001708,E00130
T001708,E00586
T001708,E00146
T001708,E00074
T001709,E00317
T001709,E00163
T001709,E00562
T001709,E00554
T001709,E00608
T001709,E00192
T001709,E00262
T001709,E00036
T001710,E00028
T001710,E00147
T001710,E00139
T001710,E00100
T001710,E00055
T001710,E00195
T001710,E00641
T001710,E00188
T001711,E00729
T001711,E00257
T001711,E00553
T001712,E00231
T001712,E00501
T001712,E00305
T001712,E00145
T001713,E00526
T001713,E00326
T001713,E00757
T001713,E00494
T001714,E00103
T001714,E00617
T001714,E00606
T001714,E00635
T001715,E00013
T001715,E00110
T001715,E00794
T001715,E00005
T001716,E00414
T001716,E00645
T001716,E00505
T001716,E00263
T001717,E00339
T001717,E00119
T001717,E00002
T001717,E00189
T001718,E00169
T001718,E00168
T001718,E00479
T001718,E00770
T001719,E00387
T001719,E00224
T001719,E00701
T001719,E00138
T001719,E00165
T001719,E00054
T001719,E00275
T001719,E00019
T001719,E00799
T001719,E00030
T001719,E00118
T001719,E00294
T001719,E00684
T001719,E00206
T001719,E00646
T001719,E00015
T001719,E00746
T001719,E00692
T001720,E00017
T001720,E00158
T001720,E00006
T001720,E00516
T001721,E00290
T001721,E00590
T001721,E00391
T001721,E00467
T001721,E00719
T001721,E00658
T001721,E00386
T001721,E99802
T001722,E00343
T001722,E00274
T001722,E99510
T001722,E00053
T001722,E00576
T001722,E00151
T001722,E00592
T001722,E00306
T001723,E00502
T001723,E00268
T001723,E00180
T001723,E00620
T001723,E00776
T001723,E00648
T001723,E00434
T001723,E00462
T001724,E00566
T001724,E00121
T001724,E00793
T001724,E00200
T001724,E00624
T001724,E00708
T001724,E00227
T001724,E00724
T001725,E00384
T001725,E00575
T001725,E00061
T001725,E00753
T001726,E00072
T001726,E00490
T001726,E00057
T001726,E00120
T001727,E00682
T001727,E00470
T001727,E00416
T001727,E00204
T001728,E00681
T001728,E00050
T001728,E00334
T001728,E00344
T001729,E00390
T001729,E00609
T001729,E99859
T001729,E00202
T001730,E00540
T001730,E00595
T001730,E00042
T001730,E00705
T001731,E00792
T001731,E00144
T001731,E00634
T001731,E00225
T001732,E00427
T001733,E00488
T001733,E00226
T001733,E00774
T001733,E00574
T001733,E00521
T001733,E00654
T001733,E00069
T001733,E00560
T001733,E00095
T001733,E00355
T001733,E00228
T001733,E00379
T001733,E00791
T001733,E00034
T001733,E00642
T001733,E00614
T001733,E00104
T001733,E00653
T001734,E00373
T001734,E00696
T001734,E00115
T001735,E00167
T001735,E00123
T001735,E00610
T001735,E00084
T001735,E00796
T001735,E00156
T001735,E00251
T001735,E00349
T001735,E00372
T001735,E00568
T001735,E00628
T001735,E00255
T001735,E00591
T001735,E00351
T001736,E00316
T001736,E00239
T001736,E00201
T001736,E00420
T001736,E00649
T001736,E00219
T001736,E00135
T001736,E00679
T001737,E00735
T001737,E00418
T001737,E00008
T001737,E00026
T001737,E00594
T001737,E00092
T001737,E00221
T001738,E00775
T001738,E00270
T001738,E00233
T001738,E00417
T001738,E00548
T001738,E00342
T001738,E00021
T001738,E00650
T001739,E00314
T001739,E00041
T001739,E00083
T001739,E00046
T001739,E00321
T001739,E00350
T001739,E00035
T001739,E00411
T001740,E00085
T001740,E00307
T001740,E00254
T001740,E00523
T001741,E00367
T001741,E00091
T001741,E00612
T001741,E00474
T001742,E00312
T001742,E00296
T001742,E00375
T001742,E00458
T001743,E00029
T001743,E00356
T001743,E00748
T001743,E00113
T001744,E00394
T001744,E00071
T001744,E00210
T001744,E00424
T001745,E00288
T001745,E00107
T001745,E00514
T001746,E00040
T001746,E00734
T001746,E99413
T001746,E00765
T001746,E00790
T001746,E00522
T001746,E00550
T001746,E99246
T001746,E00663
T001746,E00601
T001746,E00099
T001746,E00711
T001746,E00763
T001746,E00088
T001746,E00563
T001746,E00461
T001746,E00090
T001746,E00504
T001747,E00712
T001748,E00207
T001748,E00238
T001748,E00740
T001748,E00116
T001748,E00194
T001748,E00437
T001748,E00656
T001748,E00749
T001749,E00780
T001749,E00232
T001749,E00383
T001749,E00341
T001749,E00588
T001749,E00786
T001749,E00657
T001750,E00318
T001750,E00397
T001750,E00686
T001750,E00280
T001751,E00114
T001751,E00244
T001751,E00578
T001751,E00209
T001752,E00639
T001752,E00025
T001752,E00331
T001752,E00632
T001753,E00690
T001753,E00760
T001754,E00038
T001754,E00086
T001754,E00253
T001754,E00460
T001754,E00409
T001754,E00337
T001754,E00783
T001754,E00647
T001754,E00630
T001754,E00142
T001754,E00258
T001754,E99736
T001754,E00267
T001754,E00688
T001754,E00561
T001754,E00051
T001754,E00762
T001754,E00710
T001755,E00077
T001755,E00199
T001755,E00556
T001755,E00016
T001755,E00800
T001755,E00459
T001755,E00497
T001755,E00660
T001755,E00333
T001755,E00291
T001755,E00273
T001755,E00549
T001755,E00779
T001755,E00252
T001755,E00752
T001755,E00773
T001755,E00795
T001755,E00230
T001756,E00003
T001756,E00129
T001756,E00125
T001756,E00178
T001756,E00605
T001756,E00406
T001756,E00009
T001756,E00398
T001756,E00161
T001757,E00702
T001757,E00080
T001757,E00693
T001757,E00731
T001757,E00756
T001757,E00732
T001757,E00754
T001757,E00218
T001757,E00186
T001757,E00082
T001757,E00680
T001757,E00676
T001757,E00716
T001757,E00798
T001757,E00607
T001757,E00033
T001757,E00631
T001757,E00335
T001758,E00542
T001758,E00272
T001758,E00597
T001758,E00087
T001758,E00037
T001758,E00448
T001758,E00579
T001758,E00022
T001758,E00723
T001758,E00536
T001758,E00524
T001758,E00689
T001758,E00655
T001758,E00052
T001758,E99072
T001758,E00482
T001758,E00315
T001758,E00159
T001759,E00153
T001759,E00596
T001759,E00096
T001759,E00577
T001759,E00759
T001759,E00767
T001759,E00672
T001760,E00581
T001760,E00154
T001760,E00024
T001760,E00661
T001760,E00466
T001760,E00126
T001760,E00564
T001760,E00173
T001761,E00465
T001761,E00751
T001761,E00557
T001761,E00675
T001761,E00364
T001761,E00382
T001761,E00699
T001761,E00706
T001762,E00730
T001762,E00510
T001762,E00185
T001762,E00678
T001762,E00619
T001762,E00240
T001762,E00338
T001762,E00124
T001763,E00758
T001763,E00469
T001763,E00443
T001763,E00551
T001763,E00616
T001763,E00259
T001763,E00260
T001763,E00176
T001764,E00532
T001764,E00444
T001764,E00011
T001764,E00140
T001764,E00769
T001764,E00500
T001764,E00738
T001764,E99823
T001765,E00269
T001765,E00419
T001765,E00190
T001765,E00644
T001765,E00032
T001765,E00298
T001765,E00160
T001765,E00340
T001766,E00313
T001766,E00673
T001766,E00359
T001766,E00546
T001766,E00183
T001766,E00247
T001766,E00203
T001766,E00704
T001767,E00468
T001767,E99061
T001767,E00056
T001767,E00089
T001767,E00348
T001767,E00741
T001767,E00143
T001767,E00014
T001768,E00613
T001768,E00222
T001768,E00665
T001768,E00131
T001768,E00493
T001768,E00520
T001768,E00020
T001768,E00541
T001769,E00744
T001769,E00750
T001769,E00362
T001769,E00463
T001769,E00097
T001769,E00213
T001769,E00407
T001769,E00111
T001770,E00299
T001770,E00797
T001771,E00271
T001771,E00283
T001771,E00423
T001771,E00714
T001772,E00155
T001772,E00615
T001772,E00215
T001772,E00319
T001773,E00421
T001773,E00105
T001773,E00777
T001773,E99360
T001774,E00330
T001774,E00485
T001774,E00070
T001774,E00425
T001775,E00507
T001775,E00177
T001775,E00687
T001775,E00472
T001776,E00266
T001776,E00506
T001776,E00677
T001776,E00007
T001777,E00573
T001777,E00517
T001777,E00583
T001777,E00211
T001778,E00471
T001778,E00093
T001778,E00286
T001778,E00059
T001779,E00172
T001779,E00718
T001779,E00415
T001779,E00593
T001780,E00010
T001780,E00128
T001780,E00357
T001780,E00480
T001781,E00453
T001781,E00778
T001781,E00486
T001782,E99545
T001782,E00217
T001782,E00152
T001782,E00618
T001782,E00292
T001782,E00582
T001782,E00670
T001782,E00499
T001782,E00440
T001782,E00626
T001782,E00389
T001782,E00422
T001782,E00435
T001782,E00295
T001782,E00166
T001782,E00399
T001782,E00279
T001782,E00094
T001783,E00512
T001783,E00429
T001783,E00707
T001783,E00276
T001783,E00484
T001783,E00181
T001783,E00539
T001783,E00508
T001783,E00544
T001783,E00726
T001783,E00787
T001783,E00709
T001783,E00625
T001783,E00728
T001783,E99443
T001783,E00725
T001783,E00627
T001783,E00150
T001784,E00309
T001784,E00555
T001784,E00651
T001784,E00603
T001784,E00112
T001784,E00674
T001784,E00076
T001784,E00669
T001784,E00768
T001784,E99160
T001784,E00683
T001784,E00519
T001784,E00237
T001785,E00788
T001785,E00243
T001785,E00175
T001785,E00478
T001785,E00197
T001785,E00277
T001785,E00487
T001785,E00345
T001786,E00133
T001786,E00633
T001786,E00464
T001786,E00537
T001786,E00171
T001786,E00300
T001786,E00511
T001786,E00065
T001787,E00666
T001787,E00136
T001787,E00058
T001787,E00027
T001787,E00695
T001787,E00449
T001787,E00664
T001787,E00430
T001788,E99970
T001788,E00250
T001788,E00285
T001788,E00433
T001788,E00483
T001788,E00410
T001788,E00249
T001788,E00048
T001789,E00721
T001789,E00736
T001789,E00764
T001789,E00584
T001789,E00713
T001789,E00049
T001789,E00447
T001789,E00223
T001790,E00604
T001790,E00513
T001790,E00220
T001790,E00637
T001790,E00652
T001790,E00229
T001791,E00569
T001791,E00498
T001791,E00212
T001791,E00743
T001792,E00380
T001792,E00371
T001792,E00445
T001792,E00044
T001793,E00442
T001793,E00303
T001793,E00001
T001793,E00358
T001794,E99548
T001794,E00214
T001794,E00525
T001794,E00685
T001795,E00336
T001795,E00311
T001795,E00405
T001795,E00184
T001796,E00208
T001796,E00302
T001796,E00436
T001796,E00589
T001797,E00426
T001797,E00412
T001797,E00781
T001797,E00533
T001798,E00700
T001798,E00045
T001798,E00404
T001798,E00023
T001799,E00354
T001799,E00441
T001799,E00509
T001799,E99852
T001800,E00547
T001800,E00450
T001800,E00587
T001800,E00772
T001801,E00381
T001801,E00745
T001801,E00698
T001801,E00739
T001802,E00205
T001802,E00400
T001803,E00538
T001803,E00451
T001803,E00489
T001803,E00392
T001803,E00256
T001803,E00766
T001803,E00063
T001803,E00529
T001803,E00117
T001803,E00242
T001803,E00236
T001803,E00377
T001803,E00323
T001803,E00473
T001803,E00075
T001803,E00600
T001803,E00733
T001803,E00122
T001804,E00439
T001804,E00241
T001804,E00691
T001805,E00149
T001805,E99277
T001805,E00720
T001805,E00452
T001805,E00782
T001805,E00567
T001805,E00278
T001805,E00455
T001805,E00081
T001805,E00570
T001805,E00106
T001805,E00004
T001805,E00193
T001805,E00376
T001805,E00694
T001805,E00531
T001805,E00667
T001805,E00496
T001806,E00755
T001806,E00585
T001806,E00047
T001806,E00012
T001806,E00395
T001806,E00671
T001806,E00598
T001806,E00132
T001806,E00108
T001806,E00602
T001806,E00454
T001806,E00039
T001807,E00322
T001807,E00264
T001807,E00109
T001807,E00413
T001807,E00629
T001807,E00363
T001807,E00281
T001807,E00495
T001808,E00528
T001808,E00408
T001808,E00737
T001808,E00771
T001808,E00727
T001808,E00327
T001808,E00198
T001808,E00324
T001809,E00785
T001809,E00621
T001809,E00535
T001809,E00403
T001809,E00715
T001809,E00703
T001809,E00043
T001809,E00127
T001810,E00729
T001810,E00553
T001810,E00586
T001810,E00317
T001810,E00036
T001810,E00130
T001810,E00554
T001810,E00028
T001811,E00192
T001811,E00641
T001811,E00784
T001811,E00643
T001811,E00100
T001811,E00608
T001811,E00257
T001811,E00552
T001812,E00146
T001812,E00074
T001812,E00262
T001812,E00195
T001812,E00163
T001812,E00139
T001812,E00055
T001812,E00188
T001813,E00073
T001813,E00147
T001813,E00402
T001813,E99977
T001813,E00320
T001813,E00060
T001814,E99469
T001814,E00505
T001814,E99467
T001814,E00326
T001815,E00168
T001815,E00263
T001815,E00617
T001815,E00098
T001816,E00414
T001816,E00305
T001816,E00606
T001816,E00145
T001817,E00339
T001817,E00013
T001817,E00635
T001817,E00101
T001818,E00645
T001818,E00494
T001818,E00189
T001818,E00103
T001819,E00169
T001819,E00005
T001819,E00479
T001819,E00794
T001820,E00231
T001820,E00526
T001820,E00640
T001821,E00019
T001821,E00387
T001821,E00165
T001821,E00206
T001821,E00006
T001821,E00543
T001821,E00118
T001821,E00646
T001821,E00516
T001821,E00294
T001821,E00030
T001821,E00015
T001821,E00138
T001821,E00224
T001821,E00054
T001821,E00692
T001821,E00746
T001821,E00701
T001822,E00599
T001822,E00017
T001822,E00799
T001822,E00158
T001822,E00684
T001822,E00275
T001823,E00180
T001823,E00170
T001823,E00121
T001823,E00719
T001823,E00268
T001823,E00776
T001823,E00590
T001823,E00164
T001824,E00391
T001824,E00290
T001824,E00274
T001824,E00462
T001824,E00658
T001824,E00502
T001824,E00576
T001824,E00648
T001825,E00793
T001825,E00467
T001825,E00174
T001825,E00434
T001825,E00724
T001825,E00151
T001825,E00566
T001825,E00227
T001826,E00624
T001826,E00306
T001826,E00708
T001827,E00293
T001827,E00753
T001827,E00057
T001827,E00390
T001828,E00334
T001828,E00144
T001828,E00042
T001828,E00384
T001829,E00061
T001829,E00575
T001829,E00225
T001829,E00705
T001830,E00540
T001830,E00353
T001830,E00120
T001830,E00078
T001831,E00470
T001831,E00427
T001831,E00204
T001831,E00595
T001832,E00401
T001832,E00681
T001832,E99573
T001832,E00344
T001833,E00476
T001833,E00050
T001833,E00792
T001834,E00379
T001834,E00560
T001834,E00488
T001834,E00614
T001834,E00346
T001834,E00642
T001834,E00355
T001834,E00654
T001834,E00228
T001834,E00521
T001834,E00069
T001834,E00115
T001834,E00095
T001834,E00104
T001834,E00226
T001834,E00653
T001834,E00574
T001834,E00696
T001835,E00791
T001835,E00034
T001835,E00774
T001835,E00365
T001835,E00373
T001836,E00255
T001836,E00628
T001836,E00062
T001836,E00559
T001836,E00610
T001836,E00084
T001836,E00251
T001836,E00568
T001836,E00796
T001836,E00167
T001836,E00349
T001836,E00123
T001836,E00372
T001836,E00351
T001837,E00201
T001837,E00008
T001837,E00418
T001837,E00594
T001837,E00580
T001837,E00420
T001837,E00135
T001837,E00316
T001838,E00679
T001838,E00735
T001838,E00219
T001838,E00221
T001838,E00092
T001838,E00649
T001839,E00041
T001839,E00321
T001839,E00411
T001839,E00314
T001839,E00233
T001839,E00254
T001839,E00360
T001839,E00417
T001840,E00650
T001840,E00035
T001840,E00046
T001840,E99414
T001840,E00289
T001840,E00342
T001840,E00548
T001840,E00083
T001841,E00307
T001841,E00350
T001841,E00085
T001841,E00021
T001842,E00366
T001842,E00514
T001842,E00091
T001842,E00424
T001843,E00029
T001843,E00458
T001843,E00394
T001843,E00210
T001844,E00296
T001844,E00071
T001844,E00375
T001844,E00748
T001845,E00612
T001845,E00288
T001845,E00113
T001845,E00558
T001846,E00356
T001846,E00107
T001846,E00367
T001846,E00312
T001847,E00711
T001847,E00088
T001847,E00248
T001847,E00040
T001847,E00332
T001847,E00310
T001847,E00148
T001847,E00461
T001847,E00374
T001847,E00601
T001847,E00563
T001847,E00550
T001847,E00763
T001847,E00734
T001847,E00663
T001847,E00712
T001847,E00522
T001847,E00099
T001848,E00504
T001848,E00790
T001849,E00786
T001849,E00780
T001849,E00116
T001849,E00588
T001849,E00740
T001849,E00232
T001849,E00437
T001849,E00749
T001850,E00194
T001850,E00657
T001850,E00341
T001850,E00157
T001850,E00656
T001850,E00518
T001850,E00246
T001850,E00207
T001851,E00383
T001851,E00238
T001852,E00244
T001852,E00690
T001852,E00578
T001852,E00331
T001853,E00284
T001853,E00639
T001853,E00025
T001853,E00632
T001854,E00760
T001854,E00318
T001854,E00209
T001854,E00280
T001855,E99272
T001856,E00762
T001856,E00125
T001856,E00497
T001856,E00077
T001856,E99737
T001856,E00273
T001856,E00003
T001856,E00647
T001856,E00009
T001856,E00460
T001856,E00142
T001856,E00409
T001856,E00086
T001856,E00710
T001856,E00779
T001856,E00329
T001856,E00291
T001856,E00549
T001857,E00199
T001857,E00773
T001857,E00267
T001857,E00459
T001857,E00333
T001857,E00795
T001857,E00783
T001857,E00630
T001857,E00752
T001857,E00230
T001857,E99247
T001857,E00688
T001857,E00129
T001857,E00800
T001857,E00178
T001857,E00565
T001857,E00253
T001857,E00406
T001858,E00191
T001858,E00018
T001858,E00051
T001858,E00605
T001858,E99458
T001858,E00161
T001858,E00258
T001858,E00016
T001858,E00252
T001858,E00556
T001858,E00325
T001858,E00337
T001858,E00297
T001858,E00398
T001859,E00315
T001859,E00542
T001859,E00689
T001859,E00524
T001859,E00022
T001859,E00515
T001859,E00680
T001859,E00702
T001859,E00265
T001859,E00631
T001859,E00676
T001859,E00186
T001859,E00153
T001859,E00597
T001859,E00272
T001859,E00754
T001859,E00052
T001859,E00731
T001860,E00732
T001860,E00388
T001860,E00080
T001860,E00456
T001860,E00756
T001860,E00368
T001860,E00087
T001860,E00759
T001860,E00218
T001860,E00798
T001860,E00577
T001860,E00596
T001860,E00037
T001860,E00789
T001860,E00672
T001860,E00655
T001860,E00159
T001860,E00082
T001861,E00767
T001861,E00096
T001861,E00693
T001861,E00607
T001861,E00482
T001861,E00335
T001861,E00716
T001861,E00448
T001861,E00033
T001861,E00536
T001862,E00675
T001862,E00706
T001862,E00699
T001862,E00126
T001862,E00259
T001862,E00551
T001862,E00469
T001862,E00661
T001863,E00500
T001863,E00717
T001863,E00678
T001863,E00154
T001863,E00444
T001863,E00240
T001863,E00438
T001863,E00382
T001864,E00011
T001864,E00176
T001864,E00465
T001864,E00619
T001864,E00510
T001864,E00769
T001864,E00557
T001864,E00443
T001865,E00758
T001865,E00738
T001865,E00532
T001865,E00338
T001865,E00466
T001865,E00134
T001865,E00564
T001865,E00260
T001866,E00364
T001866,E00616
T001866,E00140
T001866,E00124
T001866,E00730
T001866,E00751
T001866,E00024
T001866,E00185
T001867,E00282
T001867,E00581
T001868,E00313
T001868,E00797
T001868,E00432
T001868,E00190
T001868,E00056
T001868,E00020
T001868,E00362
T001868,E00097
T001869,E00183
T001869,E00213
T001869,E00359
T001869,E00665
T001869,E00203
T001869,E00744
T001869,E00493
T001869,E00704
T001870,E99000
T001870,E00131
T001870,E00419
T001870,E00673
T001870,E00143
T001870,E00503
T001870,E00541
T001870,E99245
T001871,E00750
T001871,E00407
T001871,E00644
T001871,E00520
T001871,E99030
T001871,E00032
T001871,E00463
T001871,E00014
T001872,E00468
T001872,E00247
T001872,E00340
T001872,E00546
T001872,E00111
T001872,E00298
T001872,E00613
T001872,E00301
T001873,E00348
T001874,E00742
T001874,E00677
T001874,E00357
T001874,E00593
T001875,E00415
T001875,E00777
T001875,E00070
T001875,E00423
T001876,E00330
T001876,E00128
T001876,E00155
T001876,E00486
T001877,E00507
T001877,E00583
T001877,E00718
T001877,E00477
T001878,E00714
T001878,E00453
T001878,E00480
T001878,E00778
T001879,E00286
T001879,E00573
T001879,E00283
T001879,E00059
T001880,E00506
T001880,E00471
T001880,E00177
T001880,E00211
T001881,E00266
T001881,E00369
T001881,E00421
T001881,E00105
T001882,E00271
T001882,E00472
T001882,E00093
T001882,E00687
T001883,E00615
T001883,E00172
T001883,E00517
T001883,E00215
T001884,E00485
T001884,E00007
T001884,E00425
T001885,E00276
T001885,E00150
T001885,E00435
T001885,E00308
T001885,E00492
T001885,E00555
T001885,E00309
T001885,E00544
T001885,E00484
T001885,E00626
T001885,E00389
T001885,E00651
T001885,E00094
T001885,E00709
T001885,E00429
T001885,E00076
T001885,E00295
T001885,E00670
T001886,E00237
T001886,E00683
T001886,E00627
T001886,E00539
T001886,E00499
T001886,E00726
T001886,E00768
T001886,E00446
T001886,E00512
T001886,E00431
T001886,E00292
T001886,E00787
T001886,E00625
T001886,E00152
T001886,E00422
T001886,E00618
T001886,E00582
T001886,E00603
T001887,E00440
T001887,E00112
T001887,E00279
T001887,E00674
T001887,E00217
T001887,E00725
T001887,E00187
T001887,E00399
T001887,E00181
T001887,E00519
T001887,E00166
T001887,E00669
T001888,E00584
T001888,E00410
T001888,E00175
T001888,E00430
T001888,E00049
T001888,E00285
T001888,E00695
T001888,E00652
T001889,E00065
T001889,E00162
T001889,E00048
T001889,E00220
T001889,E00196
T001889,E00447
T001889,E00487
T001889,E00136
T001890,E00277
T001890,E00133
T001890,E00481
T001890,E00736
T001890,E00243
T001890,E00511
T001890,E00764
T001890,E00721
T001891,E00537
T001891,E00666
T001891,E00229
T001891,E00250
T001891,E00633
T001891,E00664
T001891,E00513
T001891,E00249
T001892,E00223
T001892,E00058
T001892,E00197
T001892,E00637
T001892,E00604
T001892,E00345
T001892,E00171
T001892,E00788
T001893,E00370
T001893,E00300
T001893,E00433
T001893,E00449
T001893,E00713
T001893,E00545
T001893,E00464
T001893,E00235
T001894,E00483
T001895,E00001
T001895,E00404
T001895,E00589
T001895,E00442
T001896,E00698
T001896,E00214
T001896,E99294
T001896,E00509
T001897,E00412
T001897,E00354
T001897,E00441
T001897,E00772
T001898,E00182
T001898,E00371
T001898,E00311
T001898,E00385
T001899,E00044
T001899,E00662
T001899,E00405
T001899,E00525
T001900,E00533
T001900,E00436
T001900,E00428
T001900,E00184
T001901,E00303
T001901,E00336
T001901,E00400
T001901,E00547
T001902,E00212
T001902,E00205
T001902,E00745
T001902,E00450
T001903,E00781
T001903,E00380
T001903,E00743
T001903,E00358
T001904,E00498
T001904,E00426
T001904,E00045
T001904,E00023
T001905,E00587
T001905,E00445
T001905,E00208
T001905,E00700
T001906,E00739
T001906,E00569
T001906,E00685
T001906,E00102
T001907,E00302
T001908,E00473
T001908,E00075
T001908,E00733
T001908,E00451
T001908,E00241
T001908,E00766
T001908,E00236
T001908,E00377
T001908,E00691
T001908,E00352
T001908,E00600
T001908,E00392
T001908,E00538
T001908,E00489
T001908,E00242
T001908,E00529
T001908,E00439
T001908,E00063
T001909,E00117
T001909,E00256
T001909,E00122
T001909,E00304
T001910,E00694
T001910,E99305
T001910,E00755
T001910,E00081
T001910,E00455
T001910,E00149
T001910,E00106
T001910,E00141
T001910,E00452
T001910,E00454
T001910,E00598
T001910,E00720
T001910,E00570
T001910,E00567
T001910,E00671
T001910,E00108
T001910,E00496
T001910,E00039
T001911,E00395
T001911,E00585
T001911,E00531
T001911,E00047
T001911,E00278
T001911,E00602
T001911,E00782
T001911,E00376
T001911,E00393
T001911,E00132
T001911,E00667
T001911,E00193
T001912,E00413
T001912,E00535
T001912,E00327
T001912,E00785
T001912,E00363
T001912,E00727
T001912,E00737
T001912,E00475
T001913,E00495
T001913,E00324
T001913,E00771
T001913,E00528
T001913,E00322
T001913,E00127
T001913,E00043
T001913,E00281
T001914,E00264
T001914,E00703
T001914,E00715
T001914,E00198
T001914,E00403
T001914,E00408
T001914,E00629
T001914,E00621
T001915,E00195
T001915,E00060
T001915,E00553
T001915,E00784
T001915,E00028
T001915,E00139
T001915,E00641
T001915,E00586
T001916,E00130
T001916,E00074
T001916,E00562
T001916,E00036
T001916,E00262
T001916,E00643
T001916,E00552
T001916,E00317
T001917,E00402
T001917,E00192
T001917,E00257
T001917,E00146
T001917,E00320
T001917,E00100
T001917,E00554
T001917,E00073
T001918,E00188
T001918,E00147
T001918,E00608
T001918,E00729
T001918,E00163
T001918,E00055
T001919,E00501
T001919,E00606
T001919,E00231
T001919,E00479
T001920,E00189
T001920,E00002
T001920,E00305
T001920,E00794
T001921,E00119
T001921,E00098
T001921,E00263
T001921,E00110
T001922,E00617
T001922,E00414
T001922,E00640
T001922,E00494
T001923,E00013
T001923,E00169
T001923,E00770
T001923,E99438
T001924,E00505
T001924,E00635
T001924,E00005
T001924,E00757
T001925,E00526
T001925,E00168
T001925,E00645
T001925,E00326
T001926,E00006
T001926,E99667
T001926,E00799
T001926,E00030
T001926,E00015
T001926,E00684
T001926,E00692
T001926,E00646
T001926,E00165
T001926,E00387
T001926,E00054
T001926,E00543
T001926,E00019
T001926,E00294
T001926,E00017
T001926,E00275
T001926,E00206
T001926,E00516
T001927,E00599
T001927,E99608
T001927,E00138
T001928,E00053
T001928,E00648
T001928,E00724
T001928,E00391
T001928,E00174
T001928,E00793
T001928,E00592
T001928,E00658
T001929,E00434
T001929,E00200
T001929,E00576
T001929,E00719
T001929,E00170
T001929,E00590
T001929,E00180
T001929,E00151
T001930,E99340
T001930,E00502
T001930,E00386
T001930,E00343
T001930,E00624
T001930,E00620
T001930,E00708
T001930,E00467
T001931,E00227
T001931,E00776
T001931,E00121
T001931,E00274
T001931,E00462
T001931,E00268
T001931,E00306
T001932,E00225
T001932,E00681
T001932,E00595
T001932,E00072
T001933,E00334
T001933,E00575
T001933,E00427
T001933,E00705
T001934,E00061
T001934,E00344
T001934,E00401
T001934,E00540
T001935,E00792
T001935,E00384
T001935,E00204
T001935,E00057
T001936,E00416
T001936,E00682
T001936,E00293
T001936,E00353
T001937,E00490
T001937,E00390
T001937,E00042
T001937,E00078
T001938,E00120
T001938,E00634
T001938,E00476
T001938,E00050
T001939,E00609
T001940,E00654
T001940,E00791
T001940,E00521
T001940,E00346
T001940,E00774
T001940,E00095
T001940,E00379
T001940,E00653
T001940,E00642
T001940,E00614
T001940,E00488
T001940,E00104
T001940,E00560
T001940,E00373
T001940,E00696
T001940,E00069
T001940,E00355
T001940,E00034
T001941,E00365
T001941,E00574
T001941,E00228
T001942,E00796
T001942,E00351
T001942,E00559
T001942,E00628
T001942,E00610
T001942,E00591
T001942,E00372
T001942,E00251
T001942,E00084
T001942,E00123
T001942,E00568
T001942,E00062
T001942,E00255
T001942,E00167
T001942,E00349
T001943,E00221
T001943,E00135
T001943,E00008
T001943,E00594
T001943,E00418
T001943,E00201
T001943,E00239
T001943,E00649
T001944,E00420
T001944,E00679
T001944,E00219
T001944,E00735
T001944,E00092
T001944,E00580
T001944,E00026
T001945,E00041
T001945,E00083
T001945,E00417
T001945,E00321
T001945,E99328
T001945,E00350
T001945,E00270
T001945,E00314
T001946,E00085
T001946,E00360
T001946,E00548
T001946,E00411
T001946,E00046
T001946,E00307
T001946,E00035
T001946,E00523
T001947,E00289
T001947,E00254
T001947,E00342
T001947,E00233
T001947,E00775
T001948,E00210
T001948,E99847
T001948,E00107
T001948,E00748
T001949,E00029
T001949,E00288
T001949,E00458
T001949,E00296
T001950,E00071
T001950,E00366
T001950,E00356
T001950,E00113
T001951,E00312
T001951,E00367
T001951,E00514
T001951,E00179
T001952,E00091
T001952,E00394
T001952,E00375
T001952,E00612
T001953,E00424
T001953,E00474
T001954,E00310
T001954,E00461
T001954,E00088
T001954,E00765
T001954,E00148
T001954,E00248
T001954,E00090
T001954,E00734
T001954,E00563
T001954,E00550
T001954,E00790
T001954,E00504
T001954,E00663
T001954,E00601
T001954,E00099
T001954,E00711
T001954,E00712
T001954,E00332
T001955,E00522
T001955,E00040
T001955,E00374
T001956,E00238
T001956,E00246
T001956,E00383
T001956,E00588
T001956,E00232
T001956,E00341
T001956,E00656
T001956,E00740
T001957,E00657
T001957,E00518
T001957,E00194
T001957,E00207
T001957,E00116
T001957,E00786
T001957,E00157
T001957,E00437
T001958,E00780
T001958,E00749
T001959,E00114
T001959,E00280
T001959,E00632
T001959,E00284
T001960,E00760
T001960,E00397
T001960,E00025
T001960,E00578
T001961,E00244
T001961,E00318
T001961,E00686
T001961,E00209
T001962,E00639
T001962,E00690
T001962,E00331
T001963,E00086
T001963,E00605
T001963,E00273
T001963,E00199
T001963,E00710
T001963,E00752
T001963,E00337
T001963,E00178
T001963,E00325
T001963,E00762
T001963,E99394
T001963,E00267
T001963,E00077
T001963,E00291
T001963,E00253
T001963,E00795
T001963,E00647
T001963,E00406
T001964,E00572
T001964,E00773
T001964,E00333
T001964,E00230
T001964,E00018
T001964,E00297
T001964,E00660
T001964,E00783
T001964,E00779
T001964,E00409
T001964,E00252
T001964,E00142
T001964,E00191
T001964,E00549
T001964,E00497
T001964,E00125
T001964,E00051
T001964,E00329
T001965,E00460
T001965,E00129
T001965,E00003
T001965,E00561
T001965,E00398
T001965,E00161
T001965,E00800
T001965,E00556
T001965,E00009
T001965,E00565
T001965,E00258
T001966,E00515
T001966,E00577
T001966,E00096
T001966,E00368
T001966,E00265
T001966,E00159
T001966,E00672
T001966,E00597
T001966,E00579
T001966,E00448
T001966,E00037
T001966,E00759
T001966,E00272
T001966,E00388
T001966,E00218
T001966,E00789
T001966,E00033
T001966,E00693
T001967,E00153
T001967,E00536
T001967,E00022
T001967,E00335
T001967,E00689
T001967,E00655
T001967,E00731
T001967,E00542
T001967,E00315
T001967,E00607
T001967,E00080
T001967,E00524
T001967,E00186
T001967,E00482
T001967,E00456
T001967,E00631
T001967,E00087
T001967,E00767
T001968,E00798
T001968,E00676
T001968,E00732
T001968,E00716
T001968,E00082
T001968,E00723
T001968,E00596
T001968,E00680
T001968,E00754
T001968,E00052
T001969,E00124
T001969,E00717
T001969,E00140
T001969,E00024
T001969,E00185
T001969,E00730
T001969,E00661
T001969,E00260
T001970,E00510
T001970,E00564
T001970,E00469
T001970,E00134
T001970,E00699
T001970,E00465
T001970,E00382
T001970,E00557
T001971,E00675
T001971,E00751
T001971,E00364
T001971,E00769
T001971,E00259
T001971,E00173
T001971,E00011
T001971,E00137
T001972,E00126
T001972,E00619
T001972,E00738
T001972,E00678
T001972,E00154
T001972,E00466
T001972,E00282
T001972,E00706
T001973,E00551
T001973,E00758
T001973,E00240
T001973,E00532
T001973,E00581
T001973,E00616
T001973,E00438
T001973,E00443
T001974,E00338
T001974,E00444
T001975,E00032
T001975,E00014
T001975,E00419
T001975,E00432
T001975,E00313
T001975,E00541
T001975,E00613
T001975,E00468
T001976,E00234
T001976,E00299
T001976,E00203
T001976,E00269
T001976,E00190
T001976,E00143
T001976,E00503
T001976,E00520
T001977,E00131
T001977,E00359
T001977,E00750
T001977,E00160
T001977,E00797
T001977,E00301
T001977,E00744
T001977,E00056
T001978,E00213
T001978,E00340
T001978,E00089
T001978,E00183
T001978,E00741
T001978,E00111
T001978,E00644
T001978,E00348
T001979,E00704
T001979,E00247
T001979,E00665
T001979,E00222
T001979,E00362
T001979,E00673
T001979,E00493
T001979,E00546
T001980,E00286
T001980,E00007
T001980,E00714
T001980,E00059
T001981,E00215
T001981,E00506
T001981,E00718
T001981,E00480
T001982,E00453
T001982,E00093
T001982,E00677
T001982,E00583
T001983,E00471
T001983,E00778
T001983,E00357
T001983,E00615
T001984,E00271
T001984,E00319
T001984,E00477
T001984,E00472
T001985,E00266
T001985,E00211
T001985,E00517
T001985,E00486
T001986,E00070
T001986,E00369
T001986,E00507
T001986,E00172
T001987,E00742
T001987,E00593
T001987,E00155
T001987,E00177
T001988,E00485
T001988,E00687
T001988,E00330
T001988,E00573
T001989,E00777
T001989,E00421
T001989,E00128
T001989,E00283
T001990,E00726
T001990,E00768
T001990,E00152
T001990,E00181
T001990,E00276
T001990,E00166
T001990,E00484
T001990,E00446
T001990,E00651
T001990,E00187
T001990,E00492
T001990,E00539
T001990,E00603
T001990,E00431
T001990,E00150
T001990,E00422
T001990,E00544
T001990,E00669
T001991,E00308
T001991,E00709
T001991,E00674
T001991,E00399
T001991,E00519
T001991,E00309
T001991,E00499
T001991,E00707
T001991,E00076
T001991,E00440
T001991,E00582
T001991,E00295
T001991,E00217
T001991,E00389
T001991,E00435
T001991,E00292
T001991,E99702
T001991,E00625
T001992,E00112
T001992,E00626
T001992,E00787
T001992,E00512
T001992,E00279
T001992,E00429
T001992,E00094
T001992,E00670
T001992,E00618
T001992,E00728
T001992,E00627
T001993,E00065
T001993,E00048
T001993,E00511
T001993,E00410
T001993,E00133
T001993,E00447
T001993,E00478
T001993,E00721
T001994,E99854
T001994,E00449
T001994,E00764
T001994,E00736
T001994,E00483
T001994,E00430
T001994,E00345
T001994,E00162
T001995,E00249
T001995,E00664
T001995,E00058
T001995,E00049
T001995,E00545
T001995,E00666
T001995,E00584
T001995,E00433
T001996,E00652
T001996,E00513
T001996,E00223
T001996,E00243
T001996,E00370
T001996,E00196
T001996,E00537
T001996,E99771
T001997,E00171
T001997,E00487
T001997,E00197
T001997,E00481
T001997,E00633
T001997,E00250
T001997,E00604
T001997,E00277
T001998,E00637
T001998,E00175
T001998,E00713
T001998,E00027
T001998,E00464
T001998,E00695
T001998,E00229
T001998,E00136
T001999,E00700
T001999,E00001
T001999,E00739
T001999,E00302
T002000,E00525
T002000,E00023
T002000,E00212
T002000,E00450
T002001,E00589
T002001,E00445
T002001,E00385
T002001,E00662
T002002,E00214
T002002,E00182
T002002,E00441
T002002,E00208
T002003,E00303
T002003,E00781
T002003,E00772
T002003,E00381
T002004,E00743
T002004,E00045
T002004,E00412
T002004,E00698
T002005,E00205
T002005,E00745
T002005,E00102
T002005,E00428
T002006,E00587
T002006,E00358
T002006,E00685
T002006,E00184
T002007,E00498
T002007,E00436
T002007,E00044
T002007,E00371
T002008,E00400
T002008,E00380
T002008,E00569
T002008,E00509
T002009,E00404
T002009,E00336
T002009,E00533
T002009,E00442
T002010,E00426
T002010,E00311
T002010,E00354
T002011,E00392
T002011,E00063
T002011,E00304
T002011,E00377
T002011,E00236
T002011,E00075
T002011,E00489
T002011,E00600
T002011,E00256
T002011,E00439
T002011,E99167
T002011,E00352
T002011,E00691
T002011,E00241
T002011,E00538
T002011,E00122
T002011,E00117
T002011,E00473
T002012,E00242
T002013,E00671
T002013,E00141
T002013,E00193
T002013,E00720
T002013,E00395
T002013,E00602
T002013,E00694
T002013,E00782
T002013,E00108
T002013,E00376
T002013,E00570
T002013,E00667
T002013,E00012
T002013,E00149
T002013,E00455
T002013,E00132
T002013,E00531
T002013,E00598
T002014,E00047
T002014,E00393
T002014,E00755
T002014,E00496
T002014,E00454
T002014,E00278
T002014,E00106
T002014,E00039
T002015,E00771
T002015,E99586
T002015,E00324
T002015,E00495
T002015,E00737
T002015,E00127
T002015,E00198
T002015,E00327
T002016,E00109
T002016,E00785
T002016,E00621
T002016,E00715
T002016,E00043
T002016,E00629
T002016,E00403
T002016,E00475
T002017,E00413
T002017,E00408
T002017,E00727
T002017,E00528
T002017,E00322
T002017,E00281
T002017,E00703
T002017,E00264
T002018,E00535
T002019,E00060
T002019,E00195
T002019,E00055
T002019,E00188
T002019,E00073
T002019,E00100
T002019,E00074
T002019,E00262
T002020,E00317
T002020,E00784
T002020,E00036
T002020,E00402
T002020,E00163
T002020,E99816
T002020,E00643
T002020,E00641
T002021,E00130
T002021,E00729
T002021,E00146
T002021,E00608
T002021,E00586
T002021,E99754
T002021,E00554
T002021,E00553
T002022,E00552
T002022,E00139
T002022,E00028
T002022,E00320
T002022,E00562
T002022,E00192
T002023,E00145
T002023,E00098
T002023,E00505
T002023,E00168
T002024,E00005
T002024,E00501
T002024,E00305
T002024,E00189
T002025,E00757
T002025,E00119
T002025,E00635
T002025,E00263
T002026,E00479
T002026,E00013
T002026,E00414
T002026,E00326
T002027,E00339
T002027,E00640
T002027,E00526
T002027,E00794
T002028,E00645
T002028,E00101
T002028,E00617
T002028,E00110
T002029,E00002
T002029,E00231
T002029,E00169
T002029,E00494
T002030,E00103
T002030,E00770
T002030,E00606
T002031,E00684
T002031,E00054
T002031,E99741
T002031,E00118
T002031,E00158
T002031,E00224
T002031,E00019
T002031,E00017
T002031,E00015
T002031,E00692
T002031,E00746
T002031,E00030
T002031,E00138
T002031,E00516
T002031,E00275
T002031,E00799
T002031,E00006
T002031,E00543
T002032,E00701
T002032,E00165
T002032,E00599
T002032,E00387
T002033,E00576
T002033,E00290
T002033,E00590
T002033,E00227
T002033,E00121
T002033,E00502
T002033,E00658
T002033,E00268
T002034,E00592
T002034,E00467
T002034,E00708
T002034,E00434
T002034,E00053
T002034,E00170
T002034,E00719
T002034,E00566
T002035,E00274
T002035,E00151
T002035,E00793
T002035,E00200
T002035,E00164
T002035,E00462
T002035,E00306
T002035,E00174
T002036,E00180
T002036,E00620
T002036,E00386
T002036,E00724
T002036,E00624
T002036,E00343
T002037,E00050
T002037,E00490
T002037,E00293
T002037,E00427
T002038,E00401
T002038,E99501
T002038,E00353
T002038,E00057
T002039,E00072
T002039,E00144
T002039,E00609
T002039,E00120
T002040,E00061
T002040,E00384
T002040,E00753
T002040,E00078
T002041,E00344
T002041,E00540
T002041,E00575
T002041,E00416
T002042,E00682
T002042,E00792
T002042,E00204
T002042,E00042
T002043,E00681
T002043,E00225
T002043,E00705
T002043,E00470
T002044,E00334
T002044,E00476
T002044,E00202
T002044,E00595
T002045,E00488
T002045,E00560
T002045,E00228
T002045,E00654
T002045,E00104
T002045,E00653
T002045,E00365
T002045,E00346
T002045,E00642
T002045,E00034
T002045,E00226
T002045,E00696
T002045,E00521
T002045,E00095
T002045,E00373
T002045,E00774
T002045,E00069
T002045,E00574
T002046,E00115
T002046,E00614
T002046,E00791
T002046,E00379
T002047,E00559
T002047,E00628
T002047,E00372
T002047,E00796
T002047,E00255
T002047,E00167
T002047,E00591
T002047,E00349
T002047,E00251
T002047,E00123
T002047,E00156
T002047,E00351
T002047,E00610
T002047,E00084
T002047,E00062
T002048,E00239
T002048,E00219
T002048,E00420
T002048,E00221
T002048,E99485
T002048,E00735
T002048,E00008
T002048,E00092
T002049,E00135
T002049,E00418
T002049,E00580
T002049,E00649
T002049,E00594
T002049,E00679
T002049,E00201
T002050,E00085
T002050,E00548
T002050,E00321
T002050,E99635
T002050,E00314
T002050,E00083
T002050,E00342
T002050,E00307
T002051,E00650
T002051,E00041
T002051,E00233
T002051,E00035
T002051,E00021
T002051,E00360
T002051,E00411
T002051,E00270
T002052,E00350
T002052,E00775
T002052,E00417
T002052,E00254
T002053,E00356
T002053,E99958
T002053,E00296
T002053,E00612
T002054,E00367
T002054,E00107
T002054,E00514
T002054,E99533
T002055,E00474
T002055,E00458
T002055,E00179
T002055,E00375
T002056,E00091
T002056,E99972
T002056,E00394
T002056,E00748
T002057,E00071
T002057,E00424
T002057,E00312
T002057,E00029
T002058,E00563
T002058,E00148
T002058,E00711
T002058,E00088
T002058,E00550
T002058,E00040
T002058,E00461
T002058,E00790
T002058,E00504
T002058,E00765
T002058,E00090
T002058,E00601
T002058,E00332
T002058,E00248
T002058,E00712
T002058,E00663
T002058,E00374
T002058,E00310
T002059,E00099
T002059,E00734
T002060,E00232
T002060,E00383
T002060,E00656
T002060,E00518
T002060,E00740
T002060,E00341
T002060,E00588
T002060,E00246
T002061,E00437
T002061,E00238
T002061,E00749
T002061,E00207
T002061,E00116
T002061,E00786
T002061,E00780
T002061,E00157
T002062,E00194
T002062,E00657
T002063,E00280
T002063,E00397
T002063,E00639
T002063,E00114
T002064,E00760
T002064,E00632
T002064,E00578
T002064,E00209
T002065,E00331
T002065,E00284
T002065,E00025
T002065,E00318
T002066,E00244
T002067,E00762
T002067,E00333
T002067,E00016
T002067,E00077
T002067,E00660
T002067,E00752
T002067,E00605
T002067,E00009
T002067,E00688
T002067,E00800
T002067,E00561
T002067,E00556
T002067,E00003
T002067,E00795
T002067,E00459
T002067,E00086
T002067,E00191
T002067,E00409
T002068,E00783
T002068,E00398
T002068,E00549
T002068,E00230
T002068,E00125
T002068,E00273
T002068,E99827
T002068,E00572
T002068,E00161
T002068,E00647
T002068,E00051
T002068,E00460
T002068,E00710
T002068,E00253
T002068,E00779
T002068,E00178
T002068,E00038
T002068,E00199
T002069,E00267
T002069,E00325
T002069,E00773
T002069,E00497
T002069,E00337
T002069,E00258
T002069,E00018
T002069,E00297
T002069,E00565
T002069,E00129
T002070,E00693
T002070,E00672
T002070,E00033
T002070,E00482
T002070,E00218
T002070,E00096
T002070,E00716
T002070,E00186
T002070,E00655
T002070,E00689
T002070,E00754
T002070,E00456
T002070,E00577
T002070,E00388
T002070,E00022
T002070,E00680
T002070,E00315
T002070,E00052
T002071,E00579
T002071,E00272
T002071,E00080
T002071,E00607
T002071,E00723
T002071,E00082
T002071,E00702
T002071,E00448
T002071,E00335
T002071,E00536
T002071,E00037
T002071,E00159
T002071,E00731
T002071,E00515
T002071,E00756
T002071,E00542
T002071,E00759
T002071,E00087
T002072,E00368
T002072,E00631
T002072,E00732
T002072,E00789
T002072,E00676
T002072,E00798
T002072,E00524
T002072,E00596
T002072,E00265
T002073,E00661
T002073,E00551
T002073,E00444
T002073,E00619
T002073,E00717
T002073,E00185
T002073,E00510
T002073,E00465
T002074,E00466
T002074,E00675
T002074,E00024
T002074,E00011
T002074,E00500
T002074,E00124
T002074,E00469
T002074,E00282
T002075,E00581
T002075,E00137
T002075,E00260
T002075,E00176
T002075,E00134
T002075,E00532
T002075,E00364
T002075,E00259
T002076,E00557
T002076,E00443
T002076,E00758
T002076,E00338
T002076,E00154
T002076,E00438
T002076,E00678
T002076,E00140
T002077,E00699
T002077,E00751
T002077,E00126
T002078,E00468
T002078,E00032
T002078,E00247
T002078,E00741
T002078,E00298
T002078,E00744
T002078,E00797
T002078,E00419
T002079,E00644
T002079,E00546
T002079,E00089
T002079,E00183
T002079,E00665
T002079,E00299
T002079,E00463
T002079,E99295
T002080,E00407
T002080,E00359
T002080,E00750
T002080,E00340
T002080,E00313
T002080,E00673
T002080,E00503
T002080,E00213
T002081,E00613
T002081,E00020
T002081,E00097
T002081,E00160
T002081,E00704
T002081,E00190
T002081,E00269
T002081,E00014
T002082,E00111
T002082,E00520
T002082,E00234
T002082,E00362
T002082,E00056
T002082,E00432
T002082,E00301
T002082,E00203
T002083,E00222
T002083,E00348
T002083,E00143
T002083,E00541
T002084,E00105
T002084,E00128
T002084,E00507
T002084,E00423
T002085,E00472
T002085,E99006
T002085,E99024
T002085,E00271
T002086,E00215
T002086,E00583
T002086,E00319
T002086,E00453
T002087,E00714
T002087,E00425
T002087,E00211
T002087,E00177
T002088,E00486
T002088,E00677
T002088,E00415
T002088,E00485
T002089,E00155
T002089,E00172
T002089,E00593
T002089,E00421
T002090,E00283
T002090,E00777
T002090,E00615
T002090,E00330
T002091,E00573
T002091,E00070
T002091,E00718
T002091,E00477
T002092,E00506
T002092,E00286
T002092,E00010
T002092,E00687
T002093,E00059
T002093,E00357
T002093,E00480
T002093,E00093
T002094,E00007
T002094,E00778
T002095,E00519
T002095,E00276
T002095,E00670
T002095,E00295
T002095,E00399
T002095,E00076
T002095,E00389
T002095,E00603
T002095,E00625
T002095,E00626
T002095,E00768
T002095,E99213
T002095,E00422
T002095,E00431
T002095,E00429
T002095,E00112
T002095,E00094
T002095,E00292
T002096,E00435
T002096,E00683
T002096,E00440
T002096,E00674
T002096,E00725
T002096,E00166
T002096,E00187
T002096,E00308
T002096,E00544
T002096,E00512
T002096,E00669
T002096,E00279
T002096,E00499
T002096,E00181
T002096,E00726
T002096,E00446
T002096,E00217
T002096,E00237
T002097,E00309
T002097,E00709
T002097,E00555
T002097,E00152
T002097,E00492
T002097,E00627
T002097,E00787
T002097,E00539
T002097,E00150
T002097,E00707
T002097,E00582
T002097,E00618
T002098,E00478
T002098,E00162
T002098,E00229
T002098,E00235
T002098,E00243
T002098,E00545
T002098,E00223
T002098,E00695
T002099,E00664
T002099,E00511
T002099,E99245
T002099,E00370
T002099,E00175
T002099,E00285
T002099,E00652
T002099,E00483
T002100,E00449
T002100,E00277
T002100,E00049
T002100,E00447
T002100,E00249
T002100,E00300
T002100,E00430
T002100,E00250
T002101,E00196
T002101,E00666
T002101,E00633
T002101,E00197
T002101,E00537
T002101,E00481
T002101,E00788
T002101,E00433
T002102,E00513
T002102,E00736
T002102,E00065
T002102,E00721
T002102,E00048
T002102,E00637
T002102,E00136
T002102,E00345
T002103,E00027
T002103,E00133
T002103,E00764
T002103,E00220
T002103,E00584
T002103,E00464
T002103,E00058
T002103,E00713
T002104,E00410
T002105,E00208
T002105,E00700
T002105,E00428
T002105,E00498
T002106,E00739
T002106,E00045
T002106,E00772
T002106,E00547
T002107,E00302
T002107,E00336
T002107,E00023
T002107,E00509
T002108,E00102
T002108,E00182
T002108,E00662
T002108,E00436
T002109,E00441
T002109,E00442
T002109,E00400
T002109,E00212
T002110,E00698
T002110,E00381
T002110,E00533
T002110,E00001
T002111,E00525
T002111,E00445
T002111,E00184
T002111,E00205
T002112,E00745
T002112,E00569
T002112,E00405
T002112,E00380
T002113,E00214
T002113,E00303
T002113,E00743
T002113,E00404
T002114,E00587
T002114,E00044
T002114,E00371
T002114,E00685
T002115,E00412
T002115,E00311
T002115,E00358
T002115,E00426
T002116,E00781
T002116,E00450
T002117,E00439
T002117,E00733
T002117,E00063
T002117,E00392
T002117,E00241
T002117,E00489
T002117,E00122
T002117,E00529
T002117,E00304
T002117,E99242
T002117,E00766
T002117,E00236
T002117,E00451
T002117,E00377
T002117,E00256
T002117,E00117
T002117,E00473
T002117,E00323
T002118,E99746
T002118,E00600
T002118,E00075
T002118,E00538
T002118,E00691
T002119,E00141
T002119,E00598
T002119,E00496
T002119,E00108
T002119,E00455
T002119,E00602
T002119,E99857
T002119,E00106
T002119,E00012
T002119,E00720
T002119,E00454
T002119,E00585
T002119,E00004
T002119,E00567
T002119,E00667
T002119,E00081
T002119,E00694
T002119,E00393
T002120,E00149
T002120,E00193
T002120,E00570
T002120,E00039
T002120,E00376
T002120,E00755
T002120,E00671
T002120,E00395
T002120,E00278
T002120,E00047
T002121,E00621
T002121,E00408
T002121,E00495
T002121,E00535
T002121,E00771
T002121,E00703
T002121,E00043
T002121,E00198
T002122,E00715
T002122,E00403
T002122,E00324
T002122,E00737
T002122,E00475
T002122,E00127
T002122,E00264
T002122,E00528
T002123,E00322
T002123,E00363
T002123,E00629
T002123,E00413
T002123,E00785
T002123,E00327
T002123,E00281
T002123,E00109
T002124,E00727
T002125,E00130
T002125,E00784
T002125,E00608
T002125,E00146
T002125,E00553
T002125,E00195
T002125,E00554
T002125,E00074
T002126,E00552
T002126,E00100
T002126,E00562
T002126,E00036
T002126,E00028
T002126,E00317
T002126,E00320
T002126,E00188
T002127,E00060
T002127,E00257
T002127,E00055
T002127,E00586
T002127,E00139
T002127,E00729
T002127,E99011
T002127,E00262
T002128,E00402
T002129,E00169
T002129,E00145
T002129,E00501
T002129,E00635
T002130,E00005
T002130,E00339
T002130,E00263
T002130,E00606
T002131,E00101
T002131,E00305
T002131,E00002
T002131,E00617
T002132,E00794
T002132,E00168
T002132,E99820
T002132,E00189
T002133,E00494
T002133,E00770
T002133,E00110
T002133,E00098
T002134,E00757
T002134,E00505
T002134,E00103
T002134,E00526
T002135,E00640
T002135,E00645
T002135,E00414
T002135,E00013
T002136,E00479
T002137,E00599
T002137,E00684
T002137,E00224
T002137,E00516
T002137,E99157
T002137,E00054
T002137,E00701
T002137,E00387
T002137,E00746
T002137,E00158
T002137,E00015
T002137,E00017
T002137,E00692
T002137,E00165
T002137,E00118
T002137,E00799
T002137,E00294
T002137,E00030
T002138,E00275
T002138,E00206
T002138,E00019
T002138,E00646
T002138,E00006
T002139,E00164
T002139,E00793
T002139,E00180
T002139,E00776
T002139,E00566
T002139,E00502
T002139,E00648
T002139,E00434
T002140,E00290
T002140,E00624
T002140,E00053
T002140,E00658
T002140,E00592
T002140,E99134
T002140,E00227
T002140,E00200
T002141,E00708
T002141,E00719
T002141,E00620
T002141,E00151
T002141,E99901
T002141,E00590
T002141,E00391
T002141,E00467
T002142,E00174
T002142,E00121
T002142,E00576
T002142,E00386
T002142,E00306
T002142,E00170
T002143,E00540
T002143,E00057
T002143,E00595
T002143,E00078
T002144,E00072
T002144,E00225
T002144,E00792
T002144,E00120
T002145,E00042
T002145,E00753
T002145,E00384
T002145,E00470
T002146,E00353
T002146,E00609
T002146,E00390
T002146,E00204
T002147,E00575
T002147,E00344
T002147,E00401
T002147,E00293
T002148,E00050
T002148,E00705
T002148,E00490
T002148,E00334
T002149,E00476
T002149,E00061
T002149,E00202
T002149,E00634
T002150,E00682
T002150,E00427
T002150,E00416
T002151,E00095
T002151,E00355
T002151,E99528
T002151,E00379
T002151,E00654
T002151,E00104
T002151,E00560
T002151,E00574
T002151,E00373
T002151,E00115
T002151,E00488
T002151,E00346
T002151,E00226
T002151,E00521
T002151,E00696
T002151,E00069
T002151,E00642
T002151,E00228
T002152,E00653
T002153,E00255
T002153,E00084
T002153,E00351
T002153,E00568
T002153,E00610
T002153,E00796
T002153,E00559
T002153,E00123
T002153,E00167
T002153,E00372
T002153,E00062
T002153,E00349
T002153,E00156
T002153,E00251
T002153,E00628
T002154,E00026
T002154,E00418
T002154,E00221
T002154,E00008
T002154,E00594
T002154,E00316
T002154,E00735
T002154,E00679
T002155,E00580
T002155,E00201
T002155,E00649
T002155,E00420
T002155,E00219
T002155,E00239
T002156,E00775
T002156,E00254
T002156,E00083
T002156,E00650
T002156,E00233
T002156,E00360
T002156,E00035
T002156,E00270
T002157,E00417
T002157,E00046
T002157,E00314
T002157,E00342
T002157,E00307
T002157,E00021
T002157,E00321
T002157,E00523
T002158,E00548
T002158,E00411
T002158,E00041
T002158,E00350
T002158,E00289
T002158,E00085
T002159,E00356
T002159,E00514
T002159,E00474
T002159,E00296
T002160,E00748
T002160,E00113
T002160,E00367
T002160,E00612
T002161,E00091
T002161,E00394
T002161,E00179
T002161,E00375
T002162,E00288
T002162,E00107
T002162,E00029
T002162,E00366
T002163,E00312
T002163,E00210
T002163,E00558
T002163,E00071
T002164,E00374
T002164,E00763
T002164,E00550
T002164,E00712
T002164,E00711
T002164,E00088
T002164,E00734
T002164,E00790
T002164,E00663
T002164,E00099
T002164,E00040
T002164,E00601
T002164,E00765
T002164,E00563
T002164,E00090
T002164,E00148
T002164,E00504
T002164,E00522
T002165,E00248
T002165,E00461
T002165,E00310
T002166,E00786
T002166,E00780
T002166,E00194
T002166,E00656
T002166,E00437
T002166,E00207
T002166,E00341
T002166,E00740
T002167,E00238
T002167,E00518
T002167,E00588
T002167,E00157
T002167,E00657
T002167,E99742
T002167,E00246
T002167,E00383
T002168,E00749
T002168,E00232
T002169,E00690
T002169,E00686
T002169,E00632
T002169,E00114
T002170,E00284
T002170,E00760
T002170,E00025
T002170,E00397
T002171,E00639
T002171,E00331
T002171,E00209
T002171,E00578
T002172,E00280
T002173,E00051
T002173,E00267
T002173,E00773
T002173,E00003
T002173,E99497
T002173,E00647
T002173,E00762
T002173,E00460
T002173,E00199
T002173,E00016
T002173,E00252
T002173,E00077
T002173,E00178
T002173,E00129
T002173,E00337
T002173,E00125
T002173,E00253
T002173,E00018
T002174,E00688
T002174,E00409
T002174,E00009
T002174,E00406
T002174,E00297
T002174,E00660
T002174,E00258
T002174,E00779
T002174,E00273
T002174,E00565
T002174,E00191
T002174,E00398
T002174,E00605
T002174,E00325
T002174,E00497
T002174,E00086
T002174,E00230
T002174,E00752
T002175,E00459
T002175,E00333
T002175,E00783
T002175,E00556
T002175,E00329
T002175,E00800
T002175,E00630
T002175,E00038
T002175,E00161
T002176,E00087
T002176,E00731
T002176,E00265
T002176,E00767
T002176,E00631
T002176,E99581
T002176,E00315
T002176,E00702
T002176,E00689
T002176,E00789
T002176,E00448
T002176,E00577
T002176,E00693
T002176,E99284
T002176,E00153
T002176,E00596
T002176,E00536
T002176,E00732
T002177,E00524
T002177,E00080
T002177,E00335
T002177,E00456
T002177,E00515
T002177,E00798
T002177,E00542
T002177,E00218
T002177,E00607
T002177,E00388
T002177,E00037
T002177,E00597
T002177,E00756
T002177,E00096
T002177,E00033
T002177,E00022
T002177,E00723
T002177,E00579
T002178,E00716
T002178,E00052
T002178,E00759
T002178,E00272
T002178,E00680
T002178,E00159
T002178,E00482
T002179,E00282
T002179,E00185
T002179,E00173
T002179,E00678
T002179,E00443
T002179,E00260
T002179,E00675
T002179,E00730
T002180,E00751
T002180,E00532
T002180,E00124
T002180,E00469
T002180,E00154
T002180,E00706
T002180,E00176
T002180,E00699
T002181,E00564
T002181,E00126
T002181,E00259
T002181,E00134
T002181,E99042
T002181,E00616
T002181,E00500
T002181,E00364
T002182,E00465
T002182,E00758
T002182,E00382
T002182,E00011
T002182,E00444
T002182,E00619
T002182,E00240
T002182,E00661
T002183,E00137
T002183,E00551
T002183,E00769
T002183,E99638
T002183,E00438
T002183,E00581
T002183,E00338
T002184,E00704
T002184,E00503
T002184,E00183
T002184,E99485
T002184,E00541
T002184,E00111
T002184,E00407
T002184,E00741
T002185,E00665
T002185,E00463
T002185,E00213
T002185,E00298
T002185,E00520
T002185,E00362
T002185,E00131
T002185,E00797
T002186,E00340
T002186,E00348
T002186,E00546
T002186,E00644
T002186,E00269
T002186,E00097
T002186,E00056
T002186,E00203
T002187,E00744
T002187,E00234
T002187,E00432
T002187,E00493
T002187,E00299
T002187,E00247
T002187,E00419
T002187,E00468
T002188,E00673
T002188,E00014
T002188,E00143
T002188,E00190
T002188,E00020
T002188,E00032
T002188,E00301
T002188,E00359
T002189,E00750
T002190,E00319
T002190,E00266
T002190,E00070
T002190,E00007
T002191,E00286
T002191,E00172
T002191,E00485
T002191,E00283
T002192,E00271
T002192,E00105
T002192,E00059
T002192,E00718
T002193,E00477
T002193,E00507
T002193,E00415
T002193,E00010
T002194,E00471
T002194,E00425
T002194,E00093
T002194,E00615
T002195,E00330
T002195,E00687
T002195,E00369
T002195,E99579
T002196,E00421
T002196,E00453
T002196,E00486
T002196,E00155
T002197,E00128
T002197,E00211
T002197,E00517
T002197,E00573
T002198,E00480
T002198,E00714
T002198,E00215
T002198,E00472
T002199,E00593
T002199,E00583
T002199,E00777
T002200,E00152
T002200,E00440
T002200,E00237
T002200,E00112
T002200,E00709
T002200,E99708
T002200,E00603
T002200,E00669
T002200,E00674
T002200,E00670
T002200,E00166
T002200,E00787
T002200,E00725
T002200,E00768
T002200,E00519
T002200,E00544
T002200,E00508
T002200,E00582
T002201,E00492
T002201,E00539
T002201,E00446
T002201,E99038
T002201,E00295
T002201,E00625
T002201,E00626
T002201,E00726
T002201,E00094
T002201,E00618
T002201,E00217
T002201,E00683
T002201,E00422
T002201,E00499
T002201,E99027
T002201,E00484
T002201,E00308
T002201,E00399
T002202,E00292
T002202,E00076
T002202,E00429
T002202,E00435
T002202,E00431
T002202,E00651
T002202,E00150
T002202,E00279
T002202,E00309
T002202,E00276
T002202,E99579
T002202,E00512
T002202,E00187
T002203,E00447
T002203,E00285
T002203,E00300
T002203,E00223
T002203,E00511
T002203,E00537
T002203,E00220
T002203,E00133
T002204,E00048
T002204,E00250
T002204,E00136
T002204,E00235
T002204,E00175
T002204,E00196
T002204,E00666
T002204,E00171
T002205,E00721
T002205,E00487
T002205,E00249
T002205,E00652
T002205,E00370
T002205,E00345
T002205,E00162
T002205,E00433
T002206,E00449
T002206,E99504
T002206,E00633
T002206,E00764
T002206,E00430
T002206,E00584
T002206,E00197
T002206,E00229
T002207,E00483
T002207,E00513
T002207,E00788
T002207,E00478
T002207,E00695
T002207,E00277
T002207,E00464
T002207,E00713
T002208,E00049
T002208,E00027
T002208,E00481
T002208,E00065
T002208,E00736
T002208,E00410
T002208,E00637
T002208,E00664
T002209,E00243
T002210,E00182
T002210,E00358
T002210,E00405
T002210,E00533
T002211,E00214
T002211,E00698
T002211,E00303
T002211,E00102
T002212,E00739
T002212,E00371
T002212,E00400
T002212,E00001
T002213,E00428
T002213,E00700
T002213,E00442
T002213,E00023
T002214,E99695
T002214,E00380
T002214,E00587
T002214,E00385
T002215,E00184
T002215,E00311
T002215,E00781
T002215,E00569
T002216,E00045
T002216,E00208
T002216,E00441
T002216,E00336
T002217,E00498
T002217,E99134
T002217,E00445
T002217,E00743
T002218,E00426
T002218,E00381
T002218,E00525
T002218,E00044
T002219,E00302
T002219,E00404
T002219,E00745
T002219,E00205
T002220,E00685
T002220,E00547
T002220,E00436
T002220,E00354
T002221,E00772
T002221,E00589
T002221,E00450
T002222,E00529
T002222,E00075
T002222,E00323
T002222,E00439
T002222,E00691
T002222,E00538
T002222,E00241
T002222,E00733
T002222,E00236
T002222,E00489
T002222,E00600
T002222,E00392
T002222,E00117
T002222,E00256
T002222,E00766
T002222,E00304
T002222,E00352
T002222,E00377
T002223,E00122
T002223,E00451
T002223,E00242
T002223,E00473
T002224,E00531
T002224,E00376
T002224,E00570
T002224,E99200
T002224,E00039
T002224,E00193
T002224,E00141
T002224,E00278
T002224,E00598
T002224,E00782
T002224,E00047
T002224,E00012
T002224,E00671
T002224,E00455
T002224,E00452
T002224,E00106
T002224,E00081
T002224,E00004
T002225,E00755
T002225,E00602
T002225,E00393
T002225,E00567
T002225,E00132
T002225,E00585
T002225,E00496
T002225,E00694
T002225,E00720
T002225,E00454
T002225,E00149
T002225,E00667
T002225,E00395
T002226,E00785
T002226,E00327
T002226,E00264
T002226,E00363
T002226,E00528
T002226,E00109
T002226,E00535
T002226,E00727
T002227,E00413
T002227,E00703
T002227,E00324
T002227,E00495
T002227,E00771
T002227,E00043
T002227,E00403
T002227,E00408
T002228,E99281
T002228,E00621
T002228,E00198
T002228,E00737
T002228,E00475
T002228,E00629
T002228,E00322
T002229,E00554
T002229,E00586
T002229,E00553
T002229,E00641
T002229,E00073
T002229,E00608
T002229,E00146
T002229,E00320
T002230,E00055
T002230,E00147
T002230,E00562
T002230,E00163
T002230,E00100
T002230,E00028
T002230,E00192
T002230,E00036
T002231,E00188
T002231,E00317
T002231,E00074
T002231,E00552
T002231,E00643
T002231,E00139
T002231,E00262
T002231,E00060
T002232,E00757
T002232,E00005
T002232,E00103
T002232,E00606
T002233,E00145
T002233,E00479
T002233,E00098
T002233,E00119
T002234,E00505
T002234,E00645
T002234,E00640
T002234,E00339
T002235,E00231
T002235,E00494
T002235,E00414
T002235,E00326
T002236,E00501
T002236,E00617
T002236,E00101
T002236,E00169
T002237,E00002
T002237,E00168
T002237,E00110
T002237,E00189
T002238,E00794
T002238,E00013
T002239,E99351
T002239,E00054
T002239,E00158
T002239,E00799
T002239,E00543
T002239,E00165
T002239,E00138
T002239,E00684
T002239,E00646
T002239,E00701
T002239,E00599
T002239,E00387
T002239,E00692
T002239,E00746
T002239,E00516
T002239,E00030
T002239,E00118
T002239,E00019
T002240,E00206
T002240,E00017
T002240,E00224
T002240,E00275
T002240,E00015
T002241,E00467
T002241,E00590
T002241,E00306
T002241,E00434
T002241,E00053
T002241,E00648
T002241,E00566
T002241,E00180
T002242,E00170
T002242,E00227
T002242,E00658
T002242,E00624
T002242,E99638
T002242,E00576
T002242,E00708
T002242,E00200
T002243,E00164
T002243,E00592
T002243,E00776
T002243,E00343
T002243,E00391
T002243,E00724
T002243,E00290
T002243,E00386
T002244,E00268
T002244,E00719
T002244,E00502
T002244,E00274
T002244,E00793
T002244,E99984
T002244,E00620
T002244,E00151
T002245,E00174
T002246,E00384
T002246,E00204
T002246,E00042
T002246,E00681
T002247,E00072
T002247,E00595
T002247,E00078
T002247,E00476
T002248,E00634
T002248,E00202
T002248,E00609
T002248,E99000
T002249,E00427
T002249,E00390
T002249,E00575
T002249,E00050
T002250,E00792
T002250,E00334
T002250,E00753
T002250,E00120
T002251,E00144
T002251,E00353
T002251,E00490
T002251,E00705
T002252,E00293
T002252,E00682
T002252,E00061
T002252,E00225
T002253,E00344
T002253,E00540
T002253,E00057
T002254,E00365
T002254,E00791
T002254,E00069
T002254,E00614
T002254,E00560
T002254,E00034
T002254,E00355
T002254,E00104
T002254,E00379
T002254,E00574
T002254,E00228
T002254,E00346
T002254,E00653
T002254,E00226
T002254,E00488
T002254,E00654
T002254,E00095
T002254,E00696
T002255,E00373
T002255,E00774
T002255,E00642
T002256,E00568
T002256,E00372
T002256,E00084
T002256,E00255
T002256,E00351
T002256,E00349
T002256,E00559
T002256,E00167
T002256,E00251
T002256,E00062
T002256,E00156
T002256,E00796
T002256,E00628
T002256,E00591
T002256,E00610
T002257,E00316
T002257,E00649
T002257,E00418
T002257,E00679
T002257,E00092
T002257,E00008
T002257,E00219
T002257,E00221
T002258,E00135
T002258,E00735
T002258,E00420
T002258,E00026
T002258,E00580
T002259,E00085
T002259,E00523
T002259,E00417
T002259,E00360
T002259,E00350
T002259,E00035
T002259,E00775
T002259,E00321
T002260,E00307
T002260,E00411
T002260,E00270
T002260,E00041
T002260,E99666
T002260,E00046
T002260,E00233
T002260,E00342
T002261,E00548
T002261,E00083
T002262,E00367
T002262,E00296
T002262,E00458
T002262,E00424
T002263,E00375
T002263,E00514
T002263,E00312
T002263,E00107
T002264,E00288
T002264,E00071
T002264,E00394
T002264,E00179
T002265,E00029
T002265,E00113
T002265,E00091
T002265,E00748
T002266,E00612
T002266,E00474
T002266,E00356
T002266,E00366
T002267,E00248
T002267,E00563
T002267,E00550
T002267,E00040
T002267,E00790
T002267,E00522
T002267,E00763
T002267,E00088
T002267,E00504
T002267,E00712
T002267,E00461
T002267,E00601
T002267,E00148
T002267,E99712
T002267,E00765
T002267,E00663
T002267,E00711
T002267,E00099
T002268,E00090
T002268,E00374
T002268,E00734
T002268,E00310
T002269,E00749
T002269,E00786
T002269,E00341
T002269,E00518
T002269,E00656
T002269,E00437
T002269,E00383
T002269,E00232
T002270,E00246
T002270,E00657
T002270,E00194
T002270,E00780
T002270,E00207
T002270,E00588
T002270,E00740
T002270,E00157
T002271,E00116
T002272,E00397
T002272,E00760
T002272,E00318
T002272,E00686
T002273,E00632
T002273,E00578
T002273,E00284
T002273,E00690
T002274,E00280
T002274,E99874
T002274,E00025
T002274,E00209
T002275,E00639
T002276,E99406
T002276,E00398
T002276,E00333
T002276,E00161
T002276,E00325
T002276,E00018
T002276,E00291
T002276,E00230
T002276,E00329
T002276,E00199
T002276,E00077
T002276,E00191
T002276,E00795
T002276,E00549
T002276,E00178
T002276,E00460
T002276,E00561
T002276,E00267
T002277,E00556
T002277,E00016
T002277,E00409
T002277,E00142
T002277,E00297
T002277,E00009
T002277,E00630
T002277,E00051
T002277,E00779
T002277,E00038
T002277,E00762
T002277,E00752
T002277,E00337
T002277,E00129
T002277,E00660
T002277,E00003
T002277,E00688
T002277,E00273
T002278,E00125
T002278,E00605
T002278,E00086
T002278,E00710
T002278,E00773
T002278,E00783
T002278,E00497
T002278,E00406
T002279,E00482
T002279,E00577
T002279,E00087
T002279,E00388
T002279,E00448
T002279,E00732
T002279,E00756
T002279,E00052
T002279,E00542
T002279,E00037
T002279,E00731
T002279,E00716
T002279,E00672
T002279,E00789
T002279,E00579
T002279,E00368
T002279,E00524
T002279,E00702
T002280,E00335
T002280,E00153
T002280,E00689
T002280,E00723
T002280,E00218
T002280,E00607
T002280,E00159
T002280,E00767
T002280,E00798
T002280,E00631
T002280,E00186
T002280,E00597
T002280,E00315
T002280,E00754
T002280,E00693
T002280,E00096
T002280,E00033
T002280,E00680
T002281,E00676
T002281,E00080
T002281,E00596
T002281,E00515
T002281,E00759
T002281,E00022
T002281,E00456
T002282,E00675
T002282,E00282
T002282,E00661
T002282,E00699
T002282,E00240
T002282,E00510
T002282,E00382
T002282,E00154
T002283,E00564
T002283,E00364
T002283,E00444
T002283,E00730
T002283,E00619
T002283,E00024
T002283,E99129
T002283,E00185
T002284,E00259
T002284,E00551
T002284,E00260
T002284,E00137
T002284,E00466
T002284,E00338
T002284,E00532
T002284,E00465
T002285,E00738
T002285,E00581
T002285,E00124
T002285,E00011
T002285,E00751
T002285,E00176
T002285,E00500
T002285,E99138
T002286,E00173
T002286,E00469
T002286,E00758
T002286,E00126
T002286,E00443
T002287,E00183
T002287,E00222
T002287,E00097
T002287,E00247
T002287,E00613
T002287,E00299
T002287,E00493
T002287,E00111
T002288,E00298
T002288,E00407
T002288,E00203
T002288,E00744
T002288,E00797
T002288,E00160
T002288,E00546
T002288,E00014
T002289,E00665
T002289,E00089
T002289,E00348
T002289,E00503
T002289,E99731
T002289,E00213
T002289,E00673
T002289,E00234
T002290,E00020
T002290,E00463
T002290,E99682
T002290,E00468
T002290,E00362
T002290,E00419
T002290,E00750
T002290,E00143
T002291,E00432
T002291,E00131
T002291,E00520
T002291,E00313
T002291,E00359
T002291,E00056
T002291,E00541
T002291,E00301
T002292,E00215
T002292,E00010
T002292,E00573
T002292,E00506
T002293,E00718
T002293,E00677
T002293,E00423
T002293,E00486
T002294,E00283
T002294,E00357
T002294,E00415
T002294,E00477
T002295,E00172
T002295,E00266
T002295,E00369
T002295,E00593
T002296,E00742
T002296,E00480
T002296,E00453
T002296,E00615
T002297,E00128
T002297,E00007
T002297,E00093
T002297,E00155
T002298,E00330
T002298,E00714
T002298,E00319
T002298,E00421
T002299,E00070
T002299,E00211
T002299,E00271
T002299,E00059
T002300,E00472
T002300,E00687
T002300,E00778
T002300,E00777
T002301,E00583
T002301,E00105
T002302,E00582
T002302,E00508
T002302,E99578
T002302,E00217
T002302,E00150
T002302,E00512
T002302,E00539
T002302,E00683
T002302,E00435
T002302,E99112
T002302,E00431
T002302,E00399
T002302,E00707
T002302,E00308
T002302,E00076
T002302,E00484
T002302,E00726
T002302,E00625
T002303,E00626
T002303,E00670
T002303,E00669
T002303,E00292
T002303,E00555
T002303,E00187
T002303,E00627
T002303,E99590
T002303,E00768
T002303,E00440
T002303,E00309
T002303,E00429
T002303,E00787
T002303,E00112
T002303,E00544
T002303,E00237
T002303,E00651
T002303,E00728
T002304,E00166
T002304,E00499
T002304,E00152
T002304,E00603
T002304,E00276
T002304,E00094
T002304,E00295
T002304,E00181
T002304,E00618
T002305,E00243
T002305,E00713
T002305,E00478
T002305,E00447
T002305,E00433
T002305,E00483
T002305,E00537
T002305,E00136
T002306,E99512
T002306,E00511
T002306,E00664
T002306,E00197
T002306,E99773
T002306,E00633
T002306,E00481
T002306,E00695
T002307,E00250
T002307,E00162
T002307,E00229
T002307,E00788
T002307,E00430
T002307,E00048
T002307,E00300
T002307,E00049
T002308,E00235
T002308,E00345
T002308,E00027
T002308,E00065
T002308,E00464
T002308,E00171
T002308,E00721
T002308,E00058
T002309,E00133
T002309,E00249
T002309,E00584
T002309,E00545
T002309,E00196
T002309,E00637
T002309,E00285
T002309,E00513
T002310,E00604
T002310,E00449
T002310,E00487
T002310,E00223
T002310,E00370
T002310,E00220
T002310,E00764
T002311,E00205
T002311,E00214
T002311,E00662
T002311,E00208
T002312,E00745
T002312,E00589
T002312,E00354
T002312,E00442
T002313,E00023
T002313,E00743
T002313,E00385
T002313,E00311
T002314,E00525
T002314,E00533
T002314,E00303
T002314,E00371
T002315,E00441
T002315,E00412
T002315,E00436
T002315,E00685
T002316,E00739
T002316,E00102
T002316,E00405
T002316,E00184
T002317,E00182
T002317,E00445
T002317,E00569
T002317,E00698
T002318,E00700
T002318,E00380
T002318,E00509
T002318,E00045
T002319,E00336
T002319,E00381
T002319,E00772
T002319,E00212
T002320,E99070
T002320,E00302
T002320,E00498
T002320,E00404
T002321,E00044
T002321,E00001
T002321,E00547
T002321,E00358
T002322,E00400
T002323,E00241
T002323,E00489
T002323,E00473
T002323,E00117
T002323,E00439
T002323,E00451
T002323,E00323
T002323,E00063
T002323,E00538
T002323,E00766
T002323,E00691
T002323,E00392
T002323,E00733
T002323,E00529
T002323,E00352
T002323,E00236
T002323,E99952
T002323,E00377
T002324,E00600
T002324,E00304
T002324,E00256
T002325,E00393
T002325,E00567
T002325,E00004
T002325,E00570
T002325,E00108
T002325,E00454
T002325,E00012
T002325,E00782
T002325,E00531
T002325,E00585
T002325,E00039
T002325,E00694
T002325,E00667
T002325,E00106
T002325,E00132
T002325,E00376
T002325,E00602
T002325,E00455
T002326,E00671
T002326,E00720
T002326,E00193
T002326,E00496
T002326,E00755
T002326,E00598
T002326,E00047
T002326,E00141
T002326,E00278
T002326,E00149
T002327,E00535
T002327,E00198
T002327,E00043
T002327,E00727
T002327,E00322
T002327,E00528
T002327,E00264
T002327,E00703
T002328,E00785
T002328,E00281
T002328,E00324
T002328,E00629
T002328,E00475
T002328,E00109
T002328,E00495
T002328,E00127
T002329,E00771
T002329,E00327
T002329,E00408
T002329,E00413
T002329,E00363
T002330,E00562
T002330,E00188
T002330,E00163
T002330,E00192
T002330,E00147
T002330,E00553
T002330,E00317
T002330,E00139
T002331,E00100
T002331,E00257
T002331,E00608
T002331,E00060
T002331,E00262
T002331,E00055
T002331,E00320
T002331,E00074
T002332,E00552
T002332,E00784
T002332,E00586
T002332,E00073
T002332,E00195
T002332,E00130
T002332,E00036
T002332,E99401
T002333,E99227
T002333,E00641
T002333,E00028
T002333,E00146
T002333,E00729
T002334,E00794
T002334,E00635
T002334,E00479
T002334,E00414
T002335,E00110
T002335,E00339
T002335,E00013
T002335,E00098
T002336,E00103
T002336,E00645
T002336,E00231
T002336,E00757
T002337,E00101
T002337,E00770
T002337,E00501
T002337,E00189
T002338,E00305
T002338,E99114
T002338,E00145
T002338,E00168
T002339,E00002
T002339,E00263
T002339,E00494
T002339,E00617
T002340,E00606
T002340,E00505
T002340,E00005
T002340,E00526
T002341,E00169
T002342,E00118
T002342,E00692
T002342,E00030
T002342,E99100
T002342,E00158
T002342,E00599
T002342,E00275
T002342,E00799
T002342,E00138
T002342,E00224
T002342,E00516
T002342,E00165
T002342,E00015
T002342,E00543
T002342,E00684
T002342,E00017
T002342,E00387
T002342,E00206
T002343,E99448
T002343,E00019
T002343,E00054
T002344,E00624
T002344,E00719
T002344,E99411
T002344,E00343
T002344,E00274
T002344,E00306
T002344,E00290
T002344,E00576
T002345,E00462
T002345,E00708
T002345,E00776
T002345,E00620
T002345,E00164
T002345,E00434
T002345,E00566
T002345,E00200
T002346,E00658
T002346,E00391
T002346,E00174
T002346,E00227
T002346,E00793
T002346,E00648
T002346,E00121
T002346,E00386
T002347,E00151
T002347,E00502
T002347,E00592
T002347,E00724
T002347,E00268
T002347,E00053
T002348,E00427
T002348,E00334
T002348,E00384
T002348,E00072
T002349,E00540
T002349,E00705
T002349,E00575
T002349,E00682
T002350,E00490
T002350,E00202
T002350,E00681
T002350,E00078
T002351,E00416
T002351,E00595
T002351,E00353
T002351,E00293
T002352,E00476
T002352,E00401
T002352,E00057
T002352,E00470
T002353,E00120
T002353,E00609
T002353,E00225
T002353,E00042
T002354,E00344
T002354,E00061
T002354,E00204
T002354,E00792
T002355,E00144
T002356,E00774
T002356,E00654
T002356,E00574
T002356,E00373
T002356,E00228
T002356,E00069
T002356,E00560
T002356,E00379
T002356,E00115
T002356,E00642
T002356,E00346
T002356,E00521
T002356,E00696
T002356,E00226
T002356,E00034
T002356,E00614
T002356,E00488
T002356,E00104
T002357,E00791
T002357,E00355
T002357,E00095
T002357,E00653
T002357,E00365
T002358,E00123
T002358,E00349
T002358,E00559
T002358,E00084
T002358,E00591
T002358,E99634
T002358,E00610
T002358,E99484
T002358,E00167
T002358,E00568
T002358,E00062
T002358,E00156
T002358,E00251
T002358,E00628
T002358,E00796
T002358,E00351
T002359,E00316
T002359,E00239
T002359,E00594
T002359,E00580
T002359,E00201
T002359,E00679
T002359,E00221
T002359,E00735
T002360,E00092
T002360,E00219
T002360,E00418
T002361,E00041
T002361,E00046
T002361,E00085
T002361,E00021
T002361,E00775
T002361,E99345
T002361,E00523
T002361,E00307
T002362,E00650
T002362,E00360
T002362,E00411
T002362,E00083
T002362,E00548
T002362,E00314
T002362,E00254
T002362,E00350
T002363,E00342
T002363,E00233
T002363,E00289
T002363,E00321
T002363,E00035
T002364,E00107
T002364,E00474
T002364,E00424
T002364,E00356
T002365,E00312
T002365,E00558
T002365,E00071
T002365,E00367
T002366,E00366
T002366,E00179
T002366,E00091
T002366,E00210
T002367,E00288
T002367,E00113
T002367,E00296
T002367,E99544
T002368,E99622
T002368,E00029
T002368,E00458
T002368,E00394
T002369,E00514
T002370,E00763
T002370,E00310
T002370,E00765
T002370,E00734
T002370,E00522
T002370,E00090
T002370,E00601
T002370,E00711
T002370,E00712
T002370,E00504
T002370,E00790
T002370,E00040
T002370,E00088
T002370,E00461
T002370,E00099
T002370,E00663
T002370,E00563
T002370,E00374
T002371,E00248
T002371,E00550
T002372,E00238
T002372,E00194
T002372,E00786
T002372,E00518
T002372,E00656
T002372,E00157
T002372,E00116
T002372,E00588
T002373,E00437
T002373,E00749
T002373,E00780
T002373,E00657
T002373,E00341
T002373,E00383
T002373,E00207
T002373,E00246
T002374,E00331
T002374,E00284
T002374,E00280
T002374,E00114
T002375,E00639
T002375,E00690
T002375,E00397
T002375,E00209
T002376,E00244
T002376,E00760
T002376,E00686
T002376,E00318
T002377,E00578
T002378,E00051
T002378,E00267
T002378,E00291
T002378,E00325
T002378,E00497
T002378,E00556
T002378,E00125
T002378,E00565
T002378,E99554
T002378,E00142
T002378,E00710
T002378,E00018
T002378,E00660
T002378,E00783
T002378,E99062
T002378,E00549
T002378,E00773
T002378,E00795
T002379,E00561
T002379,E00258
T002379,E00191
T002379,E00762
T002379,E00630
T002379,E00406
T002379,E00398
T002379,E00688
T002379,E00077
T002379,E00199
T002379,E00252
T002379,E00253
T002379,E00779
T002379,E99466
T002379,E00086
T002379,E00297
T002379,E00161
T002379,E00333
T002380,E00230
T002380,E00647
T002380,E00459
T002380,E00273
T002380,E00009
T002380,E00003
T002380,E00800
T002380,E00038
T002381,E00732
T002381,E00087
T002381,E00680
T002381,E00022
T002381,E00723
T002381,E00607
T002381,E00596
T002381,E00577
T002381,E00315
T002381,E00052
T002381,E00186
T002381,E00159
T002381,E00265
T002381,E00536
T002381,E00218
T002381,E00272
T002381,E00672
T002381,E00448
T002382,E00767
T002382,E00693
T002382,E00037
T002382,E00524
T002382,E00597
T002382,E00080
T002382,E00631
T002382,E00082
T002382,E00655
T002382,E00716
T002382,E00731
T002382,E00482
T002382,E00368
T002382,E00702
T002382,E00515
T002382,E00033
T002382,E00335
T002382,E00759
T002383,E00798
T002383,E00153
T002383,E00096
T002383,E00388
T002383,E99627
T002383,E00456
T002383,E00542
T002384,E00443
T002384,E00176
T002384,E00510
T002384,E00282
T002384,E00173
T002384,E00465
T002384,E00444
T002384,E00769
T002385,E00557
T002385,E00011
T002385,E00382
T002385,E00137
T002385,E00706
T002385,E00730
T002385,E00500
T002385,E00699
T002386,E00185
T002386,E00134
T002386,E00260
T002386,E00551
T002386,E00438
T002386,E00124
T002386,E00717
T002386,E00154
T002387,E00758
T002387,E00532
T002387,E00466
T002387,E00564
T002387,E00259
T002387,E00024
T002387,E00364
T002387,E00581
T002388,E00675
T002388,E00619
T002388,E00240
T002388,E00338
T002388,E00751
T002388,E00469
T002388,E00678
T002388,E00126
T002389,E00673
T002389,E00520
T002389,E00407
T002389,E00463
T002389,E00362
T002389,E00299
T002389,E00234
T002389,E00183
T002390,E00247
T002390,E00750
T002390,E00014
T002390,E00032
T002390,E00143
T002390,E00665
T002390,E00020
T002390,E00419
T002391,E00359
T002391,E00468
T002391,E00493
T002391,E00056
T002391,E00097
T002391,E00613
T002391,E00131
T002391,E00269
T002392,E00213
T002392,E00744
T002392,E00348
T002392,E00546
T002392,E00203
T002392,E00160
T002392,E00340
T002392,E00313
T002393,E00298
T002393,E00541
T002393,E00111
T002393,E00797
T002393,E00644
T002393,E00741
T002393,E00704
T002393,E00190
T002394,E00583
T002394,E00517
T002394,E00357
T002394,E00777
T002395,E00330
T002395,E00615
T002395,E00369
T002395,E00271
T002396,E00266
T002396,E00059
T002396,E00718
T002396,E00215
T002397,E00742
T002397,E00283
T002397,E00593
T002397,E00778
T002398,E00319
T002398,E00480
T002398,E00471
T002398,E00070
T002399,E00415
T002399,E00425
T002399,E00486
T002399,E00421
T002400,E00485
T002400,E00507
T002400,E00128
T002400,E00423
T002401,E00453
T002401,E00177
T002401,E00155
T002401,E00506
T002402,E00105
T002402,E00573
T002402,E00477
T002402,E00007
T002403,E00714
T002403,E00093
T002403,E00687
T002403,E00472
T002404,E00484
T002404,E00166
T002404,E00618
T002404,E00440
T002404,E00435
T002404,E00669
T002404,E00539
T002404,E00728
T002404,E00508
T002404,E00150
T002404,E00308
T002404,E00499
T002404,E00237
T002404,E00709
T002404,E00555
T002404,E00725
T002404,E00295
T002404,E00603
T002405,E00544
T002405,E00512
T002405,E00625
T002405,E00626
T002405,E00787
T002405,E00670
T002405,E00707
T002405,E00276
T002405,E00112
T002405,E00181
T002405,E00422
T002405,E00627
T002405,E00309
T002405,E00094
T002405,E00651
T002405,E00492
T002405,E00292
T002405,E00674
T002406,E00429
T002406,E00446
T002406,E00726
T002406,E00519
T002406,E00187
T002406,E00683
T002406,E00431
T002406,E00582
T002406,E00399
T002406,E00279
T002406,E00152
T002406,E00076
T002406,E00217
T002407,E00370
T002407,E00410
T002407,E00481
T002407,E00713
T002407,E99866
T002407,E00664
T002407,E00249
T002407,E00652
T002408,E00483
T002408,E00433
T002408,E00027
T002408,E00136
T002408,E00223
T002408,E00229
T002408,E00277
T002408,E00545
T002409,E00637
T002409,E00584
T002409,E00537
T002409,E00250
T002409,E00048
T002409,E00162
T002409,E00133
T002409,E00175
T002410,E00736
T002410,E00449
T002410,E00345
T002410,E00058
T002410,E00447
T002410,E00464
T002410,E00243
T002410,E00065
T002411,E00049
T002411,E00220
T002411,E00695
T002411,E00235
T002411,E00721
T002411,E00513
T002411,E00633
T002411,E00764
T002412,E00604
T002412,E00300
T002412,E00430
T002412,E00196
T002412,E00285
T002412,E00511
T002412,E00788
T002412,E00478
T002413,E00385
T002413,E00371
T002413,E00662
T002413,E00587
T002414,E00698
T002414,E00772
T002414,E00380
T002414,E00214
T002415,E00442
T002415,E00302
T002415,E00001
T002415,E00569
T002416,E00700
T002416,E00208
T002416,E00525
T002416,E00102
T002417,E00044
T002417,E00045
T002417,E00184
T002417,E00428
T002418,E00509
T002418,E00205
T002418,E00354
T002418,E00547
T002419,E00498
T002419,E00023
T002419,E00336
T002419,E00743
T002420,E00445
T002420,E00739
T002420,E00533
T002420,E99257
T002421,E00303
T002421,E00381
T002421,E00685
T002421,E00441
T002422,E00182
T002422,E00745
T002422,E00412
T002422,E00400
T002423,E00781
T002423,E00436
T002423,E00426
T002423,E00311
T002424,E00589
T002424,E00450
T002424,E00212
T002425,E00392
T002425,E00600
T002425,E00352
T002425,E00473
T002425,E00117
T002425,E00529
T002425,E00733
T002425,E00439
T002425,E00538
T002425,E00241
T002425,E00323
T002425,E00122
T002425,E00766
T002425,E00063
T002425,E00256
T002425,E00489
T002425,E00075
T002425,E00236
T002426,E00242
T002426,E00691
T002426,E00377
T002426,E00304
T002427,E00567
T002427,E00012
T002427,E00671
T002427,E99712
T002427,E00278
T002427,E00531
T002427,E00081
T002427,E00598
T002427,E00496
T002427,E00193
T002427,E00047
T002427,E00039
T002427,E00667
T002427,E00782
T002427,E00393
T002427,E00455
T002427,E00452
T002427,E00570
T002428,E00132
T002428,E00004
T002428,E00755
T002428,E00149
T002428,E00585
T002428,E00602
T002428,E00720
T002428,E00454
T002428,E00141
T002428,E00376
T002428,E00694
T002429,E00495
T002429,E00771
T002429,E00475
T002429,E00324
T002429,E00737
T002429,E00198
T002429,E00403
T002429,E00629
T002430,E00727
T002430,E00621
T002430,E00785
T002430,E00043
T002430,E00363
T002430,E00703
T002430,E00327
T002430,E00408
T002431,E00528
T002431,E00715
T002431,E00413
T002431,E99181
T002431,E00535
T002431,E00127
T002431,E00322
T002431,E00264
T002432,E00317
T002432,E00402
T002432,E00146
T002432,E00074
T002432,E00641
T002432,E00195
T002432,E00608
T002432,E00147
T002433,E00729
T002433,E00552
T002433,E00055
T002433,E00028
T002433,E00784
T002433,E00188
T002433,E00192
T002433,E00036
T002434,E00139
T002434,E00073
T002434,E00586
T002434,E00553
T002434,E00320
T002434,E00100
T002434,E00262
T002434,E00130
T002435,E00554
T002435,E00060
T002435,E00643
T002435,E00257
T002436,E00757
T002436,E00339
T002436,E00494
T002436,E00103
T002437,E00617
T002437,E00479
T002437,E99542
T002437,E00635
T002438,E00002
T002438,E00189
T002438,E00794
T002438,E00501
T002439,E00770
T002439,E00645
T002439,E00231
T002439,E00326
T002440,E00263
T002440,E00005
T002440,E00606
T002440,E00013
T002441,E00110
T002441,E00168
T002441,E00640
T002441,E00305
T002442,E00526
T002442,E00505
T002442,E00169
T002442,E00145
T002443,E00414
T002443,E00098
T002443,E00119
T002444,E00118
T002444,E00019
T002444,E00387
T002444,E00294
T002444,E00746
T002444,E00017
T002444,E00006
T002444,E00165
T002444,E00275
T002444,E00224
T002444,E00206
T002444,E00516
T002444,E00015
T002444,E00692
T002444,E00543
T002444,E00646
T002444,E00030
T002444,E00701
T002445,E00799
T002445,E00158
T002445,E00138
T002445,E00054
T002445,E00684
T002445,E00599
T002446,E00462
T002446,E00434
T002446,E00793
T002446,E00174
T002446,E00566
T002446,E00200
T002446,E00268
T002446,E00592
T002447,E00502
T002447,E00121
T002447,E00290
T002447,E00386
T002447,E00227
T002447,E00776
T002447,E00708
T002447,E00274
T002448,E00306
T002448,E00151
T002448,E00658
T002448,E00724
T002448,E00053
T002448,E00576
T002448,E00164
T002448,E00170
T002449,E00343
T002449,E00648
T002449,E99470
T002449,E00620
T002449,E99142
T002450,E00344
T002450,E00470
T002450,E99970
T002450,E00390
T002451,E00575
T002451,E00682
T002451,E00072
T002451,E00042
T002452,E00476
T002452,E00334
T002452,E00061
T002452,E00225
T002453,E00353
T002453,E00057
T002453,E00792
T002453,E00753
T002454,E00490
T002454,E00427
T002454,E00401
T002454,E00609
T002455,E00078
T002455,E00634
T002455,E99477
T002455,E00050
T002456,E00705
T002456,E00204
T002456,E00595
T002456,E00540
T002457,E00293
T002458,E00488
T002458,E00365
T002458,E00654
T002458,E00034
T002458,E00696
T002458,E00521
T002458,E00614
T002458,E00355
T002458,E00774
T002458,E00379
T002458,E00791
T002458,E00642
T002458,E00346
T002458,E00069
T002458,E00226
T002458,E00104
T002458,E00095
T002458,E00560
T002459,E00653
T002459,E00373
T002459,E00228
T002460,E00796
T002460,E00628
T002460,E00123
T002460,E00568
T002460,E00372
T002460,E00610
T002460,E00255
T002460,E00351
T002460,E00591
T002460,E00559
T002460,E00084
T002460,E00062
T002460,E00251
T002460,E00167
T002460,E00349
T002460,E00156
T002461,E00239
T002461,E00580
T002461,E00201
T002461,E00135
T002461,E00735
T002461,E00008
T002461,E00594
T002461,E00649
T002462,E00316
T002462,E00420
T002462,E00092
T002462,E00679
T002462,E00418
T002462,E00221
T002463,E00085
T002463,E00289
T002463,E00411
T002463,E00041
T002463,E00417
T002463,E00321
T002463,E00342
T002463,E00650
T002464,E00270
T002464,E00360
T002464,E00523
T002464,E00307
T002464,E99895
T002464,E00314
T002464,E00548
T002464,E00254
T002465,E00046
T002465,E00775
T002465,E00350
T002465,E00035
T002466,E00514
T002466,E00071
T002466,E00179
T002466,E00029
T002467,E00474
T002467,E00296
T002467,E00356
T002467,E00107
T002468,E00458
T002468,E00367
T002468,E00424
T002468,E00612
T002469,E00366
T002469,E00210
T002469,E00394
T002469,E00312
T002470,E00113
T002470,E00091
T002470,E00748
T002470,E00288
T002471,E00090
T002471,E00504
T002471,E00711
T002471,E00310
T002471,E00790
T002471,E00663
T002471,E00763
T002471,E00374
T002471,E00248
T002471,E00148
T002471,E00332
T002471,E00712
T002471,E00099
T002471,E00040
T002471,E99065
T002471,E00765
T002471,E00734
T002471,E00522
T002472,E00601
T002472,E00550
T002473,E00437
T002473,E00780
T002473,E00383
T002473,E00656
T002473,E00246
T002473,E00116
T002473,E99031
T002473,E00740
T002474,E00341
T002474,E00588
T002474,E00518
T002474,E00232
T002474,E00786
T002474,E00657
T002474,E00238
T002475,E00209
T002475,E00284
T002475,E00280
T002475,E00578
T002476,E00639
T002476,E00331
T002476,E00686
T002476,E00244
T002477,E00318
T002477,E00114
T002477,E00760
T002477,E00025
T002478,E00632
T002478,E00690
T002478,E00397
T002479,E00018
T002479,E00497
T002479,E00688
T002479,E00549
T002479,E00125
T002479,E00783
T002479,E00267
T002479,E00077
T002479,E00398
T002479,E00459
T002479,E00795
T002479,E00660
T002479,E00773
T002479,E00038
T002479,E00178
T002479,E00630
T002479,E00086
T002479,E00460
T002480,E00406
T002480,E00273
T002480,E00762
T002480,E00230
T002480,E00252
T002480,E00297
T002480,E00572
T002480,E00129
T002480,E00191
T002480,E00016
T002480,E00556
T002480,E00161
T002480,E00565
T002480,E00291
T002480,E00142
T002480,E00337
T002480,E00409
T002480,E00051
T002481,E00325
T002481,E00800
T002481,E00647
T002481,E00752
T002481,E00561
T002481,E99478
T002481,E00333
T002481,E00009
T002481,E00710
T002481,E00605
T002482,E00756
T002482,E00631
T002482,E00335
T002482,E00482
T002482,E00597
T002482,E00693
T002482,E00037
T002482,E00732
T002482,E00542
T002482,E00315
T002482,E00716
T002482,E00759
T002482,E00272
T002482,E00448
T002482,E00577
T002482,E00731
T002482,E00368
T002482,E99628
T002483,E00022
T002483,E00515
T002483,E00388
T002483,E00159
T002483,E00218
T002483,E00723
T002483,E00672
T002483,E00087
T002483,E00096
T002483,E00186
T002483,E00579
T002483,E00655
T002483,E00689
T002483,E00082
T002483,E00080
T002483,E00702
T002483,E00456
T002483,E00265
T002484,E00033
T002484,E00767
T002484,E00680
T002484,E00596
T002484,E00676
T002484,E00524
T002484,E00754
T002484,E00789
T002484,E99996
T002485,E00758
T002485,E99442
T002485,E00465
T002485,E00706
T002485,E00532
T002485,E00134
T002485,E00751
T002485,E00137
T002486,E00466
T002486,E00510
T002486,E00282
T002486,E00551
T002486,E00443
T002486,E00011
T002486,E00444
T002486,E00675
T002487,E00259
T002487,E00616
T002487,E00581
T002487,E00438
T002487,E00176
T002487,E00126
T002487,E00364
T002487,E00469
T002488,E00557
T002488,E00024
T002488,E00260
T002488,E00240
T002488,E00382
T002488,E00738
T002488,E00564
T002488,E00619
T002489,E00154
T002489,E00661
T002489,E00678
T002489,E00769
T002489,E00338
T002489,E00124
T002489,E00730
T002489,E00140
T002490,E00185
T002491,E00160
T002491,E00131
T002491,E00750
T002491,E00419
T002491,E00056
T002491,E00503
T002491,E00644
T002491,E00797
T002492,E00613
T002492,E00143
T002492,E00665
T002492,E00089
T002492,E00340
T002492,E00359
T002492,E00313
T002492,E00183
T002493,E00704
T002493,E00546
T002493,E00301
T002493,E00463
T002493,E00111
T002493,E00520
T002493,E00234
T002493,E00493
T002494,E00097
T002494,E00269
T002494,E00014
T002494,E00362
T002494,E00432
T002494,E00298
T002494,E00741
T002494,E00407
T002495,E00203
T002495,E99968
T002495,E00468
T002495,E00247
T002495,E00213
T002495,E00020
T002495,E00299
T002495,E00032
T002496,E00477
T002496,E00266
T002496,E00172
T002496,E00425
T002497,E00010
T002497,E00573
T002497,E00742
T002497,E00506
T002498,E00177
T002498,E00583
T002498,E00480
T002498,E00093
T002499,E00007
T002499,E00128
T002499,E00421
T002499,E00369
T002500,E00271
T002500,E99467
T002500,E00714
T002500,E00486
T002501,E00211
T002501,E00778
T002501,E00215
T002501,E00687
T002502,E00155
T002502,E00283
T002502,E00357
T002502,E00286
T002503,E00615
T002503,E00330
T002503,E00777
T002503,E00471
T002504,E00319
T002504,E00472
T002504,E00415
T002504,E00517
T002505,E00677
T002505,E00593
T002505,E00070
T002505,E00485
T002506,E00422
T002506,E99932
T002506,E00726
T002506,E00674
T002506,E00181
T002506,E00279
T002506,E00603
T002506,E00237
T002506,E00295
T002506,E00670
T002506,E00499
T002506,E00187
T002506,E00399
T002506,E00539
T002506,E00389
T002506,E00508
T002506,E00484
T002506,E00582
T002507,E00492
T002507,E00512
T002507,E00217
T002507,E00787
T002507,E00276
T002507,E00768
T002507,E00669
T002507,E00555
T002507,E00683
T002507,E00429
T002507,E00152
T002507,E00292
T002507,E00435
T002507,E00446
T002507,E00544
T002507,E00440
T002507,E00625
T002507,E00707
T002508,E00627
T002508,E00626
T002508,E00308
T002508,E00519
T002508,E99802
T002508,E99459
T002508,E00431
T002508,E00166
T002508,E00076
T002509,E00229
T002509,E00285
T002509,E00637
T002509,E00433
T002509,E00243
T002509,E00235
T002509,E00345
T002509,E00449
T002510,E00249
T002510,E00196
T002510,E00736
T002510,E00478
T002510,E00633
T002510,E00171
T002510,E00048
T002510,E00721
T002511,E00175
T002511,E00250
T002511,E00788
T002511,E00487
T002511,E00513
T002511,E00277
T002511,E00481
T002511,E00220
T002512,E99424
T002512,E00666
T002512,E00162
T002512,E00223
T002512,E00652
T002512,E00464
T002512,E00197
T002512,E00511
T002513,E00664
T002513,E00584
T002513,E00370
T002513,E00300
T002513,E00483
T002513,E00447
T002513,E00430
T002513,E00604
T002514,E99600
T002514,E00589
T002514,E00498
T002514,E00208
T002515,E00436
T002515,E00445
T002515,E00662
T002515,E00380
T002516,E00441
T002516,E00426
T002516,E00205
T002516,E00184
T002517,E00044
T002517,E00569
T002517,E00001
T002517,E00745
T002518,E00685
T002518,E00023
T002518,E00772
T002518,E00587
T002519,E00381
T002519,E00509
T002519,E00533
T002519,E00525
T002520,E00102
T002520,E00354
T002520,E00302
T002520,E00400
T002521,E00450
T002521,E00698
T002521,E00212
T002521,E99035
T002522,E00404
T002522,E00405
T002522,E00743
T002522,E00547
T002523,E00781
T002523,E00385
T002523,E00442
T002523,E00214
T002524,E00428
T002524,E00700
T002524,E00412
T002524,E00739
T002525,E00311
T002525,E00303
T002525,E00045
T002526,E00392
T002526,E00439
T002526,E00766
T002526,E00451
T002526,E00600
T002526,E00352
T002526,E00242
T002526,E00529
T002526,E00117
T002526,E00691
T002526,E00733
T002526,E99342
T002526,E00075
T002526,E00377
T002526,E00063
T002526,E00538
T002526,E00489
T002526,E00256
T002527,E00323
T002527,E00236
T002527,E00304
T002528,E00694
T002528,E00531
T002528,E00004
T002528,E00047
T002528,E00376
T002528,E00081
T002528,E00598
T002528,E00132
T002528,E00141
T002528,E00454
T002528,E00782
T002528,E00149
T002528,E00193
T002528,E00452
T002528,E00455
T002528,E00755
T002528,E00278
T002528,E00108
T002529,E00570
T002529,E00039
T002529,E00012
T002529,E00395
T002529,E00602
T002529,E00496
T002529,E00393
T002529,E00667
T002529,E00585
T002529,E00671
T002529,E00567
T002530,E00043
T002530,E00703
T002530,E00535
T002530,E00264
T002530,E00127
T002530,E00408
T002530,E00771
T002530,E00403
T002531,E00528
T002531,E00621
T002531,E00475
T002531,E00737
T002531,E00198
T002531,E00322
T002531,E00324
T002531,E00109
T002532,E00363
T002532,E00629
T002532,E00727
T002532,E00715
T002532,E00281
T002532,E00413
T002532,E00327
T002532,E00495
T002533,E00785
T002534,E00257
T002534,E00036
T002534,E00147
T002534,E00100
T002534,E00608
T002534,E00317
T002534,E00139
T002534,E00586
T002535,E00402
T002535,E00055
T002535,E00262
T002535,E00073
T002535,E00320
T002535,E00192
T002535,E00784
T002535,E00643
T002536,E00028
T002536,E00641
T002536,E00195
T002536,E00163
T002536,E00060
T002536,E00553
T002536,E00552
T002536,E00130
T002537,E00729
T002538,E00110
T002538,E00002
T002538,E00168
T002538,E00169
T002539,E00145
T002539,E00101
T002539,E00231
T002539,E00635
T002540,E00339
T002540,E00640
T002540,E99287
T002540,E00189
T002541,E00305
T002541,E00606
T002541,E00494
T002541,E00770
T002542,E00414
T002542,E00794
T002542,E99603
T002542,E00479
T002543,E00263
T002543,E99442
T002543,E00757
T002543,E00526
T002544,E00119
T002544,E00645
T002544,E00505
T002544,E00098
T002545,E00005
T002545,E00326
T002546,E00692
T002546,E00684
T002546,E00017
T002546,E00006
T002546,E00224
T002546,E00054
T002546,E00138
T002546,E00030
T002546,E00019
T002546,E00701
T002546,E99077
T002546,E00543
T002546,E00158
T002546,E00015
T002546,E00746
T002546,E00206
T002546,E00165
T002546,E00275
T002547,E00118
T002547,E00387
T002547,E00599
T002547,E00294
T002547,E00646
T002548,E00590
T002548,E00306
T002548,E00708
T002548,E00268
T002548,E00164
T002548,E00174
T002548,E00620
T002548,E00290
T002549,E00274
T002549,E00576
T002549,E00624
T002549,E00434
T002549,E00467
T002549,E00391
T002549,E00180
T002549,E00793
T002550,E00170
T002550,E00724
T002550,E00719
T002550,E00200
T002550,E00592
T002550,E00462
T002550,E00151
T002550,E00227
T002551,E99189
T002551,E00121
T002551,E00566
T002551,E00343
T002551,E00502
T002551,E00658
T002552,E00353
T002552,E00792
T002552,E00384
T002552,E00540
T002553,E99273
T002553,E00595
T002553,E00490
T002553,E00057
T002554,E00476
T002554,E00050
T002554,E00470
T002554,E00401
T002555,E00753
T002555,E00072
T002555,E00344
T002555,E00575
T002556,E00225
T002556,E00609
T002556,E00144
T002556,E00634
T002557,E00202
T002557,E00078
T002557,E00682
T002557,E00416
T002558,E00390
T002558,E00705
T002558,E00427
T002558,E00681
T002559,E00204
T002559,E00061
T002560,E00069
T002560,E00034
T002560,E00488
T002560,E00104
T002560,E00521
T002560,E00653
T002560,E00642
T002560,E00560
T002560,E00115
T002560,E00095
T002560,E00228
T002560,E00346
T002560,E00614
T002560,E00373
T002560,E00696
T002560,E00574
T002560,E00774
T002560,E00379
T002561,E00226
T002561,E00355
T002562,E00084
T002562,E00591
T002562,E00062
T002562,E00610
T002562,E00559
T002562,E00628
T002562,E00568
T002562,E00123
T002562,E00251
T002562,E00255
T002562,E00796
T002562,E00349
T002562,E00167
T002562,E00351
T002562,E00156
T002563,E00418
T002563,E00420
T002563,E00219
T002563,E00316
T002563,E00026
T002563,E00679
T002563,E00092
T002563,E00735
T002564,E00135
T002564,E00239
T002564,E00008
T002564,E00580
T002564,E00649
T002564,E00594
T002565,E00411
T002565,E00289
T002565,E00350
T002565,E00360
T002565,E00046
T002565,E00254
T002565,E00270
T002565,E00233
T002566,E00041
T002566,E00342
T002566,E00085
T002566,E00417
T002566,E99202
T002566,E00083
T002566,E00523
T002566,E00307
T002567,E00321
T002567,E00775
T002567,E00035
T002568,E00356
T002568,E00424
T002568,E00458
T002568,E00474
T002569,E00179
T002569,E00113
T002569,E00366
T002569,E00071
T002570,E00312
T002570,E00748
T002570,E00558
T002570,E00210
T002571,E00296
T002571,E00394
T002571,E00107
T002571,E00029
T002572,E00288
T002572,E00514
T002572,E00091
T002572,E00375
T002573,E00612
T002574,E00563
T002574,E00765
T002574,E00550
T002574,E00090
T002574,E00332
T002574,E00374
T002574,E00763
T002574,E00310
T002574,E00663
T002574,E00148
T002574,E00790
T002574,E00711
T002574,E00601
T002574,E00040
T002574,E00461
T002574,E00734
T002574,E00099
T002574,E00522
T002575,E00504
T002575,E00712
T002576,E00437
T002576,E00657
T002576,E00656
T002576,E00518
T002576,E00786
T002576,E00194
T002576,E99523
T002576,E00740
T002577,E00749
T002577,E00116
T002577,E00383
T002577,E00238
T002577,E00780
T002577,E00341
T002577,E00157
T002577,E00232
T002578,E00246
T002579,E00114
T002579,E00632
T002579,E00244
T002579,E00760
T002580,E00209
T002580,E00284
T002580,E00331
T002580,E00397
T002581,E00690
T002581,E00686
T002581,E00318
T002581,E00280
T002582,E00025
T002582,E00639
T002583,E00003
T002583,E00779
T002583,E00752
T002583,E00773
T002583,E00795
T002583,E00460
T002583,E00561
T002583,E00647
T002583,E00337
T002583,E00018
T002583,E99167
T002583,E00230
T002583,E00161
T002583,E00129
T002583,E00142
T002583,E00406
T002583,E00191
T002583,E00556
T002584,E00459
T002584,E00086
T002584,E00077
T002584,E00291
T002584,E00710
T002584,E00009
T002584,E00267
T002584,E00565
T002584,E00199
T002584,E00783
T002584,E00762
T002584,E00125
T002584,E99637
T002584,E00253
T002584,E00051
T002584,E99968
T002584,E00688
T002584,E00630
T002585,E00605
T002585,E00178
T002585,E00333
T002585,E00297
T002585,E00660
T002585,E00273
T002585,E00549
T002585,E00398
T002585,E00572
T002585,E00497
T002586,E00577
T002586,E00655
T002586,E00680
T002586,E00368
T002586,E00579
T002586,E00456
T002586,E00052
T002586,E00033
T002586,E00448
T002586,E00631
T002586,E00515
T002586,E00672
T002586,E00482
T002586,E00693
T002586,E00082
T002586,E00315
T002586,E00723
T002586,E00607
T002587,E00702
T002587,E00218
T002587,E00756
T002587,E00080
T002587,E00689
T002587,E00524
T002587,E00597
T002587,E00596
T002587,E00732
T002587,E00037
T002587,E00265
T002587,E00676
T002587,E00536
T002587,E00022
T002587,E00789
T002587,E00272
T002587,E00542
T002587,E00159
T002588,E00388
T002588,E00186
T002588,E00087
T002588,E00754
T002588,E00335
T002588,E00767
T002588,E00798
T002588,E00731
T002588,E00716
T002588,E00759
T002589,E00500
T002589,E00438
T002589,E00465
T002589,E00154
T002589,E00581
T002589,E00124
T002589,E00382
T002589,E00137
T002590,E00564
T002590,E00173
T002590,E00282
T002590,E00751
T002590,E00738
T002590,E00616
T002590,E00532
T002590,E00259
T002591,E00678
T002591,E00510
T002591,E00444
T002591,E00466
T002591,E00176
T002591,E00557
T002591,E00443
T002591,E00619
T002592,E00706
T002592,E00260
T002592,E00364
T002592,E00758
T002592,E99603
T002592,E00675
T002592,E00769
T002592,E00699
T002593,E00126
T002593,E00730
T002593,E00140
T002593,E00185
T002593,E99513
T002593,E00551
T002593,E00024
T002593,E00011
T002594,E00661
T002595,E00234
T002595,E00432
T002595,E00183
T002595,E00056
T002595,E00744
T002595,E00741
T002595,E00097
T002595,E00203
T002596,E00213
T002596,E00463
T002596,E00359
T002596,E00750
T002596,E00247
T002596,E00419
T002596,E00020
T002596,E00362
T002597,E99837
T002597,E00407
T002597,E00797
T002597,E00301
T002597,E00190
T002597,E00089
T002597,E00299
T002597,E00541
T002598,E00269
T002598,E00503
T002598,E00665
T002598,E00520
T002598,E00468
T002598,E00704
T002598,E00340
T002598,E00348
T002599,E00313
T002599,E00160
T002599,E00613
T002599,E00298
T002599,E00014
T002599,E00644
T002599,E00546
T002599,E00131
T002600,E00032
T002601,E00615
T002601,E00266
T002601,E00286
T002601,E00453
T002602,E00010
T002602,E00215
T002602,E99365
T002602,E00506
T002603,E00093
T002603,E00330
T002603,E00172
T002603,E00477
T002604,E00778
T002604,E00128
T002604,E00677
T002604,E00485
T002605,E00369
T002605,E00486
T002605,E00742
T002605,E00517
T002606,E00593
T002606,E00415
T002606,E00283
T002606,E00059
T002607,E00777
T002607,E00319
T002607,E00357
T002607,E00583
T002608,E00472
T002608,E00105
T002608,E00714
T002608,E00425
T002609,E00177
T002609,E00471
T002609,E00480
T002609,E00211
T002610,E00271
T002610,E00421
T002610,E00573
T002610,E00423
T002611,E00718
T002611,E00507
T002611,E00070
T002612,E00728
T002612,E00399
T002612,E00768
T002612,E00292
T002612,E00492
T002612,E00308
T002612,E00237
T002612,E00683
T002612,E00094
T002612,E00725
T002612,E00431
T002612,E00626
T002612,E00150
T002612,E00499
T002612,E00582
T002612,E00625
T002612,E00519
T002612,E00544
T002613,E99845
T002613,E00651
T002613,E00603
T002613,E00446
T002613,E99442
T002613,E00166
T002613,E99700
T002613,E00508
T002613,E00152
T002613,E00076
T002613,E00669
T002613,E00440
T002613,E00181
T002613,E00276
T002613,E00217
T002613,E00670
T002613,E00187
T002613,E00555
T002614,E00674
T002614,E00618
T002614,E00389
T002614,E00279
T002614,E00484
T002614,E00295
T002614,E00627
T002614,E00435
T002614,E00726
T002614,E00787
T002614,E00707
T002614,E99717
T002614,E00512
T002615,E00764
T002615,E00537
T002615,E00513
T002615,E00483
T002615,E00487
T002615,E00243
T002615,E00447
T002615,E00637
T002616,E00065
T002616,E00713
T002616,E00175
T002616,E00695
T002616,E00664
T002616,E00250
T002616,E00345
T002616,E00721
T002617,E00604
T002617,E00136
T002617,E99372
T002617,E99368
T002617,E00223
T002617,E00788
T002617,E00229
T002617,E00449
T002618,E00027
T002618,E00410
T002618,E00481
T002618,E00370
T002618,E00277
T002618,E00478
T002618,E00133
T002618,E00249
T002619,E00197
T002619,E00220
T002619,E00196
T002619,E00652
T002619,E00171
T002619,E00633
T002619,E00666
T002619,E00049
T002620,E00285
T002620,E00058
T002620,E00464
T002620,E00545
T002620,E00235
T002620,E00584
T002621,E00442
T002621,E00405
T002621,E00426
T002621,E00214
T002622,E00739
T002622,E00700
T002622,E00381
T002622,E00311
T002623,E00525
T002623,E00436
T002623,E00781
T002623,E00441
T002624,E00044
T002624,E00662
T002624,E00547
T002624,E00208
T002625,E00212
T002625,E00354
T002625,E00509
T002625,E00685
T002626,E00533
T002626,E00184
T002626,E00380
T002626,E00358
T002627,E00698
T002627,E00743
T002627,E00587
T002627,E00023
T002628,E00302
T002628,E00450
T002628,E00336
T002628,E00404
T002629,E00182
T002629,E00772
T002629,E00569
T002629,E00102
T002630,E00045
T002630,E00498
T002630,E00745
T002630,E00412
T002631,E00589
T002631,E00385
T002631,E00205
T002631,E00445
T002632,E00489
T002632,E00241
T002632,E00304
T002632,E00117
T002632,E00733
T002632,E00236
T002632,E00063
T002632,E00529
T002632,E00323
T002632,E00377
T002632,E00352
T002632,E00538
T002632,E00451
T002632,E00600
T002632,E00242
T002632,E00439
T002632,E00392
T002632,E00256
T002633,E00075
T002633,E00766
T002633,E00473
T002633,E00691
T002634,E00376
T002634,E00393
T002634,E00193
T002634,E00132
T002634,E00671
T002634,E00395
T002634,E00496
T002634,E00755
T002634,E00108
T002634,E00278
T002634,E00531
T002634,E00012
T002634,E00047
T002634,E00782
T002634,E00694
T002634,E00598
T002634,E00106
T002634,E99553
T002635,E00081
T002635,E00585
T002635,E00039
T002635,E00141
T002635,E00567
T002635,E00452
T002635,E00004
T002635,E00454
T002635,E00570
T002635,E00667
T002636,E00363
T002636,E00495
T002636,E00198
T002636,E00043
T002636,E00785
T002636,E00771
T002636,E00109
T002636,E00322
T002637,E00264
T002637,E00327
T002637,E00324
T002637,E99330
T002637,E00715
T002637,E00703
T002637,E00403
T002637,E00737
T002638,E00727
T002638,E00629
T002638,E00475
T002638,E00528
T002638,E00408
T002638,E00535
T002638,E00621
T002639,E00188
T002639,E00562
T002639,E00554
T002639,E00147
T002639,E00608
T002639,E99623
T002639,E00317
T002639,E00552
T002640,E00643
T002640,E00163
T002640,E00055
T002640,E00195
T002640,E00729
T002640,E00641
T002640,E00073
T002640,E00192
T002641,E00553
T002641,E00139
T002641,E00060
T002641,E00402
T002641,E00784
T002641,E00586
T002641,E00074
T002641,E00028
T002642,E00036
T002642,E00320
T002642,E00100
T002642,E00146
T002642,E00257
T002642,E00262
T002643,E00101
T002643,E00168
T002643,E00119
T002643,E00505
T002644,E00757
T002644,E00305
T002644,E00635
T002644,E00526
T002645,E00414
T002645,E00617
T002645,E00326
T002645,E00098
T002646,E00494
T002646,E00263
T002646,E00645
T002646,E00479
T002647,E00770
T002647,E00013
T002647,E00189
T002647,E00339
T002648,E00231
T002648,E00103
T002648,E00002
T002648,E00501
T002649,E00640
T002649,E00169
T002649,E00794
T002649,E00005
T002650,E00110
T002651,E00015
T002651,E00206
T002651,E00746
T002651,E00543
T002651,E00006
T002651,E00138
T002651,E00701
T002651,E00054
T002651,E00275
T002651,E00118
T002651,E00646
T002651,E00799
T002651,E00294
T002651,E00224
T002651,E00387
T002651,E00516
T002651,E00165
T002651,E00019
T002652,E00692
T002652,E00158
T002652,E00684
T002652,E00599
T002652,E00017
T002653,E00170
T002653,E00180
T002653,E00648
T002653,E00121
T002653,E00164
T002653,E00624
T002653,E00386
T002653,E00274
T002654,E00576
T002654,E00719
T002654,E00708
T002654,E00151
T002654,E00793
T002654,E00174
T002654,E00053
T002654,E00227
T002655,E00200
T002655,E00592
T002655,E99069
T002655,E00620
T002655,E00724
T002655,E00434
T002655,E00290
T002655,E00502
T002656,E00343
T002656,E00268
T002656,E00590
T002656,E00776
T002656,E00658
T002656,E00462
T002657,E00681
T002657,E00470
T002657,E00353
T002657,E00293
T002658,E00334
T002658,E00225
T002658,E00634
T002658,E00705
T002659,E00057
T002659,E00540
T002659,E00682
T002659,E00427
T002660,E00490
T002660,E00078
T002660,E00401
T002660,E00792
T002661,E99058
T002661,E00595
T002661,E00344
T002661,E99747
T002662,E00061
T002662,E00202
T002662,E00050
T002662,E99866
T002663,E00753
T002663,E00072
T002663,E00575
T002663,E00042
T002664,E00144
T002664,E00390
T002665,E00614
T002665,E00560
T002665,E00653
T002665,E00115
T002665,E00696
T002665,E00095
T002665,E00791
T002665,E00226
T002665,E00346
T002665,E00034
T002665,E00355
T002665,E00774
T002665,E00654
T002665,E00373
T002665,E00521
T002665,E00574
T002665,E00379
T002665,E00365
T002666,E00228
T002666,E00488
T002666,E00069
T002666,E00642
T002667,E00167
T002667,E00591
T002667,E00796
T002667,E00062
T002667,E00559
T002667,E00568
T002667,E00251
T002667,E00351
T002667,E00156
T002667,E00123
T002667,E00628
T002667,E00610
T002667,E00255
T002667,E00349
T002668,E00594
T002668,E00649
T002668,E00420
T002668,E00239
T002668,E00580
T002668,E99014
T002668,E00008
T002668,E00026
T002669,E00679
T002669,E00418
T002669,E00219
T002669,E00092
T002669,E00201
T002669,E00316
T002669,E00135
T002670,E00342
T002670,E00041
T002670,E00775
T002670,E00085
T002670,E00360
T002670,E00314
T002670,E00046
T002670,E00254
T002671,E00523
T002671,E00307
T002671,E00035
T002671,E00083
T002671,E99698
T002671,E00548
T002671,E00411
T002671,E00289
T002672,E00021
T002672,E00270
T002672,E00350
T002673,E00288
T002673,E00474
T002673,E00071
T002673,E99203
T002674,E00091
T002674,E00748
T002674,E00394
T002674,E00375
T002675,E00029
T002675,E00367
T002675,E00514
T002675,E00612
T002676,E00312
T002676,E00458
T002676,E00558
T002676,E00210
T002677,E00366
T002677,E00424
T002677,E00296
T002677,E00107
T002678,E00113
T002679,E00550
T002679,E00332
T002679,E00090
T002679,E00522
T002679,E00765
T002679,E00040
T002679,E00663
T002679,E00563
T002679,E00790
T002679,E99765
T002679,E00712
T002679,E00734
T002679,E00601
T002679,E00504
T002679,E00374
T002679,E00099
T002679,E00461
T002679,E00148
T002680,E00711
T002680,E00088
T002680,E00248
T002681,E99777
T002681,E00786
T002681,E00749
T002681,E00657
T002681,E00588
T002681,E00194
T002681,E00341
T002681,E00780
T002682,E00157
T002682,E00207
T002682,E00246
T002682,E00518
T002682,E00383
T002682,E00232
T002682,E00656
T002682,E00238
T002683,E00740
T002683,E00116
T002684,E00760
T002684,E00025
T002684,E00331
T002684,E00284
T002685,E00578
T002685,E00632
T002685,E00280
T002685,E00690
T002686,E00114
T002686,E99814
T002686,E00397
T002686,E00209
T002687,E99366
T002687,E00318
T002687,E00639
T002688,E00142
T002688,E00258
T002688,E00178
T002688,E00129
T002688,E00549
T002688,E00800
T002688,E00086
T002688,E00199
T002688,E00688
T002688,E00565
T002688,E00460
T002688,E00230
T002688,E00016
T002688,E00647
T002688,E00773
T002688,E00291
T002688,E00038
T002688,E00191
T002689,E00267
T002689,E00762
T002689,E00003
T002689,E00018
T002689,E00660
T002689,E00556
T002689,E00125
T002689,E00409
T002689,E00009
T002689,E00252
T002689,E00459
T002689,E00329
T002689,E00752
T002689,E00253
T002689,E00561
T002689,E00795
T002689,E00406
T002689,E00572
T002690,E00630
T002690,E00710
T002690,E00497
T002690,E99508
T002690,E00605
T002690,E00077
T002690,E00273
T002690,E00783
T002690,E00297
T002690,E00779
T002690,E00161
T002690,E00325
T002690,E00051
T002690,E00337
T002691,E00159
T002691,E00732
T002691,E00577
T002691,E00368
T002691,E00388
T002691,E00579
T002691,E00315
T002691,E00335
T002691,E00767
T002691,E00702
T002691,E00631
T002691,E00689
T002691,E00037
T002691,E00536
T002691,E00789
T002691,E00153
T002691,E00731
T002691,E00672
T002692,E00756
T002692,E00265
T002692,E00082
T002692,E00186
T002692,E00607
T002692,E00080
T002692,E00676
T002692,E00272
T002692,E00524
T002692,E00218
T002692,E00033
T002692,E00680
T002692,E00096
T002692,E00596
T002692,E00542
T002692,E00655
T002692,E00448
T002692,E00022
T002693,E00456
T002693,E00759
T002693,E00798
T002693,E00515
T002693,E00597
T002693,E00693
T002693,E00087
T002693,E00716
T002693,E00723
T002693,E00052
T002693,E00482
T002694,E00364
T002694,E00382
T002694,E00024
T002694,E00730
T002694,E00706
T002694,E00124
T002694,E00259
T002694,E00240
T002695,E00011
T002695,E00443
T002695,E00465
T002695,E00619
T002695,E00769
T002695,E00616
T002695,E00338
T002695,E00751
T002696,E00282
T002696,E00469
T002696,E00140
T002696,E00154
T002696,E00717
T002696,E00500
T002696,E00260
T002696,E00444
T002697,E00564
T002697,E00581
T002697,E00678
T002697,E00438
T002697,E00699
T002697,E00557
T002697,E00173
T002697,E00758
T002698,E00126
T002698,E00176
T002698,E00675
T002698,E00532
T002698,E00551
T002699,E99387
T002699,E00665
T002699,E00419
T002699,E00020
T002699,E99492
T002699,E00797
T002699,E00183
T002699,E00160
T002700,E00131
T002700,E00741
T002700,E00673
T002700,E00520
T002700,E00089
T002700,E00468
T002700,E00299
T002700,E00247
T002701,E00340
T002701,E00644
T002701,E00014
T002701,E00111
T002701,E00432
T002701,E00203
T002701,E00546
T002701,E99554
T002702,E00359
T002702,E00301
T002702,E00313
T002702,E00143
T002702,E00541
T002702,E00269
T002702,E00744
T002702,E00056
T002703,E00298
T002703,E00503
T002703,E00613
T002703,E00704
T002703,E00097
T002703,E00463
T002703,E00362
T002703,E00493
T002704,E99139
T002704,E00593
T002704,E00093
T002704,E00423
T002705,E00472
T002705,E00506
T002705,E00172
T002705,E00687
T002706,E00471
T002706,E00485
T002706,E00517
T002706,E00718
T002707,E00777
T002707,E00486
T002707,E99359
T002707,E00177
T002708,E00677
T002708,E00010
T002708,E00480
T002708,E00007
T002709,E00477
T002709,E00283
T002709,E00059
T002709,E00415
T002710,E00319
T002710,E00369
T002710,E00742
T002710,E00583
T002711,E00714
T002711,E00070
T002711,E00507
T002711,E00105
T002712,E00421
T002712,E00357
T002712,E00453
T002712,E00271
T002713,E00215
T002713,E00286
T002713,E00778
T002713,E00330
T002714,E00266
T002714,E00211
T002714,E99044
T002714,E00573
T002715,E00674
T002715,E00544
T002715,E00626
T002715,E00152
T002715,E00728
T002715,E00181
T002715,E00399
T002715,E00787
T002715,E00422
T002715,E00725
T002715,E00076
T002715,E00429
T002715,E00768
T002715,E00308
T002715,E00492
T002715,E00582
T002715,E00709
T002715,E00446
T002716,E00279
T002716,E00112
T002716,E00603
T002716,E00508
T002716,E00440
T002716,E00276
T002716,E00295
T002716,E00435
T002716,E00389
T002716,E00669
T002716,E00309
T002716,E99418
T002716,E00217
T002716,E00625
T002716,E00512
T002716,E00484
T002716,E00707
T002716,E00292
T002717,E00618
T002717,E00187
T002717,E00555
T002717,E00150
T002717,E00499
T002717,E00726
T002717,E00237
T002717,E00670
T002718,E00584
T002718,E00223
T002718,E00481
T002718,E00065
T002718,E00433
T002718,E00196
T002718,E99105
T002718,E00250
T002719,E00048
T002719,E00637
T002719,E00197
T002719,E00788
T002719,E00695
T002719,E00235
T002719,E00513
T002719,E00652
T002720,E00604
T002720,E00511
T002720,E00370
T002720,E00285
T002720,E00133
T002720,E00220
T002720,E00345
T002720,E00175
T002721,E00633
T002721,E00136
T002721,E00666
T002721,E00545
T002721,E00487
T002721,E00249
T002721,E00162
T002721,E00764
T002722,E00410
T002722,E00464
T002722,E00300
T002722,E00049
T002722,E00229
T002722,E00664
T002722,E00449
T002722,E00171
T002723,E00430
T002723,E00058
T002723,E00243
T002723,E00537
T002723,E00736
T002723,E00478
T002723,E00027
T002723,E00483
T002724,E00277
T002724,E00447
T002725,E00311
T002725,E00589
T002725,E00441
T002725,E00001
T002726,E00547
T002726,E00498
T002726,E00404
T002726,E00772
T002727,E00509
T002727,E00184
T002727,E00739
T002727,E00380
T002728,E00662
T002728,E00336
T002728,E00023
T002728,E00045
T002729,E00412
T002729,E00400
T002729,E00214
T002729,E00205
T002730,E00405
T002730,E00208
T002730,E00212
T002730,E00445
T002731,E00533
T002731,E00385
T002731,E00302
T002731,E00525
T002732,E00102
T002732,E00358
T002732,E00781
T002732,E00371
T002733,E00354
T002733,E00426
T002733,E00745
T002733,E00442
T002734,E00685
T002734,E00436
T002734,E00698
T002734,E00381
T002735,E00182
T002735,E00569
T002736,E00473
T002736,E00529
T002736,E00075
T002736,E00538
T002736,E00242
T002736,E00377
T002736,E00323
T002736,E00392
T002736,E00256
T002736,E00236
T002736,E00489
T002736,E00766
T002736,E00691
T002736,E00117
T002736,E00122
T002736,E00352
T002736,E00063
T002736,E00600
T002737,E00602
T002737,E00455
T002737,E00149
T002737,E00782
T002737,E00452
T002737,E00667
T002737,E00278
T002737,E00106
T002737,E00012
T002737,E00393
T002737,E00531
T002737,E00193
T002737,E00570
T002737,E99595
T002737,E00671
T002737,E00755
T002737,E00004
T002737,E00454
T002738,E00039
T002738,E00141
T002738,E00081
T002738,E00132
T002738,E00598
T002738,E00376
T002738,E00047
T002738,E00108
T002738,E00585
T002738,E00496
T002738,E00395
T002738,E00694
T002738,E00720
T002739,E00413
T002739,E00043
T002739,E00727
T002739,E00771
T002739,E00737
T002739,E00363
T002739,E00403
T002739,E00629
T002740,E00198
T002740,E00621
T002740,E00495
T002740,E00327
T002740,E00715
T002740,E00535
T002740,E00408
T002740,E00127
T002741,E00703
T002741,E00528
T002741,E00109
T002741,E00322
T002741,E00264
T002741,E00785
T002741,E00324
T002741,E99455
T002742,E00257
T002742,E00562
T002742,E00188
T002742,E00262
T002742,E00552
T002742,E00643
T002742,E00055
T002742,E00163
T002743,E00729
T002743,E00036
T002743,E00554
T002743,E00028
T002743,E00553
T002743,E99938
T002743,E99807
T002743,E00641
T002744,E00586
T002744,E00146
T002744,E00130
T002744,E00320
T002744,E00402
T002744,E00139
T002744,E00317
T002744,E00784
T002745,E00100
T002745,E00195
T002745,E00192
T002745,E00060
T002746,E00013
T002746,E00494
T002746,E00098
T002746,E00002
T002747,E00169
T002747,E00145
T002747,E00794
T002747,E00635
T002748,E00606
T002748,E00326
T002748,E00414
T002748,E00263
T002749,E00479
T002749,E00645
T002749,E99908
T002749,E00005
T002750,E00168
T002750,E00231
T002750,E00189
T002750,E00103
T002751,E00770
T002751,E00501
T002751,E00526
T002751,E00339
T002752,E00757
T002752,E00640
T002752,E00110
T002752,E00305
T002753,E00543
T002753,E00006
T002753,E00799
T002753,E00599
T002753,E00294
T002753,E00684
T002753,E00692
T002753,E00158
T002753,E00746
T002753,E00118
T002753,E99292
T002753,E00224
T002753,E00015
T002753,E00165
T002753,E00275
T002753,E00646
T002753,E00516
T002753,E00206
T002754,E00387
T002754,E00019
T002754,E00138
T002755,E00624
T002755,E00200
T002755,E00576
T002755,E00658
T002755,E00151
T002755,E00793
T002755,E00174
T002755,E00170
T002756,E00776
T002756,E00227
T002756,E00268
T002756,E00274
T002756,E00121
T002756,E99543
T002756,E00386
T002756,E00164
T002757,E00719
T002757,E00502
T002757,E00306
T002757,E00724
T002757,E00434
T002757,E00462
T002757,E00290
T002757,E00180
T002758,E00467
T002758,E00648
T002758,E00592
T002758,E00343
T002758,E00053
T002759,E00416
T002759,E00490
T002759,E00681
T002759,E00634
T002760,E00353
T002760,E00225
T002760,E00401
T002760,E00476
T002761,E00078
T002761,E00705
T002761,E00384
T002761,E00120
T002762,E00293
T002762,E00792
T002762,E00575
T002762,E00540
T002763,E00595
T002763,E00057
T002763,E00202
T002763,E00344
T002764,E00042
T002764,E00753
T002764,E00470
T002764,E00061
T002765,E00334
T002765,E00427
T002765,E00390
T002765,E00144
T002766,E00115
T002766,E00574
T002766,E00365
T002766,E00379
T002766,E00654
T002766,E99721
T002766,E00228
T002766,E00614
T002766,E00791
T002766,E00346
T002766,E00774
T002766,E00373
T002766,E00104
T002766,E00653
T002766,E00069
T002766,E00696
T002766,E00095
T002766,E00560
T002767,E00034
T002767,E00226
T002767,E00355
T002767,E00521
T002768,E00251
T002768,E00591
T002768,E00559
T002768,E00372
T002768,E00156
T002768,E00123
T002768,E00628
T002768,E00255
T002768,E00062
T002768,E00796
T002768,E00349
T002768,E00610
T002768,E00351
T002768,E00167
T002768,E00084
T002769,E00219
T002769,E00201
T002769,E00092
T002769,E00008
T002769,E00679
T002769,E00649
T002769,E00221
T002769,E00239
T002770,E00594
T002770,E00135
T002770,E00316
T002770,E00420
T002770,E00580
T002770,E00735
T002770,E00026
T002770,E00418
T002771,E00046
T002771,E00041
T002771,E00083
T002771,E00314
T002771,E99526
T002771,E00035
T002771,E00417
T002771,E00523
T002772,E00350
T002772,E00342
T002772,E00321
T002772,E00411
T002772,E00775
T002772,E00360
T002772,E00254
T002772,E00233
T002773,E00307
T002773,E99378
T002773,E00548
T002773,E00270
T002773,E00021
T002774,E99519
T002774,E00296
T002774,E00748
T002774,E00366
T002775,E99318
T002775,E00107
T002775,E00071
T002775,E00113
T002776,E00367
T002776,E00458
T002776,E00179
T002776,E00558
T002777,E00091
T002777,E00424
T002777,E00514
T002777,E00288
T002778,E00375
T002778,E00210
T002778,E00029
T002778,E00612
T002779,E00394
T002780,E00763
T002780,E00504
T002780,E00712
T002780,E00563
T002780,E00099
T002780,E00765
T002780,E00522
T002780,E00461
T002780,E00734
T002780,E99521
T002780,E00374
T002780,E00663
T002780,E00332
T002780,E00711
T002780,E00040
T002780,E00248
T002780,E00148
T002780,E00090
T002781,E00786
T002781,E00749
T002781,E00194
T002781,E00246
T002781,E00383
T002781,E00238
T002781,E00740
T002781,E00780
T002782,E00207
T002782,E00116
T002782,E00232
T002782,E00657
T002782,E00437
T002782,E00588
T002782,E00157
T002782,E00656
T002783,E00341
T002784,E00280
T002784,E00690
T002784,E00284
T002784,E00760
T002785,E00114
T002785,E00209
T002785,E00318
T002785,E00025
T002786,E00397
T002786,E00578
T002786,E00331
T002786,E00632
T002787,E00244
T002787,E00686
T002788,E00409
T002788,E00762
T002788,E99873
T002788,E00459
T002788,E00333
T002788,E00572
T002788,E99223
T002788,E00398
T002788,E00018
T002788,E00253
T002788,E00337
T002788,E00688
T002788,E00178
T002788,E00710
T002788,E00497
T002788,E00325
T002788,E00297
T002788,E00003
T002789,E00230
T002789,E00795
T002789,E00630
T002789,E00086
T002789,E00051
T002789,E00549
T002789,E00161
T002789,E00329
T002789,E00647
T002789,E00267
T002789,E00660
T002789,E00129
T002789,E00565
T002789,E00077
T002789,E00605
T002789,E00258
T002789,E00779
T002789,E00009
T002790,E00191
T002790,E00199
T002790,E00773
T002790,E00252
T002790,E00291
T002790,E00800
T002790,E00460
T002790,E00038
T002790,E00125
T002790,E00783
T002790,E00752
T002790,E00273
T002791,E00456
T002791,E00022
T002791,E00272
T002791,E00754
T002791,E00756
T002791,E00087
T002791,E00789
T002791,E00732
T002791,E00536
T002791,E00542
T002791,E00655
T002791,E00082
T002791,E00689
T002791,E00315
T002791,E00676
T002791,E00702
T002791,E00265
T002791,E00798
T002792,E00680
T002792,E00723
T002792,E00335
T002792,E00577
T002792,E00579
T002792,E00524
T002792,E00731
T002792,E00033
T002792,E00052
T002792,E00153
T002792,E00037
T002792,E00096
T002792,E00631
T002792,E00716
T002792,E00767
T002792,E00759
T002792,E00607
T002792,E00672
T002793,E00448
T002793,E00693
T002793,E00482
T002793,E00596
T002793,E00186
T002793,E00388
T002793,E00080
T002793,E00218
T002793,E00159
T002794,E00699
T002794,E00738
T002794,E00176
T002794,E00240
T002794,E00510
T002794,E00126
T002794,E00758
T002794,E00154
T002795,E00769
T002795,E00469
T002795,E00619
T002795,E00706
T002795,E00717
T002795,E00564
T002795,E00730
T002795,E00675
T002796,E00382
T002796,E00185
T002796,E00678
T002796,E00551
T002796,E00124
T002796,E00364
T002796,E00134
T002796,E00338
T002797,E00466
T002797,E00173
T002797,E00137
T002797,E00465
T002797,E00751
T002797,E00443
T002797,E00500
T002797,E00024
T002798,E00259
T002798,E00140
T002798,E00260
T002798,E00438
T002798,E00444
T002798,E00557
T002798,E00661
T002798,E99513
T002799,E00282
T002800,E00432
T002800,E00143
T002800,E00359
T002800,E00741
T002800,E00234
T002800,E00213
T002800,E00299
T002800,E00362
T002801,E00463
T002801,E00089
T002801,E00111
T002801,E00020
T002801,E00247
T002801,E00613
T002801,E00673
T002801,E00131
T002802,E00704
T002802,E00348
T002802,E00750
T002802,E00313
T002802,E00493
T002802,E00298
T002802,E00503
T002802,E00340
T002803,E00520
T002803,E00183
T002803,E99045
T002803,E00222
T002803,E00407
T002803,E00546
T002803,E00644
T002803,E00744
T002804,E99900
T002804,E00269
T002804,E00056
T002804,E00468
T002804,E00665
T002804,E00160
T002804,E00032
T002804,E00203
T002805,E00718
T002805,E00421
T002805,E00357
T002805,E00177
T002806,E00211
T002806,E00485
T002806,E00777
T002806,E00778
T002807,E00453
T002807,E00742
T002807,E00215
T002807,E00266
T002808,E00007
T002808,E99025
T002808,E00425
T002808,E00369
T002809,E00573
T002809,E00010
T002809,E00480
T002809,E00593
T002810,E00415
T002810,E00155
T002810,E00486
T002810,E00128
T002811,E00093
T002811,E00105
T002811,E00070
T002811,E00714
T002812,E00506
T002812,E00283
T002812,E00471
T002812,E00583
T002813,E00472
T002813,E00271
T002813,E00286
T002813,E00059
T002814,E00507
T002814,E00330
T002814,E00687
T002815,E00670
T002815,E00276
T002815,E00787
T002815,E00435
T002815,E00279
T002815,E00308
T002815,E00217
T002815,E00707
T002815,E00555
T002815,E00309
T002815,E00725
T002815,E00292
T002815,E00683
T002815,E00768
T002815,E00582
T002815,E00237
T002815,E00709
T002815,E00625
T002816,E00728
T002816,E00399
T002816,E00674
T002816,E00492
T002816,E00076
T002816,E00112
T002816,E00166
T002816,E00539
T002816,E00295
T002816,E00150
T002816,E00094
T002816,E00429
T002816,E00446
T002816,E00181
T002816,E00499
T002816,E00484
T002816,E00669
T002816,E00389
T002817,E00422
T002817,E00519
T002817,E00544
T002817,E00431
T002817,E00440
T002817,E00627
T002817,E00152
T002817,E00726
T002817,E00626
T002817,E00187
T002817,E00603
T002817,E00508
T002818,E00370
T002818,E00049
T002818,E00487
T002818,E00633
T002818,E00197
T002818,E00511
T002818,E99394
T002818,E00285
T002819,E00513
T002819,E00249
T002819,E00133
T002819,E00695
T002819,E00175
T002819,E00171
T002819,E00058
T002819,E00666
T002820,E00736
T002820,E00483
T002820,E00048
T002820,E00223
T002820,E00481
T002820,E00220
T002820,E00584
T002820,E99065
T002821,E00136
T002821,E00788
T002821,E00537
T002821,E00243
T002821,E00764
T002821,E00410
T002821,E00721
T002821,E00449
T002822,E00713
T002822,E00065
T002822,E00478
T002822,E00464
T002822,E00229
T002822,E00664
T002822,E00235
T002822,E00637
T002823,E00433
T002823,E00545
T002823,E00447
T002823,E00162
T002823,E00277
T002824,E00044
T002824,E00587
T002824,E00685
T002824,E00745
T002825,E00001
T002825,E00772
T002825,E00045
T002825,E00354
T002826,E00358
T002826,E00102
T002826,E00380
T002826,E00498
T002827,E00509
T002827,E00405
T002827,E00441
T002827,E00381
T002828,E00303
T002828,E00371
T002828,E00525
T002828,E00781
T002829,E00698
T002829,E00445
T002829,E00412
T002829,E00700
T002830,E00385
T002830,E00182
T002830,E00450
T002830,E00569
T002831,E00428
T002831,E00426
T002831,E00400
T002831,E00404
T002832,E00336
T002832,E00212
T002832,E00743
T002832,E00547
T002833,E00739
T002833,E00214
T002833,E00205
T002833,E00442
T002834,E00436
T002834,E00208
T002834,E00662
T002834,E00533
T002835,E00311
T002836,E00352
T002836,E00538
T002836,E00733
T002836,E00117
T002836,E00242
T002836,E00600
T002836,E00304
T002836,E00122
T002836,E00529
T002836,E00256
T002836,E00439
T002836,E00691
T002836,E00323
T002836,E00451
T002836,E00473
T002836,E00236
T002836,E00241
T002836,E00063
T002837,E00075
T002838,E00012
T002838,E00278
T002838,E00496
T002838,E00149
T002838,E00667
T002838,E00720
T002838,E00141
T002838,E00047
T002838,E00393
T002838,E00455
T002838,E00694
T002838,E00106
T002838,E99855
T002838,E00081
T002838,E00602
T002838,E00585
T002838,E00108
T002838,E00452
T002839,E00598
T002839,E00782
T002839,E00755
T002839,E00570
T002839,E00531
T002839,E00671
T002839,E00039
T002839,E00132
T002839,E00454
T002839,E00193
T002840,E00715
T002840,E00127
T002840,E00198
T002840,E00322
T002840,E00771
T002840,E00109
T002840,E00495
T002840,E00727
T002841,E00535
T002841,E00413
T002841,E00281
T002841,E00363
T002841,E00737
T002841,E00264
T002841,E00528
T002841,E00324
T002842,E00327
T002842,E00785
T002842,E00043
T002842,E00703
T002842,E00403
T002842,E00629
T002842,E00475
T002843,E00192
T002843,E00402
T002843,E00317
T002843,E00562
T002843,E00784
T002843,E00028
T002843,E00163
T002843,E00608
T002844,E00130
T002844,E99176
T002844,E00139
T002844,E00146
T002844,E00147
T002844,E00195
T002844,E00055
T002844,E00100
T002845,E00729
T002845,E00074
T002845,E00073
T002845,E00257
T002845,E00060
T002845,E00188
T002845,E00643
T002845,E00262
T002846,E00320
T002846,E00586
T002846,E00554
T002846,E00641
T002846,E00036
T002847,E00013
T002847,E00169
T002847,E00263
T002847,E00526
T002848,E00005
T002848,E00103
T002848,E00326
T002848,E00168
T002849,E00110
T002849,E00505
T002849,E00231
T002849,E00145
T002850,E00101
T002850,E00794
T002850,E00479
T002850,E00606
T002851,E00119
T002851,E00640
T002851,E00501
T002851,E00757
T002852,E00098
T002852,E00339
T002852,E00305
T002852,E00189
T002853,E00770
T002853,E00494
T002853,E00002
T002853,E00645
T002854,E00414
T002855,E99688
T002855,E00387
T002855,E00019
T002855,E00138
T002855,E00799
T002855,E00030
T002855,E00017
T002855,E00015
T002855,E00599
T002855,E00646
T002855,E00054
T002855,E00746
T002855,E00684
T002855,E00006
T002855,E00275
T002855,E00165
T002855,E00516
T002855,E00224
T002856,E00118
T002856,E00206
T002857,E99705
T002857,E00502
T002857,E00343
T002857,E00164
T002857,E00724
T002857,E00708
T002857,E00170
T002857,E00306
T002858,E00434
T002858,E00590
T002858,E00151
T002858,E00719
T002858,E00648
T002858,E00793
T002858,E00121
T002858,E00462
T002859,E00227
T002859,E00274
T002859,E00053
T002859,E00566
T002859,E00576
T002859,E00200
T002859,E00386
T002859,E00658
T002860,E00268
T002860,E00391
T002860,E00290
T002861,E00042
T002861,E00144
T002861,E00575
T002861,E00120
T002862,E00753
T002862,E00390
T002862,E00078
T002862,E00050
T002863,E00057
T002863,E00293
T002863,E00072
T002863,E00595
T002864,E00353
T002864,E00682
T002864,E00202
T002864,E00225
T002865,E00416
T002865,E00609
T002865,E00334
T002865,E00427
T002866,E00204
T002866,E00490
T002866,E00344
T002866,E00401
T002867,E99216
T002867,E00705
T002867,E00681
T002867,E00384
T002868,E00792
T002868,E00061
T002869,E00365
T002869,E00653
T002869,E00642
T002869,E00104
T002869,E00095
T002869,E00774
T002869,E00228
T002869,E00034
T002869,E00791
T002869,E00521
T002869,E00560
T002869,E00115
T002869,E00488
T002869,E00069
T002869,E00373
T002869,E00226
T002869,E00379
T002869,E00654
T002870,E00614
T002870,E00346
T002870,E00574
T002870,E00355
T002871,E00591
T002871,E00255
T002871,E99723
T002871,E00156
T002871,E00167
T002871,E00372
T002871,E00062
T002871,E00628
T002871,E00251
T002871,E00084
T002871,E00610
T002871,E00568
T002871,E00349
T002871,E00123
T002871,E00351
T002872,E00008
T002872,E00679
T002872,E00026
T002872,E00649
T002872,E00092
T002872,E00316
T002872,E99424
T002872,E00219
T002873,E00221
T002873,E00239
T002873,E00201
T002873,E00594
T002873,E00418
T002873,E00580
T002873,E00135
T002874,E00360
T002874,E00321
T002874,E00021
T002874,E00411
T002874,E00314
T002874,E00046
T002874,E00775
T002874,E00085
T002875,E00350
T002875,E00083
T002875,E00035
T002875,E00523
T002875,E00650
T002875,E00041
T002875,E00254
T002875,E00548
T002876,E00270
T002876,E00342
T002876,E00307
T002876,E00417
T002876,E00289
T002877,E00394
T002877,E00458
T002877,E00558
T002877,E00474
T002878,E00179
T002878,E00288
T002878,E00029
T002878,E00375
T002879,E00748
T002879,E00366
T002879,E00210
T002879,E00113
T002880,E00107
T002880,E00071
T002880,E00367
T002880,E00612
T002881,E00514
T002881,E00424
T002881,E00091
T002881,E99036
T002882,E00461
T002882,E00148
T002882,E00310
T002882,E00504
T002882,E00563
T002882,E00734
T002882,E00712
T002882,E00522
T002882,E00090
T002882,E00711
T002882,E00088
T002882,E00790
T002882,E00374
T002882,E00765
T002882,E00550
T002882,E00099
T002882,E00332
T002882,E00763
T002883,E00040
T002883,E00601
T002883,E00248
T002884,E00780
T002884,E00238
T002884,E00749
T002884,E00232
T002884,E00740
T002884,E00116
T002884,E00518
T002884,E00341
T002885,E00194
T002885,E00588
T002885,E00246
T002885,E00656
T002885,E00437
T002885,E00786
T002885,E00657
T002885,E00383
T002886,E00157
T002886,E00207
T002887,E00025
T002887,E00397
T002887,E00690
T002887,E00280
T002888,E00114
T002888,E00284
T002888,E00639
T002888,E00209
T002889,E00244
T002889,E99742
T002889,E00331
T002889,E00318
T002890,E00578
T002890,E00760
T002890,E00686
T002891,E00297
T002891,E00762
T002891,E00800
T002891,E00178
T002891,E00460
T002891,E00086
T002891,E00647
T002891,E00038
T002891,E00003
T002891,E00565
T002891,E00273
T002891,E00161
T002891,E00549
T002891,E00688
T002891,E00125
T002891,E00409
T002891,E00398
T002891,E00291
T002892,E00779
T002892,E00795
T002892,E00267
T002892,E00459
T002892,E00572
T002892,E00710
T002892,E00325
T002892,E00016
T002892,E00630
T002892,E00199
T002892,E00051
T002892,E00253
T002892,E00252
T002892,E00773
T002892,E00230
T002892,E00077
T002892,E00752
T002892,E00556
T002893,E00191
T002893,E00783
T002893,E00605
T002893,E00258
T002893,E00333
T002893,E00018
T002893,E00329
T002893,E00337
T002893,E00129
T002893,E00660
T002893,E00009
T002894,E00596
T002894,E00754
T002894,E00607
T002894,E00536
T002894,E00767
T002894,E00732
T002894,E00218
T002894,E00022
T002894,E00082
T002894,E00789
T002894,E00631
T002894,E00272
T002894,E00080
T002894,E00388
T002894,E00756
T002894,E00680
T002894,E00186
T002894,E00597
T002895,E00542
T002895,E00676
T002895,E00368
T002895,E00482
T002895,E00033
T002895,E00723
T002895,E00731
T002895,E99367
T002895,E00689
T002895,E00579
T002895,E00798
T002895,E00716
T002895,E00702
T002895,E00515
T002895,E00153
T002895,E00037
T002895,E00577
T002895,E00672
T002896,E00448
T002896,E00456
T002896,E00655
T002896,E00265
T002896,E00315
T002896,E00335
T002896,E00087
T002896,E00096
T002896,E00524
T002896,E00759
T002897,E00444
T002897,E00154
T002897,E00758
T002897,E00557
T002897,E00176
T002897,E00465
T002897,E00173
T002897,E00581
T002898,E00338
T002898,E00769
T002898,E00466
T002898,E00699
T002898,E00510
T002898,E00500
T002898,E00240
T002898,E00282
T002899,E00738
T002899,E00717
T002899,E00443
T002899,E00124
T002899,E00438
T002899,E00140
T002899,E00137
T002899,E99502
T002900,E00678
T002900,E00730
T002900,E00382
T002900,E00024
T002900,E00011
T002900,E00532
T002900,E00619
T002900,E00364
T002901,E00551
T002901,E00706
T002901,E00185
T002901,E00616
T002901,E00469
T002901,E00259
T002901,E00134
T002901,E00675
T002902,E00564
T002902,E00661
T002903,E00299
T002903,E00741
T002903,E00419
T002903,E00301
T002903,E00463
T002903,E00468
T002903,E00111
T002903,E00089
T002904,E00213
T002904,E00020
T002904,E00673
T002904,E00359
T002904,E00183
T002904,E00014
T002904,E00222
T002904,E00493
T002905,E00644
T002905,E00750
T002905,E00097
T002905,E00056
T002905,E00234
T002905,E00546
T002905,E00203
T002905,E00362
T002906,E00503
T002906,E00143
T002906,E00407
T002906,E99804
T002906,E00313
T002906,E00190
T002906,E00520
T002906,E00797
T002907,E00032
T002907,E00131
T002907,E00704
T002907,E00613
T002907,E00247
T002907,E00160
T002907,E00744
T002907,E99395
T002908,E00298
T002908,E00665
T002908,E00269
T002908,E00432
T002909,E00583
T002909,E00283
T002909,E00421
T002909,E00486
T002910,E00593
T002910,E00573
T002910,E00369
T002910,E00507
T002911,E00059
T002911,E00105
T002911,E00215
T002911,E00007
T002912,E00177
T002912,E00718
T002912,E00677
T002912,E00093
T002913,E00517
T002913,E00423
T002913,E00415
T002913,E00010
T002914,E00330
T002914,E00485
T002914,E00319
T002914,E00286
T002915,E00425
T002915,E00070
T002915,E00453
T002915,E00777
T002916,E00778
T002916,E00128
T002916,E00357
T002916,E00615
T002917,E00506
T002917,E00472
T002917,E00477
T002917,E00266
T002918,E99150
T002918,E00742
T002918,E00687
T002918,E00471
T002919,E00211
T002919,E00155
T002919,E00271
T002920,E00429
T002920,E00499
T002920,E00670
T002920,E00279
T002920,E00435
T002920,E00768
T002920,E00292
T002920,E00555
T002920,E00431
T002920,E00276
T002920,E00618
T002920,E00217
T002920,E00651
T002920,E00094
T002920,E00544
T002920,E00582
T002920,E00728
T002920,E00237
T002921,E00669
T002921,E00519
T002921,E00422
T002921,E00076
T002921,E00709
T002921,E00484
T002921,E00166
T002921,E00508
T002921,E00446
T002921,E00399
T002921,E00625
T002921,E00308
T002921,E00627
T002921,E00626
T002921,E00683
T002921,E00389
T002921,E00187
T002921,E00539
T002922,E00603
T002922,E00295
T002922,E00725
T002922,E00152
T002922,E00787
T002922,E00674
T002922,E00492
T002922,E00440
T002922,E00181
T002922,E99318
T002922,E00150
T002923,E00584
T002923,E00048
T002923,E00483
T002923,E00300
T002923,E00065
T002923,E00464
T002923,E00250
T002923,E00175
T002924,E00788
T002924,E00249
T002924,E00220
T002924,E99078
T002924,E00027
T002924,E00229
T002924,E00196
T002924,E00713
T002925,E00513
T002925,E00277
T002925,E00652
T002925,E00721
T002925,E00545
T002925,E00235
T002925,E00478
T002925,E00162
T002926,E00136
T002926,E00058
T002926,E00511
T002926,E00481
T002926,E00447
T002926,E00664
T002926,E00410
T002926,E00223
T002927,E00243
T002927,E00695
T002927,E00666
T002927,E00449
T002927,E00049
T002927,E00604
T002927,E00430
T002927,E00285
T002928,E00133
T002928,E00345
T002928,E00370
T002928,E00197
T002928,E00537
T002929,E00442
T002929,E00445
T002929,E00380
T002929,E00743
T002930,E00412
T002930,E00700
T002930,E00587
T002930,E00044
T002931,E00208
T002931,E00358
T002931,E00662
T002931,E00436
T002932,E00739
T002932,E00772
T002932,E00569
T002932,E00698
T002933,E00745
T002933,E00498
T002933,E00371
T002933,E00336
T002934,E00400
T002934,E99299
T002934,E00441
T002934,E00311
T002935,E00525
T002935,E00589
T002935,E00354
T002935,E00182
T002936,E00001
T002936,E00385
T002936,E00685
T002936,E00404
T002937,E00426
T002937,E00212
T002937,E00450
T002937,E00405
T002938,E00214
T002938,E00302
T002938,E00023
T002938,E00509
T002939,E00781
T002939,E00184
T002939,E00381
T002939,E00102
T002940,E00303
T002941,E00075
T002941,E00377
T002941,E00600
T002941,E00241
T002941,E00766
T002941,E00529
T002941,E00242
T002941,E00439
T002941,E00323
T002941,E00538
T002941,E00733
T002941,E00451
T002941,E00392
T002941,E00304
T002941,E00122
T002941,E00489
T002941,E00117
T002941,E00256
T002942,E00691
T002942,E00063
T002942,E00236
T002943,E00671
T002943,E00585
T002943,E00496
T002943,E00455
T002943,E00108
T002943,E00047
T002943,E99535
T002943,E00570
T002943,E00452
T002943,E00782
T002943,E00106
T002943,E00149
T002943,E00004
T002943,E99225
T002943,E00567
T002943,E00376
T002943,E00039
T002943,E00081
T002944,E00393
T002944,E00132
T002944,E00755
T002944,E99519
T002944,E00667
T002944,E00141
T002944,E00602
T002944,E00278
T002944,E00454
T002944,E00598
T002945,E00264
T002945,E00715
T002945,E00629
T002945,E00495
T002945,E00771
T002945,E00043
T002945,E00322
T002945,E00363
T002946,E00408
T002946,E00535
T002946,E00109
T002946,E00621
T002946,E00198
T002946,E00413
T002946,E00475
T002946,E00127
T002947,E00281
T002947,E00727
T002947,E00785
T002947,E00324
T002947,E00403
T002947,E00737
T002947,E00703
T002948,E00562
T002948,E00130
T002948,E00784
T002948,E00552
T002948,E00036
T002948,E00586
T002948,E00195
T002948,E00641
T002949,E00643
T002949,E00729
T002949,E00146
T002949,E00320
T002949,E00074
T002949,E00188
T002949,E00073
T002949,E00060
T002950,E00028
T002950,E00262
T002950,E00147
T002950,E00402
T002950,E99966
T002950,E00554
T002950,E00553
T002950,E00055
T002951,E00139
T002951,E00317
T002951,E00608
T002951,E00192
T002952,E00635
T002952,E00168
T002952,E00103
T002952,E00263
T002953,E00479
T002953,E00526
T002953,E00501
T002953,E00505
T002954,E00305
T002954,E99153
T002954,E00169
T002954,E00231
T002955,E00617
T002955,E00013
T002955,E00645
T002955,E00189
T002956,E00606
T002956,E00770
T002956,E00005
T002956,E00002
T002957,E00110
T002957,E00794
T002957,E00119
T002957,E00101
T002958,E00640
T002958,E00494
T002958,E00098
T002958,E00339
T002959,E00757
T002960,E00030
T002960,E00516
T002960,E00701
T002960,E00054
T002960,E00275
T002960,E00017
T002960,E00206
T002960,E00118
T002960,E00015
T002960,E00692
T002960,E00799
T002960,E00746
T002960,E00138
T002960,E00019
T002960,E00599
T002960,E00646
T002960,E00294
T002960,E00165
T002961,E00224
T002961,E00158
T002961,E00006
T002961,E00684
T002961,E00387
T002962,E00462
T002962,E00121
T002962,E00590
T002962,E00566
T002962,E00164
T002962,E00151
T002962,E00576
T002962,E00467
T002963,E00343
T002963,E00648
T002963,E00227
T002963,E00776
T002963,E00434
T002963,E00274
T002963,E00053
T002963,E00708
T002964,E00502
T002964,E00200
T002964,E00620
T002964,E00658
T002964,E00386
T002964,E00592
T002964,E00719
T002964,E00306
T002965,E00290
T002965,E00170
T002965,E00268
T002965,E00793
T002966,E00384
T002966,E00390
T002966,E00144
T002966,E00042
T002967,E00057
T002967,E00470
T002967,E00634
T002967,E00344
T002968,E00416
T002968,E00050
T002968,E00792
T002968,E00682
T002969,E00334
T002969,E99743
T002969,E00120
T002969,E00072
T002970,E00595
T002970,E00202
T002970,E00078
T002970,E00575
T002971,E00293
T002971,E00427
T002971,E00204
T002971,E00061
T002972,E00490
T002972,E00681
T002972,E00476
T002972,E00705
T002973,E00753
T002973,E00609
T002973,E00540
T002973,E00225
T002974,E00095
T002974,E00642
T002974,E00069
T002974,E00228
T002974,E00226
T002974,E00104
T002974,E00614
T002974,E00488
T002974,E00373
T002974,E00791
T002974,E00365
T002974,E00774
T002974,E00696
T002974,E00355
T002974,E00379
T002974,E00115
T002974,E00034
T002974,E00574
T002975,E00653
T002975,E00560
T002975,E00346
T002976,E00372
T002976,E00167
T002976,E00156
T002976,E00251
T002976,E00123
T002976,E00255
T002976,E00084
T002976,E00610
T002976,E00796
T002976,E00568
T002976,E00591
T002976,E00351
T002976,E00349
T002977,E00735
T002977,E00649
T002977,E00026
T002977,E00418
T002977,E00580
T002977,E00679
T002977,E00221
T002977,E00135
T002978,E00092
T002978,E00594
T002978,E00316
T002978,E00201
T002978,E00420
T002978,E00008
T002978,E00239
T002979,E00021
T002979,E00314
T002979,E00046
T002979,E00085
T002979,E00775
T002979,E00321
T002979,E00233
T002979,E00270
T002980,E00650
T002980,E00548
T002980,E00360
T002980,E00342
T002980,E00417
T002980,E00035
T002980,E00523
T002980,E00041
T002981,E00254
T002981,E00307
T002981,E00083
T002981,E00350
T002981,E00411
T002981,E00289
T002982,E00071
T002982,E00179
T002982,E00312
T002982,E00558
T002983,E00514
T002983,E00366
T002983,E00474
T002983,E00210
T002984,E00288
T002984,E00091
T002984,E00029
T002984,E00356
T002985,E00424
T002985,E00113
T002985,E00458
T002985,E00612
T002986,E00367
T002986,E00394
T002986,E00748
T002986,E00296
T002987,E00374
T002987,E00663
T002987,E00763
T002987,E00040
T002987,E00734
T002987,E00310
T002987,E00148
T002987,E00712
T002987,E00099
T002987,E00601
T002987,E00711
T002987,E00765
T002987,E00088
T002987,E00504
T002987,E00332
T002987,E00461
T002987,E00522
T002987,E00248
T002988,E00563
T002988,E00090
T002988,E00790
T002989,E00383
T002989,E00246
T002989,E00518
T002989,E00207
T002989,E00657
T002989,E00656
T002989,E00749
T002989,E00341
T002990,E00437
T002990,E00116
T002990,E00232
T002990,E00780
T002990,E00194
T002990,E00786
T002990,E00740
T002990,E00238
T002991,E00588
T002992,E00114
T002992,E00280
T002992,E00318
T002992,E00639
T002993,E00686
T002993,E00284
T002993,E00690
T002993,E00025
T002994,E00397
T002994,E00209
T002994,E00331
T002994,E00578
T002995,E00632
T002995,E00244
T002995,E00760
T002996,E00752
T002996,E00142
T002996,E00647
T002996,E00161
T002996,E00038
T002996,E00258
T002996,E00253
T002996,E00003
T002996,E00016
T002996,E00297
T002996,E00688
T002996,E00125
T002996,E00129
T002996,E00291
T002996,E00009
T002996,E00556
T002996,E00762
T002996,E00337
T002997,E00561
T002997,E00191
T002997,E00333
T002997,E00773
T002997,E00406
T002997,E00795
T002997,E00630
T002997,E00199
T002997,E00329
T002997,E00660
T002997,E00605
T002997,E00325
T002997,E00018
T002997,E00051
T002997,E00409
T002997,E00783
T002997,E00398
T002997,E00230
T002998,E00252
T002998,E00497
T002998,E00549
T002998,E00267
T002998,E00460
T002998,E00077
T002998,E00710
T002998,E00779
T002998,E00572
T002998,E00178
T002998,E00800
T002998,E00565
T002998,E00459
T002999,E00789
T002999,E00080
T002999,E00536
T002999,E00153
T002999,E00732
T002999,E00689
T002999,E00676
T002999,E00388
T002999,E00723
T002999,E00767
T002999,E00022
T002999,E00524
T002999,E00037
T002999,E00265
T002999,E00731
T002999,E00335
T002999,E00096
T002999,E00596
T003000,E00368
T003000,E00672
T003000,E00456
T003000,E00218
T003000,E00052
T003000,E00272
T003000,E00482
T003000,E00186
T003000,E00033
T003000,E00702
T003000,E00597
T003000,E00631
T003000,E00754
T003000,E00693
T003000,E00448
T003000,E00577
T003000,E00087
T003000,E00542
T003001,E00579
T003001,E00159
T003001,E00607
T003001,E00756
T003001,E00082
T003001,E00655
T003001,E00515
T003001,E00798
T003001,E00315
T003002,E00259
T003002,E00134
T003002,E00338
T003002,E00532
T003002,E00443
T003002,E00173
T003002,E00124
T003002,E99843
T003003,E00438
T003003,E00011
T003003,E00616
T003003,E00675
T003003,E00500
T003003,E00364
T003003,E00678
T003003,E00024
T003004,E00751
T003004,E00510
T003004,E99946
T003004,E00557
T003004,E00185
T003004,E00758
T003004,E00738
T003004,E00176
T003005,E00717
T003005,E00240
T003005,E00661
T003005,E00469
T003005,E00140
T003005,E00551
T003005,E00465
T003005,E00154
T003006,E00126
T003006,E00382
T003006,E00260
T003006,E00619
T003006,E00282
T003006,E00444
T003006,E00137
T003006,E00699
T003007,E00644
T003007,E00468
T003007,E00301
T003007,E00222
T003007,E00541
T003007,E00234
T003007,E00247
T003007,E00111
T003008,E00190
T003008,E00546
T003008,E00419
T003008,E00362
T003008,E00340
T003008,E00131
T003008,E00665
T003008,E00014
T003009,E00503
T003009,E00741
T003009,E00160
T003009,E00056
T003009,E00750
T003009,E00143
T003009,E00020
T003009,E00407
T003010,E00520
T003010,E00673
T003010,E00089
T003010,E00613
T003010,E00797
T003010,E00744
T003010,E00348
T003010,E99652
T003011,E00203
T003011,E00463
T003011,E00097
T003011,E00299
T003011,E00313
T003011,E00359
T003011,E00704
T003011,E00298
T003012,E00432
T003012,E00032
T003013,E00425
T003013,E00286
T003013,E00583
T003013,E00128
T003014,E00105
T003014,E00714
T003014,E00517
T003014,E00266
T003015,E00283
T003015,E00155
T003015,E00687
T003015,E99806
T003016,E00486
T003016,E00211
T003016,E00093
T003016,E00778
T003017,E00472
T003017,E00480
T003017,E00070
T003017,E00177
T003018,E00742
T003018,E00421
T003018,E00007
T003018,E00477
T003019,E00485
T003019,E00271
T003019,E00059
T003019,E00573
T003020,E00215
T003020,E00718
T003020,E00593
T003020,E00357
T003021,E00507
T003021,E00172
T003021,E00506
T003021,E00677
T003022,E00010
T003022,E00471
T003022,E00615
T003022,E00369
T003023,E00319
T003023,E00415
T003024,E00625
T003024,E00651
T003024,E00508
T003024,E00431
T003024,E00683
T003024,E00237
T003024,E00539
T003024,E00112
T003024,E00787
T003024,E00276
T003024,E00440
T003024,E00150
T003024,E00707
T003024,E00295
T003024,E00187
T003024,E00627
T003024,E00725
T003024,E00674
T003025,E00603
T003025,E00094
T003025,E00399
T003025,E00626
T003025,E00279
T003025,E00768
T003025,E00446
T003025,E00181
T003025,E00618
T003025,E00429
T003025,E00217
T003025,E00728
T003025,E00076
T003025,E00492
T003025,E00512
T003025,E00519
T003025,E00166
T003025,E00726
T003026,E00669
T003026,E00309
T003026,E00709
T003026,E00670
T003026,E00484
T003026,E00555
T003026,E00435
T003026,E00308
T003026,E00389
T003026,E00499
T003026,E00582
T003026,E00422
T003027,E00637
T003027,E00433
T003027,E00584
T003027,E00196
T003027,E00447
T003027,E00027
T003027,E00664
T003027,E00764
T003028,E00511
T003028,E00162
T003028,E00049
T003028,E00285
T003028,E00736
T003028,E00713
T003028,E00537
T003028,E00430
T003029,E00136
T003029,E00721
T003029,E00788
T003029,E00243
T003029,E00300
T003029,E00197
T003029,E00229
T003029,E99397
T003030,E00133
T003030,E00223
T003030,E00171
T003030,E00604
T003030,E00065
T003030,E00666
T003030,E00249
T003030,E00048
T003031,E00370
T003031,E00487
T003031,E00250
T003031,E00545
T003031,E00481
T003031,E00449
T003031,E00410
T003031,E99526
T003032,E00235
T003032,E00483
T003032,E00464
T003032,E00695
T003032,E00277
T003032,E00220
T003032,E00633
T003032,E00513
T003033,E00685
T003033,E00533
T003033,E00743
T003033,E00698
T003034,E99556
T003034,E00509
T003034,E00450
T003034,E00498
T003035,E00385
T003035,E00739
T003035,E00428
T003035,E00587
T003036,E00182
T003036,E00381
T003036,E00023
T003036,E00662
T003037,E00208
T003037,E00436
T003037,E00412
T003037,E00102
T003038,E00569
T003038,E00405
T003038,E00445
T003038,E00302
T003039,E00589
T003039,E00426
T003039,E00781
T003039,E00371
T003040,E00442
T003040,E00212
T003040,E00700
T003040,E00045
T003041,E00547
T003041,E00772
T003041,E00358
T003041,E00214
T003042,E00303
T003042,E00380
T003042,E00525
T003042,E00001
T003043,E00184
T003043,E00441
T003043,E00044
T003043,E00336
T003044,E00400
T003044,E00205
T003044,E00354
T003045,E00733
T003045,E00352
T003045,E00489
T003045,E00304
T003045,E00392
T003045,E00063
T003045,E00766
T003045,E00600
T003045,E00473
T003045,E00256
T003045,E00075
T003045,E00242
T003045,E00529
T003045,E00451
T003045,E00241
T003045,E00323
T003045,E00377
T003045,E00122
T003046,E00691
T003046,E00538
T003046,E00439
T003047,E00602
T003047,E00193
T003047,E00376
T003047,E00149
T003047,E00531
T003047,E00132
T003047,E00108
T003047,E00004
T003047,E00720
T003047,E00081
T003047,E00452
T003047,E00755
T003047,E00694
T003047,E00012
T003047,E00278
T003047,E00141
T003047,E00496
T003047,E00667
T003048,E00395
T003048,E00782
T003048,E99852
T003048,E00047
T003048,E00039
T003048,E00585
T003048,E00567
T003048,E00671
T003048,E00455
T003048,E00393
T003049,E00528
T003049,E00264
T003049,E00327
T003049,E00322
T003049,E00413
T003049,E00785
T003049,E00727
T003049,E00629
T003050,E99290
T003050,E00043
T003050,E00408
T003050,E00621
T003050,E00109
T003050,E00127
T003050,E00281
T003050,E00403
T003051,E00495
T003051,E00715
T003051,E00324
T003051,E00703
T003051,E00198
T003051,E00363
T003052,E00146
T003052,E00402
T003052,E00060
T003052,E00195
T003052,E00130
T003052,E00608
T003052,E00163
T003052,E00036
T003053,E00074
T003053,E00729
T003053,E00139
T003053,E00317
T003053,E00262
T003053,E00586
T003053,E00073
T003053,E00554
T003054,E00643
T003054,E00188
T003054,E00552
T003054,E00320
T003054,E00641
T003054,E00147
T003054,E00562
T003054,E00100
T003055,E00028
T003055,E00784
T003055,E00055
T003055,E00257
T003055,E00192
T003056,E00168
T003056,E00101
T003056,E00505
T003056,E00494
T003057,E00635
T003057,E00770
T003057,E00640
T003057,E00757
T003058,E00103
T003058,E00526
T003058,E00326
T003058,E00501
T003059,E00119
T003059,E00110
T003059,E00606
T003059,E00189
T003060,E00005
T003060,E00002
T003060,E00263
T003060,E00414
T003061,E00339
T003061,E00013
T003061,E00305
T003061,E00794
T003062,E00145
T003062,E00617
T003062,E00645
T003063,E00118
T003063,E00006
T003063,E00692
T003063,E00165
T003063,E00646
T003063,E00019
T003063,E00684
T003063,E00275
T003063,E00030
T003063,E99742
T003063,E00543
T003063,E00294
T003063,E00799
T003063,E99773
T003063,E00054
T003063,E00746
T003063,E00224
T003063,E00015
T003064,E00158
T003064,E00701
T003064,E00138
T003064,E99824
T003065,E00590
T003065,E00592
T003065,E00343
T003065,E00164
T003065,E00268
T003065,E00576
T003065,E00624
T003065,E00121
T003066,E00620
T003066,E00227
T003066,E00434
T003066,E00306
T003066,E00386
T003066,E00274
T003066,E00719
T003066,E00708
T003067,E00502
T003067,E00776
T003067,E00180
T003067,E00462
T003067,E00566
T003067,E00658
T003067,E00467
T003067,E00391
T003068,E00151
T003068,E00174
T003068,E00290
T003068,E00793
T003068,E00724
T003068,E00200
T003068,E00170
T003068,E00053
T003069,E00204
T003069,E00705
T003069,E00490
T003069,E00609
T003070,E00470
T003070,E00682
T003070,E00334
T003070,E00072
T003071,E00681
T003071,E00416
T003071,E00476
T003071,E00042
T003072,E00753
T003072,E99644
T003072,E00120
T003072,E00225
T003073,E00575
T003073,E00050
T003073,E00401
T003073,E00293
T003074,E00078
T003074,E00427
T003074,E00344
T003074,E00792
T003075,E00057
T003075,E00144
T003075,E00540
T003075,E00353
T003076,E00634
T003076,E00202
T003077,E00379
T003077,E00346
T003077,E00488
T003077,E00069
T003077,E00653
T003077,E00774
T003077,E00791
T003077,E00574
T003077,E00115
T003077,E00095
T003077,E00373
T003077,E00654
T003077,E00228
T003077,E00642
T003077,E00226
T003077,E00355
T003077,E00034
T003077,E00696
T003078,E00614
T003078,E00104
T003078,E00521
T003079,E00084
T003079,E00610
T003079,E00568
T003079,E00349
T003079,E00351
T003079,E00372
T003079,E00591
T003079,E00251
T003079,E00123
T003079,E00796
T003079,E00559
T003079,E00062
T003079,E00628
T003079,E00167
T003079,E00156
T003080,E00735
T003080,E00580
T003080,E00219
T003080,E00221
T003080,E00239
T003080,E00201
T003080,E00418
T003080,E00679
T003081,E00316
T003081,E00420
T003081,E00594
T003081,E00026
T003081,E00008
T003081,E00649
T003081,E00135
T003081,E00092
T003082,E00046
T003082,E00417
T003082,E00523
T003082,E00307
T003082,E00548
T003082,E00035
T003082,E00254
T003082,E00083
T003083,E00041
T003083,E00350
T003083,E00233
T003083,E00650
T003083,E00289
T003083,E00342
T003083,E00321
T003083,E99123
T003084,E00270
T003084,E00360
T003084,E00411
T003084,E00314
T003084,E00021
T003085,E00474
T003085,E00179
T003085,E00091
T003085,E00113
T003086,E00558
T003086,E00612
T003086,E00296
T003086,E00071
T003087,E00748
T003087,E00107
T003087,E00367
T003087,E00356
T003088,E00366
T003088,E00458
T003088,E00210
T003088,E00424
T003089,E00029
T003089,E00394
T003089,E00288
T003089,E00375
T003090,E00514
T003091,E00099
T003091,E00332
T003091,E00248
T003091,E00550
T003091,E00663
T003091,E00090
T003091,E00504
T003091,E00563
T003091,E00765
T003091,E00461
T003091,E00088
T003091,E00374
T003091,E00040
T003091,E00763
T003091,E00310
T003091,E00734
T003091,E00712
T003091,E00711
T003092,E00522
T003093,E00383
T003093,E00657
T003093,E00238
T003093,E00437
T003093,E00194
T003093,E00518
T003093,E00341
T003093,E00740
T003094,E00157
T003094,E00246
T003094,E00116
T003094,E00588
T003094,E00786
T003094,E00656
T003094,E00749
T003095,E00760
T003095,E00114
T003095,E00632
T003095,E00686
T003096,E00280
T003096,E00025
T003096,E00318
T003096,E00578
T003097,E00397
T003097,E00690
T003097,E00284
T003097,E00639
T003098,E00331
T003098,E00209
T003098,E00244
T003099,E00291
T003099,E00230
T003099,E00647
T003099,E00333
T003099,E00783
T003099,E00337
T003099,E00630
T003099,E00329
T003099,E00459
T003099,E00129
T003099,E00779
T003099,E00161
T003099,E00752
T003099,E00086
T003099,E00710
T003099,E00795
T003099,E00003
T003099,E00660
T003100,E00258
T003100,E00199
T003100,E00267
T003100,E00125
T003100,E00252
T003100,E00142
T003100,E00556
T003100,E00398
T003100,E00077
T003100,E00297
T003100,E00018
T003100,E00773
T003100,E00409
T003100,E00191
T003100,E00605
T003100,E00561
T003100,E99617
T003100,E00273
T003101,E00051
T003101,E00800
T003101,E00565
T003101,E00406
T003101,E00016
T003101,E00178
T003101,E00549
T003101,E99385
T003101,E00009
T003101,E00762
T003101,E00460
T003101,E00572
T003102,E00756
T003102,E00631
T003102,E00272
T003102,E00218
T003102,E00448
T003102,E00096
T003102,E00798
T003102,E00080
T003102,E00536
T003102,E00577
T003102,E00789
T003102,E00022
T003102,E00368
T003102,E00515
T003102,E00315
T003102,E00716
T003102,E00723
T003102,E00542
T003103,E00676
T003103,E00159
T003103,E00082
T003103,E00037
T003103,E00693
T003103,E00596
T003103,E00702
T003103,E00033
T003103,E00335
T003103,E00186
T003103,E00153
T003103,E00607
T003103,E00482
T003103,E00672
T003103,E00689
T003103,E00680
T003103,E00524
T003103,E00265
T003104,E00754
T003104,E00087
T003104,E00597
T003104,E00579
T003104,E00655
T003104,E00456
T003104,E00731
T003104,E00767
T003104,E00388
T003104,E99773
T003104,E00732
T003105,E00699
T003105,E00661
T003105,E00557
T003105,E00730
T003105,E00382
T003105,E00259
T003105,E00510
T003105,E00469
T003106,E00011
T003106,E00176
T003106,E00466
T003106,E00438
T003106,E00444
T003106,E00338
T003106,E00443
T003106,E00364
T003107,E00717
T003107,E00678
T003107,E00616
T003107,E00024
T003107,E00706
T003107,E00500
T003107,E00137
T003107,E00769
T003108,E00551
T003108,E00581
T003108,E00465
T003108,E00140
T003108,E00282
T003108,E00260
T003108,E00185
T003108,E00564
T003109,E00240
T003109,E00675
T003109,E00124
T003109,E00751
T003109,E00619
T003109,E00134
T003109,E00173
T003109,E00738
T003110,E00758
T003111,E00362
T003111,E00032
T003111,E00203
T003111,E00213
T003111,E00797
T003111,E00247
T003111,E00541
T003111,E00056
T003112,E00222
T003112,E00613
T003112,E00407
T003112,E00704
T003112,E00493
T003112,E00089
T003112,E00665
T003112,E00313
T003113,E00301
T003113,E00546
T003113,E00299
T003113,E00432
T003113,E00673
T003113,E00190
T003113,E00160
T003113,E00111
T003114,E00340
T003114,E00463
T003114,E00097
T003114,E00503
T003114,E00143
T003114,E00468
T003114,E00520
T003114,E00741
T003115,E00644
T003115,E00298
T003115,E00744
T003115,E00269
T003115,E00750
T003115,E00131
T003115,E00183
T003115,E00014
T003116,E00419
T003117,E00583
T003117,E00485
T003117,E00687
T003117,E00517
T003118,E00718
T003118,E00486
T003118,E00472
T003118,E00283
T003119,E00615
T003119,E00357
T003119,E00266
T003119,E00330
T003120,E00211
T003120,E00423
T003120,E00453
T003120,E00319
T003121,E00415
T003121,E00778
T003121,E00070
T003121,E00369
T003122,E00172
T003122,E00059
T003122,E00714
T003122,E00480
T003123,E00506
T003123,E00471
T003123,E00593
T003123,E00742
T003124,E00507
T003124,E00105
T003124,E00777
T003124,E00128
T003125,E00093
T003125,E00677
T003125,E00271
T003125,E00177
T003126,E00421
T003126,E00477
T003126,E00010
T003126,E00007
T003127,E00155
T003127,E00286
T003128,E00492
T003128,E00422
T003128,E00618
T003128,E00709
T003128,E00076
T003128,E00292
T003128,E00309
T003128,E00669
T003128,E00625
T003128,E00152
T003128,E00187
T003128,E00674
T003128,E00499
T003128,E00626
T003128,E99833
T003128,E00627
T003128,E00279
T003128,E00446
T003129,E00582
T003129,E00094
T003129,E00276
T003129,E00512
T003129,E00308
T003129,E00435
T003129,E00683
T003129,E00508
T003129,E00150
T003129,E00389
T003129,E00295
T003129,E00440
T003129,E00603
T003129,E99616
T003129,E99261
T003129,E00539
T003129,E00555
T003129,E00166
T003130,E00707
T003130,E00768
T003130,E00651
T003130,E00112
T003130,E00181
T003130,E00670
T003130,E00519
T003130,E99258
T003130,E00484
T003130,E00787
T003131,E00545
T003131,E00764
T003131,E00048
T003131,E00487
T003131,E00049
T003131,E00229
T003131,E00537
T003131,E00788
T003132,E00220
T003132,E00637
T003132,E00223
T003132,E00370
T003132,E00175
T003132,E00664
T003132,E00513
T003132,E00027
T003133,E00449
T003133,E00483
T003133,E00345
T003133,E00481
T003133,E00196
T003133,E00584
T003133,E00511
T003133,E00133
T003134,E00136
T003134,E00433
T003134,E00736
T003134,E00171
T003134,E00235
T003134,E00713
T003134,E00162
T003134,E00277
T003135,E00633
T003135,E00478
T003135,E00410
T003135,E00695
T003135,E00666
T003135,E00464
T003135,E00065
T003135,E00250
T003136,E00652
T003136,E00447
T003136,E00721
T003136,E00058
T003136,E00604
T003136,E00285
T003136,E00243
T003136,E00197
T003137,E00249
T003138,E00001
T003138,E00589
T003138,E00739
T003138,E00182
T003139,E00436
T003139,E00426
T003139,E00302
T003139,E00404
T003140,E00743
T003140,E99407
T003140,E00525
T003140,E00303
T003141,E00700
T003141,E00311
T003141,E00184
T003141,E00381
T003142,E00781
T003142,E00358
T003142,E00569
T003142,E00745
T003143,E00445
T003143,E00045
T003143,E00662
T003143,E00533
T003144,E00441
T003144,E00208
T003144,E00205
T003144,E00385
T003145,E00214
T003145,E00336
T003145,E00412
T003145,E00547
T003146,E00428
T003146,E00044
T003146,E00023
T003146,E00102
T003147,E00442
T003147,E00698
T003147,E99480
T003147,E00498
T003148,E00685
T003148,E00587
T003149,E00733
T003149,E00766
T003149,E00473
T003149,E00075
T003149,E00323
T003149,E00489
T003149,E99423
T003149,E00600
T003149,E00451
T003149,E00352
T003149,E00241
T003149,E00304
T003149,E00256
T003149,E00117
T003149,E00538
T003149,E00377
T003149,E00529
T003149,E00691
T003150,E00236
T003151,E00132
T003151,E00193
T003151,E00694
T003151,E00454
T003151,E00567
T003151,E00782
T003151,E00108
T003151,E00149
T003151,E00452
T003151,E00531
T003151,E00602
T003151,E00039
T003151,E00047
T003151,E00585
T003151,E00106
T003151,E00395
T003151,E00671
T003151,E00667
T003152,E00720
T003152,E00598
T003152,E00393
T003152,E00081
T003152,E00376
T003152,E00141
T003152,E00004
T003152,E00455
T003152,E00570
T003153,E00475
T003153,E00771
T003153,E00621
T003153,E00322
T003153,E00408
T003153,E00528
T003153,E00327
T003153,E00785
T003154,E00264
T003154,E00737
T003154,E00281
T003154,E00629
T003154,E00127
T003154,E00109
T003154,E00703
T003154,E00495
T003155,E00715
T003155,E00363
T003155,E00413
T003155,E00043
T003155,E00403
T003155,E00198
T003155,E00727
T003156,E00130
T003156,E00641
T003156,E00552
T003156,E00055
T003156,E00554
T003156,E00586
T003156,E00608
T003156,E00028
T003157,E00036
T003157,E00146
T003157,E00074
T003157,E00643
T003157,E00139
T003157,E00562
T003157,E00188
T003157,E00553
T003158,E00317
T003158,E00147
T003158,E00073
T003158,E00192
T003158,E00262
T003158,E00163
T003158,E00402
T003158,E00784
T003159,E00195
T003159,E00060
T003160,E00606
T003160,E99519
T003160,E00326
T003160,E00494
T003161,E00501
T003161,E00103
T003161,E00119
T003161,E00145
T003162,E00479
T003162,E00794
T003162,E00757
T003162,E00002
T003163,E00231
T003163,E00110
T003163,E00005
T003163,E00635
T003164,E00101
T003164,E00305
T003164,E00640
T003164,E00098
T003165,E00414
T003165,E00645
T003165,E00339
T003165,E00770
T003166,E00013
T003166,E00169
T003166,E00168
T003166,E00189
T003167,E00006
T003167,E99651
T003167,E00019
T003167,E00599
T003167,E00746
T003167,E00158
T003167,E00516
T003167,E00275
T003167,E00030
T003167,E00692
T003167,E00015
T003167,E00387
T003167,E00294
T003167,E00138
T003167,E00799
T003167,E00206
T003167,E00017
T003167,E00701
T003168,E00224
T003168,E00118
T003168,E00646
T003168,E00054
T003169,E00180
T003169,E00467
T003169,E00776
T003169,E00227
T003169,E00170
T003169,E00174
T003169,E00592
T003169,E00566
T003170,E00708
T003170,E00620
T003170,E00306
T003170,E00164
T003170,E00053
T003170,E00121
T003170,E00434
T003170,E00624
T003171,E00386
T003171,E00200
T003171,E00274
T003171,E99793
T003171,E00151
T003171,E00648
T003171,E00343
T003171,E00268
T003172,E00793
T003172,E00391
T003172,E00658
T003172,E00576
T003172,E00719
T003172,E00502
T003172,E00724
T003173,E00072
T003173,E00540
T003173,E00202
T003173,E00595
T003174,E00416
T003174,E00293
T003174,E00427
T003174,E00344
T003175,E00057
T003175,E00634
T003175,E00144
T003175,E00334
T003176,E00050
T003176,E00204
T003176,E00753
T003176,E00061
T003177,E00575
T003177,E00490
T003177,E00078
T003177,E00609
T003178,E00353
T003178,E00681
T003178,E00225
T003178,E00705
T003179,E00120
T003179,E00042
T003179,E00682
T003179,E00390
T003180,E00401
T003181,E00069
T003181,E00095
T003181,E00653
T003181,E00346
T003181,E00365
T003181,E00791
T003181,E00654
T003181,E00355
T003181,E00614
T003181,E00115
T003181,E00034
T003181,E00104
T003181,E00574
T003181,E00379
T003181,E00228
T003181,E00521
T003181,E00642
T003181,E00488
T003182,E00226
T003182,E00560
T003182,E00696
T003183,E00796
T003183,E00351
T003183,E00123
T003183,E00167
T003183,E00568
T003183,E00255
T003183,E00559
T003183,E00084
T003183,E00062
T003183,E00628
T003183,E00251
T003183,E00156
T003183,E00610
T003183,E00372
T003183,E00349
T003183,E00591
T003184,E00418
T003184,E00649
T003184,E00594
T003184,E00221
T003184,E00420
T003184,E00316
T003184,E00092
T003184,E00135
T003185,E00008
T003185,E00201
T003185,E00026
T003185,E00735
T003185,E00679
T003185,E00219
T003185,E00580
T003186,E00233
T003186,E00041
T003186,E00307
T003186,E00254
T003186,E00650
T003186,E00035
T003186,E00046
T003186,E00289
T003187,E00085
T003187,E00321
T003187,E00417
T003187,E00350
T003187,E00360
T003187,E00270
T003187,E00548
T003187,E00314
T003188,E00411
T003188,E00523
T003188,E00021
T003188,E00775
T003189,E00367
T003189,E00375
T003189,E00113
T003189,E00091
T003190,E00210
T003190,E00394
T003190,E00424
T003190,E00558
T003191,E00071
T003191,E00296
T003191,E00312
T003191,E00107
T003192,E00356
T003192,E00179
T003192,E00029
T003192,E00458
T003193,E00288
T003193,E00474
T003193,E00366
T003193,E00748
T003194,E00612
T003195,E00099
T003195,E00763
T003195,E00504
T003195,E99060
T003195,E00663
T003195,E00765
T003195,E00712
T003195,E00332
T003195,E00550
T003195,E00374
T003195,E00248
T003195,E00310
T003195,E00148
T003195,E00040
T003195,E00711
T003195,E00790
T003195,E00601
T003195,E00090
T003196,E00461
T003196,E00563
T003196,E00522
T003197,E00232
T003197,E00780
T003197,E00207
T003197,E00749
T003197,E00656
T003197,E00786
T003197,E00437
T003197,E00657
T003198,E00246
T003198,E00116
T003198,E00341
T003198,E00740
T003198,E00238
T003198,E00518
T003198,E00588
T003198,E00383
T003199,E00114
T003199,E00318
T003199,E00690
T003199,E00025
T003200,E00280
T003200,E00284
T003200,E00244
T003200,E00760
T003201,E00639
T003201,E00578
T003201,E00632
T003201,E00331
T003202,E00209
T003202,E00686
T003203,E00497
T003203,E00773
T003203,E00038
T003203,E00016
T003203,E00199
T003203,E00406
T003203,E00161
T003203,E00710
T003203,E00297
T003203,E00572
T003203,E00762
T003203,E00325
T003203,E00333
T003203,E00783
T003203,E00291
T003203,E00460
T003203,E00630
T003203,E00253
T003204,E00561
T003204,E00409
T003204,E00178
T003204,E00252
T003204,E00647
T003204,E00688
T003204,E00009
T003204,E00125
T003204,E00273
T003204,E00660
T003204,E00258
T003204,E00549
T003204,E00556
T003204,E00605
T003204,E00779
T003204,E00565
T003204,E00230
T003204,E00398
T003205,E00142
T003205,E00086
T003205,E00459
T003205,E00800
T003205,E00077
T003205,E00267
T003205,E00795
T003205,E00752
T003205,E00191
T003205,E00329
T003206,E00335
T003206,E00689
T003206,E00033
T003206,E00080
T003206,E00655
T003206,E00716
T003206,E00676
T003206,E00186
T003206,E00631
T003206,E00723
T003206,E00798
T003206,E00456
T003206,E00596
T003206,E00759
T003206,E00272
T003206,E00756
T003206,E00022
T003206,E00579
T003207,E00218
T003207,E99744
T003207,E00607
T003207,E00732
T003207,E00731
T003207,E00368
T003207,E00448
T003207,E00096
T003207,E00597
T003207,E00482
T003207,E00542
T003207,E00767
T003207,E00577
T003207,E00159
T003207,E00087
T003207,E00315
T003207,E00702
T003207,E00524
T003208,E00754
T003208,E00388
T003208,E00082
T003208,E00265
T003208,E00789
T003208,E00672
T003208,E00515
T003209,E00738
T003209,E00466
T003209,E00140
T003209,E00661
T003209,E00469
T003209,E00444
T003209,E00581
T003209,E00717
T003210,E00616
T003210,E00176
T003210,E00134
T003210,E00769
T003210,E00382
T003210,E00500
T003210,E00282
T003210,E00675
T003211,E99748
T003211,E00124
T003211,E99728
T003211,E00185
T003211,E00465
T003211,E00024
T003211,E00557
T003211,E00260
T003212,E00699
T003212,E00510
T003212,E00758
T003212,E00678
T003212,E00443
T003212,E00154
T003212,E00619
T003212,E00240
T003213,E99815
T003213,E00730
T003213,E00011
T003213,E00173
T003213,E00126
T003213,E00438
T003213,E00338
T003213,E00259
T003214,E00564
T003215,E00190
T003215,E00750
T003215,E00247
T003215,E00143
T003215,E00665
T003215,E00797
T003215,E00503
T003215,E00359
T003216,E00160
T003216,E00234
T003216,E00744
T003216,E00203
T003216,E00362
T003216,E00301
T003216,E00183
T003216,E00463
T003217,E00673
T003217,E00213
T003217,E00541
T003217,E00222
T003217,E00493
T003217,E00419
T003217,E00032
T003217,E00348
T003218,E00468
T003218,E00014
T003218,E00546
T003218,E00340
T003218,E00644
T003218,E00089
T003218,E00704
T003218,E00020
T003219,E00111
T003219,E00432
T003219,E00741
T003219,E00520
T003219,E00313
T003219,E00299
T003219,E99195
T003219,E00056
T003220,E00407
T003220,E00131
T003221,E00093
T003221,E00319
T003221,E00778
T003221,E00506
T003222,E00421
T003222,E00211
T003222,E00714
T003222,E00677
T003223,E00177
T003223,E00471
T003223,E00007
T003223,E00010
T003224,E00777
T003224,E00593
T003224,E00486
T003224,E99345
T003225,E00517
T003225,E00615
T003225,E00369
T003225,E00480
T003226,E00453
T003226,E00742
T003226,E00357
T003226,E00155
T003227,E00215
T003227,E00573
T003227,E00172
T003227,E00330
T003228,E99988
T003228,E00485
T003228,E00286
T003228,E00583
T003229,E00477
T003229,E00472
T003229,E00415
T003229,E00128
T003230,E00687
T003230,E00507
T003230,E00070
T003230,E00059
T003231,E00105
T003232,E00726
T003232,E00492
T003232,E00683
T003232,E00651
T003232,E00725
T003232,E00555
T003232,E00292
T003232,E00440
T003232,E00295
T003232,E00709
T003232,E00582
T003232,E00399
T003232,E00625
T003232,E00512
T003232,E00627
T003232,E00787
T003232,E00539
T003232,E00728
T003233,E00484
T003233,E00707
T003233,E00076
T003233,E00519
T003233,E00626
T003233,E00094
T003233,E00308
T003233,E00217
T003233,E00768
T003233,E00276
T003233,E00237
T003233,E00670
T003233,E00112
T003233,E00152
T003233,E00674
T003233,E00431
T003233,E00499
T003233,E00603
T003234,E00508
T003234,E00181
T003234,E00422
T003234,E00429
T003234,E00389
T003234,E00279
T003234,E00150
T003234,E00544
T003234,E00618
T003235,E00788
T003235,E00243
T003235,E00666
T003235,E00487
T003235,E00285
T003235,E00250
T003235,E00235
T003235,E00545
T003236,E00449
T003236,E00652
T003236,E00604
T003236,E99467
T003236,E00277
T003236,E00300
T003236,E00584
T003236,E00721
T003237,E00136
T003237,E00027
T003237,E00049
T003237,E00370
T003237,E00410
T003237,E00513
T003237,E00736
T003237,E00223
T003238,E00464
T003238,E00162
T003238,E00764
T003238,E00229
T003238,E00048
T003238,E00695
T003238,E00171
T003238,E00220
T003239,E00637
T003239,E00481
T003239,E00511
T003239,E00664
T003239,E00345
T003239,E00478
T003239,E00447
T003239,E00249
T003240,E00430
T003240,E00633
T003240,E00537
T003240,E00713
T003240,E00433
T003240,E00058
T003240,E00483
T003240,E00065
T003241,E00358
T003241,E00685
T003241,E00354
T003241,E00428
T003242,E00589
T003242,E00302
T003242,E00587
T003242,E00303
T003243,E00533
T003243,E00412
T003243,E00385
T003243,E00436
T003244,E00441
T003244,E00023
T003244,E00442
T003244,E00001
T003245,E00205
T003245,E00745
T003245,E00336
T003245,E00450
T003246,E00662
T003246,E00569
T003246,E00045
T003246,E00772
T003247,E00404
T003247,E00445
T003247,E00214
T003247,E00184
T003248,E00426
T003248,E00371
T003248,E00182
T003248,E00311
T003249,E00405
T003249,E00212
T003249,E00739
T003249,E00781
T003250,E00698
T003250,E00743
T003250,E00498
T003250,E00547
T003251,E00509
T003251,E00700
T003251,E00102
T003251,E00400
T003252,E00352
T003252,E00529
T003252,E00304
T003252,E00377
T003252,E00473
T003252,E00489
T003252,E00323
T003252,E00766
T003252,E00117
T003252,E00691
T003252,E00600
T003252,E00538
T003252,E00122
T003252,E00075
T003252,E00242
T003252,E00256
T003252,E00733
T003252,E00236
T003253,E00439
T003253,E00392
T003253,E00451
T003253,E00241
T003254,E00452
T003254,E00455
T003254,E00720
T003254,E00454
T003254,E00782
T003254,E00531
T003254,E00149
T003254,E00671
T003254,E00667
T003254,E00694
T003254,E00570
T003254,E00376
T003254,E00755
T003254,E00108
T003254,E00602
T003254,E00393
T003254,E00598
T003254,E00106
T003255,E00081
T003255,E00004
T003255,E00012
T003255,E00047
T003255,E00132
T003255,E00567
T003255,E00278
T003255,E00585
T003255,E00141
T003255,E00039
T003255,E00496
T003255,E00395
T003256,E00109
T003256,E00715
T003256,E00785
T003256,E00403
T003256,E00475
T003256,E00198
T003256,E00703
T003256,E00127
T003257,E00264
T003257,E00324
T003257,E00413
T003257,E00363
T003257,E00043
T003257,E00535
T003257,E00737
T003257,E00727
T003258,E00771
T003258,E00621
T003258,E00327
T003258,E00629
T003258,E00322
T003259,E00643
T003259,E00100
T003259,E00130
T003259,E00163
T003259,E00036
T003259,E00074
T003259,E00257
T003259,E00028
T003260,E00554
T003260,E00262
T003260,E00139
T003260,E00320
T003260,E00195
T003260,E00586
T003260,E00146
T003260,E00147
T003261,E00562
T003261,E00055
T003261,E00192
T003261,E00729
T003261,E00553
T003261,E00317
T003261,E00608
T003261,E00060
T003262,E00784
T003262,E00188
T003262,E00641
T003262,E00402
T003263,E00145
T003263,E00110
T003263,E00617
T003263,E00119
T003264,E00526
T003264,E00770
T003264,E00645
T003264,E00606
T003265,E00479
T003265,E00013
T003265,E00098
T003265,E00005
T003266,E00494
T003266,E00101
T003266,E00263
T003266,E00168
T003267,E00305
T003267,E00002
T003267,E00635
T003267,E99437
T003268,E00414
T003268,E00189
T003268,E00640
T003268,E00501
T003269,E00794
T003269,E00326
T003269,E00103
T003269,E00505
T003270,E00231
T003270,E00339
T003271,E00387
T003271,E00799
T003271,E00224
T003271,E00165
T003271,E00692
T003271,E00158
T003271,E00206
T003271,E00030
T003271,E00599
T003271,E00646
T003271,E00019
T003271,E00543
T003271,E00701
T003271,E00017
T003271,E00006
T003271,E00294
T003271,E00746
T003271,E00516
T003272,E00054
T003272,E00015
T003272,E00138
T003272,E00684
T003272,E00118
T003273,E00151
T003273,E00648
T003273,E00290
T003273,E00776
T003273,E00306
T003273,E00724
T003273,E00566
T003273,E00624
T003274,E00434
T003274,E00343
T003274,E00200
T003274,E00170
T003274,E00658
T003274,E00590
T003274,E00227
T003274,E00502
T003275,E00164
T003275,E00708
T003275,E00620
T003275,E00121
T003275,E00576
T003275,E00053
T003275,E00793
T003275,E00180
T003276,E00274
T003276,E00719
T003276,E00391
T003276,E00462
T003276,E00268
T003276,E00174
T003277,E00042
T003277,E00540
T003277,E00682
T003277,E00575
T003278,E00792
T003278,E00681
T003278,E00634
T003278,E00344
T003279,E00476
T003279,E99209
T003279,E00609
T003279,E00057
T003280,E00416
T003280,E00120
T003280,E00072
T003280,E00204
T003281,E00225
T003281,E00401
T003281,E00202
T003281,E00427
T003282,E00384
T003282,E00078
T003282,E00061
T003282,E00293
T003283,E00334
T003283,E00144
T003283,E00470
T003283,E00353
T003284,E00753
T003284,E99672
T003285,E00104
T003285,E00226
T003285,E00379
T003285,E00614
T003285,E00774
T003285,E00115
T003285,E00355
T003285,E99742
T003285,E99884
T003285,E00560
T003285,E00095
T003285,E00346
T003285,E00654
T003285,E00696
T003285,E99503
T003285,E00488
T003285,E00034
T003285,E00228
T003286,E00791
T003286,E00521
T003286,E00653
T003287,E00568
T003287,E00062
T003287,E00255
T003287,E00123
T003287,E00349
T003287,E00156
T003287,E00559
T003287,E00084
T003287,E00372
T003287,E00796
T003287,E00628
T003287,E00591
T003287,E00351
T003287,E00610
T003288,E00092
T003288,E00735
T003288,E00580
T003288,E00026
T003288,E00201
T003288,E00219
T003288,E00008
T003288,E00649
T003289,E00135
T003289,E00316
T003289,E00221
T003289,E00679
T003289,E00594
T003289,E00418
T003289,E00420
T003289,E00239
T003290,E00321
T003290,E00417
T003290,E00083
T003290,E00307
T003290,E00233
T003290,E00548
T003290,E00046
T003290,E00254
T003291,E00035
T003291,E00350
T003291,E00360
T003291,E00775
T003291,E00289
T003291,E00085
T003291,E00021
T003291,E00411
T003292,E00523
T003292,E00270
T003292,E00314
T003292,E00041
T003292,E00342
T003292,E00650
T003293,E00367
T003293,E00113
T003293,E00612
T003293,E00210
T003294,E00366
T003294,E00179
T003294,E00424
T003294,E00296
T003295,E00356
T003295,E00029
T003295,E00458
T003295,E00394
T003296,E00071
T003296,E00558
T003296,E00288
T003296,E00107
T003297,E00091
T003297,E00514
T003297,E00312
T003297,E00474
T003298,E00748
T003298,E00375
T003299,E00601
T003299,E00090
T003299,E00550
T003299,E00248
T003299,E00040
T003299,E00148
T003299,E00088
T003299,E00461
T003299,E00663
T003299,E00504
T003299,E00563
T003299,E00332
T003299,E00099
T003299,E00734
T003299,E00522
T003299,E00763
T003299,E00374
T003299,E00711
T003300,E00310
T003300,E00712
T003300,E00765
T003301,E00749
T003301,E00383
T003301,E00116
T003301,E00207
T003301,E00588
T003301,E00657
T003301,E00437
T003301,E00232
T003302,E00518
T003302,E00780
T003302,E99103
T003302,E00194
T003302,E00740
T003302,E00238
T003302,E00786
T003302,E00157
T003303,E99295
T003304,E00025
T003304,E99147
T003304,E00690
T003304,E00318
T003305,E00578
T003305,E00397
T003305,E00114
T003305,E00639
T003306,E00632
T003306,E00244
T003306,E00280
T003306,E00284
T003307,E00331
T003307,E00686
T003307,E00209
T003308,E00605
T003308,E00297
T003308,E00561
T003308,E00178
T003308,E00752
T003308,E00273
T003308,E99275
T003308,E00688
T003308,E00647
T003308,E00016
T003308,E00459
T003308,E00038
T003308,E00549
T003308,E00125
T003308,E00779
T003308,E00129
T003308,E00337
T003308,E99162
T003309,E00710
T003309,E00800
T003309,E00003
T003309,E00398
T003309,E00572
T003309,E00556
T003309,E00230
T003309,E00199
T003309,E00258
T003309,E00142
T003309,E00329
T003309,E00325
T003309,E00051
T003309,E00018
T003309,E00252
T003309,E00333
T003309,E00009
T003309,E00406
T003310,E00191
T003310,E00565
T003310,E00762
T003310,E00086
T003310,E00630
T003310,E00409
T003310,E00460
T003310,E99761
T003310,E00161
T003310,E00077
T003310,E00660
T003310,E00773
T003310,E00267
T003310,E00253
T003311,E00388
T003311,E00335
T003311,E00524
T003311,E00022
T003311,E00218
T003311,E00676
T003311,E00680
T003311,E00631
T003311,E00754
T003311,E00731
T003311,E00368
T003311,E00159
T003311,E00767
T003311,E00577
T003311,E00515
T003311,E00272
T003311,E00482
T003311,E00716
T003312,E00186
T003312,E00596
T003312,E00082
T003312,E00037
T003312,E00579
T003312,E00153
T003312,E00265
T003312,E00456
T003312,E00448
T003312,E00536
T003312,E00672
T003312,E00096
T003312,E00315
T003312,E00798
T003312,E00080
T003312,E00087
T003312,E00033
T003312,E00693
T003313,E00759
T003313,E00689
T003313,E00702
T003313,E00052
T003313,E00789
T003313,E00655
T003313,E00542
T003313,E00732
T003314,E00557
T003314,E00011
T003314,E00173
T003314,E00581
T003314,E99554
T003314,E00282
T003314,E00137
T003314,E00240
T003315,E00564
T003315,E00510
T003315,E00154
T003315,E00140
T003315,E00699
T003315,E00024
T003315,E00134
T003315,E00738
T003316,E00469
T003316,E00466
T003316,E00758
T003316,E00661
T003316,E00260
T003316,E00444
T003316,E00438
T003316,E00500
T003317,E00185
T003317,E00730
T003317,E00619
T003317,E00675
T003317,E00124
T003317,E99399
T003317,E00126
T003317,E00751
T003318,E00364
T003318,E00443
T003318,E00551
T003318,E00717
T003318,E00532
T003318,E00678
T003318,E00465
T003318,E00259
T003319,E00338
T003319,E00176
T003320,E00222
T003320,E00301
T003320,E00348
T003320,E00190
T003320,E00111
T003320,E00340
T003320,E00359
T003320,E00234
T003321,E00269
T003321,E00160
T003321,E00298
T003321,E00463
T003321,E00014
T003321,E00313
T003321,E00744
T003321,E00097
T003322,E00673
T003322,E00644
T003322,E00203
T003322,E00183
T003322,E00468
T003322,E00407
T003322,E00056
T003322,E00750
T003323,E00665
T003323,E00020
T003323,E00704
T003323,E00613
T003323,E00797
T003323,E00032
T003323,E00741
T003323,E99177
T003324,E00089
T003324,E00362
T003324,E00143
T003324,E00546
T003324,E00541
T003324,E00493
T003324,E00299
T003324,E99616
T003325,E00211
T003325,E00477
T003325,E00677
T003325,E00486
T003326,E00059
T003326,E00215
T003326,E00480
T003326,E00687
T003327,E00517
T003327,E00172
T003327,E00128
T003327,E00286
T003328,E00330
T003328,E99635
T003328,E00283
T003328,E00271
T003329,E00718
T003329,E00778
T003329,E00453
T003329,E00485
T003330,E00742
T003330,E00777
T003330,E00421
T003330,E00177
T003331,E00070
T003331,E00471
T003331,E00007
T003331,E00593
T003332,E00423
T003332,E00105
T003332,E00714
T003332,E99458
T003333,E00415
T003333,E00093
T003333,E00506
T003333,E00266
T003334,E00507
T003334,E00319
T003334,E00583
T003334,E00573
T003335,E00155
T003335,E00615
T003336,E00076
T003336,E00440
T003336,E00492
T003336,E00237
T003336,E00150
T003336,E00683
T003336,E00435
T003336,E00181
T003336,E00094
T003336,E00674
T003336,E00544
T003336,E00399
T003336,E00292
T003336,E00508
T003336,E00499
T003336,E00603
T003336,E00429
T003336,E00555
T003337,E00446
T003337,E00431
T003337,E00166
T003337,E00519
T003337,E00389
T003337,E00484
T003337,E00187
T003337,E00539
T003337,E00626
T003337,E00670
T003337,E00768
T003337,E00309
T003337,E00627
T003337,E00279
T003337,E00725
T003337,E00276
T003337,E00625
T003337,E00308
T003338,E00787
T003338,E00709
T003338,E00669
T003338,E00512
T003338,E00422
T003338,E00728
T003338,E00651
T003338,E00112
T003338,E00618
T003338,E00152
T003338,E00582
T003339,E00235
T003339,E00162
T003339,E00065
T003339,E00433
T003339,E00449
T003339,E00464
T003339,E00788
T003339,E00027
T003340,E00695
T003340,E00249
T003340,E00483
T003340,E99987
T003340,E00481
T003340,E00666
T003340,E00664
T003340,E99896
T003341,E00584
T003341,E00243
T003341,E00511
T003341,E00637
T003341,E00196
T003341,E00513
T003341,E00220
T003341,E00604
T003342,E99909
T003342,E00410
T003342,E00652
T003342,E99516
T003342,E00736
T003342,E00721
T003342,E00537
T003342,E00171
T003343,E00300
T003343,E00545
T003343,E00487
T003343,E00197
T003343,E00345
T003343,E00223
T003343,E00430
T003343,E00285
T003344,E00049
T003344,E00713
T003344,E00136
T003344,E00764
T003344,E00250
T003344,E00048
T003345,E00442
T003345,E00698
T003345,E00311
T003345,E00428
T003346,E00412
T003346,E99072
T003346,E00214
T003346,E00045
T003347,E00587
T003347,E00381
T003347,E00405
T003347,E00400
T003348,E00525
T003348,E00371
T003348,E00781
T003348,E00184
T003349,E00509
T003349,E00426
T003349,E00743
T003349,E00303
T003350,E00380
T003350,E00385
T003350,E00208
T003350,E00354
T003351,E00336
T003351,E00302
T003351,E00662
T003351,E00182
T003352,E00212
T003352,E00358
T003352,E00450
T003352,E00569
T003353,E00001
T003353,E00745
T003353,E00533
T003353,E00445
T003354,E00498
T003354,E00205
T003354,E00102
T003354,E00436
T003355,E00547
T003355,E00700
T003355,E00441
T003355,E00404
T003356,E00685
T003357,E00241
T003357,E00489
T003357,E00242
T003357,E00766
T003357,E00236
T003357,E00538
T003357,E00451
T003357,E00304
T003357,E00529
T003357,E00117
T003357,E00323
T003357,E00600
T003357,E00733
T003357,E00122
T003357,E00392
T003357,E00256
T003357,E00473
T003357,E00063
T003358,E00691
T003358,E00377
T003358,E00352
T003358,E00439
T003359,E00598
T003359,E00393
T003359,E00149
T003359,E00132
T003359,E00081
T003359,E00004
T003359,E00108
T003359,E00567
T003359,E00455
T003359,E00454
T003359,E00671
T003359,E00694
T003359,E00047
T003359,E00602
T003359,E00039
T003359,E00755
T003359,E00141
T003359,E00278
T003360,E00106
T003360,E00720
T003360,E00667
T003360,E00012
T003360,E00193
T003360,E00531
T003360,E00585
T003360,E00395
T003360,E00570
T003360,E00376
T003360,E00496
T003361,E00327
T003361,E00198
T003361,E00621
T003361,E00715
T003361,E00528
T003361,E00785
T003361,E00475
T003361,E00703
T003362,E00629
T003362,E00535
T003362,E00264
T003362,E00413
T003362,E00109
T003362,E00281
T003362,E00408
T003362,E00127
T003363,E00771
T003363,E00495
T003363,E00324
T003363,E00363
T003363,E00403
T003363,E00043
T003363,E00727
T003363,E00737
T003364,E00074
T003364,E00060
T003364,E00139
T003364,E00402
T003364,E00163
T003364,E00729
T003364,E00643
T003364,E00055
T003365,E00195
T003365,E00608
T003365,E00257
T003365,E00146
T003365,E00192
T003365,E00641
T003365,E00554
T003365,E00586
T003366,E00784
T003366,E00147
T003366,E00073
T003366,E00028
T003366,E00262
T003366,E00552
T003366,E00553
T003366,E00188
T003367,E00130
T003367,E00562
T003368,E00770
T003368,E00263
T003368,E00505
T003368,E00526
T003369,E00169
T003369,E00098
T003369,E00617
T003369,E00339
T003370,E00635
T003370,E00757
T003370,E00479
T003370,E00145
T003371,E00002
T003371,E00326
T003371,E00103
T003371,E00005
T003372,E00305
T003372,E00494
T003372,E00119
T003372,E00013
T003373,E00606
T003373,E00640
T003373,E00645
T003373,E00231
T003374,E00189
T003374,E00414
T003375,E00138
T003375,E00165
T003375,E00746
T003375,E00646
T003375,E00599
T003375,E00118
T003375,E00275
T003375,E00206
T003375,E00224
T003375,E00015
T003375,E00543
T003375,E00692
T003375,E99180
T003375,E00158
T003375,E00017
T003375,E00684
T003375,E00030
T003375,E00019
T003376,E00006
T003376,E00054
T003376,E00387
T003376,E00701
T003377,E00434
T003377,E00227
T003377,E00164
T003377,E00592
T003377,E00343
T003377,E00576
T003377,E00708
T003377,E00624
T003378,E00793
T003378,E00658
T003378,E00590
T003378,E00268
T003378,E00306
T003378,E00719
T003378,E00200
T003378,E00180
T003379,E99248
T003379,E00121
T003379,E00386
T003379,E99025
T003379,E00724
T003379,E00620
T003379,E00467
T003379,E00502
T003380,E00290
T003380,E00391
T003380,E00174
T003380,E00053
T003381,E00042
T003381,E00384
T003381,E00334
T003381,E00144
T003382,E00609
T003382,E00540
T003382,E00476
T003382,E00078
T003383,E00202
T003383,E00401
T003383,E00753
T003383,E00682
T003384,E00072
T003384,E00416
T003384,E00390
T003384,E00681
T003385,E00427
T003385,E00204
T003385,E00470
T003385,E00595
T003386,E00225
T003386,E00057
T003386,E00575
T003386,E00353
T003387,E00634
T003387,E00490
T003387,E00792
T003387,E00050
T003388,E00061
T003389,E00355
T003389,E00521
T003389,E00488
T003389,E00104
T003389,E00560
T003389,E00574
T003389,E00373
T003389,E00774
T003389,E00095
T003389,E00034
T003389,E00614
T003389,E00642
T003389,E00696
T003389,E00226
T003389,E00654
T003389,E00379
T003389,E00069
T003389,E00791
T003390,E00365
T003390,E00228
T003391,E00251
T003391,E00351
T003391,E99364
T003391,E00372
T003391,E00123
T003391,E00349
T003391,E00628
T003391,E00062
T003391,E00568
T003391,E00610
T003391,E00591
T003391,E00167
T003391,E00255
T003391,E00084
T003391,E00559
T003392,E00219
T003392,E99921
T003392,E00092
T003392,E00679
T003392,E00316
T003392,E00735
T003392,E00420
T003392,E00594
T003393,E00135
T003393,E99313
T003393,E00008
T003393,E00201
T003393,E00239
T003393,E00221
T003393,E00649
T003394,E00233
T003394,E00085
T003394,E00342
T003394,E00411
T003394,E00046
T003394,E00548
T003394,E00021
T003394,E00270
T003395,E00417
T003395,E00307
T003395,E00041
T003395,E00083
T003395,E00523
T003395,E00650
T003395,E00035
T003395,E00321
T003396,E00775
T003397,E00424
T003397,E00312
T003397,E00375
T003397,E00474
T003398,E00458
T003398,E00296
T003398,E00029
T003398,E00113
T003399,E00394
T003399,E00748
T003399,E00091
T003399,E00288
T003400,E00107
T003400,E00612
T003400,E00356
T003400,E00514
T003401,E00558
T003401,E00210
T003401,E00071
T003401,E00367
T003402,E00179
T003403,E00310
T003403,E00734
T003403,E00522
T003403,E00088
T003403,E00504
T003403,E00461
T003403,E00601
T003403,E00090
T003403,E00040
T003403,E00148
T003403,E00712
T003403,E00663
T003403,E00374
T003403,E00099
T003403,E00711
T003403,E00248
T003403,E00763
T003403,E00765
T003404,E00332
T003404,E00550
T003404,E00563
T003405,E00232
T003405,E00383
T003405,E00740
T003405,E00588
T003405,E00656
T003405,E00246
T003405,E00786
T003405,E00157
T003406,E00341
T003406,E00518
T003406,E00437
T003406,E00194
T003406,E00116
T003406,E99064
T003406,E00207
T003407,E00397
T003407,E00690
T003407,E00025
T003407,E00284
T003408,E00244
T003408,E00331
T003408,E00632
T003408,E00280
T003409,E00114
T003409,E00318
T003409,E00686
T003409,E00639
T003410,E00760
T003411,E00003
T003411,E00142
T003411,E00161
T003411,E00018
T003411,E00647
T003411,E00325
T003411,E00762
T003411,E00497
T003411,E00267
T003411,E00459
T003411,E00329
T003411,E00191
T003411,E00752
T003411,E00409
T003411,E00773
T003411,E00016
T003411,E00337
T003411,E99354
T003412,E00398
T003412,E00258
T003412,E00038
T003412,E00125
T003412,E00561
T003412,E00605
T003412,E00800
T003412,E00549
T003412,E00051
T003412,E00572
T003412,E00129
T003412,E00406
T003412,E00710
T003412,E00783
T003412,E00178
T003412,E00077
T003412,E00199
T003412,E00086
T003413,E00630
T003413,E00333
T003413,E00291
T003413,E00460
T003413,E00009
T003413,E00252
T003413,E00795
T003413,E00779
T003413,E00273
T003413,E00565
T003413,E00660
T003413,E00230
T003413,E00688
T003414,E00052
T003414,E00579
T003414,E00672
T003414,E99923
T003414,E00265
T003414,E00759
T003414,E00789
T003414,E00631
T003414,E00731
T003414,E00315
T003414,E00159
T003414,E00037
T003414,E00022
T003414,E00218
T003414,E00596
T003414,E00515
T003414,E00082
T003414,E99072
T003415,E00754
T003415,E00186
T003415,E99863
T003415,E00702
T003415,E00033
T003415,E00536
T003415,E00272
T003415,E00655
T003415,E00096
T003415,E00689
T003415,E00368
T003415,E00732
T003415,E00607
T003415,E00335
T003415,E00597
T003415,E00388
T003415,E00524
T003415,E00676
T003416,E00448
T003416,E00756
T003416,E00153
T003416,E00723
T003416,E00693
T003416,E00680
T003416,E00482
T003417,E99397
T003417,E00124
T003417,E00364
T003417,E00751
T003417,E00465
T003417,E00500
T003417,E00469
T003417,E00616
T003418,E00758
T003418,E00240
T003418,E00738
T003418,E00557
T003418,E00706
T003418,E00564
T003418,E00675
T003418,E00024
T003419,E00259
T003419,E00678
T003419,E00260
T003419,E00717
T003419,E00134
T003419,E00011
T003419,E00581
T003419,E00661
T003420,E00510
T003420,E00185
T003420,E00176
T003420,E00532
T003420,E00154
T003420,E00619
T003420,E00282
T003420,E00126
T003421,E00173
T003421,E00466
T003421,E00551
T003421,E00137
T003421,E00730
T003421,E00769
T003421,E00444
T003421,E00338
T003422,E00443
T003422,E00699
T003423,E00097
T003423,E00056
T003423,E00673
T003423,E00432
T003423,E00744
T003423,E00014
T003423,E00301
T003423,E00463
T003424,E00183
T003424,E00704
T003424,E00111
T003424,E00362
T003424,E00419
T003424,E00213
T003424,E00089
T003424,E00644
T003425,E00741
T003425,E00493
T003425,E00520
T003425,E00298
T003425,E00468
T003425,E00203
T003425,E00797
T003425,E00299
T003426,E00348
T003426,E00160
T003426,E00020
T003426,E00222
T003426,E00546
T003426,E00143
T003426,E00503
T003426,E00359
T003427,E00247
T003427,E00407
T003427,E00032
T003427,E00340
T003427,E00750
T003427,E00665
T003427,E00313
T003427,E00190
T003428,E00471
T003428,E00271
T003428,E00286
T003428,E00485
T003429,E00319
T003429,E00778
T003429,E00059
T003429,E00357
T003430,E00007
T003430,E00330
T003430,E00421
T003430,E00472
T003431,E00506
T003431,E00425
T003431,E00415
T003431,E00583
T003432,E00172
T003432,E00093
T003432,E00573
T003432,E00777
T003433,E00010
T003433,E00480
T003433,E00718
T003433,E00128
T003434,E00369
T003434,E00477
T003434,E00486
T003434,E00687
T003435,E00070
T003435,E00593
T003435,E00507
T003435,E00211
T003436,E00266
T003436,E00423
T003436,E00714
T003436,E00215
T003437,E00677
T003437,E00742
T003437,E00453
T003437,E00177
T003438,E00615
T003438,E00105
T003439,E00308
T003439,E00166
T003439,E00435
T003439,E00544
T003439,E00726
T003439,E00627
T003439,E00555
T003439,E00389
T003439,E00626
T003439,E00440
T003439,E00519
T003439,E00292
T003439,E00768
T003439,E00725
T003439,E00728
T003439,E00446
T003439,E00295
T003439,E00112
T003440,E00582
T003440,E00276
T003440,E00150
T003440,E00674
T003440,E00683
T003440,E00309
T003440,E00187
T003440,E00707
T003440,E00625
T003440,E00539
T003440,E00399
T003440,E00492
T003440,E00651
T003440,E00279
T003440,E00181
T003440,E00512
T003440,E00603
T003440,E00076
T003441,E00670
T003441,E00499
T003441,E00152
T003441,E00508
T003441,E00217
T003441,E00237
T003441,E00618
T003441,E00787
T003441,E00094
T003441,E00709
T003441,E00422
T003442,E00433
T003442,E00229
T003442,E00481
T003442,E00666
T003442,E00027
T003442,E00162
T003442,E00370
T003442,E00250
T003443,E00300
T003443,E00136
T003443,E00584
T003443,E00243
T003443,E00637
T003443,E00713
T003443,E00175
T003443,E00545
T003444,E00197
T003444,E99104
T003444,E00223
T003444,E00736
T003444,E00065
T003444,E00788
T003444,E00487
T003444,E00464
T003445,E00695
T003445,E00664
T003445,E99400
T003445,E99860
T003445,E00133
T003445,E00249
T003445,E00048
T003445,E00285
T003446,E00171
T003446,E00633
T003446,E00764
T003446,E00220
T003446,E00345
T003446,E00511
T003446,E00604
T003446,E00721
T003447,E00447
T003447,E00049
T003447,E00196
T003447,E00235
T003447,E00652
T003448,E00045
T003448,E00023
T003448,E00404
T003448,E00589
T003449,E00182
T003449,E00184
T003449,E00380
T003449,E00533
T003450,E00102
T003450,E00311
T003450,E00772
T003450,E00358
T003451,E00428
T003451,E00745
T003451,E00205
T003451,E00400
T003452,E99834
T003452,E00698
T003452,E00001
T003452,E00739
T003453,E00569
T003453,E00405
T003453,E00498
T003453,E00371
T003454,E00336
T003454,E00436
T003454,E00700
T003454,E00381
T003455,E00354
T003455,E00525
T003455,E00302
T003455,E00743
T003456,E00685
T003456,E00214
T003456,E00587
T003456,E00044
T003457,E00208
T003457,E00212
T003457,E00441
T003457,E00426
T003458,E00662
T003458,E00781
T003458,E00445
T003459,E00691
T003459,E00600
T003459,E00489
T003459,E00236
T003459,E00766
T003459,E00122
T003459,E00075
T003459,E99010
T003459,E00377
T003459,E00439
T003459,E00117
T003459,E00241
T003459,E00451
T003459,E00063
T003459,E00392
T003459,E00242
T003459,E00304
T003459,E00323
T003460,E00733
T003460,E00529
T003460,E00256
T003461,E00047
T003461,E00671
T003461,E00012
T003461,E99540
T003461,E00193
T003461,E00667
T003461,E00108
T003461,E00081
T003461,E00570
T003461,E00452
T003461,E00278
T003461,E00598
T003461,E00132
T003461,E00755
T003461,E00454
T003461,E00567
T003461,E00141
T003461,E00602
T003462,E00106
T003462,E99363
T003462,E00720
T003462,E00585
T003462,E00393
T003462,E00531
T003462,E00496
T003462,E00782
T003462,E00004
T003462,E00039
T003463,E00785
T003463,E00109
T003463,E00198
T003463,E00264
T003463,E00715
T003463,E00363
T003463,E00327
T003463,E00403
T003464,E00535
T003464,E00413
T003464,E00324
T003464,E00408
T003464,E00322
T003464,E00043
T003464,E00127
T003464,E00629
T003465,E00771
T003465,E00621
T003465,E00737
T003465,E00281
T003465,E00528
T003465,E00475
T003465,E00727
T003465,E00703
T003466,E00729
T003466,E00586
T003466,E00641
T003466,E99316
T003466,E00028
T003466,E00643
T003466,E00784
T003466,E00562
T003467,E00195
T003467,E00100
T003467,E00320
T003467,E00608
T003467,E00055
T003467,E00554
T003467,E00192
T003467,E00139
T003468,E00317
T003468,E00553
T003468,E00147
T003468,E00146
T003468,E00060
T003468,E00036
T003468,E00552
T003468,E00402
T003469,E00073
T003469,E00074
T003469,E00257
T003469,E00130
T003470,E00640
T003470,E00770
T003470,E00168
T003470,E00757
T003471,E00169
T003471,E00635
T003471,E00505
T003471,E00526
T003472,E00479
T003472,E00501
T003472,E00794
T003472,E00103
T003473,E00414
T003473,E00645
T003473,E00263
T003473,E00101
T003474,E00617
T003474,E00005
T003474,E00189
T003474,E00098
T003475,E00606
T003475,E00013
T003475,E00326
T003475,E00002
T003476,E00494
T003476,E00305
T003476,E00145
T003476,E00231
T003477,E00110
T003477,E00119
T003478,E00006
T003478,E00599
T003478,E00646
T003478,E00165
T003478,E00275
T003478,E00138
T003478,E00030
T003478,E00206
T003478,E00516
T003478,E00118
T003478,E00799
T003478,E00543
T003478,E00684
T003478,E00158
T003478,E00017
T003478,E00019
T003478,E00054
T003478,E00746
T003479,E00294
T003479,E00387
T003479,E00701
T003479,E00692
T003479,E00224
T003480,E00708
T003480,E00658
T003480,E00793
T003480,E00462
T003480,E00386
T003480,E00268
T003480,E00467
T003480,E00566
T003481,E00592
T003481,E00620
T003481,E00227
T003481,E00306
T003481,E00200
T003481,E00274
T003481,E00434
T003481,E00576
T003482,E00776
T003482,E00053
T003482,E00170
T003482,E00391
T003482,E00624
T003482,E00590
T003482,E00724
T003482,E00164
T003483,E00174
T003483,E00121
T003483,E00343
T003483,E00648
T003483,E00151
T003483,E00502
T003484,E00427
T003484,E00334
T003484,E00057
T003484,E00609
T003485,E00540
T003485,E00634
T003485,E00416
T003485,E00490
T003486,E00705
T003486,E00061
T003486,E00390
T003486,E00225
T003487,E00470
T003487,E00792
T003487,E00353
T003487,E00344
T003488,E00401
T003488,E00042
T003488,E00682
T003488,E00078
T003489,E00293
T003489,E00753
T003489,E00050
T003489,E00120
T003490,E00204
T003490,E00072
T003490,E00681
T003490,E00384
T003491,E00575
T003492,E00228
T003492,E00226
T003492,E00355
T003492,E00774
T003492,E00653
T003492,E00346
T003492,E00034
T003492,E00379
T003492,E00791
T003492,E00560
T003492,E00696
T003492,E00069
T003492,E00365
T003492,E00488
T003492,E00115
T003492,E00654
T003492,E00642
T003492,E00574
T003493,E00521
T003493,E00095
T003493,E00373
T003493,E00614
T003494,E00156
T003494,E00796
T003494,E00062
T003494,E00167
T003494,E00123
T003494,E00349
T003494,E00251
T003494,E00351
T003494,E99932
T003494,E00255
T003494,E00372
T003494,E00628
T003494,E00568
T003494,E00591
T003494,E00084
T003495,E00316
T003495,E00735
T003495,E00594
T003495,E00026
T003495,E00008
T003495,E00239
T003495,E00420
T003495,E00418
T003496,E00649
T003496,E00092
T003496,E00219
T003496,E00135
T003496,E00580
T003496,E00221
T003497,E00083
T003497,E00523
T003497,E00021
T003497,E00035
T003497,E00650
T003497,E00254
T003497,E99745
T003497,E00085
T003498,E00360
T003498,E00548
T003498,E00046
T003498,E00321
T003498,E00350
T003498,E00417
T003498,E99077
T003498,E00411
T003499,E00307
T003499,E00233
T003500,E00458
T003500,E00748
T003500,E00179
T003500,E00424
T003501,E00514
T003501,E00091
T003501,E00612
T003501,E00366
T003502,E99331
T003502,E00210
T003502,E00312
T003502,E00474
T003503,E00071
T003503,E00288
T003503,E00113
T003503,E00394
T003504,E00367
T003504,E00558
T003504,E00356
T003504,E00375
T003505,E00296
T003505,E00107
T003506,E00712
T003506,E00310
T003506,E00663
T003506,E00734
T003506,E00248
T003506,E00040
T003506,E00601
T003506,E00332
T003506,E00504
T003506,E00148
T003506,E00374
T003506,E00090
T003506,E00763
T003506,E99682
T003506,E00563
T003506,E00765
T003506,E00790
T003506,E00099
T003507,E00461
T003507,E00522
T003507,E00088
T003508,E00780
T003508,E00157
T003508,E00749
T003508,E00588
T003508,E00786
T003508,E00194
T003508,E00657
T003508,E00656
T003509,E00341
T003509,E00238
T003509,E00437
T003509,E00740
T003509,E00518
T003510,E00686
T003510,E00639
T003510,E00331
T003510,E00114
T003511,E00397
T003511,E00578
T003511,E00244
T003511,E00318
T003512,E00690
T003512,E00632
T003512,E00284
T003512,E00280
T003513,E00025
T003513,E00760
T003514,E00409
T003514,E00018
T003514,E00630
T003514,E00497
T003514,E00009
T003514,E00549
T003514,E00398
T003514,E00003
T003514,E00142
T003514,E00605
T003514,E00565
T003514,E00230
T003514,E00779
T003514,E00086
T003514,E00773
T003514,E00783
T003514,E00267
T003514,E00572
T003515,E00329
T003515,E00252
T003515,E00561
T003515,E99593
T003515,E00325
T003515,E00795
T003515,E00297
T003515,E00125
T003515,E00752
T003515,E00710
T003515,E00038
T003515,E00800
T003515,E00191
T003515,E00647
T003515,E00273
T003515,E00337
T003515,E00258
T003515,E00660
T003516,E00556
T003516,E00051
T003516,E00178
T003516,E00459
T003516,E00016
T003516,E00077
T003516,E00762
T003516,E00161
T003516,E00129
T003516,E99528
T003517,E00368
T003517,E00096
T003517,E00524
T003517,E00579
T003517,E00716
T003517,E00723
T003517,E00052
T003517,E99316
T003517,E00756
T003517,E00767
T003517,E00676
T003517,E00732
T003517,E00335
T003517,E00272
T003517,E00798
T003517,E00080
T003517,E00315
T003517,E00265
T003518,E00186
T003518,E00631
T003518,E00515
T003518,E00033
T003518,E00754
T003518,E00159
T003518,E00759
T003518,E00672
T003518,E00655
T003518,E00536
T003518,E00087
T003518,E00702
T003518,E00153
T003518,E00689
T003518,E00037
T003518,E00542
T003518,E00482
T003518,E00577
T003519,E00022
T003519,E00388
T003519,E00082
T003519,E00597
T003519,E00680
T003519,E00596
T003519,E00693
T003519,E00448
T003519,E00731
T003520,E00678
T003520,E00137
T003520,E00260
T003520,E00758
T003520,E00619
T003520,E00173
T003520,E00382
T003520,E00557
T003521,E00675
T003521,E00465
T003521,E00564
T003521,E00024
T003521,E00469
T003521,E00706
T003521,E99374
T003521,E00466
T003522,E00259
T003522,E00699
T003522,E00011
T003522,E00532
T003522,E99250
T003522,E00364
T003522,E00738
T003522,E00140
T003523,E00443
T003523,E00154
T003523,E00185
T003523,E00769
T003523,E00751
T003523,E00661
T003523,E00616
T003523,E00338
T003524,E00510
T003524,E99351
T003524,E00500
T003524,E00240
T003524,E00176
T003524,E00438
T003524,E00126
T003524,E00134
T003525,E00581
T003525,E00551
T003526,E00299
T003526,E00032
T003526,E00269
T003526,E00203
T003526,E00089
T003526,E00359
T003526,E00301
T003526,E00546
T003527,E00160
T003527,E00056
T003527,E00097
T003527,E00673
T003527,E00362
T003527,E00797
T003527,E00493
T003527,E00665
T003528,E00419
T003528,E00644
T003528,E00750
T003528,E00298
T003528,E00131
T003528,E00014
T003528,E00313
T003528,E00213
T003529,E00541
T003529,E00741
T003529,E00183
T003529,E00234
T003529,E00111
T003529,E00222
T003529,E00520
T003529,E00020
T003530,E00744
T003530,E00340
T003530,E00432
T003530,E00463
T003530,E00613
T003530,E00143
T003530,E00348
T003530,E00704
T003531,E00190
T003532,E00687
T003532,E00059
T003532,E00172
T003532,E00583
T003533,E00070
T003533,E00506
T003533,E00453
T003533,E00423
T003534,E00677
T003534,E00742
T003534,E00010
T003534,E00266
T003535,E00477
T003535,E00573
T003535,E00425
T003535,E00486
T003536,E00330
T003536,E00177
T003536,E00517
T003536,E00485
T003537,E00777
T003537,E00319
T003537,E00357
T003537,E00778
T003538,E00155
T003538,E00714
T003538,E00480
T003538,E00471
T003539,E00593
T003539,E00421
T003539,E00472
T003539,E00369
T003540,E00105
T003540,E00093
T003540,E00615
T003540,E00211
T003541,E00415
T003541,E00286
T003541,E00283
T003541,E00007
T003542,E00271
T003542,E00718
T003542,E00215
T003542,E00128
T003543,E00309
T003543,E00276
T003543,E00625
T003543,E00187
T003543,E00670
T003543,E00292
T003543,E00726
T003543,E00295
T003543,E00519
T003543,E00787
T003543,E00181
T003543,E00440
T003543,E00279
T003543,E99086
T003543,E00422
T003543,E00707
T003543,E00544
T003543,E00582
T003544,E00389
T003544,E00725
T003544,E00555
T003544,E00094
T003544,E00152
T003544,E00150
T003544,E00669
T003544,E00499
T003544,E00651
T003544,E00683
T003544,E00446
T003544,E00237
T003544,E00603
T003544,E00618
T003544,E00512
T003544,E00627
T003544,E00217
T003544,E00431
T003545,E00768
T003545,E00626
T003545,E00492
T003545,E00508
T003545,E00728
T003545,E00674
T003545,E00112
T003545,E00076
T003545,E00429
T003545,E00709
T003545,E00539
T003545,E00308
T003545,E00484
T003546,E00764
T003546,E00223
T003546,E00249
T003546,E00430
T003546,E00197
T003546,E00633
T003546,E00370
T003546,E00513
T003547,E00584
T003547,E00695
T003547,E00162
T003547,E00664
T003547,E00196
T003547,E00652
T003547,E00027
T003547,E00449
T003548,E00136
T003548,E00058
T003548,E00713
T003548,E00481
T003548,E00487
T003548,E00250
T003548,E00048
T003548,E00277
T003549,E00220
T003549,E00666
T003549,E00229
T003549,E00637
T003549,E00243
T003549,E00447
T003549,E00721
T003549,E00065
T003550,E00545
T003550,E00511
T003550,E00464
T003550,E00285
T003550,E00171
T003550,E00478
T003550,E00604
T003550,E00483
T003551,E00049
T003551,E00537
T003551,E00133
T003551,E00433
T003551,E00788
T003551,E00736
T003551,E00175
T003551,E00345
T003552,E00410
T003553,E00385
T003553,E00509
T003553,E00371
T003553,E00412
T003554,E00428
T003554,E00380
T003554,E00001
T003554,E00745
T003555,E00442
T003555,E00404
T003555,E00302
T003555,E00772
T003556,E00662
T003556,E00685
T003556,E00498
T003556,E00311
T003557,E00436
T003557,E00450
T003557,E00445
T003557,E00208
T003558,E00358
T003558,E00354
T003558,E00533
T003558,E00023
T003559,E00698
T003559,E00400
T003559,E00336
T003559,E00525
T003560,E00045
T003560,E00102
T003560,E00044
T003560,E00589
T003561,E00781
T003561,E00426
T003561,E00743
T003561,E00569
T003562,E00303
T003562,E00184
T003562,E00441
T003562,E00405
T003563,E00214
T003563,E00587
T003563,E00205
T003563,E00739
T003564,E00117
T003564,E00392
T003564,E00075
T003564,E00256
T003564,E99621
T003564,E00122
T003564,E00538
T003564,E00439
T003564,E00304
T003564,E99439
T003564,E00352
T003564,E00063
T003564,E00489
T003564,E00242
T003564,E00323
T003564,E00733
T003564,E00241
T003564,E00473
T003565,E00451
T003565,E00766
T003565,E00529
T003565,E00691
T003566,E00567
T003566,E00496
T003566,E00004
T003566,E00149
T003566,E00667
T003566,E00047
T003566,E00585
T003566,E00598
T003566,E00531
T003566,E00782
T003566,E00452
T003566,E00602
T003566,E00755
T003566,E00395
T003566,E99868
T003566,E00454
T003566,E00278
T003566,E00132
T003567,E00570
T003567,E00720
T003567,E00694
T003567,E00141
T003567,E00393
T003567,E00106
T003567,E00376
T003567,E00108
T003567,E00193
T003567,E00671
T003567,E00081
T003568,E00528
T003568,E00495
T003568,E00785
T003568,E00715
T003568,E00281
T003568,E00043
T003568,E00322
T003568,E00727
T003569,E00264
T003569,E00771
T003569,E00324
T003569,E00109
T003569,E00363
T003569,E00327
T003569,E00403
T003569,E00737
T003570,E00127
T003570,E00475
T003570,E00535
T003570,E00198
T003570,E00413
T003570,E00408
T003571,E00402
T003571,E00729
T003571,E00320
T003571,E00060
T003571,E00586
T003571,E00055
T003571,E00784
T003571,E00317
T003572,E00188
T003572,E00257
T003572,E00552
T003572,E00608
T003572,E00036
T003572,E00195
T003572,E00163
T003572,E00073
T003573,E00643
T003573,E00074
T003573,E00554
T003573,E00641
T003573,E00028
T003573,E00139
T003573,E00130
T003573,E00562
T003574,E99245
T003574,E00147
T003575,E00101
T003575,E00231
T003575,E00479
T003575,E00263
T003576,E00145
T003576,E00794
T003576,E00414
T003576,E00635
T003577,E00501
T003577,E00098
T003577,E00640
T003577,E00103
T003578,E00617
T003578,E00326
T003578,E00526
T003578,E00645
T003579,E00770
T003579,E00494
T003579,E00339
T003579,E00169
T003580,E00002
T003580,E00119
T003580,E00757
T003580,E00013
T003581,E00189
T003581,E00168
T003581,E00305
T003581,E00505
T003582,E00606
T003582,E00005
T003583,E00516
T003583,E00701
T003583,E00746
T003583,E00138
T003583,E00543
T003583,E00387
T003583,E00019
T003583,E00275
T003583,E00015
T003583,E00646
T003583,E00206
T003583,E00224
T003583,E00017
T003583,E99346
T003583,E00054
T003583,E00165
T003583,E00030
T003583,E00158
T003584,E00006
T003584,E00599
T003584,E00799
T003584,E00692
T003585,E00274
T003585,E00462
T003585,E00268
T003585,E00620
T003585,E00200
T003585,E00386
T003585,E00648
T003585,E00180
T003586,E00576
T003586,E00121
T003586,E00391
T003586,E00306
T003586,E00793
T003586,E00719
T003586,E00776
T003586,E00502
T003587,E00724
T003587,E00590
T003587,E00290
T003587,E00227
T003587,E00053
T003587,E00658
T003587,E00174
T003587,E00624
T003588,E00343
T003588,E00170
T003588,E00151
T003588,E00566
T003588,E00164
T003588,E00467
T003589,E00344
T003589,E00061
T003589,E00401
T003589,E00792
T003590,E00334
T003590,E00753
T003590,E99117
T003590,E00634
T003591,E00042
T003591,E00595
T003591,E00078
T003591,E00202
T003592,E00416
T003592,E00144
T003592,E00072
T003592,E00293
T003593,E00390
T003593,E00575
T003593,E00050
T003593,E00225
T003594,E00470
T003594,E00682
T003594,E00204
T003594,E00609
T003595,E00540
T003595,E00120
T003595,E00427
T003595,E00476
T003596,E00353
T003596,E00490
T003597,E00095
T003597,E00069
T003597,E00104
T003597,E00228
T003597,E00355
T003597,E00365
T003597,E99263
T003597,E00560
T003597,E00034
T003597,E00115
T003597,E00653
T003597,E00774
T003597,E00642
T003597,E00226
T003597,E00696
T003597,E00521
T003597,E00791
T003597,E00654
T003598,E00488
T003599,E00628
T003599,E00559
T003599,E00796
T003599,E00123
T003599,E00351
T003599,E00167
T003599,E00084
T003599,E00349
T003599,E00610
T003599,E00591
T003599,E00062
T003599,E00255
T003599,E00251
T003599,E00568
T003599,E00156
T003600,E00594
T003600,E00239
T003600,E00418
T003600,E00679
T003600,E00219
T003600,E00026
T003600,E00735
T003600,E00580
T003601,E00420
T003601,E00201
T003601,E00316
T003601,E00135
T003601,E00092
T003601,E00221
T003601,E99534
T003601,E00008
T003602,E00548
T003602,E00041
T003602,E00342
T003602,E00360
T003602,E00411
T003602,E00307
T003602,E00085
T003602,E00083
T003603,E00035
T003603,E00233
T003603,E00350
T003603,E00046
T003603,E00270
T003603,E00314
T003603,E00417
T003603,E00021
T003604,E00650
T003604,E00321
T003604,E00289
T003604,E00523
T003604,E00254
T003605,E00514
T003605,E00424
T003605,E00296
T003605,E00558
T003606,E00474
T003606,E00312
T003606,E00113
T003606,E00029
T003607,E00366
T003607,E00179
T003607,E00091
T003607,E00612
T003608,E00367
T003608,E00107
T003608,E00458
T003608,E00394
T003609,E00210
T003609,E00356
T003609,E00748
T003609,E00375
T003610,E00071
T003611,E00712
T003611,E00088
T003611,E00461
T003611,E00504
T003611,E00040
T003611,E00248
T003611,E00522
T003611,E00332
T003611,E00310
T003611,E00374
T003611,E00099
T003611,E00763
T003611,E00790
T003611,E00550
T003611,E00601
T003611,E00563
T003611,E00663
T003611,E00734
T003612,E00765
T003613,E00157
T003613,E00232
T003613,E00518
T003613,E00116
T003613,E00749
T003613,E00246
T003613,E00341
T003613,E00657
T003614,E00383
T003614,E00656
T003614,E00437
T003614,E00786
T003614,E00588
T003614,E00780
T003614,E00207
T003614,E00740
T003615,E00397
T003615,E00209
T003615,E00244
T003615,E00686
T003616,E00025
T003616,E00632
T003616,E00690
T003616,E00280
T003617,E00639
T003617,E00331
T003617,E00318
T003617,E00114
T003618,E00578
T003618,E00760
T003619,E00191
T003619,E00329
T003619,E00647
T003619,E00752
T003619,E99776
T003619,E00258
T003619,E00178
T003619,E00016
T003619,E00129
T003619,E00459
T003619,E00800
T003619,E00230
T003619,E00267
T003619,E00406
T003619,E00333
T003619,E00252
T003619,E00199
T003619,E00783
T003620,E00253
T003620,E00605
T003620,E00077
T003620,E00630
T003620,E00710
T003620,E00337
T003620,E00273
T003620,E00325
T003620,E00297
T003620,E00556
T003620,E00009
T003620,E00086
T003620,E00003
T003620,E00142
T003620,E00051
T003620,E00497
T003620,E00779
T003620,E00161
T003621,E00660
T003621,E00795
T003621,E00549
T003621,E00762
T003621,E00018
T003621,E00291
T003621,E00688
T003621,E00565
T003621,E00460
T003621,E00125
T003621,E00561
T003621,E00773
T003621,E00038
T003622,E00597
T003622,E00037
T003622,E00368
T003622,E00456
T003622,E00515
T003622,E00335
T003622,E99767
T003622,E00716
T003622,E00577
T003622,E00631
T003622,E00536
T003622,E00315
T003622,E00693
T003622,E00672
T003622,E00448
T003622,E00655
T003622,E00680
T003622,E00265
T003623,E00756
T003623,E00723
T003623,E00272
T003623,E00798
T003623,E00033
T003623,E00542
T003623,E00759
T003623,E00153
T003623,E00689
T003623,E00087
T003623,E00080
T003623,E00482
T003623,E00767
T003623,E00596
T003623,E00524
T003623,E00732
T003623,E00159
T003623,E00789
T003624,E00676
T003624,E00022
T003624,E00388
T003624,E00607
T003624,E00052
T003624,E00731
T003624,E00218
T003624,E00096
T003625,E00259
T003625,E00510
T003625,E00730
T003625,E00024
T003625,E00011
T003625,E00173
T003625,E00185
T003625,E00137
T003626,E00466
T003626,E00338
T003626,E00140
T003626,E00240
T003626,E00564
T003626,E00751
T003626,E00443
T003626,E00557
T003627,E00364
T003627,E00465
T003627,E00769
T003627,E00678
T003627,E00438
T003627,E00176
T003627,E00126
T003627,E00124
T003628,E00551
T003628,E00154
T003628,E00444
T003628,E00616
T003628,E00706
T003628,E00699
T003628,E00717
T003628,E99138
T003629,E00532
T003629,E00134
T003629,E00661
T003629,E00619
T003629,E00675
T003629,E00282
T003629,E00758
T003629,E00382
T003630,E00581
T003630,E00260
T003631,E00348
T003631,E00541
T003631,E00468
T003631,E00143
T003631,E00744
T003631,E00407
T003631,E00111
T003631,E00463
T003632,E00301
T003632,E00644
T003632,E00131
T003632,E00613
T003632,E00269
T003632,E00213
T003632,E00298
T003632,E00503
T003633,E00247
T003633,E99944
T003633,E00313
T003633,E00203
T003633,E00359
T003633,E00546
T003633,E00493
T003633,E00704
T003634,E00673
T003634,E00014
T003634,E00089
T003634,E00340
T003634,E00419
T003634,E00222
T003634,E00234
T003634,E00097
T003635,E00432
T003635,E00362
T003635,E00190
T003635,E00183
T003635,E00160
T003635,E00665
T003635,E00750
T003635,E00032
T003636,E00797
T003636,E00299
T003636,E00020
T003637,E00172
T003637,E00714
T003637,E00718
T003637,E00271
T003638,E00477
T003638,E00357
T003638,E00471
T003638,E00369
T003639,E00007
T003639,E00093
T003639,E00425
T003639,E00687
T003640,E00507
T003640,E99322
T003640,E00330
T003640,E00105
T003641,E00128
T003641,E00486
T003641,E00211
T003641,E00573
T003642,E00010
T003642,E00777
T003642,E00286
T003642,E00421
T003643,E00472
T003643,E99557
T003643,E00485
T003643,E00177
T003644,E00423
T003644,E00593
T003644,E00615
T003644,E00215
T003645,E00677
T003645,E00583
T003645,E00059
T003645,E00742
T003646,E00155
T003646,E00319
T003646,E00415
T003646,E00480
T003647,E00070
T003647,E00517
T003647,E00453
T003647,E00506
T003648,E00399
T003648,E00431
T003648,E00508
T003648,E00618
T003648,E00076
T003648,E00670
T003648,E00112
T003648,E00279
T003648,E99873
T003648,E00512
T003648,E00669
T003648,E00308
T003648,E00187
T003648,E00555
T003648,E00309
T003648,E00292
T003648,E00389
T003648,E99762
T003649,E00181
T003649,E00276
T003649,E00094
T003649,E00217
T003649,E00429
T003649,E00627
T003649,E00625
T003649,E00295
T003649,E00726
T003649,E00683
T003649,E00150
T003649,E00435
T003649,E00787
T003649,E00768
T003649,E99422
T003649,E00166
T003649,E00440
T003649,E00603
T003650,E00152
T003650,E00484
T003650,E00728
T003650,E00582
T003650,E00519
T003650,E00499
T003650,E00544
T003650,E00674
T003650,E00651
T003650,E00492
T003650,E00709
T003650,E00539
T003651,E00058
T003651,E00249
T003651,E00300
T003651,E99125
T003651,E00664
T003651,E00197
T003651,E00243
T003651,E00162
T003652,E00788
T003652,E00196
T003652,E00049
T003652,E00136
T003652,E99131
T003652,E00345
T003652,E00513
T003652,E00410
T003653,E00666
T003653,E00027
T003653,E00652
T003653,E00065
T003653,E00235
T003653,E00433
T003653,E00487
T003653,E00545
T003654,E00537
T003654,E00478
T003654,E00370
T003654,E00048
T003654,E00464
T003654,E00604
T003654,E00764
T003654,E00481
T003655,E00133
T003655,E00736
T003655,E99969
T003655,E00220
T003655,E00584
T003655,E00175
T003655,E99903
T003655,E00713
T003656,E00695
T003656,E00277
T003656,E00285
T003656,E00229
T003656,E00250
T003656,E00483
T003656,E00449
T003656,E00223
T003657,E00447
T003657,E00511
T003657,E00171
T003658,E00358
T003658,E00498
T003658,E00405
T003658,E00589
T003659,E00212
T003659,E00023
T003659,E00698
T003659,E00336
T003660,E00441
T003660,E00303
T003660,E00404
T003660,E00743
T003661,E00182
T003661,E00781
T003661,E00381
T003661,E00745
T003662,E00208
T003662,E00569
T003662,E00772
T003662,E00102
T003663,E00428
T003663,E00662
T003663,E00302
T003663,E00371
T003664,E00442
T003664,E00525
T003664,E00045
T003664,E00412
T003665,E00354
T003665,E00533
T003665,E00445
T003665,E00587
T003666,E00700
T003666,E00184
T003666,E00380
T003666,E00450
T003667,E00205
T003667,E00436
T003667,E00311
T003667,E00685
T003668,E00739
T003668,E00547
T003668,E00214
T003668,E00044
T003669,E00256
T003669,E00242
T003669,E00691
T003669,E99069
T003669,E00392
T003669,E00063
T003669,E00122
T003669,E00538
T003669,E00600
T003669,E00377
T003669,E00352
T003669,E99157
T003669,E00766
T003669,E00323
T003669,E00075
T003669,E00439
T003669,E00451
T003669,E00529
T003670,E00236
T003670,E00241
T003671,E00570
T003671,E00755
T003671,E00081
T003671,E00720
T003671,E00395
T003671,E00106
T003671,E00667
T003671,E99523
T003671,E00193
T003671,E00012
T003671,E00531
T003671,E00452
T003671,E00108
T003671,E00004
T003671,E00047
T003671,E00602
T003671,E00567
T003671,E00455
T003672,E00393
T003672,E00141
T003672,E00496
T003672,E00278
T003672,E00671
T003672,E00132
T003672,E00454
T003672,E00585
T003672,E00694
T003672,E00149
T003673,E00629
T003673,E00363
T003673,E00403
T003673,E00043
T003673,E00528
T003673,E00535
T003673,E00322
T003673,E00281
T003674,E00785
T003674,E00495
T003674,E00771
T003674,E00109
T003674,E00324
T003674,E00703
T003674,E00715
T003674,E00413
T003675,E00127
T003675,E99225
T003675,E00327
T003675,E00198
T003675,E00475
T003675,E00408
T003675,E00737
T003675,E00264
T003676,E00553
T003676,E00317
T003676,E00729
T003676,E00643
T003676,E00147
T003676,E00320
T003676,E00100
T003676,E00195
T003677,E00586
T003677,E00060
T003677,E00139
T003677,E00402
T003677,E00188
T003677,E00262
T003677,E00641
T003677,E00055
T003678,E00028
T003678,E00554
T003678,E00036
T003678,E00562
T003678,E00552
T003678,E00608
T003678,E00163
T003678,E00257
T003679,E00192
T003679,E00130
T003679,E00784
T003679,E00073
T003679,E00146
T003680,E00479
T003680,E00168
T003680,E00501
T003680,E00414
T003681,E00640
T003681,E00101
T003681,E00119
T003681,E00617
T003682,E00505
T003682,E00606
T003682,E00526
T003682,E00339
T003683,E00757
T003683,E00231
T003683,E00103
T003683,E00794
T003684,E00098
T003684,E00635
T003684,E00013
T003684,E00189
T003685,E00326
T003685,E00305
T003685,E00770
T003685,E99968
T003686,E00169
T003686,E00110
T003686,E00494
T003686,E00005
T003687,E00002
T003687,E00263
T003687,E00645
T003688,E00019
T003688,E00692
T003688,E00294
T003688,E00543
T003688,E00015
T003688,E00118
T003688,E00017
T003688,E00599
T003688,E00646
T003688,E00387
T003688,E00701
T003688,E00138
T003688,E00746
T003688,E00158
T003688,E00030
T003688,E00206
T003688,E00224
T003688,E00165
T003689,E00516
T003689,E00684
T003689,E00799
T003689,E00054
T003689,E00275
T003690,E00793
T003690,E00306
T003690,E00170
T003690,E00658
T003690,E00391
T003690,E00462
T003690,E00274
T003690,E00724
T003691,E00719
T003691,E00620
T003691,E00174
T003691,E00592
T003691,E00776
T003691,E00268
T003691,E00467
T003691,E00053
T003692,E00590
T003692,E00708
T003692,E00151
T003692,E00624
T003692,E00343
T003692,E00386
T003692,E00164
T003692,E00648
T003693,E00200
T003693,E00566
T003693,E00180
T003693,E00290
T003693,E00502
T003693,E00121
T003694,E00293
T003694,E00120
T003694,E00390
T003694,E00634
T003695,E00042
T003695,E00353
T003695,E00334
T003695,E00540
T003696,E00575
T003696,E00072
T003696,E00204
T003696,E00384
T003697,E00682
T003697,E00057
T003697,E00470
T003697,E00344
T003698,E00078
T003698,E00202
T003698,E00401
T003698,E00753
T003699,E00792
T003699,E00225
T003699,E00490
T003699,E00050
T003700,E00705
T003700,E00144
T003700,E00476
T003700,E00427
T003701,E00609
T003701,E00681
T003702,E00115
T003702,E00521
T003702,E00488
T003702,E00642
T003702,E00696
T003702,E00614
T003702,E00226
T003702,E00774
T003702,E00346
T003702,E00791
T003702,E00095
T003702,E00654
T003702,E00653
T003702,E00069
T003702,E00034
T003702,E00560
T003702,E00379
T003702,E00228
T003703,E00365
T003703,E00355
T003703,E00373
T003704,E00062
T003704,E00559
T003704,E00167
T003704,E00156
T003704,E00251
T003704,E00084
T003704,E00349
T003704,E00568
T003704,E00628
T003704,E00796
T003704,E00372
T003704,E00610
T003704,E00123
T003704,E00591
T003704,E00351
T003704,E00255
T003705,E00580
T003705,E00221
T003705,E00679
T003705,E00092
T003705,E00201
T003705,E00008
T003705,E00239
T003705,E00649
T003706,E00135
T003706,E00418
T003706,E00316
T003706,E00026
T003706,E00594
T003706,E00735
T003706,E00219
T003707,E99946
T003707,E00350
T003707,E00046
T003707,E00085
T003707,E00548
T003707,E00233
T003707,E00360
T003707,E00254
T003708,E00307
T003708,E00083
T003708,E00321
T003708,E99195
T003708,E00342
T003708,E00041
T003708,E00289
T003708,E00417
T003709,E00775
T003710,E00071
T003710,E00367
T003710,E00458
T003710,E00375
T003711,E00312
T003711,E00514
T003711,E00356
T003711,E00288
T003712,E00612
T003712,E00296
T003712,E00210
T003712,E00366
T003713,E00107
T003713,E00394
T003713,E00029
T003713,E00748
T003714,E00558
T003714,E00113
T003714,E00474
T003714,E00091
T003715,E00179
T003716,E00712
T003716,E00248
T003716,E00765
T003716,E99184
T003716,E00461
T003716,E00550
T003716,E99061
T003716,E00099
T003716,E00522
T003716,E00148
T003716,E00374
T003716,E00040
T003716,E00734
T003716,E00563
T003716,E00504
T003716,E00090
T003716,E00332
T003716,E00601
T003717,E00310
T003717,E00711
T003717,E00088
T003717,E00790
T003718,E00157
T003718,E00740
T003718,E00657
T003718,E00518
T003718,E00232
T003718,E00656
T003718,E00786
T003718,E00749
T003719,E00246
T003719,E00116
T003719,E00437
T003719,E00194
T003719,E00780
T003719,E00341
T003719,E00588
T003719,E00207
T003720,E00025
T003720,E00318
T003720,E00760
T003720,E00244
T003721,E00632
T003721,E99376
T003721,E00690
T003721,E00639
T003722,E00209
T003722,E00397
T003722,E00280
T003722,E00114
T003723,E00686
T003724,E00003
T003724,E00009
T003724,E00460
T003724,E00142
T003724,E00267
T003724,E00549
T003724,E00406
T003724,E00333
T003724,E00605
T003724,E00795
T003724,E00016
T003724,E00660
T003724,E00800
T003724,E00565
T003724,E00337
T003724,E00752
T003724,E00297
T003724,E00252
T003725,E00762
T003725,E00783
T003725,E00291
T003725,E00161
T003725,E00129
T003725,E00178
T003725,E00191
T003725,E00086
T003725,E00779
T003725,E00773
T003725,E00647
T003725,E00710
T003725,E00253
T003725,E00459
T003725,E00273
T003725,E00325
T003725,E00199
T003725,E00077
T003726,E00051
T003726,E00630
T003726,E00018
T003726,E00398
T003726,E00230
T003726,E00258
T003726,E00409
T003726,E00497
T003726,E00556
T003726,E00329
T003726,E00688
T003726,E00561
T003726,E00038
T003726,E00572
T003727,E00080
T003727,E00272
T003727,E00159
T003727,E00448
T003727,E00731
T003727,E00335
T003727,E00033
T003727,E00456
T003727,E00315
T003727,E00096
T003727,E00655
T003727,E00597
T003727,E00672
T003727,E00732
T003727,E00579
T003727,E00702
T003727,E00515
T003727,E00368
T003728,E00482
T003728,E99942
T003728,E00082
T003728,E00767
T003728,E00388
T003728,E00756
T003728,E00693
T003728,E00754
T003728,E00798
T003728,E00536
T003728,E00789
T003728,E00087
T003728,E00265
T003728,E00153
T003728,E00022
T003728,E00676
T003728,E00596
T003728,E00680
T003729,E00218
T003729,E00631
T003729,E00524
T003729,E00607
T003729,E00689
T003729,E00716
T003729,E00542
T003729,E00037
T003730,E00769
T003730,E00619
T003730,E00699
T003730,E00551
T003730,E00364
T003730,E00260
T003730,E00134
T003730,E00564
T003731,E00738
T003731,E00338
T003731,E00678
T003731,E00173
T003731,E00259
T003731,E00675
T003731,E00240
T003731,E00469
T003732,E00465
T003732,E00137
T003732,E00616
T003732,E00282
T003732,E00466
T003732,E00510
T003732,E00532
T003732,E00185
T003733,E00154
T003733,E00581
T003733,E00443
T003733,E00011
T003733,E00500
T003733,E00140
T003733,E00444
T003733,E00438
T003734,E00751
T003734,E00024
T003734,E00706
T003734,E00124
T003734,E00382
T003734,E00661
T003734,E00717
T003734,E00730
T003735,E00758
T003735,E00126
T003736,E00432
T003736,E00468
T003736,E00301
T003736,E00131
T003736,E00222
T003736,E00541
T003736,E00014
T003736,E00665
T003737,E00313
T003737,E00407
T003737,E00143
T003737,E00160
T003737,E00340
T003737,E00111
T003737,E00520
T003737,E00503
T003738,E00704
T003738,E00203
T003738,E00644
T003738,E00247
T003738,E00269
T003738,E00741
T003738,E00613
T003738,E00362
T003739,E00419
T003739,E00056
T003739,E00673
T003739,E00750
T003739,E00234
T003739,E00183
T003739,E00493
T003739,E00032
T003740,E00190
T003740,E00299
T003740,E00089
T003740,E00744
T003740,E00797
T003740,E00348
T003740,E00020
T003740,E00298
T003741,E00359
T003741,E00546
T003742,E00172
T003742,E00421
T003742,E00453
T003742,E00211
T003743,E00010
T003743,E00369
T003743,E00128
T003743,E00477
T003744,E00485
T003744,E00425
T003744,E00714
T003744,E00093
T003745,E00506
T003745,E00480
T003745,E00415
T003745,E00266
T003746,E00059
T003746,E00105
T003746,E00687
T003746,E00573
T003747,E00486
T003747,E00777
T003747,E00423
T003747,E00472
T003748,E00271
T003748,E00677
T003748,E00583
T003748,E99269
T003749,E00215
T003749,E00742
T003749,E00593
T003749,E00718
T003750,E00330
T003750,E99584
T003750,E00471
T003750,E00007
T003751,E00155
T003751,E00507
T003751,E00283
T003751,E00517
T003752,E00177
T003753,E00484
T003753,E00076
T003753,E00492
T003753,E00422
T003753,E00674
T003753,E00519
T003753,E00618
T003753,E00166
T003753,E00295
T003753,E00446
T003753,E00389
T003753,E00669
T003753,E00094
T003753,E00499
T003753,E00555
T003753,E00309
T003753,E00187
T003753,E00181
T003754,E00683
T003754,E00440
T003754,E00627
T003754,E00279
T003754,E00787
T003754,E00725
T003754,E00237
T003754,E00217
T003754,E00651
T003754,E00539
T003754,E00429
T003754,E00707
T003754,E00670
T003754,E00728
T003754,E00308
T003754,E00582
T003754,E00152
T003754,E00435
T003755,E99295
T003755,E00276
T003755,E00625
T003755,E00626
T003755,E00512
T003755,E99024
T003755,E00431
T003755,E00544
T003755,E00292
T003755,E00150
T003755,E00603
T003756,E00736
T003756,E00027
T003756,E00664
T003756,E00049
T003756,E00196
T003756,E00604
T003756,E00713
T003756,E00048
T003757,E00285
T003757,E00721
T003757,E00345
T003757,E00633
T003757,E00695
T003757,E00249
T003757,E99233
T003757,E00171
T003758,E00537
T003758,E00370
T003758,E00229
T003758,E00764
T003758,E00788
T003758,E00133
T003758,E00447
T003758,E00197
T003759,E00065
T003759,E00478
T003759,E00483
T003759,E00220
T003759,E00250
T003759,E00410
T003759,E00162
T003759,E99502
T003760,E00300
T003760,E00481
T003760,E00666
T003760,E00464
T003760,E00058
T003760,E00136
T003760,E00449
T003760,E00243
T003761,E00277
T003761,E00652
T003761,E00637
T003761,E00175
T003761,E00511
T003761,E00513
T003761,E00430
T003761,E00584
T003762,E00545
T003763,E00589
T003763,E00303
T003763,E00001
T003763,E00404
T003764,E00533
T003764,E00102
T003764,E00498
T003764,E00302
T003765,E00662
T003765,E00044
T003765,E00745
T003765,E00685
T003766,E00426
T003766,E00700
T003766,E00445
T003766,E00436
T003767,E00450
T003767,E00184
T003767,E00441
T003767,E00739
T003768,E00781
T003768,E99427
T003768,E00569
T003768,E00205
T003769,E00371
T003769,E00212
T003769,E00380
T003769,E00525
T003770,E00442
T003770,E00182
T003770,E00385
T003770,E00045
T003771,E00336
T003771,E00547
T003771,E00381
T003771,E00405
T003772,E00214
T003772,E00412
T003772,E00311
T003772,E00772
T003773,E00743
T003773,E00400
T003773,E00587
T003773,E00428
T003774,E00509
T003774,E00354
T003774,E00698
T003775,E00600
T003775,E00392
T003775,E00242
T003775,E00377
T003775,E00063
T003775,E00733
T003775,E00122
T003775,E00489
T003775,E00304
T003775,E00473
T003775,E00323
T003775,E00241
T003775,E00352
T003775,E00236
T003775,E00117
T003775,E00529
T003775,E00439
T003775,E00691
T003776,E00766
T003776,E00075
T003776,E00538
T003776,E00256
T003777,E00602
T003777,E00106
T003777,E00149
T003777,E00278
T003777,E00047
T003777,E00496
T003777,E00531
T003777,E00671
T003777,E00782
T003777,E00570
T003777,E00395
T003777,E00598
T003777,E00193
T003777,E00667
T003777,E00132
T003777,E00004
T003777,E00012
T003777,E00585
T003778,E00720
T003778,E00454
T003778,E00393
T003778,E00755
T003778,E00452
T003778,E00455
T003778,E00141
T003778,E99417
T003778,E00694
T003778,E00108
T003778,E00039
T003778,E00376
T003778,E00567
T003779,E00535
T003779,E00043
T003779,E00727
T003779,E00264
T003779,E00495
T003779,E00127
T003779,E00715
T003779,E00281
T003780,E00528
T003780,E00324
T003780,E00737
T003780,E00363
T003780,E00327
T003780,E00621
T003780,E00109
T003780,E00771
T003781,E00408
T003781,E00475
T003781,E00629
T003781,E00703
T003781,E00413
T003781,E00322
T003781,E00403
T003782,E00192
T003782,E00784
T003782,E00262
T003782,E00643
T003782,E99103
T003782,E00195
T003782,E00073
T003782,E00608
T003783,E00163
T003783,E00060
T003783,E00257
T003783,E00055
T003783,E00586
T003783,E00552
T003783,E00146
T003783,E00074
T003784,E00317
T003784,E00320
T003784,E00036
T003784,E99442
T003784,E00562
T003784,E99916
T003784,E00130
T003784,E00729
T003785,E00554
T003786,E00103
T003786,E00414
T003786,E00635
T003786,E00494
T003787,E00110
T003787,E00606
T003787,E00305
T003787,E00098
T003788,E00231
T003788,E00326
T003788,E00617
T003788,E00645
T003789,E00169
T003789,E99413
T003789,E00479
T003789,E00005
T003790,E00101
T003790,E00119
T003790,E00526
T003790,E00002
T003791,E00757
T003791,E00501
T003791,E00770
T003791,E00505
T003792,E00145
T003792,E00794
T003792,E00013
T003792,E99761
T003793,E00118
T003793,E00692
T003793,E00006
T003793,E00138
T003793,E00746
T003793,E00701
T003793,E00684
T003793,E00599
T003793,E00516
T003793,E00158
T003793,E00206
T003793,E00015
T003793,E00019
T003793,E00165
T003793,E00224
T003793,E00294
T003793,E00387
T003793,E99035
T003794,E00017
T003795,E00592
T003795,E00658
T003795,E00053
T003795,E00306
T003795,E00268
T003795,E00391
T003795,E00386
T003795,E00180
T003796,E00708
T003796,E00793
T003796,E00724
T003796,E00164
T003796,E00343
T003796,E00227
T003796,E00151
T003796,E00170
T003797,E00590
T003797,E00620
T003797,E00502
T003797,E00174
T003797,E00434
T003797,E00576
T003797,E00467
T003797,E00462
T003798,E00776
T003798,E00121
T003798,E00566
T003798,E00200
T003798,E00719
T003799,E00427
T003799,E00401
T003799,E00470
T003799,E00792
T003800,E00575
T003800,E00202
T003800,E00540
T003800,E00061
T003801,E00120
T003801,E00416
T003801,E00072
T003801,E00609
T003802,E00681
T003802,E00705
T003802,E00050
T003802,E00078
T003803,E00682
T003803,E00293
T003803,E00476
T003803,E00334
T003804,E00204
T003804,E00144
T003804,E00353
T003804,E00390
T003805,E00057
T003805,E00634
T003805,E00384
T003805,E00225
T003806,E00614
T003806,E00069
T003806,E00379
T003806,E00104
T003806,E00696
T003806,E00373
T003806,E00654
T003806,E00774
T003806,E00574
T003806,E00228
T003806,E00560
T003806,E00642
T003806,E00095
T003806,E00365
T003806,E00521
T003806,E00115
T003806,E00226
T003806,E00488
T003807,E00355
T003807,E00791
T003807,E00034
T003808,E00167
T003808,E00351
T003808,E00559
T003808,E00084
T003808,E00591
T003808,E00349
T003808,E00062
T003808,E00372
T003808,E99375
T003808,E00123
T003808,E00610
T003808,E00568
T003808,E00255
T003808,E00796
T003808,E00156
T003809,E00008
T003809,E00580
T003809,E00316
T003809,E00418
T003809,E00219
T003809,E00649
T003809,E00239
T003809,E00679
T003810,E00201
T003810,E00221
T003810,E00420
T003810,E00594
T003810,E00135
T003810,E00092
T003811,E00650
T003811,E00342
T003811,E00085
T003811,E00775
T003811,E00289
T003811,E00350
T003811,E00083
T003811,E00270
T003812,E00254
T003812,E00041
T003812,E00046
T003812,E00523
T003812,E00314
T003812,E00307
T003812,E00360
T003812,E00411
T003813,E00548
T003813,E00021
T003813,E00321
T003813,E00035
T003813,E00233
T003814,E00458
T003814,E00107
T003814,E00366
T003814,E00424
T003815,E00394
T003815,E00296
T003815,E00210
T003815,E00367
T003816,E00514
T003816,E00071
T003816,E00288
T003816,E00029
T003817,E00312
T003817,E00356
T003817,E00474
T003817,E00375
T003818,E00612
T003818,E00113
T003818,E00558
T003818,E00748
T003819,E00091
T003820,E00090
T003820,E00663
T003820,E00765
T003820,E00461
T003820,E00711
T003820,E00734
T003820,E00374
T003820,E00504
T003820,E00763
T003820,E00088
T003820,E00522
T003820,E00310
T003820,E00040
T003820,E99338
T003820,E00712
T003820,E00601
T003820,E00790
T003820,E00563
T003821,E00332
T003821,E00248
T003821,E00099
T003822,E00588
T003822,E00341
T003822,E00749
T003822,E00740
T003822,E00780
T003822,E99642
T003822,E00232
T003822,E00238
T003823,E00657
T003823,E00157
T003823,E00194
T003823,E00437
T003823,E00207
T003823,E00383
T003823,E00116
T003823,E00786
T003824,E00246
T003825,E00244
T003825,E00578
T003825,E00025
T003825,E00318
T003826,E00760
T003826,E00690
T003826,E00114
T003826,E00686
T003827,E00632
T003827,E00209
T003827,E00280
T003827,E00331
T003828,E00397
T003828,E00639
T003829,E00325
T003829,E00459
T003829,E00800
T003829,E00406
T003829,E00199
T003829,E00660
T003829,E00252
T003829,E00762
T003829,E00009
T003829,E00230
T003829,E00077
T003829,E00297
T003829,E00398
T003829,E00267
T003829,E00630
T003829,E00291
T003829,E00253
T003829,E00779
T003830,E00565
T003830,E00561
T003830,E00161
T003830,E00752
T003830,E00783
T003830,E00556
T003830,E00016
T003830,E00018
T003830,E00191
T003830,E00773
T003830,E00409
T003830,E00333
T003830,E00688
T003830,E00258
T003830,E00125
T003830,E00142
T003830,E00337
T003830,E00086
T003831,E00710
T003831,E00572
T003831,E00051
T003831,E00003
T003831,E00647
T003831,E00329
T003831,E00497
T003831,E00549
T003831,E00178
T003832,E00037
T003832,E00536
T003832,E00186
T003832,E00693
T003832,E00754
T003832,E00631
T003832,E00159
T003832,E00515
T003832,E00716
T003832,E00022
T003832,E00456
T003832,E00789
T003832,E00388
T003832,E00597
T003832,E00767
T003832,E00218
T003832,E00798
T003832,E00082
T003833,E00759
T003833,E99558
T003833,E00756
T003833,E00482
T003833,E00672
T003833,E00080
T003833,E00596
T003833,E00315
T003833,E00732
T003833,E00153
T003833,E00542
T003833,E00265
T003833,E00096
T003833,E00607
T003833,E00087
T003833,E00448
T003833,E00676
T003833,E00689
T003834,E99778
T003834,E00702
T003834,E00368
T003834,E00052
T003834,E00577
T003834,E00655
T003834,E00524
T003834,E00680
T003834,E00033
T003835,E00176
T003835,E00661
T003835,E00260
T003835,E00444
T003835,E00706
T003835,E00469
T003835,E00557
T003835,E00730
T003836,E00443
T003836,E00532
T003836,E00137
T003836,E00140
T003836,E00024
T003836,E00551
T003836,E00240
T003836,E00282
T003837,E00173
T003837,E00581
T003837,E00259
T003837,E00616
T003837,E00154
T003837,E00675
T003837,E00500
T003837,E99471
T003838,E00510
T003838,E00438
T003838,E00126
T003838,E00185
T003838,E00619
T003838,E00678
T003838,E00338
T003838,E00738
T003839,E00134
T003839,E00466
T003839,E00124
T003839,E00382
T003839,E00751
T003839,E00011
T003839,E99433
T003839,E00758
T003840,E00769
T003840,E00364
T003840,E00564
T003841,E00673
T003841,E00493
T003841,E00301
T003841,E00644
T003841,E00247
T003841,E00143
T003841,E00704
T003841,E00203
T003842,E00190
T003842,E00160
T003842,E00741
T003842,E00020
T003842,E00313
T003842,E00468
T003842,E00298
T003842,E00014
T003843,E00269
T003843,E00299
T003843,E00362
T003843,E00032
T003843,E00089
T003843,E00234
T003843,E00056
T003843,E00111
T003844,E00183
T003844,E00797
T003844,E00340
T003844,E00503
T003844,E00097
T003844,E00613
T003844,E00359
T003844,E00407
T003845,E00213
T003845,E00750
T003845,E00432
T003845,E00222
T003845,E00665
T003845,E00546
T003845,E00348
T003845,E00520
T003846,E00541
T003846,E00419
T003846,E00131
T003847,E00211
T003847,E00778
T003847,E00357
T003847,E00677
T003848,E00093
T003848,E00777
T003848,E00517
T003848,E00128
T003849,E00583
T003849,E00177
T003849,E00486
T003849,E00059
T003850,E00330
T003850,E00714
T003850,E00593
T003850,E00421
T003851,E00471
T003851,E00070
T003851,E00477
T003851,E00423
T003852,E00105
T003852,E00453
T003852,E00573
T003852,E00718
T003853,E00687
T003853,E00506
T003853,E00007
T003853,E00369
T003854,E00485
T003854,E00010
T003854,E00286
T003854,E00266
T003855,E00480
T003855,E00425
T003855,E00215
T003855,E00742
T003856,E00319
T003857,E00076
T003857,E00492
T003857,E00625
T003857,E00707
T003857,E00728
T003857,E00094
T003857,E00431
T003857,E00181
T003857,E00618
T003857,E00399
T003857,E00152
T003857,E00544
T003857,E00237
T003857,E00508
T003857,E00295
T003857,E00683
T003857,E00276
T003857,E00674
T003858,E00582
T003858,E00440
T003858,E00555
T003858,E00309
T003858,E00787
T003858,E00292
T003858,E00709
T003858,E00308
T003858,E00768
T003858,E00422
T003858,E00446
T003858,E00187
T003858,E00726
T003858,E00150
T003858,E00539
T003858,E00435
T003858,E00670
T003858,E00669
T003859,E00484
T003859,E00627
T003859,E00499
T003859,E00519
T003859,E00279
T003859,E00389
T003859,E00626
T003859,E00166
T003859,E00603
T003859,E00512
T003859,E00217
T003860,E00223
T003860,E00481
T003860,E00449
T003860,E00235
T003860,E00027
T003860,E00345
T003860,E00048
T003860,E00637
T003861,E00478
T003861,E00664
T003861,E99988
T003861,E00175
T003861,E00433
T003861,E00721
T003861,E00430
T003861,E00277
T003862,E00410
T003862,E00513
T003862,E00604
T003862,E00483
T003862,E00243
T003862,E00537
T003862,E00666
T003862,E00695
T003863,E00197
T003863,E00713
T003863,E00136
T003863,E99677
T003863,E00370
T003863,E00049
T003863,E00652
T003863,E99293
T003864,E00058
T003864,E00764
T003864,E00229
T003864,E00220
T003864,E00584
T003864,E00788
T003864,E00133
T003864,E00736
T003865,E00633
T003865,E00545
T003865,E00162
T003865,E00249
T003865,E00065
T003865,E00285
T003865,E00511
T003866,E00739
T003866,E00311
T003866,E00412
T003866,E00509
T003867,E00441
T003867,E00208
T003867,E00336
T003867,E00045
T003868,E00700
T003868,E00569
T003868,E00404
T003868,E00428
T003869,E00354
T003869,E00498
T003869,E00381
T003869,E00587
T003870,E00214
T003870,E00445
T003870,E00303
T003870,E00102
T003871,E00371
T003871,E00436
T003871,E00745
T003871,E00772
T003872,E00450
T003872,E00781
T003872,E00212
T003872,E00589
T003873,E00001
T003873,E00547
T003873,E00405
T003873,E00662
T003874,E00023
T003874,E00302
T003874,E00385
T003874,E00426
T003875,E00525
T003875,E00380
T003875,E00533
T003875,E00743
T003876,E00400
T003876,E00698
T003876,E00358
T003876,E00205
T003877,E00044
T003877,E00182
T003878,E00538
T003878,E00392
T003878,E00439
T003878,E00323
T003878,E00075
T003878,E00241
T003878,E00473
T003878,E00691
T003878,E00256
T003878,E00489
T003878,E00600
T003878,E00063
T003878,E00733
T003878,E00236
T003878,E00451
T003878,E00529
T003878,E00352
T003878,E00377
T003879,E00117
T003879,E00304
T003880,E00393
T003880,E00132
T003880,E00570
T003880,E00598
T003880,E00141
T003880,E00149
T003880,E00004
T003880,E99105
T003880,E00081
T003880,E00455
T003880,E00039
T003880,E00454
T003880,E00694
T003880,E99522
T003880,E00496
T003880,E00567
T003880,E00193
T003880,E00671
T003881,E00106
T003881,E00395
T003881,E00108
T003881,E00452
T003881,E00585
T003881,E00720
T003881,E00278
T003881,E00531
T003881,E00667
T003881,E00012
T003881,E00376
T003881,E00602
T003881,E00755
T003882,E00264
T003882,E00327
T003882,E00127
T003882,E00715
T003882,E00727
T003882,E00043
T003882,E00629
T003882,E00324
T003883,E00408
T003883,E00528
T003883,E00413
T003883,E00363
T003883,E00737
T003883,E00322
T003883,E00281
T003883,E00109
T003884,E00535
T003884,E99652
T003885,E00100
T003885,E00554
T003885,E00643
T003885,E00784
T003885,E00036
T003885,E00130
T003885,E00060
T003885,E00257
T003886,E00192
T003886,E00073
T003886,E00562
T003886,E00317
T003886,E00028
T003886,E00055
T003886,E00139
T003886,E00146
T003887,E00163
T003887,E00262
T003887,E00586
T003887,E00552
T003887,E00402
T003887,E00188
T003887,E00641
T003887,E00729
T003888,E00608
T003889,E00645
T003889,E00757
T003889,E00326
T003889,E00098
T003890,E00494
T003890,E00169
T003890,E00005
T003890,E00168
T003891,E00617
T003891,E00339
T003891,E00505
T003891,E00013
T003892,E00526
T003892,E00770
T003892,E00002
T003892,E00103
T003893,E00110
T003893,E00145
T003893,E00119
T003893,E00231
T003894,E00501
T003894,E00794
T003894,E00414
T003894,E00101
T003895,E00305
T003895,E00635
T003895,E00606
T003895,E00640
T003896,E00189
T003897,E00701
T003897,E00138
T003897,E00206
T003897,E00006
T003897,E00599
T003897,E00692
T003897,E00516
T003897,E00054
T003897,E00224
T003897,E00294
T003897,E00684
T003897,E00118
T003897,E99009
T003897,E00543
T003897,E00275
T003897,E00030
T003897,E00746
T003897,E00387
T003898,E00017
T003898,E99255
T003898,E00019
T003898,E00799
T003898,E00158
T003899,E00434
T003899,E00590
T003899,E00462
T003899,E00306
T003899,E00502
T003899,E00576
T003899,E00708
T003899,E00343
T003900,E00227
T003900,E00658
T003900,E00724
T003900,E00274
T003900,E00566
T003900,E00776
T003900,E00620
T003900,E00793
T003901,E00121
T003901,E00290
T003901,E00386
T003901,E00151
T003901,E00164
T003901,E00180
T003901,E00592
T003901,E00719
T003902,E00467
T003902,E00053
T003902,E00648
T003902,E00170
T003902,E00174
T003902,E00624
T003903,E00293
T003903,E00072
T003903,E00225
T003903,E00042
T003904,E00705
T003904,E00401
T003904,E00353
T003904,E00682
T003905,E00120
T003905,E00609
T003905,E00204
T003905,E00595
T003906,E00078
T003906,E00540
T003906,E99469
T003906,E00792
T003907,E00344
T003907,E00390
T003907,E00575
T003907,E00202
T003908,E00334
T003908,E00490
T003908,E00384
T003908,E00061
T003909,E00634
T003909,E00476
T003909,E00144
T003909,E00753
T003910,E00470
T003910,E00416
T003910,E00681
T003911,E00774
T003911,E00346
T003911,E00104
T003911,E00574
T003911,E00365
T003911,E00095
T003911,E00069
T003911,E00355
T003911,E00115
T003911,E00379
T003911,E00653
T003911,E00226
T003911,E00791
T003911,E00560
T003911,E00488
T003911,E00373
T003911,E00654
T003911,E00228
T003912,E00614
T003913,E00251
T003913,E00156
T003913,E00628
T003913,E00123
T003913,E00610
T003913,E00255
T003913,E00591
T003913,E00062
T003913,E00351
T003913,E00568
T003913,E00349
T003913,E00559
T003913,E00796
T003913,E00372
T003913,E00084
T003914,E00239
T003914,E00420
T003914,E00580
T003914,E00594
T003914,E00201
T003914,E00649
T003914,E00418
T003914,E00026
T003915,E00008
T003915,E00135
T003915,E00092
T003915,E00735
T003915,E00316
T003915,E00221
T003915,E00219
T003916,E00083
T003916,E00417
T003916,E99518
T003916,E00321
T003916,E00523
T003916,E00548
T003916,E00041
T003916,E00254
T003917,E00411
T003917,E00035
T003917,E00650
T003917,E00289
T003917,E00046
T003917,E00350
T003917,E00314
T003917,E00085
T003918,E00307
T003918,E00775
T003918,E00270
T003918,E00360
T003919,E00748
T003919,E00394
T003919,E00424
T003919,E00107
T003920,E00296
T003920,E00367
T003920,E00113
T003920,E00029
T003921,E00366
T003921,E00179
T003921,E00375
T003921,E00071
T003922,E00558
T003922,E00210
T003922,E00474
T003922,E00091
T003923,E00312
T003923,E00514
T003923,E00288
T003923,E00356
T003924,E00148
T003924,E00790
T003924,E00663
T003924,E00765
T003924,E00734
T003924,E00374
T003924,E00248
T003924,E00563
T003924,E00550
T003924,E00090
T003924,E00504
T003924,E00712
T003924,E00332
T003924,E00088
T003924,E00522
T003924,E00711
T003924,E00310
T003924,E00601
T003925,E00040
T003925,E00099
T003926,E00238
T003926,E00232
T003926,E00157
T003926,E00780
T003926,E00786
T003926,E00116
T003926,E00588
T003926,E00383
T003927,E00518
T003927,E00740
T003927,E00437
T003927,E00657
T003927,E00246
T003927,E00194
T003927,E00341
T003927,E00656
T003928,E00207
T003928,E00749
T003929,E00760
T003929,E00632
T003929,E00686
T003929,E00578
T003930,E00397
T003930,E99688
T003930,E00331
T003930,E00690
T003931,E00284
T003931,E00209
T003931,E00244
T003931,E00114
T003932,E00280
T003933,E00129
T003933,E00325
T003933,E00291
T003933,E00660
T003933,E00710
T003933,E00556
T003933,E00077
T003933,E00409
T003933,E00630
T003933,E00161
T003933,E00497
T003933,E00178
T003933,E00783
T003933,E00762
T003933,E00647
T003933,E00752
T003933,E00572
T003933,E00459
T003934,E00297
T003934,E00003
T003934,E00549
T003934,E00051
T003934,E00258
T003934,E00406
T003934,E00230
T003934,E00333
T003934,E99907
T003934,E00267
T003934,E00460
T003934,E00018
T003934,E00009
T003934,E00800
T003934,E00191
T003934,E00779
T003934,E99737
T003934,E00038
T003935,E00329
T003935,E00125
T003935,E00398
T003935,E00142
T003935,E00086
T003935,E00795
T003935,E00565
T003935,E00016
T003935,E00273
T003935,E00688
T003935,E00199
T003936,E00022
T003936,E00723
T003936,E00596
T003936,E00096
T003936,E00456
T003936,E00702
T003936,E00789
T003936,E00716
T003936,E00052
T003936,E00597
T003936,E00680
T003936,E00153
T003936,E00368
T003936,E00082
T003936,E00033
T003936,E00335
T003936,E00759
T003936,E00672
T003937,E00676
T003937,E00767
T003937,E00265
T003937,E00515
T003937,E00524
T003937,E00159
T003937,E00186
T003937,E00388
T003937,E99634
T003937,E00693
T003937,E00482
T003937,E00754
T003937,E99605
T003937,E00542
T003937,E00037
T003937,E00080
T003937,E00315
T003937,E00798
T003938,E00577
T003938,E99159
T003938,E00087
T003938,E00579
T003938,E99999
T003938,E00272
T003938,E00732
T003938,E00607
T003938,E00448
T003938,E00689
T003939,E00465
T003939,E00532
T003939,E00469
T003939,E00126
T003939,E99001
T003939,E00699
T003939,E00338
T003939,E00510
T003940,E00024
T003940,E00551
T003940,E00173
T003940,E00134
T003940,E00259
T003940,E00557
T003940,E00581
T003940,E00260
T003941,E00240
T003941,E00444
T003941,E00282
T003941,E00176
T003941,E00758
T003941,E00730
T003941,E00619
T003941,E00124
T003942,E00751
T003942,E00466
T003942,E00011
T003942,E00564
T003942,E00137
T003942,E00140
T003942,E00500
T003942,E00661
T003943,E99229
T003943,E00769
T003943,E00364
T003943,E00443
T003943,E00438
T003943,E00678
T003944,E00131
T003944,E00298
T003944,E00362
T003944,E00014
T003944,E00419
T003944,E00741
T003944,E00432
T003944,E00340
T003945,E00463
T003945,E00032
T003945,E00503
T003945,E00359
T003945,E00644
T003945,E00213
T003945,E00520
T003945,E00673
T003946,E00348
T003946,E00541
T003946,E00269
T003946,E00056
T003946,E00797
T003946,E00203
T003946,E00190
T003946,E00247
T003947,E00493
T003947,E00546
T003947,E00704
T003947,E00750
T003947,E00665
T003947,E00089
T003947,E00313
T003947,E00020
T003948,E00301
T003948,E00234
T003948,E00183
T003948,E00468
T003948,E00613
T003948,E00143
T003948,E00111
T003949,E00415
T003949,E00059
T003949,E00330
T003949,E00177
T003950,E00687
T003950,E00271
T003950,E00615
T003950,E00421
T003951,E00506
T003951,E00778
T003951,E00677
T003951,E00010
T003952,E00319
T003952,E00453
T003952,E00283
T003952,E00718
T003953,E00471
T003953,E00172
T003953,E00286
T003953,E00472
T003954,E00423
T003954,E00211
T003954,E00369
T003954,E00517
T003955,E00480
T003955,E00583
T003955,E00573
T003955,E00070
T003956,E00357
T003956,E00215
T003956,E00093
T003956,E00128
T003957,E00507
T003957,E00007
T003957,E00105
T003957,E00486
T003958,E00777
T003958,E99097
T003958,E00593
T003958,E00266
T003959,E00714
T003959,E00425
T003959,E00155
T003960,E00539
T003960,E00292
T003960,E00187
T003960,E00512
T003960,E00683
T003960,E00726
T003960,E00651
T003960,E00309
T003960,E00787
T003960,E00670
T003960,E00618
T003960,E00295
T003960,E00626
T003960,E99936
T003960,E00112
T003960,E00166
T003960,E00431
T003960,E00603
T003961,E00429
T003961,E00625
T003961,E99924
T003961,E00508
T003961,E00076
T003961,E00181
T003961,E00555
T003961,E00094
T003961,E99254
T003961,E00152
T003961,E00435
T003961,E00446
T003961,E00492
T003961,E00669
T003961,E00728
T003961,E00308
T003961,E00674
T003961,E00582
T003962,E00279
T003962,E99386
T003962,E00707
T003962,E00519
T003962,E00499
T003962,E00440
T003962,E00150
T003962,E00276
T003962,E00725
T003962,E00217
T003962,E00422
T003962,E00627
T003963,E00447
T003963,E00136
T003963,E00736
T003963,E00277
T003963,E00027
T003963,E00449
T003963,E00220
T003963,E00065
T003964,E00483
T003964,E00133
T003964,E00370
T003964,E00464
T003964,E00695
T003964,E00545
T003964,E00229
T003964,E00223
T003965,E00250
T003965,E00249
T003965,E00481
T003965,E00604
T003965,E00430
T003965,E00652
T003965,E00197
T003965,E00637
T003966,E00788
T003966,E00048
T003966,E00243
T003966,E00196
T003966,E00511
T003966,E00433
T003966,E00049
T003966,E00162
T003967,E00584
T003967,E00058
T003967,E00764
T003967,E00175
T003967,E00633
T003967,E00513
T003967,E00478
T003967,E00235
T003968,E00721
T003968,E00345
T003968,E00537
T003968,E00285
T003969,E00685
T003969,E00311
T003969,E00336
T003969,E00589
T003970,E00001
T003970,E00450
T003970,E00184
T003970,E00569
T003971,E00354
T003971,E00412
T003971,E00212
T003971,E00587
T003972,E00445
T003972,E00547
T003972,E00205
T003972,E00371
T003973,E00400
T003973,E00385
T003973,E00772
T003973,E00405
T003974,E00781
T003974,E00404
T003974,E00442
T003974,E00214
T003975,E00700
T003975,E00426
T003975,E00745
T003975,E00045
T003976,E00102
T003976,E00743
T003976,E00533
T003976,E00208
T003977,E00302
T003977,E00428
T003977,E00044
T003977,E00441
T003978,E00380
T003978,E00698
T003978,E00509
T003978,E00023
T003979,E99729
T003979,E00436
T003979,E00739
T003980,E00392
T003980,E00122
T003980,E00256
T003980,E00473
T003980,E00304
T003980,E00691
T003980,E00377
T003980,E00352
T003980,E00439
T003980,E00529
T003980,E00538
T003980,E00766
T003980,E00451
T003980,E00323
T003980,E00241
T003980,E00117
T003980,E00063
T003980,E00242
T003981,E00489
T003981,E00600
T003982,E00039
T003982,E00755
T003982,E00393
T003982,E00452
T003982,E00531
T003982,E00454
T003982,E00376
T003982,E99411
T003982,E00585
T003982,E00602
T003982,E00149
T003982,E00081
T003982,E99379
T003982,E00598
T003982,E00455
T003982,E00567
T003982,E00012
T003982,E00004
T003983,E00671
T003983,E00278
T003983,E00047
T003983,E00132
T003983,E00193
T003983,E00694
T003983,E00496
T003983,E00667
T003983,E00570
T003983,E00141
T003983,E00720
T003983,E00108
T003984,E00327
T003984,E00127
T003984,E00727
T003984,E00495
T003984,E00322
T003984,E00408
T003984,E00324
T003984,E00281
T003985,E00043
T003985,E00715
T003985,E00413
T003985,E00403
T003985,E00264
T003985,E00363
T003985,E00737
T003985,E00771
T003986,E00629
T003986,E00475
T003986,E00535
T003986,E00703
T003986,E00109
T003986,E00528
T003987,E00146
T003987,E00036
T003987,E00073
T003987,E00729
T003987,E00643
T003987,E00195
T003987,E00262
T003987,E00402
T003988,E00320
T003988,E00784
T003988,E00554
T003988,E00055
T003988,E00608
T003988,E00147
T003988,E00060
T003988,E00552
T003989,E00163
T003989,E00641
T003989,E00139
T003989,E00130
T003989,E00188
T003989,E00028
T003989,E00586
T003989,E00100
T003990,E00257
T003990,E00317
T003990,E00074
T003991,E00794
T003991,E00145
T003991,E00635
T003991,E00231
T003992,E00770
T003992,E00479
T003992,E00013
T003992,E00645
T003993,E99870
T003993,E00101
T003993,E00263
T003993,E00119
T003994,E00339
T003994,E00168
T003994,E00005
T003994,E99160
T003995,E00414
T003995,E00494
T003995,E00606
T003995,E00501
T003996,E00103
T003996,E00640
T003996,E00002
T003996,E00505
T003997,E00617
T003997,E00305
T003997,E00098
T003997,E00526
T003998,E00326
T003998,E00757
T003999,E00275
T003999,E00006
T003999,E00646
T003999,E00030
T003999,E00054
T003999,E00224
T003999,E00746
T003999,E00799
T003999,E00165
T003999,E00017
T003999,E00138
T003999,E00015
T003999,E00701
T003999,E00516
T003999,E00692
T003999,E00294
T003999,E00118
T003999,E00599
T004000,E00158
T004000,E00019
T004000,E00543
T004000,E00387
T004000,E00206
T004001,E00462
T004001,E00227
T004001,E00343
T004001,E00268
T004001,E00391
T004001,E00170
T004001,E00648
T004001,E99286
T004002,E00793
T004002,E00576
T004002,E00121
T004002,E00592
T004002,E00200
T004002,E00590
T004002,E00386
T004002,E00274
T004003,E00151
T004003,E00719
T004003,E99701
T004003,E00708
T004003,E00164
T004003,E00306
T004003,E00180
T004003,E00174
T004004,E00776
T004004,E00566
T004004,E00724
T004004,E00620
T004004,E00624
T004004,E00467
T004004,E00290
T004004,E00434
T004005,E00293
T004005,E00120
T004005,E00072
T004005,E00057
T004006,E00792
T004006,E00344
T004006,E00575
T004006,E00540
T004007,E00334
T004007,E00042
T004007,E00427
T004007,E00144
T004008,E00609
T004008,E00050
T004008,E00753
T004008,E00595
T004009,E00490
T004009,E00634
T004009,E00470
T004009,E00353
T004010,E00476
T004010,E00225
T004010,E00061
T004010,E00204
T004011,E00416
T004011,E00390
T004011,E00078
T004011,E00681
T004012,E00384
T004012,E00202
T004012,E00705
T004012,E00401
T004013,E00069
T004013,E00774
T004013,E00696
T004013,E00346
T004013,E00095
T004013,E00379
T004013,E00365
T004013,E00355
T004013,E00034
T004013,E00521
T004013,E00373
T004013,E00226
T004013,E00488
T004013,E00642
T004013,E00614
T004013,E00574
T004013,E00791
T004013,E00654
T004014,E00115
T004014,E00228
T004014,E00104
T004014,E00560
T004014,E00653
T004015,E00123
T004015,E00372
T004015,E00255
T004015,E00559
T004015,E00351
T004015,E00628
T004015,E00251
T004015,E00568
T004015,E00796
T004015,E00062
T004015,E00156
T004015,E00610
T004015,E00591
T004015,E00167
T004015,E00084
T004016,E00239
T004016,E00418
T004016,E00008
T004016,E00092
T004016,E00580
T004016,E00649
T004016,E00735
T004016,E00026
T004017,E00679
T004017,E00219
T004017,E00420
T004017,E00201
T004017,E00316
T004017,E00135
T004017,E00221
T004018,E00775
T004018,E00650
T004018,E00314
T004018,E00523
T004018,E00411
T004018,E00083
T004018,E00035
T004018,E00321
T004019,E00350
T004019,E00307
T004019,E00417
T004019,E00046
T004019,E00289
T004019,E00270
T004019,E00233
T004019,E00085
T004020,E00548
T004020,E00041
T004021,E99692
T004021,E00514
T004021,E00558
T004021,E00748
T004022,E00288
T004022,E00356
T004022,E00458
T004022,E00210
T004023,E00029
T004023,E00367
T004023,E00474
T004023,E00424
T004024,E00113
T004024,E00312
T004024,E00107
T004024,E00179
T004025,E00296
T004025,E00375
T004025,E00071
T004025,E00366
T004026,E00394
T004027,E00711
T004027,E00790
T004027,E00088
T004027,E00504
T004027,E00734
T004027,E00601
T004027,E00563
T004027,E00522
T004027,E00248
T004027,E00090
T004027,E00550
T004027,E00148
T004027,E00374
T004027,E00765
T004027,E00040
T004027,E00332
T004027,E00663
T004027,E00461
T004028,E00712
T004028,E00310
T004029,E00656
T004029,E00749
T004029,E00657
T004029,E99215
T004029,E00238
T004029,E00341
T004029,E00157
T004029,E00740
T004030,E00780
T004030,E00437
T004030,E00194
T004030,E00116
T004030,E00383
T004030,E00246
T004030,E00518
T004031,E00397
T004031,E00331
T004031,E00209
T004031,E00632
T004032,E00114
T004032,E00578
T004032,E00690
T004032,E00318
T004033,E00025
T004033,E00686
T004033,E00244
T004033,E00280
T004034,E00760
T004034,E00639
T004034,E00284
T004035,E00086
T004035,E00398
T004035,E00291
T004035,E00561
T004035,E00497
T004035,E00409
T004035,E00783
T004035,E00565
T004035,E00051
T004035,E00191
T004035,E00605
T004035,E00556
T004035,E00161
T004035,E00647
T004035,E00125
T004035,E00253
T004035,E00688
T004035,E00406
T004036,E00178
T004036,E00630
T004036,E00009
T004036,E00258
T004036,E00129
T004036,E00773
T004036,E00660
T004036,E00710
T004036,E00800
T004036,E00779
T004036,E00077
T004036,E00762
T004036,E00018
T004036,E00230
T004036,E00267
T004036,E00273
T004036,E00142
T004036,E00549
T004037,E00795
T004037,E00297
T004037,E00199
T004037,E00038
T004037,E00325
T004037,E00459
T004037,E00252
T004037,E00572
T004037,E00460
T004037,E00003
T004038,E00456
T004038,E00759
T004038,E00754
T004038,E00756
T004038,E00515
T004038,E00693
T004038,E00607
T004038,E00731
T004038,E00767
T004038,E00482
T004038,E00732
T004038,E00596
T004038,E00272
T004038,E00536
T004038,E00265
T004038,E00052
T004038,E00080
T004038,E00689
T004039,E00680
T004039,E00087
T004039,E00159
T004039,E00388
T004039,E00153
T004039,E00335
T004039,E00789
T004039,E00448
T004039,E00542
T004039,E00702
T004039,E00577
T004039,E00096
T004039,E00033
T004039,E00579
T004039,E00186
T004039,E00716
T004039,E00218
T004039,E00597
T004040,E00655
T004040,E00676
T004040,E00723
T004040,E00368
T004040,E00524
T004040,E00037
T004040,E00315
T004040,E00672
T004040,E00022
T004040,E00798
T004041,E00438
T004041,E00706
T004041,E00510
T004041,E00382
T004041,E00469
T004041,E99736
T004041,E00240
T004041,E00364
T004042,E00444
T004042,E00260
T004042,E00140
T004042,E00551
T004042,E00154
T004042,E00717
T004042,E00465
T004042,E00500
T004043,E00738
T004043,E00466
T004043,E00137
T004043,E00769
T004043,E99384
T004043,E00678
T004043,E00532
T004043,E00124
T004044,E00259
T004044,E00619
T004044,E00564
T004044,E00557
T004044,E00730
T004044,E00176
T004044,E00011
T004044,E00699
T004045,E00661
T004045,E00758
T004045,E00443
T004045,E00134
T004045,E00338
T004045,E00024
T004045,E00581
T004045,E00185
T004046,E00126
T004047,E00143
T004047,E00797
T004047,E00541
T004047,E00234
T004047,E00213
T004047,E00463
T004047,E00432
T004047,E00301
T004048,E00183
T004048,E00190
T004048,E00014
T004048,E00340
T004048,E00741
T004048,E00665
T004048,E00131
T004048,E00097
T004049,E00359
T004049,E00503
T004049,E00203
T004049,E00546
T004049,E00056
T004049,E00750
T004049,E00673
T004049,E00269
T004050,E00160
T004050,E00313
T004050,E00644
T004050,E00348
T004050,E00089
T004050,E00222
T004050,E00299
T004050,E00613
T004051,E00111
T004051,E00744
T004051,E00020
T004051,E00520
T004051,E00419
T004051,E00493
T004051,E00468
T004051,E00407
T004052,E00247
T004052,E00362
T004052,E00704
T004053,E00286
T004053,E00421
T004053,E00506
T004053,E00742
T004054,E00093
T004054,E99389
T004054,E00714
T004054,E00718
T004055,E00215
T004055,E00507
T004055,E00271
T004055,E00472
T004056,E00319
T004056,E00357
T004056,E00486
T004056,E00453
T004057,E00155
T004057,E00177
T004057,E00211
T004057,E00128
T004058,E00485
T004058,E00010
T004058,E00172
T004058,E00778
T004059,E00615
T004059,E00677
T004059,E00687
T004059,E00471
T004060,E00777
T004060,E00007
T004060,E00283
T004060,E00059
T004061,E00330
T004061,E00369
T004061,E00480
T004061,E00415
T004062,E00477
T004062,E00517
T004062,E00105
T004062,E00266
T004063,E00423
T004063,E00593
T004063,E00425
T004063,E00583
T004064,E00508
T004064,E00674
T004064,E00292
T004064,E00431
T004064,E00181
T004064,E00435
T004064,E00112
T004064,E00512
T004064,E00725
T004064,E00582
T004064,E00429
T004064,E00440
T004064,E99159
T004064,E00076
T004064,E00152
T004064,E00669
T004064,E00499
T004064,E00651
T004065,E00709
T004065,E00484
T004065,E00279
T004065,E00217
T004065,E00094
T004065,E00308
T004065,E00492
T004065,E00683
T004065,E00603
T004065,E00768
T004065,E00187
T004065,E00295
T004065,E00309
T004065,E00707
T004065,E00787
T004065,E00389
T004065,E00625
T004065,E00627
T004066,E00726
T004066,E00422
T004066,E00446
T004066,E00519
T004066,E00237
T004066,E00670
T004066,E00539
T004066,E00276
T004066,E00166
T004066,E00150
T004066,E00544
T004067,E00464
T004067,E00065
T004067,E00513
T004067,E00478
T004067,E00235
T004067,E00048
T004067,E00447
T004067,E00220
T004068,E00285
T004068,E00487
T004068,E00027
T004068,E00695
T004068,E00162
T004068,E00481
T004068,E00133
T004068,E00136
T004069,E00637
T004069,E00370
T004069,E00633
T004069,E00171
T004069,E00713
T004069,E00604
T004069,E00345
T004069,E00433
T004070,E00537
T004070,E00764
T004070,E99883
T004070,E00243
T004070,E00483
T004070,E00250
T004070,E00223
T004070,E00049
T004071,E00666
T004071,E00721
T004071,E00736
T004071,E00229
T004071,E00410
T004071,E00652
T004071,E00300
T004071,E00249
T004072,E00449
T004072,E00545
T004072,E00788
T004072,E00175
T004072,E00664
T004072,E00277
T004073,E00589
T004073,E00772
T004073,E00371
T004073,E00404
T004074,E00023
T004074,E00442
T004074,E00445
T004074,E00184
T004075,E00781
T004075,E00405
T004075,E99853
T004075,E00311
T004076,E00587
T004076,E00700
T004076,E00212
T004076,E00381
T004077,E00001
T004077,E00698
T004077,E00426
T004077,E00412
T004078,E00498
T004078,E00182
T004078,E00509
T004078,E00214
T004079,E00525
T004079,E00208
T004079,E00380
T004079,E00044
T004080,E00739
T004080,E00547
T004080,E99725
T004080,E00450
T004081,E00045
T004081,E00205
T004081,E00428
T004081,E00745
T004082,E00354
T004082,E00336
T004082,E00385
T004082,E00102
T004083,E00302
T004083,E00441
T004083,E00533
T004083,E00662
T004084,E00358
T004084,E00400
T004085,E00063
T004085,E00473
T004085,E00489
T004085,E00600
T004085,E00733
T004085,E00256
T004085,E00241
T004085,E00377
T004085,E00352
T004085,E00529
T004085,E00392
T004085,E99144
T004085,E00236
T004085,E00538
T004085,E99600
T004085,E00766
T004085,E00242
T004085,E00304
T004086,E00691
T004087,E00567
T004087,E00106
T004087,E00454
T004087,E00004
T004087,E00132
T004087,E00452
T004087,E00667
T004087,E00496
T004087,E00393
T004087,E00570
T004087,E00694
T004087,E00193
T004087,E00376
T004087,E00141
T004087,E00039
T004087,E00012
T004087,E00585
T004087,E00108
T004088,E00755
T004088,E00602
T004088,E00278
T004088,E00455
T004088,E00720
T004088,E00782
T004088,E00531
T004088,E00671
T004088,E00047
T004088,E00395
T004088,E00149
T004088,E00598
T004088,E00081
T004089,E00535
T004089,E00495
T004089,E00109
T004089,E00408
T004089,E00198
T004089,E00621
T004089,E00727
T004089,E00281
T004090,E00785
T004090,E00715
T004090,E00043
T004090,E00324
T004090,E00629
T004090,E00771
T004090,E00403
T004090,E00737
T004091,E00327
T004091,E00127
T004091,E00703
T004091,E00363
T004091,E00528
T004091,E00413
T004091,E00322
T004092,E00192
T004092,E00641
T004092,E00553
T004092,E00146
T004092,E00552
T004092,E00402
T004092,E00554
T004092,E00643
T004093,E00028
T004093,E00317
T004093,E00163
T004093,E00562
T004093,E00139
T004093,E00608
T004093,E00055
T004093,E00130
T004094,E00074
T004094,E00320
T004094,E00060
T004094,E00257
T004094,E00195
T004094,E00729
T004094,E00073
T004094,E00262
T004095,E99991
T004095,E00188
T004096,E00098
T004096,E00189
T004096,E00635
T004096,E00770
T004097,E00501
T004097,E00606
T004097,E00645
T004097,E00757
T004098,E00794
T004098,E00617
T004098,E00263
T004098,E00326
T004099,E00414
T004099,E00640
T004099,E00103
T004099,E00119
T004100,E00013
T004100,E00231
T004100,E00305
T004100,E00494
T004101,E00110
T004101,E00169
T004101,E00505
T004101,E00339
T004102,E00002
T004102,E00145
T004102,E00005
T004102,E00101
T004103,E00168
T004103,E00479
T004104,E99921
T004104,E00165
T004104,E00158
T004104,E00599
T004104,E00017
T004104,E00746
T004104,E00030
T004104,E00015
T004104,E00019
T004104,E00118
T004104,E00684
T004104,E00054
T004104,E00206
T004104,E00799
T004104,E00275
T004104,E00646
T004104,E00138
T004104,E00294
T004105,E99148
T004105,E00701
T004105,E00516
T004105,E00543
T004106,E00268
T004106,E00164
T004106,E00434
T004106,E00391
T004106,E00708
T004106,E00566
T004106,E00053
T004106,E00290
T004107,E00502
T004107,E00724
T004107,E00343
T004107,E00174
T004107,E00719
T004107,E00576
T004107,E00170
T004107,E00776
T004108,E00624
T004108,E00648
T004108,E00274
T004108,E00590
T004108,E00386
T004108,E00121
T004108,E00462
T004108,E00306
T004109,E00227
T004109,E00467
T004109,E00200
T004109,E00592
T004109,E00658
T004109,E00180
T004110,E00120
T004110,E00609
T004110,E00225
T004110,E00078
T004111,E00072
T004111,E00204
T004111,E00753
T004111,E00353
T004112,E00344
T004112,E00705
T004112,E00540
T004112,E00681
T004113,E00390
T004113,E00057
T004113,E00595
T004113,E00682
T004114,E00792
T004114,E00144
T004114,E00490
T004114,E00427
T004115,E00293
T004115,E00202
T004115,E00575
T004115,E00476
T004116,E00050
T004116,E00416
T004116,E00334
T004116,E00061
T004117,E00470
T004117,E00384
T004117,E00634
T004118,E00373
T004118,E00355
T004118,E00095
T004118,E00696
T004118,E00226
T004118,E00228
T004118,E00346
T004118,E00365
T004118,E00614
T004118,E00560
T004118,E00653
T004118,E00791
T004118,E00774
T004118,E00034
T004118,E00574
T004118,E00521
T004118,E00642
T004118,E00379
T004119,E00488
T004119,E00654
T004119,E00104
T004119,E00115
T004120,E00372
T004120,E00062
T004120,E00123
T004120,E00559
T004120,E00591
T004120,E00610
T004120,E00351
T004120,E00156
T004120,E00251
T004120,E00568
T004120,E00796
T004120,E00255
T004120,E00084
T004120,E00628
T004121,E00219
T004121,E00316
T004121,E00580
T004121,E00008
T004121,E00735
T004121,E00420
T004121,E00649
T004121,E00594
T004122,E00679
T004122,E00239
T004122,E00026
T004122,E00201
T004122,E00092
T004122,E00221
T004122,E00135
T004123,E00307
T004123,E00548
T004123,E00021
T004123,E00775
T004123,E99192
T004123,E00314
T004123,E00650
T004123,E00083
T004124,E00321
T004124,E00289
T004124,E00041
T004124,E99881
T004124,E00350
T004124,E00233
T004124,E00046
T004124,E00523
T004125,E00270
T004125,E00085
T004125,E00417
T004125,E00035
T004125,E00360
T004125,E00342
T004126,E00367
T004126,E00394
T004126,E00071
T004126,E00091
T004127,E00029
T004127,E00474
T004127,E00296
T004127,E00612
T004128,E00514
T004128,E00356
T004128,E00366
T004128,E00458
T004129,E00748
T004129,E00558
T004129,E99971
T004129,E00375
T004130,E00179
T004130,E00210
T004130,E00288
T004130,E00113
T004131,E00090
T004131,E00734
T004131,E00504
T004131,E00763
T004131,E00461
T004131,E00765
T004131,E99243
T004131,E00522
T004131,E00148
T004131,E00563
T004131,E00310
T004131,E00099
T004131,E00088
T004131,E00332
T004131,E00248
T004131,E00550
T004131,E00790
T004131,E00663
T004132,E99150
T004132,E00040
T004133,E00207
T004133,E00437
T004133,E00246
T004133,E00749
T004133,E00341
T004133,E00238
T004133,E00588
T004133,E00194
T004134,E00157
T004134,E00656
T004134,E00786
T004134,E00780
T004134,E00116
T004134,E00518
T004134,E00740
T004134,E00383
T004135,E00232
T004135,E00657
T004136,E00284
T004136,E00686
T004136,E00244
T004136,E00280
T004137,E00639
T004137,E00209
T004137,E00025
T004137,E00397
T004138,E99650
T004138,E00318
T004138,E00632
T004138,E00114
T004139,E00578
T004139,E00690
T004140,E00291
T004140,E00460
T004140,E00051
T004140,E00003
T004140,E00252
T004140,E00660
T004140,E00016
T004140,E00199
T004140,E00556
T004140,E00497
T004140,E00800
T004140,E00038
T004140,E00752
T004140,E00329
T004140,E00688
T004140,E00605
T004140,E00549
T004140,E00297
T004141,E00161
T004141,E00077
T004141,E00565
T004141,E00178
T004141,E00762
T004141,E00647
T004141,E00258
T004141,E00086
T004141,E00018
T004141,E00406
T004141,E99813
T004141,E00191
T004141,E00273
T004141,E00125
T004141,E00779
T004141,E00009
T004141,E00459
T004141,E00333
T004142,E00561
T004142,E00142
T004142,E00795
T004142,E00710
T004142,E00337
T004142,E00129
T004142,E00773
T004142,E00409
T004142,E00230
T004142,E00267
T004142,E00253
T004142,E00325
T004142,E00783
T004143,E00315
T004143,E00577
T004143,E00607
T004143,E00676
T004143,E00702
T004143,E00596
T004143,E00597
T004143,E00672
T004143,E00536
T004143,E00159
T004143,E00482
T004143,E00033
T004143,E00080
T004143,E00524
T004143,E00037
T004143,E00767
T004143,E00798
T004143,E00723
T004144,E00689
T004144,E00388
T004144,E00052
T004144,E00631
T004144,E00448
T004144,E00655
T004144,E00153
T004144,E00680
T004144,E99818
T004144,E00716
T004144,E00368
T004144,E00087
T004144,E00693
T004144,E00759
T004144,E00186
T004144,E00789
T004144,E00272
T004144,E00515
T004145,E00542
T004145,E00265
T004145,E00754
T004145,E00022
T004145,E00335
T004145,E00096
T004145,E00731
T004146,E00661
T004146,E00706
T004146,E00024
T004146,E00137
T004146,E00176
T004146,E00758
T004146,E00738
T004146,E00510
T004147,E00717
T004147,E00154
T004147,E00551
T004147,E00134
T004147,E00444
T004147,E00557
T004147,E00124
T004147,E00140
T004148,E00500
T004148,E00364
T004148,E00466
T004148,E00465
T004148,E00730
T004148,E00282
T004148,E00260
T004148,E00769
T004149,E00443
T004149,E00469
T004149,E00619
T004149,E00382
T004149,E00173
T004149,E00675
T004149,E00338
T004149,E00240
T004150,E00616
T004150,E00438
T004150,E00185
T004150,E00011
T004150,E00564
T004150,E00259
T004150,E00581
T004150,E00126
T004151,E00699
T004152,E00468
T004152,E00131
T004152,E00741
T004152,E00704
T004152,E00665
T004152,E00143
T004152,E00234
T004152,E00213
T004153,E00362
T004153,E00750
T004153,E00744
T004153,E00032
T004153,E00359
T004153,E00463
T004153,E00313
T004153,E00407
T004154,E00419
T004154,E00541
T004154,E00298
T004154,E00340
T004154,E00644
T004154,E00183
T004154,E00269
T004154,E00203
T004155,E00797
T004155,E00520
T004155,E99692
T004155,E00020
T004155,E00089
T004155,E00301
T004155,E00299
T004155,E00503
T004156,E00190
T004156,E00348
T004156,E00613
T004156,E00546
T004156,E00111
T004156,E00247
T004156,E00056
T004156,E00014
T004157,E00128
T004157,E00615
T004157,E00059
T004157,E00583
T004158,E00330
T004158,E00423
T004158,E00093
T004158,E00369
T004159,E00714
T004159,E00211
T004159,E99855
T004159,E00573
T004160,E00283
T004160,E00471
T004160,E00415
T004160,E00007
T004161,E00507
T004161,E00517
T004161,E00155
T004161,E00177
T004162,E00742
T004162,E00357
T004162,E00477
T004162,E00453
T004163,E00485
T004163,E00266
T004163,E00718
T004163,E00677
T004164,E00105
T004164,E00010
T004164,E00777
T004164,E00215
T004165,E00271
T004165,E99647
T004165,E00319
T004165,E00687
T004166,E00172
T004166,E00286
T004166,E00472
T004166,E00778
T004167,E00506
T004167,E00070
T004167,E00421
T004167,E00593
T004168,E00279
T004168,E99372
T004168,E00181
T004168,E00295
T004168,E00166
T004168,E00669
T004168,E00389
T004168,E00429
T004168,E00512
T004168,E00217
T004168,E00152
T004168,E00399
T004168,E00440
T004168,E00626
T004168,E00276
T004168,E00544
T004168,E00683
T004168,E00674
T004169,E00484
T004169,E00651
T004169,E00618
T004169,E99793
T004169,E00446
T004169,E00603
T004169,E00435
T004169,E00726
T004169,E00787
T004169,E00627
T004169,E00492
T004169,E00555
T004169,E00725
T004169,E00519
T004169,E00431
T004169,E00112
T004169,E00707
T004169,E00768
T004170,E00422
T004170,E00539
T004170,E00292
T004170,E00709
T004170,E00625
T004170,E00499
T004170,E00076
T004170,E00670
T004170,E00309
T004170,E00728
T004170,E00094
T004170,E00308
T004171,E00229
T004171,E00220
T004171,E00537
T004171,E00249
T004171,E00666
T004171,E00250
T004171,E00410
T004171,E00449
T004172,E00604
T004172,E00171
T004172,E00277
T004172,E00235
T004172,E00433
T004172,E00633
T004172,E00058
T004172,E00513
T004173,E00464
T004173,E00447
T004173,E00133
T004173,E00196
T004173,E00370
T004173,E00300
T004173,E99750
T004173,E99309
T004174,E00695
T004174,E00162
T004174,E00048
T004174,E00243
T004174,E00223
T004174,E00478
T004174,E00764
T004174,E00545
T004175,E00285
T004175,E00049
T004175,E00664
T004175,E00027
T004175,E00065
T004175,E00481
T004175,E00197
T004175,E00483
T004176,E00511
T004176,E00430
T004176,E00788
T004177,E00412
T004177,E00303
T004177,E00023
T004177,E00781
T004178,E00745
T004178,E00509
T004178,E00547
T004178,E00498
T004179,E00698
T004179,E00001
T004179,E00385
T004179,E00739
T004180,E00772
T004180,E00436
T004180,E00302
T004180,E00371
T004181,E00428
T004181,E00102
T004181,E00589
T004181,E00045
T004182,E00380
T004182,E00354
T004182,E00442
T004182,E00358
T004183,E00426
T004183,E00685
T004183,E99553
T004183,E00381
T004184,E00212
T004184,E00533
T004184,E00182
T004184,E00205
T004185,E00525
T004185,E00208
T004185,E00044
T004185,E00400
T004186,E00569
T004186,E00450
T004186,E00404
T004186,E00184
T004187,E00587
T004187,E00445
T004187,E00662
T004187,E00743
T004188,E00214
T004188,E00441
T004188,E00700
T004189,E00323
T004189,E00439
T004189,E00473
T004189,E00063
T004189,E00122
T004189,E00529
T004189,E00242
T004189,E00766
T004189,E00241
T004189,E00489
T004189,E00733
T004189,E00691
T004189,E00600
T004189,E00236
T004189,E00538
T004189,E00304
T004189,E00352
T004189,E00256
T004190,E00377
T004190,E00117
T004190,E00075
T004191,E00602
T004191,E00694
T004191,E00106
T004191,E00720
T004191,E00782
T004191,E00671
T004191,E00395
T004191,E00376
T004191,E00455
T004191,E00452
T004191,E00667
T004191,E00598
T004191,E00193
T004191,E00012
T004191,E00393
T004191,E00567
T004191,E00531
T004191,E00141
T004192,E00108
T004192,E00570
T004192,E00132
T004192,E00081
T004192,E00585
T004192,E00496
T004192,E00454
T004192,E99623
T004192,E00047
T004192,E00039
T004192,E00755
T004193,E00495
T004193,E00629
T004193,E00322
T004193,E00528
T004193,E00785
T004193,E00281
T004193,E00403
T004193,E00127
T004194,E00621
T004194,E00413
T004194,E00363
T004194,E00327
T004194,E00715
T004194,E00043
T004194,E00109
T004194,E00771
T004195,E00475
T004195,E99305
T004195,E00727
T004195,E00703
T004195,E00264
T004195,E00408
T004196,E00188
T004196,E00060
T004196,E00074
T004196,E00262
T004196,E00130
T004196,E00147
T004196,E00139
T004196,E00586
T004197,E00402
T004197,E00100
T004197,E00643
T004197,E00784
T004197,E00195
T004197,E00028
T004197,E00073
T004197,E00257
T004198,E00554
T004198,E00562
T004198,E00036
T004198,E99734
T004198,E00055
T004198,E00641
T004198,E00192
T004198,E00317
T004199,E00163
T004199,E00729
T004200,E00110
T004200,E00339
T004200,E00101
T004200,E00103
T004201,E00002
T004201,E00326
T004201,E00635
T004201,E00606
T004202,E00231
T004202,E00640
T004202,E99865
T004202,E00145
T004203,E00501
T004203,E00098
T004203,E00479
T004203,E00305
T004204,E00757
T004204,E00617
T004204,E00770
T004204,E00263
T004205,E00169
T004205,E00645
T004205,E00119
T004205,E00013
T004206,E00794
T004206,E00414
T004206,E00005
T004206,E00505
T004207,E00006
T004207,E00158
T004207,E00054
T004207,E00387
T004207,E00138
T004207,E00118
T004207,E99986
T004207,E00684
T004207,E00516
T004207,E00543
T004207,E00015
T004207,E00030
T004207,E00017
T004207,E00599
T004207,E00799
T004207,E00746
T004207,E99167
T004207,E00165
T004208,E00646
T004208,E00224
T004208,E00294
T004208,E00701
T004208,E00692
T004209,E00502
T004209,E00592
T004209,E00306
T004209,E00200
T004209,E00624
T004209,E00776
T004209,E99472
T004209,E00386
T004210,E00576
T004210,E00121
T004210,E00290
T004210,E00151
T004210,E00434
T004210,E00391
T004210,E00462
T004210,E00227
T004211,E00658
T004211,E99156
T004211,E00180
T004211,E00708
T004211,E00648
T004211,E00274
T004211,E00590
T004211,E00343
T004212,E00566
T004212,E00053
T004212,E00620
T004212,E00174
T004212,E00467
T004213,E00353
T004213,E00575
T004213,E00401
T004213,E00427
T004214,E00476
T004214,E00609
T004214,E00078
T004214,E00595
T004215,E00344
T004215,E00540
T004215,E00634
T004215,E00705
T004216,E00390
T004216,E00202
T004216,E00057
T004216,E00144
T004217,E00050
T004217,E00490
T004217,E00792
T004217,E00293
T004218,E00470
T004218,E00416
T004218,E00042
T004218,E00061
T004219,E00384
T004219,E00682
T004219,E00225
T004219,E00753
T004220,E00072
T004221,E00653
T004221,E00228
T004221,E00560
T004221,E00355
T004221,E00791
T004221,E00034
T004221,E00069
T004221,E00642
T004221,E00654
T004221,E00614
T004221,E99121
T004221,E00365
T004221,E00696
T004221,E00574
T004221,E00379
T004221,E00774
T004221,E00095
T004221,E00373
T004222,E00226
T004222,E00104
T004222,E00346
T004223,E00351
T004223,E99369
T004223,E00568
T004223,E00372
T004223,E00123
T004223,E00167
T004223,E00062
T004223,E00610
T004223,E00251
T004223,E00796
T004223,E00349
T004223,E00084
T004223,E00591
T004223,E00628
T004224,E00580
T004224,E00026
T004224,E00418
T004224,E00219
T004224,E00594
T004224,E00679
T004224,E00135
T004224,E00649
T004225,E00420
T004225,E00239
T004225,E00201
T004225,E00735
T004225,E00092
T004225,E00221
T004225,E00008
T004226,E00775
T004226,E00021
T004226,E00523
T004226,E00548
T004226,E00650
T004226,E99668
T004226,E00350
T004226,E00233
T004227,E00041
T004227,E00270
T004227,E00083
T004227,E00254
T004227,E00360
T004227,E00342
T004227,E00035
T004227,E00411
T004228,E00417
T004228,E00085
T004228,E00046
T004228,E00314
T004228,E00321
T004228,E99751
T004229,E00296
T004229,E00458
T004229,E00474
T004229,E00071
T004230,E00288
T004230,E99976
T004230,E00748
T004230,E00029
T004231,E00091
T004231,E00113
T004231,E00107
T004231,E00612
T004232,E00424
T004232,E99125
T004232,E00558
T004232,E00366
T004233,E00312
T004233,E00356
T004233,E00375
T004233,E00394
T004234,E00367
T004234,E00210
T004235,E00763
T004235,E00734
T004235,E00790
T004235,E00332
T004235,E00374
T004235,E00099
T004235,E00601
T004235,E00711
T004235,E00248
T004235,E00563
T004235,E00765
T004235,E00090
T004235,E00522
T004235,E00310
T004235,E00712
T004235,E00088
T004235,E00663
T004235,E00550
T004236,E00504
T004236,E00040
T004236,E00148
T004236,E00461
T004237,E00246
T004237,E00657
T004237,E00232
T004237,E00437
T004237,E00749
T004237,E00194
T004237,E00238
T004237,E00780
T004238,E00588
T004238,E00740
T004238,E00341
T004238,E00518
T004238,E00656
T004238,E00157
T004238,E00786
T004239,E99837
T004239,E00578
T004239,E00331
T004239,E00639
T004240,E00397
T004240,E00690
T004240,E00318
T004240,E00114
T004241,E00686
T004241,E00632
T004241,E00025
T004241,E00280
T004242,E00760
T004243,E00258
T004243,E00038
T004243,E00561
T004243,E00018
T004243,E00406
T004243,E00409
T004243,E00660
T004243,E00605
T004243,E00051
T004243,E00630
T004243,E00688
T004243,E00129
T004243,E00549
T004243,E00333
T004243,E00252
T004243,E00230
T004243,E00329
T004243,E00459
T004244,E00710
T004244,E00086
T004244,E00267
T004244,E00161
T004244,E99847
T004244,E00762
T004244,E00142
T004244,E00297
T004244,E00077
T004244,E00253
T004244,E00125
T004244,E00497
T004244,E00009
T004244,E00016
T004244,E00325
T004244,E00291
T004244,E00752
T004244,E00795
T004245,E00572
T004245,E00398
T004245,E00199
T004245,E00556
T004245,E00460
T004245,E00800
T004245,E00783
T004245,E00003
T004245,E00337
T004245,E00647
T004245,E00178
T004245,E00565
T004246,E00756
T004246,E00448
T004246,E00536
T004246,E00186
T004246,E00524
T004246,E00672
T004246,E00052
T004246,E00754
T004246,E00159
T004246,E00680
T004246,E00080
T004246,E00335
T004246,E00655
T004246,E00087
T004246,E00577
T004246,E00631
T004246,E00597
T004246,E00482
T004247,E00702
T004247,E00542
T004247,E00315
T004247,E00218
T004247,E00676
T004247,E00723
T004247,E00731
T004247,E00022
T004247,E00082
T004247,E99683
T004247,E00037
T004247,E00265
T004247,E00456
T004247,E00033
T004247,E00368
T004247,E00789
T004247,E00388
T004247,E00716
T004248,E00272
T004248,E00153
T004248,E00798
T004248,E00515
T004248,E00096
T004248,E00607
T004248,E00579
T004249,E00675
T004249,E00738
T004249,E00134
T004249,E00137
T004249,E00154
T004249,E00260
T004249,E00185
T004249,E00011
T004250,E00717
T004250,E00564
T004250,E00758
T004250,E00024
T004250,E00469
T004250,E00140
T004250,E00126
T004250,E00532
T004251,E00444
T004251,E00173
T004251,E00338
T004251,E99534
T004251,E00465
T004251,E00769
T004251,E99158
T004251,E00500
T004252,E00176
T004252,E00678
T004252,E00557
T004252,E00510
T004252,E00751
T004252,E00438
T004252,E00581
T004252,E00661
T004253,E00616
T004253,E99588
T004253,E00364
T004253,E00259
T004253,E00443
T004253,E00240
T004253,E00382
T004253,E00466
T004254,E00183
T004254,E00143
T004254,E00613
T004254,E00750
T004254,E00797
T004254,E00222
T004254,E00520
T004254,E00493
T004255,E00269
T004255,E00190
T004255,E00298
T004255,E99163
T004255,E00503
T004255,E00111
T004255,E00362
T004255,E00056
T004256,E00546
T004256,E00432
T004256,E00665
T004256,E00673
T004256,E99307
T004256,E00644
T004256,E99104
T004256,E00463
T004257,E00313
T004257,E00359
T004257,E00160
T004257,E00348
T004257,E00234
T004257,E00299
T004257,E00089
T004257,E00468
T004258,E00407
T004258,E00741
T004258,E00301
T004258,E00419
T004258,E00541
T004258,E00213
T004258,E00704
T004258,E00131
T004259,E00423
T004259,E00266
T004259,E00777
T004259,E00369
T004260,E99724
T004260,E00583
T004260,E00093
T004260,E00573
T004261,E00357
T004261,E00330
T004261,E99146
T004261,E00215
T004262,E00155
T004262,E00472
T004262,E00283
T004262,E00593
T004263,E00517
T004263,E00128
T004263,E00319
T004263,E00687
T004264,E00485
T004264,E00615
T004264,E00105
T004264,E00507
T004265,E00286
T004265,E99545
T004265,E00421
T004265,E00211
T004266,E00677
T004266,E00172
T004266,E00778
T004266,E00425
T004267,E00070
T004267,E00714
T004267,E00480
T004267,E00177
T004268,E00742
T004268,E00007
T004268,E00718
T004268,E00506
T004269,E99540
T004270,E00508
T004270,E00435
T004270,E00627
T004270,E00669
T004270,E00512
T004270,E00725
T004270,E00519
T004270,E00670
T004270,E00237
T004270,E00728
T004270,E00683
T004270,E00555
T004270,E00166
T004270,E00150
T004270,E00112
T004270,E00295
T004270,E00499
T004270,E00618
T004271,E00726
T004271,E00292
T004271,E00389
T004271,E00181
T004271,E00399
T004271,E00217
T004271,E00709
T004271,E00544
T004271,E00431
T004271,E00429
T004271,E00422
T004271,E00539
T004271,E00626
T004271,E00276
T004271,E00707
T004271,E00187
T004271,E00492
T004271,E00651
T004272,E00603
T004272,E00440
T004272,E00308
T004272,E00094
T004272,E99606
T004272,E00787
T004272,E00076
T004272,E00674
T004272,E00309
T004272,E00768
T004272,E00625
T004272,E99885
T004272,E00582
T004273,E00235
T004273,E00285
T004273,E00049
T004273,E00449
T004273,E00410
T004273,E00197
T004273,E00162
T004273,E00666
T004274,E00300
T004274,E00487
T004274,E00277
T004274,E00664
T004274,E00695
T004274,E00447
T004274,E00604
T004274,E00483
T004275,E00511
T004275,E99970
T004275,E00027
T004275,E00537
T004275,E00370
T004275,E00048
T004275,E00513
T004275,E00545
T004276,E00175
T004276,E00481
T004276,E00171
T004276,E00433
T004276,E99373
T004276,E00788
T004276,E00229
T004276,E00133
T004277,E00430
T004277,E00243
T004277,E00345
T004277,E00249
T004277,E00464
T004277,E00196
T004277,E00250
T004277,E00721
T004278,E00478
T004278,E00652
T004278,E00584
T004278,E00736
T004278,E00220
T004278,E00065
T004278,E00058
T004278,E00223
T004279,E00633
T004280,E00772
T004280,E00371
T004280,E00739
T004280,E00781
T004281,E00102
T004281,E00385
T004281,E00208
T004281,E00303
T004282,E00184
T004282,E00525
T004282,E00698
T004282,E99014
T004283,E00400
T004283,E00426
T004283,E99787
T004283,E00745
T004284,E00436
T004284,E00212
T004284,E00509
T004284,E00380
T004285,E00044
T004285,E00358
T004285,E00662
T004285,E00182
T004286,E00023
T004286,E00405
T004286,E00205
T004286,E00685
T004287,E00587
T004287,E00045
T004287,E00700
T004287,E00569
T004288,E00441
T004288,E00445
T004288,E00533
T004288,E00336
T004289,E00214
T004289,E00404
T004289,E00498
T004289,E00589
T004290,E00311
T004290,E00743
T004290,E00354
T004290,E00450
T004291,E00473
T004291,E99245
T004291,E00439
T004291,E00304
T004291,E00392
T004291,E00733
T004291,E00600
T004291,E00489
T004291,E00377
T004291,E00122
T004291,E00323
T004291,E00352
T004291,E00063
T004291,E00256
T004291,E00766
T004291,E00241
T004291,E00236
T004291,E00242
T004292,E00117
T004292,E00075
T004292,E00451
T004293,E00585
T004293,E00106
T004293,E00720
T004293,E00393
T004293,E00755
T004293,E00108
T004293,E00012
T004293,E00598
T004293,E00132
T004293,E00694
T004293,E00671
T004293,E00047
T004293,E00395
T004293,E00570
T004293,E00039
T004293,E00081
T004293,E00455
T004293,E00452
T004294,E00782
T004294,E00454
T004294,E00193
T004294,E99936
T004294,E00376
T004294,E00004
T004294,E00278
T004294,E00496
T004294,E00149
T004294,E00602
T004294,E00567
T004294,E00141
T004294,E00531
T004295,E00043
T004295,E00413
T004295,E00621
T004295,E00475
T004295,E00408
T004295,E00109
T004295,E00403
T004295,E00127
T004296,E00785
T004296,E99012
T004296,E00727
T004296,E00703
T004296,E00528
T004296,E00327
T004296,E00198
T004296,E00771
T004297,E00264
T004297,E00535
T004297,E00324
T004297,E00629
T004297,E00363
T004297,E00322
T004297,E00495
T004297,E00715
T004298,E00586
T004298,E00036
T004298,E00055
T004298,E00074
T004298,E00320
T004298,E00163
T004298,E00147
T004298,E00562
T004299,E00784
T004299,E00028
T004299,E00643
T004299,E00192
T004299,E00402
T004299,E00262
T004299,E00139
T004299,E00130
T004300,E00073
T004300,E00729
T004300,E00552
T004300,E00060
T004300,E00553
T004300,E00100
T004300,E00641
T004300,E00195
T004301,E00188
T004301,E00257
T004301,E00317
T004301,E00554
T004302,E00501
T004302,E00145
T004302,E00757
T004302,E00189
T004303,E00002
T004303,E00494
T004303,E00326
T004303,E00505
T004304,E00263
T004304,E00526
T004304,E00339
T004304,E00103
T004305,E00479
T004305,E00168
T004305,E00617
T004305,E00645
T004306,E00640
T004306,E00305
T004306,E00005
T004306,E00110
T004307,E00101
T004307,E00169
T004307,E00231
T004307,E00794
T004308,E00606
T004308,E00119
T004308,E00414
T004308,E00770
T004309,E00098
T004310,E00387
T004310,E00224
T004310,E00158
T004310,E00030
T004310,E00543
T004310,E00701
T004310,E00599
T004310,E00684
T004310,E00746
T004310,E00118
T004310,E00275
T004310,E00015
T004310,E00206
T004310,E00516
T004310,E00646
T004310,E00019
T004310,E00165
T004310,E00799
T004311,E00017
T004311,E00054
T004311,E00294
T004311,E00692
T004312,E00227
T004312,E00592
T004312,E00200
T004312,E00719
T004312,E00462
T004312,E00566
T004312,E00164
T004312,E00724
T004313,E00590
T004313,E00121
T004313,E00648
T004313,E00467
T004313,E00576
T004313,E00776
T004313,E00620
T004313,E00386
T004314,E00306
T004314,E00170
T004314,E00274
T004314,E00343
T004314,E00624
T004314,E00174
T004314,E00180
T004314,E00391
T004315,E00434
T004315,E00290
T004315,E00658
T004315,E00053
T004315,E00708
T004315,E00151
T004316,E00204
T004316,E00705
T004316,E00595
T004316,E00490
T004317,E99599
T004317,E00792
T004317,E00753
T004317,E00057
T004318,E00144
T004318,E00681
T004318,E00427
T004318,E00470
T004319,E00384
T004319,E00416
T004319,E00050
T004319,E00344
T004320,E99672
T004320,E00078
T004320,E00072
T004320,E00609
T004321,E00682
T004321,E00634
T004321,E00202
T004321,E00575
T004322,E00476
T004322,E00401
T004322,E00042
T004322,E00293
T004323,E00061
T004323,E00225
T004323,E00390
T004324,E00653
T004324,E00228
T004324,E00346
T004324,E00654
T004324,E00642
T004324,E00574
T004324,E00355
T004324,E00095
T004324,E00560
T004324,E00104
T004324,E00488
T004324,E00521
T004324,E00379
T004324,E00696
T004324,E00365
T004324,E00373
T004324,E00115
T004324,E00034
T004325,E00774
T004325,E00226
T004325,E00791
T004326,E00167
T004326,E99436
T004326,E00251
T004326,E00351
T004326,E00628
T004326,E00559
T004326,E00084
T004326,E00156
T004326,E00568
T004326,E99182
T004326,E00610
T004326,E00372
T004326,E00796
T004326,E00123
T004326,E00591
T004327,E00135
T004327,E00580
T004327,E00026
T004327,E00649
T004327,E00679
T004327,E00092
T004327,E00008
T004327,E00221
T004328,E00420
T004328,E00594
T004328,E00219
T004328,E00735
T004328,E00239
T004328,E00316
T004329,E99418
T004329,E00411
T004329,E00083
T004329,E00233
T004329,E00342
T004329,E00314
T004329,E00775
T004329,E00046
T004330,E00523
T004330,E00041
T004330,E00350
T004330,E00289
T004330,E00650
T004330,E00321
T004330,E00548
T004330,E00307
T004331,E00417
T004331,E00021
T004332,E00312
T004332,E00091
T004332,E00514
T004332,E00458
T004333,E00366
T004333,E00474
T004333,E00210
T004333,E00375
T004334,E00179
T004334,E00424
T004334,E00296
T004334,E00029
T004335,E00394
T004335,E00612
T004335,E00748
T004335,E00113
T004336,E00558
T004336,E00107
T004337,E00522
T004337,E00765
T004337,E00332
T004337,E00099
T004337,E00601
T004337,E00663
T004337,E00040
T004337,E00374
T004337,E00763
T004337,E00550
T004337,E00090
T004337,E00310
T004337,E00461
T004337,E00504
T004337,E00712
T004337,E00790
T004337,E00148
T004337,E00248
T004338,E00711
T004338,E00734
T004339,E00116
T004339,E00780
T004339,E99799
T004339,E00786
T004339,E00157
T004339,E00383
T004339,E00246
T004339,E00232
T004340,E00749
T004340,E00740
T004340,E00238
T004340,E00518
T004340,E00657
T004340,E00437
T004340,E00207
T004341,E00690
T004341,E00209
T004341,E00639
T004341,E00760
T004342,E00280
T004342,E00025
T004342,E00397
T004342,E00244
T004343,E00632
T004343,E00686
T004343,E00331
T004343,E00318
T004344,E00284
T004344,E00114
T004345,E00800
T004345,E00783
T004345,E00291
T004345,E00230
T004345,E00199
T004345,E00325
T004345,E00125
T004345,E00406
T004345,E00660
T004345,E00003
T004345,E00647
T004345,E00561
T004345,E00409
T004345,E00333
T004345,E00129
T004345,E99528
T004345,E99753
T004345,E00497
T004346,E00779
T004346,E00258
T004346,E00077
T004346,E00191
T004346,E00565
T004346,E00556
T004346,E00549
T004346,E00752
T004346,E00086
T004346,E00762
T004346,E00038
T004346,E99209
T004346,E00161
T004346,E00337
T004346,E00630
T004346,E00795
T004346,E00051
T004346,E00018
T004347,E00267
T004347,E00605
T004347,E00459
T004347,E99213
T004347,E00297
T004347,E00398
T004347,E00142
T004347,E00773
T004347,E00016
T004347,E00009
T004348,E00672
T004348,E00680
T004348,E00524
T004348,E00082
T004348,E00542
T004348,E00368
T004348,E00096
T004348,E00022
T004348,E00052
T004348,E00732
T004348,E00536
T004348,E00693
T004348,E00798
T004348,E00033
T004348,E00597
T004348,E00335
T004348,E00515
T004348,E00456
T004349,E00731
T004349,E00759
T004349,E00087
T004349,E99003
T004349,E00716
T004349,E00577
T004349,E00272
T004349,E00767
T004349,E00448
T004349,E00388
T004349,E00789
T004349,E00153
T004349,E00596
T004349,E00186
T004349,E00315
T004349,E00037
T004349,E00080
T004349,E00754
T004350,E00723
T004350,E00689
T004350,E00482
T004350,E00579
T004350,E00655
T004350,E00218
T004350,E00159
T004350,E00631
T004350,E00702
T004350,E00607
T004351,E00185
T004351,E00134
T004351,E00738
T004351,E00699
T004351,E00751
T004351,E00443
T004351,E00581
T004351,E00173
T004352,E00758
T004352,E00661
T004352,E00532
T004352,E00616
T004352,E00510
T004352,E00675
T004352,E00444
T004352,E00364
T004353,E00024
T004353,E00176
T004353,E00260
T004353,E00124
T004353,E00282
T004353,E00466
T004353,E00465
T004353,E00240
T004354,E00011
T004354,E99970
T004354,E00338
T004354,E00382
T004354,E00137
T004354,E00126
T004354,E00259
T004354,E00619
T004355,E00769
T004355,E00717
T004355,E00706
T004355,E00140
T004355,E00678
T004355,E00730
T004355,E00469
T004355,E00438
T004356,E00557
T004356,E00564
T004357,E00493
T004357,E00541
T004357,E00468
T004357,E00463
T004357,E00269
T004357,E00432
T004357,E00613
T004357,E00503
T004358,E00131
T004358,E00704
T004358,E00546
T004358,E00797
T004358,E00665
T004358,E00299
T004358,E00222
T004358,E00301
T004359,E00741
T004359,E00298
T004359,E00750
T004359,E00407
T004359,E00744
T004359,E00056
T004359,E00234
T004359,E00032
T004360,E00014
T004360,E00213
T004360,E00313
T004360,E00097
T004360,E00190
T004360,E00644
T004360,E00203
T004360,E00247
T004361,E00340
T004361,E00160
T004361,E00020
T004361,E00348
T004361,E00089
T004361,E00419
T004361,E00673
T004361,E00362
T004362,E99501
T004363,E00286
T004363,E00177
T004363,E00128
T004363,E00421
T004364,E00010
T004364,E00507
T004364,E00059
T004364,E00687
T004365,E00573
T004365,E00485
T004365,E99698
T004365,E00423
T004366,E00215
T004366,E00472
T004366,E00105
T004366,E00517
T004367,E00777
T004367,E00742
T004367,E00480
T004367,E00155
T004368,E00718
T004368,E00714
T004368,E00369
T004368,E00453
T004369,E00283
T004369,E00677
T004369,E00778
T004369,E00593
T004370,E00506
T004370,E00425
T004370,E00615
T004370,E00477
T004371,E00093
T004371,E00471
T004371,E00330
T004371,E00357
T004372,E00415
T004372,E00172
T004372,E00070
T004372,E00319
T004373,E00583
T004373,E00007
T004373,E00266
T004374,E00544
T004374,E00276
T004374,E00670
T004374,E00499
T004374,E00308
T004374,E00181
T004374,E00512
T004374,E00150
T004374,E00484
T004374,E00707
T004374,E00519
T004374,E00582
T004374,E00492
T004374,E00618
T004374,E00603
T004374,E00683
T004374,E00555
T004374,E00669
T004375,E00112
T004375,E00725
T004375,E00399
T004375,E00094
T004375,E00217
T004375,E00431
T004375,E00429
T004375,E00446
T004375,E00627
T004375,E00508
T004375,E00166
T004375,E00237
T004375,E99979
T004375,E00539
T004375,E00076
T004375,E00709
T004375,E00295
T004375,E00422
T004376,E00674
T004376,E00435
T004376,E00787
T004376,E00625
T004376,E00768
T004376,E00152
T004376,E00292
T004376,E00728
T004377,E00433
T004377,E00764
T004377,E00483
T004377,E00430
T004377,E00537
T004377,E00511
T004377,E00449
T004377,E00196
T004378,E00736
T004378,E00666
T004378,E00250
T004378,E00235
T004378,E00249
T004378,E00481
T004378,E00604
T004378,E00049
T004379,E00410
T004379,E00478
T004379,E00229
T004379,E00220
T004379,E00285
T004379,E00171
T004379,E00695
T004379,E00345
T004380,E00175
T004380,E00788
T004380,E00277
T004380,E00713
T004380,E00447
T004380,E00633
T004380,E00513
T004380,E00162
T004381,E00721
T004381,E00487
T004381,E00464
T004381,E00133
T004381,E00058
T004381,E00197
T004381,E00664
T004381,E00065
T004382,E00652
T004382,E00048
T004382,E00545
T004382,E00027
T004382,E00637
T004382,E00300
T004382,E00136
T004382,E00243
T004383,E00044
T004383,E00385
T004383,E00336
T004383,E00743
T004384,E00214
T004384,E00023
T004384,E00102
T004384,E00781
T004385,E00533
T004385,E00205
T004385,E99793
T004385,E00380
T004386,E00400
T004386,E00509
T004386,E00445
T004386,E00208
T004387,E00698
T004387,E00302
T004387,E00700
T004387,E00498
T004388,E00745
T004388,E00589
T004388,E00662
T004388,E00303
T004389,E00685
T004389,E00525
T004389,E00405
T004389,E00450
T004390,E00404
T004390,E00045
T004390,E00587
T004390,E00412
T004391,E00426
T004391,E00569
T004391,E00428
T004391,E00441
T004392,E00311
T004392,E00371
T004392,E00358
T004392,E00436
T004393,E00772
T004393,E00182
T004393,E00442
T004393,E00212
T004394,E99844
T004394,E00547
T004394,E00001
T004395,E00489
T004395,E00392
T004395,E00063
T004395,E00256
T004395,E00451
T004395,E00075
T004395,E00323
T004395,E00529
T004395,E00600
T004395,E00538
T004395,E00236
T004395,E00117
T004395,E00691
T004395,E00122
T004395,E00352
T004395,E00733
T004395,E00241
T004395,E00473
T004396,E00377
T004396,E00242
T004397,E00452
T004397,E00047
T004397,E00720
T004397,E00081
T004397,E00193
T004397,E00141
T004397,E00108
T004397,E00602
T004397,E00376
T004397,E00278
T004397,E00395
T004397,E00570
T004397,E00106
T004397,E00531
T004397,E00694
T004397,E00039
T004397,E00667
T004397,E00567
T004398,E00004
T004398,E00585
T004398,E00012
T004398,E00496
T004398,E00598
T004398,E00755
T004398,E00132
T004398,E00149
T004398,E00393
T004398,E00454
T004398,E00782
T004398,E00671
T004399,E00363
T004399,E00771
T004399,E00127
T004399,E00727
T004399,E00629
T004399,E00475
T004399,E00535
T004399,E00264
T004400,E00785
T004400,E00109
T004400,E00408
T004400,E00281
T004400,E00703
T004400,E00495
T004400,E00621
T004400,E00413
T004401,E00403
T004401,E00198
T004401,E00043
T004401,E00715
T004401,E00528
T004401,E00324
T004402,E00729
T004402,E00262
T004402,E00073
T004402,E00586
T004402,E00195
T004402,E00554
T004402,E00402
T004402,E00163
T004403,E00562
T004403,E00320
T004403,E00028
T004403,E00784
T004403,E00147
T004403,E00188
T004403,E00100
T004403,E00553
T004404,E00192
T004404,E00036
T004404,E00060
T004404,E00074
T004404,E00643
T004404,E00608
T004404,E00317
T004404,E00257
T004405,E00055
T004405,E00146
T004406,E00501
T004406,E00606
T004406,E00494
T004406,E00505
T004407,E00645
T004407,E00231
T004407,E00526
T004407,E00110
T004408,E00103
T004408,E00757
T004408,E99063
T004408,E00339
T004409,E00326
T004409,E00101
T004409,E00002
T004409,E00305
T004410,E00794
T004410,E00169
T004410,E00013
T004410,E00189
T004411,E00770
T004411,E00098
T004411,E00168
T004411,E00119
T004412,E00479
T004412,E00635
T004412,E00640
T004412,E00617
T004413,E00145
T004414,E00224
T004414,E00158
T004414,E00701
T004414,E00599
T004414,E00692
T004414,E00030
T004414,E00543
T004414,E00206
T004414,E00165
T004414,E00118
T004414,E00275
T004414,E00684
T004414,E00015
T004414,E00646
T004414,E00138
T004414,E00294
T004414,E00799
T004414,E00746
T004415,E00006
T004415,E00387
T004415,E00017
T004415,E00054
T004415,E00516
T004416,E00620
T004416,E00121
T004416,E00200
T004416,E00274
T004416,E00624
T004416,E00724
T004416,E00793
T004416,E00776
T004417,E00151
T004417,E00467
T004417,E00180
T004417,E00434
T004417,E00576
T004417,E00502
T004417,E00648
T004417,E00053
T004418,E00164
T004418,E00174
T004418,E00306
T004418,E00268
T004418,E00566
T004418,E00343
T004418,E00719
T004418,E00391
T004419,E00592
T004419,E00386
T004419,E00290
T004419,E00658
T004419,E00227
T004419,E00462
T004420,E00609
T004420,E00681
T004420,E00390
T004420,E00575
T004421,E00204
T004421,E00792
T004421,E00353
T004421,E00634
T004422,E00401
T004422,E00344
T004422,E00042
T004422,E00384
T004423,E00427
T004423,E00078
T004423,E00050
T004423,E00057
T004424,E00470
T004424,E00293
T004424,E00416
T004424,E00144
T004425,E00120
T004425,E00225
T004425,E00682
T004425,E00490
T004426,E00202
T004426,E99116
T004426,E00061
T004426,E00540
T004427,E00595
T004427,E00705
T004427,E00334
T004428,E00346
T004428,E00653
T004428,E00226
T004428,E00069
T004428,E00228
T004428,E00574
T004428,E99887
T004428,E00488
T004428,E00355
T004428,E00521
T004428,E00034
T004428,E00642
T004428,E00560
T004428,E00791
T004428,E00373
T004428,E00654
T004428,E00696
T004428,E00365
T004429,E00774
T004429,E00379
T004429,E00115
T004430,E00167
T004430,E00123
T004430,E00156
T004430,E00796
T004430,E00251
T004430,E00372
T004430,E00084
T004430,E00255
T004430,E00628
T004430,E99791
T004430,E00349
T004430,E00591
T004430,E00559
T004430,E00351
T004430,E00568
T004430,E00610
T004431,E00008
T004431,E00735
T004431,E00026
T004431,E00420
T004431,E00201
T004431,E00239
T004431,E00092
T004431,E00221
T004432,E00219
T004432,E00649
T004432,E00316
T004432,E99096
T004432,E00135
T004433,E00270
T004433,E00289
T004433,E00523
T004433,E00417
T004433,E00314
T004433,E00021
T004433,E00233
T004433,E00307
T004434,E00411
T004434,E00775
T004434,E00350
T004434,E00085
T004434,E00342
T004434,E00360
T004434,E00041
T004434,E00321
T004435,E99054
T004435,E00035
T004435,E00083
T004435,E00254
T004435,E00046
T004436,E00458
T004436,E00296
T004436,E00210
T004436,E00394
T004437,E00424
T004437,E00356
T004437,E00288
T004437,E00367
T004438,E00366
T004438,E00107
T004438,E00029
T004438,E00071
T004439,E00375
T004439,E00514
T004439,E00748
T004439,E00091
T004440,E00179
T004440,E00113
T004441,E00663
T004441,E00461
T004441,E99604
T004441,E00504
T004441,E00332
T004441,E00763
T004441,E00712
T004441,E00765
T004441,E00563
T004441,E00148
T004441,E00099
T004441,E00374
T004441,E00310
T004441,E00088
T004441,E00550
T004441,E00040
T004441,E00090
T004441,E00248
T004442,E00711
T004442,E00601
T004442,E00522
T004443,E00657
T004443,E00194
T004443,E00656
T004443,E00383
T004443,E00207
T004443,E00232
T004443,E00437
T004443,E00588
T004444,E00246
T004444,E00157
T004444,E00740
T004444,E00341
T004444,E00116
T004444,E00780
T004444,E00786
T004444,E00749
T004445,E00238
T004446,E00114
T004446,E00639
T004446,E00760
T004446,E00025
T004447,E00280
T004447,E00397
T004447,E00690
T004447,E00578
T004448,E00244
T004448,E00331
T004448,E00284
T004448,E00318
T004449,E00209
T004449,E00686
T004450,E00460
T004450,E00409
T004450,E00258
T004450,E00497
T004450,E00800
T004450,E00329
T004450,E00333
T004450,E00009
T004450,E00565
T004450,E00178
T004450,E00252
T004450,E00660
T004450,E00710
T004450,E00273
T004450,E99267
T004450,E00129
T004450,E00267
T004450,E00291
T004451,E00795
T004451,E00549
T004451,E00199
T004451,E00556
T004451,E00077
T004451,E00561
T004451,E00325
T004451,E00297
T004451,E00647
T004451,E00003
T004451,E00230
T004451,E00459
T004451,E99105
T004451,E00762
T004451,E00161
T004451,E00142
T004451,E00016
T004451,E00051
T004452,E00752
T004452,E00337
T004452,E00688
T004452,E00783
T004452,E00086
T004452,E00253
T004452,E00779
T004452,E00773
T004452,E00406
T004453,E00082
T004453,E00702
T004453,E00448
T004453,E00631
T004453,E00265
T004453,E00756
T004453,E00596
T004453,E00096
T004453,E00542
T004453,E00037
T004453,E00153
T004453,E00798
T004453,E00759
T004453,E00080
T004453,E00723
T004453,E00368
T004453,E00315
T004453,E00676
T004454,E00159
T004454,E00515
T004454,E00607
T004454,E00536
T004454,E00693
T004454,E00579
T004454,E00033
T004454,E00597
T004454,E00577
T004454,E00087
T004454,E00731
T004454,E00680
T004454,E00218
T004454,E00052
T004454,E00272
T004454,E00716
T004454,E00689
T004454,E00335
T004455,E00456
T004455,E00754
T004455,E00524
T004455,E00732
T004455,E00767
T004455,E00186
T004455,E00655
T004455,E00789
T004456,E00564
T004456,E00769
T004456,E00730
T004456,E00551
T004456,E00581
T004456,E00443
T004456,E00338
T004456,E00675
T004457,E00124
T004457,E00259
T004457,E00185
T004457,E00364
T004457,E00510
T004457,E00500
T004457,E00382
T004457,E00619
T004458,E00469
T004458,E00282
T004458,E00126
T004458,E00706
T004458,E00140
T004458,E00678
T004458,E00173
T004458,E00176
T004459,E00444
T004459,E00011
T004459,E00137
T004459,E00465
T004459,E00260
T004459,E00134
T004459,E00557
T004459,E00661
T004460,E00699
T004460,E00738
T004460,E00240
T004460,E00758
T004460,E00532
T004460,E00616
T004460,E00438
T004461,E00089
T004461,E00673
T004461,E00520
T004461,E00301
T004461,E00463
T004461,E00143
T004461,E00269
T004461,E00032
T004462,E00468
T004462,E00190
T004462,E00213
T004462,E00247
T004462,E00493
T004462,E00298
T004462,E00299
T004462,E00014
T004463,E00203
T004463,E00744
T004463,E00546
T004463,E00160
T004463,E00741
T004463,E00234
T004463,E00419
T004463,E00348
T004464,E00644
T004464,E00432
T004464,E00183
T004464,E00097
T004464,E00704
T004464,E00407
T004464,E00131
T004464,E00222
T004465,E00056
T004465,E00665
T004465,E00020
T004465,E00340
T004465,E00797
T004465,E00750
T004465,E00111
T004466,E00271
T004466,E00778
T004466,E00472
T004466,E00059
T004467,E00070
T004467,E00477
T004467,E00177
T004467,E00007
T004468,E00423
T004468,E00283
T004468,E00453
T004468,E00677
T004469,E00593
T004469,E00425
T004469,E00211
T004469,E00480
T004470,E00687
T004470,E00155
T004470,E00319
T004470,E00718
T004471,E00777
T004471,E00172
T004471,E00105
T004471,E00128
T004472,E00742
T004472,E00506
T004472,E00415
T004472,E00507
T004473,E00486
T004473,E00615
T004473,E00010
T004473,E00357
T004474,E00093
T004474,E00215
T004474,E00583
T004474,E00573
T004475,E00330
T004475,E00421
T004475,E00485
T004475,E00714
T004476,E00266
T004476,E00471
T004476,E00369
T004476,E00517
T004477,E00094
T004477,E00237
T004477,E00309
T004477,E00399
T004477,E00544
T004477,E00431
T004477,E00440
T004477,E00446
T004477,E00787
T004477,E00625
T004477,E00555
T004477,E00166
T004477,E00519
T004477,E00582
T004477,E00422
T004477,E00627
T004477,E00276
T004477,E99556
T004478,E00492
T004478,E00499
T004478,E00308
T004478,E00674
T004478,E00669
T004478,E99246
T004478,E00389
T004478,E00728
T004478,E00626
T004478,E00187
T004478,E00181
T004478,E00076
T004478,E00651
T004478,E00484
T004478,E00152
T004478,E00279
T004478,E00429
T004478,E00508
T004479,E00539
T004479,E00768
T004479,E00618
T004479,E00725
T004479,E00217
T004479,E00150
T004479,E00512
T004479,E00435
T004479,E00603
T004479,E00683
T004479,E00295
T004480,E00133
T004480,E00300
T004480,E00229
T004480,E00604
T004480,E00277
T004480,E00058
T004480,E00171
T004480,E00250
T004481,E00027
T004481,E00633
T004481,E00223
T004481,E00449
T004481,E00695
T004481,E00410
T004481,E00065
T004481,E00637
T004482,E00664
T004482,E00481
T004482,E00513
T004482,E00220
T004482,E00584
T004482,E00713
T004482,E00764
T004482,E00447
T004483,E00666
T004483,E00487
T004483,E00370
T004483,E00464
T004483,E00197
T004483,E00235
T004483,E00721
T004483,E00433
T004484,E00736
T004484,E00545
T004484,E00788
T004484,E00162
T004484,E00478
T004484,E00243
T004484,E00345
T004484,E00136
T004485,E00285
T004485,E00249
T004485,E00048
T004485,E00511
T004485,E00175
T004485,E00483
T004485,E00652
T004485,E00049
T004486,E00354
T004486,E00044
T004486,E00739
T004486,E00441
T004487,E00781
T004487,E00745
T004487,E00436
T004487,E00426
T004488,E00442
T004488,E00412
T004488,E00311
T004488,E00102
T004489,E00371
T004489,E00589
T004489,E00205
T004489,E00001
T004490,E99262
T004490,E00381
T004490,E00700
T004490,E00214
T004491,E00509
T004491,E00445
T004491,E00743
T004491,E00208
T004492,E00587
T004492,E00547
T004492,E00685
T004492,E99631
T004493,E00212
T004493,E00182
T004493,E00303
T004493,E00450
T004494,E00772
T004494,E00698
T004494,E00336
T004494,E00428
T004495,E00023
T004495,E00533
T004495,E00045
T004495,E00525
T004496,E00380
T004496,E99890
T004496,E00184
T004497,E00241
T004497,E00075
T004497,E00733
T004497,E00439
T004497,E00451
T004497,E00323
T004497,E00766
T004497,E00117
T004497,E00304
T004497,E00236
T004497,E00691
T004497,E00242
T004497,E00256
T004497,E00600
T004497,E00352
T004497,E00392
T004497,E00122
T004497,E00538
T004498,E00063
T004498,E00473
T004498,E00529
T004499,E00496
T004499,E00108
T004499,E00531
T004499,E00376
T004499,E00012
T004499,E00039
T004499,E00149
T004499,E00585
T004499,E00667
T004499,E00671
T004499,E00395
T004499,E00455
T004499,E00081
T004499,E00570
T004499,E00598
T004499,E00047
T004499,E00755
T004499,E00141
T004500,E00193
T004500,E00782
T004500,E00004
T004500,E00720
T004500,E99916
T004500,E00132
T004500,E00106
T004500,E00602
T004500,E00452
T004500,E00454
T004500,E00694
T004501,E00043
T004501,E00281
T004501,E99548
T004501,E00737
T004501,E00322
T004501,E00363
T004501,E00785
T004501,E00528
T004502,E00629
T004502,E00324
T004502,E00403
T004502,E00109
T004502,E00127
T004502,E00264
T004502,E00771
T004502,E00495
T004503,E00621
T004503,E00413
T004503,E00408
T004503,E00535
T004503,E00327
T004503,E00198
T004503,E00715
T004504,E00402
T004504,E00554
T004504,E00195
T004504,E00073
T004504,E00147
T004504,E00262
T004504,E00608
T004504,E00028
T004505,E00055
T004505,E00317
T004505,E00641
T004505,E00729
T004505,E00784
T004505,E00130
T004505,E00586
T004505,E00074
T004506,E00188
T004506,E00163
T004506,E00257
T004506,E00320
T004506,E00036
T004506,E00552
T004506,E00060
T004506,E00146
T004507,E99394
T004507,E00562
T004507,E00100
T004508,E00479
T004508,E00635
T004508,E00101
T004508,E00098
T004509,E00326
T004509,E00606
T004509,E00002
T004509,E00770
T004510,E00189
T004510,E00231
T004510,E00339
T004510,E00305
T004511,E00617
T004511,E00640
T004511,E00169
T004511,E00501
T004512,E00168
T004512,E00013
T004512,E00645
T004512,E00263
T004513,E00110
T004513,E00005
T004513,E00794
T004513,E00103
T004514,E00505
T004514,E00145
T004515,E00746
T004515,E00006
T004515,E99055
T004515,E00138
T004515,E00054
T004515,E00684
T004515,E00275
T004515,E00224
T004515,E00165
T004515,E00646
T004515,E00692
T004515,E00543
T004515,E00019
T004515,E00599
T004515,E00030
T004515,E00206
T004515,E00118
T004515,E00017
T004516,E00701
T004516,E00015
T004516,E00516
T004516,E00158
T004516,E00387
T004517,E00793
T004517,E00391
T004517,E00708
T004517,E00648
T004517,E00174
T004517,E00170
T004517,E00227
T004517,E00306
T004518,E00719
T004518,E00343
T004518,E00180
T004518,E00164
T004518,E99803
T004518,E00268
T004518,E00053
T004518,E00724
T004519,E00121
T004519,E00566
T004519,E00200
T004519,E00434
T004519,E00592
T004519,E00467
T004519,E00290
T004519,E00274
T004520,E00151
T004520,E00776
T004520,E00658
T004520,E00576
T004521,E00042
T004521,E00634
T004521,E00072
T004521,E00682
T004522,E00120
T004522,E00470
T004522,E00490
T004522,E00575
T004523,E00401
T004523,E00753
T004523,E00705
T004523,E00057
T004524,E00540
T004524,E00293
T004524,E00202
T004524,E00681
T004525,E00344
T004525,E00609
T004525,E00390
T004525,E00792
T004526,E00384
T004526,E00334
T004526,E00476
T004526,E00050
T004527,E00427
T004527,E00225
T004527,E00595
T004527,E00144
T004528,E00078
T004528,E00061
T004528,E00204
T004528,E00416
T004529,E00696
T004529,E00034
T004529,E00226
T004529,E00365
T004529,E00560
T004529,E00346
T004529,E00115
T004529,E00069
T004529,E00774
T004529,E00104
T004529,E00653
T004529,E00791
T004529,E00373
T004529,E00521
T004529,E00614
T004529,E00355
T004529,E00642
T004529,E00379
T004530,E00095
T004530,E00654
T004530,E00574
T004530,E00228
T004530,E00488
T004531,E00610
T004531,E00156
T004531,E00568
T004531,E00251
T004531,E00591
T004531,E00255
T004531,E00351
T004531,E00167
T004531,E00796
T004531,E00628
T004531,E00123
T004531,E00559
T004531,E00084
T004531,E00372
T004531,E00349
T004531,E00062
T004532,E00316
T004532,E00594
T004532,E00219
T004532,E00201
T004532,E00735
T004532,E00420
T004532,E00679
T004532,E00026
T004533,E00239
T004533,E00008
T004533,E00580
T004533,E00649
T004533,E00221
T004533,E00135
T004533,E00092
T004533,E00418
T004534,E00411
T004534,E00417
T004534,E99037
T004534,E00046
T004534,E00523
T004534,E00041
T004534,E00548
T004534,E00360
T004535,E00342
T004535,E00270
T004535,E00350
T004535,E00314
T004535,E00307
T004535,E00035
T004535,E00021
T004535,E00321
T004536,E00650
T004536,E00085
T004536,E00254
T004536,E00775
T004536,E99024
T004537,E00356
T004537,E00367
T004537,E00296
T004537,E00612
T004538,E00210
T004538,E00312
T004538,E00748
T004538,E00091
T004539,E00113
T004539,E00107
T004539,E00458
T004539,E00179
T004540,E00474
T004540,E00375
T004540,E00366
T004540,E00558
T004541,E99449
T004541,E00071
T004542,E00711
T004542,E00088
T004542,E00712
T004542,E00550
T004542,E00099
T004542,E00563
T004542,E00601
T004542,E00763
T004542,E00765
T004542,E00040
T004542,E00310
T004542,E00663
T004542,E00148
T004542,E00461
T004542,E00734
T004542,E00522
T004542,E00790
T004542,E00248
T004543,E00374
T004544,E00157
T004544,E99076
T004544,E00194
T004544,E00588
T004544,E00786
T004544,E00207
T004544,E00341
T004544,E00232
T004545,E00749
T004545,E00116
T004545,E00238
T004545,E00437
T004545,E00780
T004546,E00632
T004546,E00397
T004546,E00760
T004546,E00686
T004547,E00690
T004547,E00318
T004547,E00244
T004547,E00209
T004548,E00025
T004548,E00280
T004548,E00639
T004548,E00284
T004549,E00331
T004549,E00578
T004549,E00114
T004550,E00800
T004550,E00267
T004550,E00230
T004550,E00779
T004550,E00003
T004550,E00497
T004550,E00199
T004550,E00325
T004550,E00688
T004550,E00572
T004550,E00565
T004550,E00018
T004550,E00460
T004550,E00459
T004550,E00752
T004550,E00795
T004550,E00009
T004550,E00253
T004551,E00142
T004551,E00125
T004551,E00783
T004551,E00178
T004551,E00291
T004551,E00773
T004551,E00252
T004551,E00191
T004551,E00129
T004551,E00630
T004551,E00333
T004551,E00549
T004551,E00077
T004551,E00051
T004551,E00561
T004551,E00398
T004551,E00086
T004551,E00016
T004552,E00297
T004552,E00660
T004552,E00762
T004552,E00038
T004552,E00258
T004552,E00409
T004552,E00337
T004552,E00161
T004552,E00273
T004552,E00710
T004552,E00406
T004552,E00556
T004553,E00731
T004553,E00368
T004553,E00388
T004553,E00159
T004553,E00037
T004553,E00597
T004553,E00265
T004553,E00524
T004553,E00732
T004553,E00579
T004553,E99691
T004553,E00096
T004553,E00335
T004553,E00087
T004553,E00723
T004553,E00022
T004553,E00272
T004553,E00536
T004554,E00052
T004554,E00689
T004554,E00082
T004554,E00759
T004554,E00577
T004554,E00756
T004554,E00448
T004554,E00676
T004554,E00631
T004554,E00218
T004554,E00767
T004554,E00033
T004554,E00702
T004554,E00153
T004554,E00754
T004554,E00607
T004554,E00789
T004554,E00456
T004555,E00680
T004555,E00596
T004555,E00672
T004555,E00655
T004555,E00515
T004555,E00482
T004555,E00542
T004555,E00080
T004555,E00186
T004555,E00716
T004556,E99949
T004556,E00466
T004556,E00024
T004556,E00444
T004556,E00282
T004556,E00364
T004556,E00661
T004556,E00176
T004557,E00717
T004557,E00134
T004557,E00730
T004557,E00140
T004557,E00551
T004557,E00564
T004557,E00126
T004557,E00581
T004558,E00738
T004558,E00532
T004558,E00438
T004558,E00154
T004558,E00706
T004558,E00260
T004558,E00699
T004558,E00619
T004559,E00751
T004559,E00758
T004559,E00557
T004559,E00616
T004559,E00240
T004559,E00338
T004559,E00469
T004559,E00443
T004560,E00500
T004560,E99232
T004560,E00124
T004560,E00259
T004560,E00011
T004560,E00465
T004560,E00510
T004560,E00769
T004561,E00382
T004562,E00362
T004562,E00520
T004562,E00089
T004562,E00020
T004562,E00269
T004562,E00493
T004562,E00340
T004562,E99867
T004563,E00541
T004563,E00234
T004563,E00503
T004563,E00546
T004563,E00359
T004563,E00704
T004563,E00432
T004563,E00644
T004564,E00097
T004564,E00348
T004564,E00190
T004564,E00407
T004564,E00419
T004564,E00301
T004564,E00143
T004564,E00797
T004565,E00613
T004565,E00299
T004565,E00673
T004565,E00468
T004565,E00744
T004565,E00741
T004565,E00160
T004565,E00750
T004566,E00213
T004566,E00247
T004566,E00032
T004566,E00014
T004566,E00056
T004566,E00183
T004566,E00203
T004567,E00777
T004567,E00093
T004567,E00471
T004567,E00453
T004568,E00507
T004568,E00286
T004568,E00423
T004568,E00615
T004569,E00472
T004569,E00172
T004569,E00677
T004569,E00421
T004570,E00211
T004570,E00128
T004570,E00742
T004570,E00330
T004571,E00266
T004571,E00486
T004571,E00778
T004571,E00369
T004572,E00070
T004572,E00714
T004572,E00718
T004572,E00283
T004573,E00271
T004573,E00583
T004573,E00517
T004573,E00485
T004574,E00357
T004574,E00687
T004574,E00010
T004574,E00059
T004575,E00007
T004575,E00573
T004575,E00477
T004575,E00177
T004576,E00593
T004576,E00506
T004576,E00415
T004576,E00215
T004577,E00425
T004577,E00155
T004577,E00480
T004577,E00319
T004578,E99789
T004578,E00618
T004578,E00181
T004578,E00295
T004578,E00625
T004578,E00431
T004578,E00683
T004578,E00076
T004578,E00112
T004578,E00651
T004578,E00582
T004578,E00150
T004578,E00728
T004578,E00292
T004578,E00166
T004578,E00237
T004578,E00787
T004578,E00670
T004579,E00519
T004579,E00276
T004579,E00627
T004579,E00435
T004579,E00768
T004579,E99406
T004579,E00309
T004579,E00187
T004579,E00094
T004579,E00725
T004579,E00603
T004579,E00726
T004579,E00152
T004579,E00399
T004579,E00308
T004579,E00512
T004579,E00279
T004579,E00544
T004580,E00422
T004580,E00389
T004580,E00709
T004580,E00484
T004580,E00217
T004580,E00440
T004580,E00539
T004580,E00555
T004580,E00446
T004581,E00483
T004581,E00721
T004581,E00430
T004581,E00433
T004581,E00713
T004581,E99436
T004581,E00058
T004581,E00196
T004582,E00162
T004582,E00250
T004582,E00220
T004582,E00175
T004582,E00249
T004582,E00171
T004582,E00478
T004582,E00513
T004583,E00487
T004583,E00370
T004583,E00788
T004583,E00136
T004583,E00229
T004583,E00235
T004583,E00511
T004583,E00345
T004584,E00481
T004584,E00584
T004584,E00048
T004584,E00666
T004584,E00277
T004584,E00604
T004584,E00049
T004584,E00285
T004585,E00464
T004585,E00736
T004585,E00545
T004585,E00027
T004585,E00652
T004585,E00664
T004585,E00197
T004585,E00537
T004586,E00633
T004586,E00764
T004587,E00311
T004587,E00044
T004587,E00405
T004587,E00442
T004588,E00739
T004588,E00509
T004588,E00214
T004588,E00380
T004589,E00743
T004589,E00354
T004589,E99903
T004589,E00498
T004590,E00445
T004590,E00045
T004590,E00547
T004590,E00436
T004591,E00441
T004591,E00412
T004591,E00589
T004591,E99534
T004592,E00184
T004592,E00400
T004592,E00569
T004592,E00781
T004593,E00698
T004593,E00023
T004593,E00302
T004593,E00208
T004594,E00385
T004594,E99063
T004594,E00212
T004594,E00102
T004595,E00001
T004595,E00587
T004595,E00426
T004595,E00205
T004596,E00358
T004596,E00428
T004596,E00533
T004596,E00336
T004597,E00525
T004597,E00685
T004597,E00745
T004597,E00381
T004598,E00075
T004598,E00241
T004598,E00733
T004598,E00377
T004598,E00122
T004598,E00473
T004598,E00256
T004598,E00323
T004598,E00691
T004598,E99808
T004598,E00392
T004598,E00304
T004598,E00439
T004598,E00063
T004598,E00236
T004598,E00600
T004598,E00451
T004598,E00489
T004599,E00538
T004599,E00117
T004599,E00766
T004599,E00352
T004600,E00081
T004600,E00039
T004600,E00570
T004600,E00455
T004600,E00454
T004600,E00694
T004600,E00755
T004600,E00531
T004600,E00376
T004600,E00047
T004600,E00004
T004600,E00452
T004600,E00278
T004600,E00567
T004600,E00108
T004600,E00395
T004600,E00106
T004600,E00393
T004601,E00598
T004601,E00012
T004601,E00671
T004601,E00132
T004601,E00720
T004601,E00782
T004601,E00585
T004601,E00602
T004601,E00149
T004602,E00043
T004602,E00771
T004602,E00535
T004602,E00281
T004602,E00629
T004602,E00408
T004602,E00198
T004602,E00363
T004603,E00322
T004603,E00785
T004603,E00495
T004603,E99952
T004603,E00403
T004603,E00715
T004603,E00413
T004603,E00528
T004604,E00703
T004604,E00109
T004604,E00621
T004604,E00475
T004604,E00327
T004604,E00737
T004604,E00127
T004605,E00562
T004605,E00784
T004605,E00554
T004605,E00608
T004605,E00130
T004605,E00028
T004605,E00192
T004605,E00146
T004606,E00320
T004606,E00074
T004606,E99925
T004606,E00257
T004606,E00055
T004606,E00163
T004606,E00552
T004606,E00586
T004607,E00729
T004607,E00139
T004607,E00402
T004607,E00073
T004607,E00036
T004607,E00641
T004607,E00553
T004607,E00147
T004608,E00188
T004608,E00195
T004608,E00060
T004608,E00317
T004609,E00263
T004609,E00110
T004609,E00617
T004609,E00119
T004610,E00189
T004610,E00098
T004610,E00013
T004610,E00770
T004611,E00635
T004611,E00103
T004611,E00231
T004611,E00640
T004612,E00168
T004612,E00501
T004612,E00326
T004612,E00479
T004613,E00505
T004613,E00169
T004613,E00339
T004613,E00002
T004614,E00145
T004614,E00305
T004614,E00005
T004614,E00494
T004615,E00645
T004615,E00606
T004615,E00794
T004615,E00414
T004616,E00526
T004617,E00019
T004617,E00158
T004617,E00224
T004617,E00138
T004617,E00799
T004617,E00054
T004617,E00684
T004617,E00118
T004617,E00543
T004617,E00387
T004617,E00017
T004617,E00165
T004617,E00275
T004617,E00701
T004617,E00006
T004617,E99301
T004617,E00599
T004617,E00206
T004618,E00294
T004618,E00516
T004618,E00646
T004619,E00227
T004619,E00200
T004619,E00434
T004619,E00462
T004619,E00793
T004619,E00620
T004619,E00467
T004619,E00576
T004620,E00624
T004620,E00776
T004620,E00170
T004620,E00164
T004620,E00268
T004620,E00151
T004620,E00719
T004620,E00121
T004621,E00566
T004621,E00648
T004621,E00343
T004621,E00592
T004621,E00274
T004621,E00590
T004621,E00502
T004621,E00053
T004622,E00306
T004622,E00180
T004622,E00174
T004622,E00391
T004622,E00386
T004622,E00290
T004623,E00384
T004623,E00609
T004623,E00204
T004623,E00057
T004624,E00416
T004624,E00681
T004624,E00575
T004624,E00042
T004625,E00334
T004625,E00353
T004625,E00427
T004625,E00470
T004626,E00390
T004626,E00753
T004626,E00634
T004626,E00595
T004627,E00476
T004627,E00490
T004627,E00792
T004627,E00072
T004628,E00061
T004628,E00401
T004628,E00078
T004628,E99013
T004629,E00682
T004629,E00225
T004629,E00293
T004629,E00144
T004630,E00344
T004630,E00540
T004630,E00050
T004631,E00488
T004631,E00095
T004631,E00373
T004631,E00774
T004631,E00791
T004631,E00355
T004631,E00069
T004631,E00521
T004631,E00226
T004631,E00560
T004631,E00642
T004631,E00574
T004631,E00228
T004631,E00654
T004631,E00115
T004631,E00346
T004631,E00104
T004631,E99949
T004632,E00591
T004632,E00123
T004632,E00610
T004632,E00084
T004632,E00796
T004632,E00156
T004632,E00349
T004632,E00559
T004632,E00255
T004632,E00062
T004632,E00628
T004632,E00372
T004632,E00568
T004633,E00420
T004633,E00418
T004633,E00219
T004633,E00735
T004633,E00679
T004633,E00221
T004633,E00594
T004633,E00135
T004634,E00092
T004634,E00316
T004634,E00026
T004634,E00649
T004634,E00239
T004634,E00201
T004634,E00580
T004635,E00041
T004635,E00350
T004635,E00360
T004635,E00307
T004635,E00021
T004635,E00314
T004635,E00650
T004635,E00523
T004636,E00233
T004636,E00548
T004636,E00083
T004636,E00321
T004636,E00046
T004636,E00270
T004636,E00342
T004636,E00085
T004637,E99112
T004637,E00411
T004637,E00289
T004637,E00775
T004638,E00366
T004638,E00179
T004638,E00558
T004638,E00514
T004639,E00458
T004639,E00091
T004639,E00113
T004639,E00367
T004640,E00748
T004640,E00210
T004640,E00071
T004640,E00107
T004641,E00612
T004641,E00312
T004641,E00394
T004641,E00356
T004642,E99449
T004642,E00296
T004643,E00090
T004643,E00248
T004643,E00310
T004643,E00712
T004643,E00663
T004643,E00099
T004643,E00332
T004643,E00601
T004643,E00088
T004643,E00563
T004643,E00148
T004643,E00550
T004643,E00711
T004643,E00461
T004643,E00763
T004643,E00734
T004643,E00374
T004643,E00790
T004644,E00040
T004645,E00780
T004645,E00246
T004645,E00657
T004645,E00518
T004645,E00232
T004645,E00116
T004645,E00383
T004645,E00194
T004646,E00588
T004646,E00207
T004646,E00157
T004646,E00786
T004646,E00437
T004646,E00341
T004646,E00656
T004646,E00749
T004647,E00740
T004648,E00686
T004648,E00397
T004648,E00318
T004648,E00114
T004649,E00284
T004649,E00331
T004649,E00280
T004649,E00632
T004650,E00690
T004650,E00639
T004650,E00025
T004650,E00578
T004651,E00209
T004651,E00760
T004652,E00783
T004652,E00630
T004652,E00752
T004652,E00556
T004652,E00660
T004652,E00572
T004652,E00762
T004652,E00191
T004652,E00773
T004652,E00077
T004652,E00253
T004652,E00199
T004652,E00333
T004652,E00142
T004652,E00565
T004652,E00329
T004652,E00779
T004652,E00398
T004653,E00710
T004653,E00003
T004653,E00459
T004653,E00009
T004653,E00337
T004653,E00460
T004653,E00161
T004653,E00086
T004653,E00605
T004653,E00178
T004653,E99627
T004653,E00038
T004653,E00252
T004653,E00273
T004653,E00497
T004653,E00795
T004653,E00409
T004653,E00018
T004654,E00647
T004654,E00051
T004654,E00230
T004654,E99579
T004654,E00129
T004654,E00688
T004655,E00515
T004655,E00388
T004655,E00631
T004655,E00033
T004655,E00536
T004655,E00716
T004655,E00272
T004655,E00759
T004655,E00672
T004655,E00579
T004655,E00022
T004655,E00597
T004655,E00080
T004655,E00456
T004655,E00159
T004655,E00335
T004655,E00368
T004655,E00524
T004656,E00096
T004656,E00596
T004656,E00607
T004656,E00676
T004656,E00448
T004656,E00052
T004656,E00542
T004656,E00153
T004656,E00723
T004656,E00577
T004656,E00218
T004656,E00702
T004656,E00186
T004656,E00767
T004656,E00756
T004656,E00789
T004656,E00315
T004656,E00732
T004657,E00731
T004657,E00693
T004657,E00655
T004657,E00037
T004657,E00689
T004657,E00482
T004657,E00265
T004657,E00754
T004658,E00738
T004658,E00678
T004658,E00011
T004658,E00616
T004658,E00730
T004658,E00282
T004658,E00364
T004658,E00134
T004659,E00466
T004659,E00717
T004659,E00438
T004659,E00185
T004659,E00259
T004659,E00240
T004659,E00260
T004659,E00444
T004660,E00619
T004660,E00581
T004660,E00338
T004660,E00154
T004660,E99515
T004660,E00469
T004660,E00137
T004660,E00758
T004661,E00769
T004661,E00465
T004661,E00173
T004661,E00751
T004661,E00675
T004661,E00176
T004661,E00126
T004661,E00532
T004662,E00699
T004662,E00382
T004662,E00557
T004662,E00551
T004662,E00661
T004662,E00124
T004662,E00564
T004662,E00140
T004663,E00510
T004664,E00463
T004664,E00493
T004664,E00503
T004664,E00359
T004664,E00407
T004664,E00213
T004664,E00797
T004664,E00613
T004665,E00313
T004665,E00020
T004665,E00269
T004665,E00298
T004665,E00704
T004665,E00089
T004665,E00111
T004665,E00143
T004666,E00340
T004666,E00468
T004666,E00520
T004666,E00299
T004666,E00644
T004666,E00541
T004666,E00190
T004666,E00160
T004667,E00222
T004667,E00301
T004667,E00546
T004667,E00247
T004667,E00203
T004667,E00362
T004667,E00673
T004667,E00056
T004668,E00348
T004668,E00032
T004668,E00750
T004668,E00744
T004668,E00183
T004668,E00419
T004668,E00741
T004668,E00665
T004669,E00677
T004669,E00215
T004669,E00271
T004669,E00485
T004670,E00286
T004670,E00453
T004670,E00486
T004670,E00266
T004671,E00093
T004671,E00421
T004671,E00330
T004671,E00105
T004672,E00472
T004672,E00357
T004672,E00155
T004672,E00615
T004673,E00007
T004673,E00415
T004673,E00593
T004673,E00742
T004674,E00128
T004674,E00480
T004674,E00507
T004674,E00777
T004675,E00423
T004675,E00718
T004675,E00177
T004675,E00425
T004676,E00573
T004676,E00583
T004676,E00506
T004676,E00369
T004677,E00211
T004677,E00471
T004677,E00172
T004677,E00687
T004678,E00714
T004678,E00070
T004679,E00308
T004679,E00389
T004679,E00726
T004679,E00094
T004679,E00508
T004679,E00112
T004679,E00519
T004679,E00499
T004679,E00422
T004679,E00187
T004679,E00627
T004679,E00768
T004679,E00625
T004679,E00166
T004679,E00669
T004679,E00492
T004679,E00626
T004679,E00309
T004680,E00399
T004680,E00295
T004680,E00582
T004680,E00152
T004680,E00440
T004680,E00651
T004680,E00431
T004680,E00787
T004680,E00544
T004680,E00292
T004680,E99297
T004680,E00276
T004680,E00237
T004680,E00150
T004680,E00707
T004680,E00670
T004680,E00539
T004680,E00683
T004681,E00728
T004681,E00446
T004681,E00279
T004681,E00603
T004681,E00076
T004681,E00725
T004681,E00181
T004681,E00217
T004681,E00555
T004681,E00674
T004681,E00429
T004682,E00633
T004682,E00196
T004682,E00637
T004682,E00175
T004682,E00695
T004682,E00277
T004682,E00652
T004682,E00487
T004683,E00664
T004683,E00449
T004683,E00410
T004683,E00736
T004683,E00345
T004683,E00721
T004683,E99927
T004683,E00545
T004684,E00048
T004684,E00764
T004684,E00300
T004684,E00058
T004684,E00133
T004684,E00027
T004684,E00243
T004684,E00223
T004685,E00430
T004685,E00049
T004685,E00584
T004685,E00065
T004685,E00788
T004685,E00162
T004685,E00220
T004685,E00235
T004686,E00370
T004686,E00537
T004686,E00666
T004686,E00604
T004686,E00229
T004686,E00478
T004686,E00464
T004686,E00197
T004687,E00447
T004687,E00285
T004687,E00433
T004687,E00513
T004687,E00249
T004687,E00481
T004687,E00136
T004688,E00450
T004688,E00381
T004688,E00045
T004688,E00436
T004689,E00662
T004689,E00336
T004689,E00044
T004689,E00303
T004690,E00023
T004690,E00400
T004690,E00311
T004690,E00212
T004691,E00358
T004691,E00569
T004691,E00441
T004691,E00498
T004692,E00781
T004692,E00589
T004692,E00745
T004692,E00698
T004693,E00404
T004693,E00445
T004693,E00743
T004693,E00700
T004694,E00547
T004694,E00380
T004694,E00533
T004694,E00001
T004695,E00428
T004695,E00772
T004695,E00525
T004695,E99998
T004696,E00587
T004696,E00405
T004696,E00371
T004696,E00302
T004697,E00214
T004697,E00685
T004697,E00208
T004697,E00442
T004698,E00412
T004698,E00182
T004698,E00354
T004698,E00509
T004699,E00184
T004699,E00385
T004700,E00256
T004700,E00377
T004700,E00473
T004700,E00489
T004700,E00236
T004700,E00063
T004700,E00451
T004700,E00323
T004700,E00352
T004700,E00691
T004700,E00075
T004700,E00766
T004700,E00117
T004700,E00529
T004700,E00600
T004700,E00122
T004700,E00242
T004700,E00733
T004701,E00304
T004701,E00392
T004701,E00538
T004701,E00439
T004702,E00012
T004702,E00047
T004702,E00393
T004702,E00782
T004702,E00108
T004702,E00278
T004702,E00081
T004702,E00496
T004702,E00531
T004702,E00755
T004702,E00455
T004702,E00585
T004702,E00570
T004702,E00395
T004702,E00132
T004702,E00598
T004702,E00193
T004702,E00602
T004703,E00671
T004703,E00567
T004703,E00667
T004703,E00039
T004703,E00141
T004703,E00106
T004703,E00004
T004703,E00376
T004703,E00720
T004703,E00694
T004703,E00454
T004703,E00452
T004703,E00149
T004704,E99530
T004704,E00198
T004704,E00535
T004704,E00043
T004704,E00495
T004704,E00621
T004704,E00127
T004704,E00771
T004705,E00727
T004705,E00403
T004705,E00629
T004705,E00475
T004705,E00324
T004705,E00715
T004705,E00322
T004705,E00785
T004706,E00109
T004706,E00703
T004706,E00528
T004706,E00737
T004706,E00408
T004706,E00264
T004706,E00327
T004707,E00729
T004707,E00100
T004707,E00195
T004707,E00320
T004707,E00262
T004707,E00562
T004707,E00055
T004707,E00257
T004708,E00188
T004708,E00586
T004708,E99626
T004708,E00074
T004708,E00028
T004708,E00139
T004708,E00130
T004708,E00163
T004709,E00060
T004709,E00402
T004709,E00036
T004709,E00146
T004709,E00554
T004709,E00643
T004709,E00073
T004709,E00553
T004710,E00784
T004710,E00147
T004710,E00608
T004711,E00168
T004711,E00145
T004711,E00169
T004711,E00635
T004712,E00794
T004712,E00002
T004712,E00479
T004712,E00119
T004713,E00103
T004713,E00263
T004713,E00414
T004713,E00640
T004714,E00231
T004714,E00005
T004714,E00505
T004714,E00606
T004715,E00339
T004715,E00305
T004715,E00617
T004715,E00189
T004716,E00013
T004716,E00098
T004716,E00526
T004716,E00494
T004717,E00757
T004717,E00645
T004717,E00326
T004717,E00501
T004718,E00101
T004719,E00054
T004719,E00165
T004719,E00017
T004719,E00684
T004719,E00015
T004719,E00206
T004719,E00224
T004719,E00692
T004719,E00138
T004719,E00158
T004719,E00030
T004719,E00746
T004719,E00599
T004719,E00701
T004719,E00294
T004719,E00646
T004719,E00275
T004719,E00543
T004720,E00019
T004720,E00387
T004720,E00006
T004721,E00566
T004721,E00227
T004721,E00268
T004721,E00170
T004721,E00386
T004721,E00121
T004721,E00151
T004721,E00590
T004722,E00776
T004722,E00793
T004722,E00434
T004722,E00502
T004722,E00467
T004722,E99901
T004722,E00343
T004722,E00708
T004723,E00306
T004723,E00592
T004723,E00624
T004723,E00724
T004723,E00200
T004723,E00719
T004723,E00620
T004723,E00053
T004724,E00648
T004724,E00391
T004724,E00164
T004724,E00180
T004724,E00274
T004725,E00050
T004725,E00595
T004725,E00384
T004725,E00144
T004726,E00120
T004726,E00609
T004726,E00344
T004726,E00575
T004727,E00681
T004727,E00061
T004727,E00540
T004727,E00427
T004728,E00792
T004728,E00470
T004728,E00334
T004728,E00476
T004729,E00401
T004729,E00490
T004729,E00705
T004729,E00042
T004730,E00078
T004730,E00202
T004730,E00390
T004730,E00416
T004731,E00353
T004731,E00293
T004731,E00072
T004731,E00753
T004732,E00228
T004732,E00521
T004732,E00379
T004732,E00653
T004732,E00365
T004732,E00115
T004732,E00654
T004732,E00104
T004732,E00373
T004732,E00696
T004732,E00574
T004732,E00095
T004732,E00774
T004732,E00034
T004732,E00642
T004732,E00791
T004732,E00488
T004732,E00226
T004733,E00614
T004733,E00560
T004733,E00346
T004733,E00355
T004734,E00559
T004734,E00251
T004734,E00123
T004734,E00610
T004734,E00372
T004734,E00628
T004734,E00591
T004734,E00349
T004734,E00156
T004734,E00255
T004734,E00062
T004734,E00351
T004734,E00796
T004734,E00084
T004734,E00167
T004735,E00219
T004735,E00594
T004735,E00201
T004735,E00580
T004735,E00420
T004735,E00679
T004735,E00418
T004735,E00735
T004736,E00092
T004736,E00135
T004736,E00008
T004736,E00316
T004736,E00221
T004736,E99762
T004736,E00649
T004736,E00239
T004737,E00650
T004737,E00321
T004737,E00307
T004737,E00233
T004737,E00411
T004737,E00035
T004737,E00350
T004737,E00254
T004738,E00314
T004738,E00548
T004738,E00775
T004738,E00085
T004738,E00289
T004738,E99521
T004738,E00021
T004738,E00083
T004739,E00523
T004739,E00417
T004739,E00342
T004739,E00041
T004739,E00270
T004740,E00612
T004740,E00210
T004740,E00029
T004740,E00514
T004741,E00071
T004741,E00375
T004741,E00748
T004741,E00312
T004742,E00424
T004742,E00474
T004742,E00366
T004742,E00107
T004743,E00394
T004743,E00458
T004743,E00367
T004743,E99055
T004744,E00179
T004745,E00310
T004745,E00734
T004745,E00711
T004745,E00504
T004745,E00765
T004745,E00763
T004745,E00522
T004745,E00461
T004745,E00663
T004745,E00550
T004745,E00088
T004745,E00563
T004745,E00148
T004745,E00332
T004745,E00712
T004745,E00790
T004745,E00090
T004745,E00601
T004746,E00374
T004747,E00157
T004747,E00518
T004747,E00246
T004747,E00116
T004747,E00383
T004747,E00657
T004747,E00194
T004747,E00749
T004748,E00341
T004748,E00588
T004748,E00437
T004748,E00207
T004748,E00786
T004748,E00232
T004748,E00780
T004749,E00244
T004749,E00760
T004749,E00331
T004749,E00025
T004750,E00114
T004750,E00578
T004750,E00686
T004750,E00209
T004751,E00318
T004751,E00397
T004751,E00639
T004751,E00690
T004752,E00284
T004753,E00003
T004753,E00077
T004753,E00333
T004753,E00009
T004753,E00038
T004753,E00267
T004753,E00398
T004753,E00800
T004753,E00561
T004753,E00556
T004753,E00549
T004753,E00565
T004753,E00086
T004753,E00329
T004753,E00178
T004753,E00460
T004753,E00297
T004753,E00795
T004754,E00660
T004754,E00051
T004754,E00337
T004754,E00191
T004754,E00142
T004754,E00630
T004754,E00647
T004754,E00688
T004754,E00783
T004754,E00125
T004754,E00406
T004754,E00016
T004754,E00572
T004754,E00752
T004754,E00252
T004754,E00773
T004754,E00253
T004754,E00409
T004755,E00779
T004755,E00273
T004755,E00230
T004755,E00459
T004755,E00161
T004755,E00018
T004755,E00762
T004755,E00258
T004755,E00497
T004756,E00022
T004756,E00607
T004756,E00335
T004756,E00756
T004756,E00524
T004756,E00082
T004756,E00037
T004756,E00033
T004756,E00448
T004756,E00716
T004756,E99391
T004756,E00456
T004756,E00536
T004756,E00577
T004756,E00186
T004756,E00723
T004756,E00272
T004756,E00218
T004757,E00515
T004757,E00702
T004757,E00798
T004757,E00655
T004757,E00676
T004757,E00087
T004757,E00388
T004757,E00596
T004757,E00153
T004757,E00265
T004757,E00052
T004757,E00368
T004757,E00759
T004757,E00680
T004757,E00767
T004757,E00597
T004757,E00754
T004757,E00672
T004758,E00080
T004758,E00731
T004758,E00789
T004758,E00693
T004758,E00732
T004758,E00315
T004758,E00482
T004758,E00096
T004759,E00438
T004759,E00176
T004759,E00011
T004759,E00678
T004759,E00717
T004759,E00126
T004759,E00260
T004759,E00738
T004760,E00510
T004760,E00124
T004760,E00500
T004760,E00699
T004760,E00769
T004760,E00551
T004760,E00619
T004760,E00137
T004761,E00730
T004761,E00466
T004761,E00751
T004761,E00173
T004761,E00581
T004761,E00564
T004761,E00675
T004761,E00532
T004762,E00469
T004762,E00364
T004762,E00443
T004762,E00134
T004762,E00444
T004762,E00140
T004762,E00024
T004762,E00338
T004763,E00616
T004763,E00706
T004763,E00154
T004763,E00661
T004763,E00557
T004763,E00465
T004763,E00185
T004764,E00143
T004764,E00665
T004764,E00131
T004764,E00613
T004764,E00673
T004764,E00222
T004764,E00032
T004764,E00359
T004765,E00503
T004765,E00493
T004765,E00463
T004765,E00744
T004765,E00160
T004765,E00056
T004765,E00213
T004765,E00432
T004766,E00348
T004766,E00340
T004766,E00362
T004766,E00269
T004766,E00644
T004766,E00111
T004766,E00014
T004766,E00797
T004767,E00097
T004767,E00247
T004767,E00704
T004767,E00299
T004767,E00419
T004767,E00203
T004767,E00468
T004767,E00520
T004768,E00541
T004768,E00020
T004768,E00407
T004768,E00546
T004768,E00313
T004768,E00234
T004768,E00301
T004768,E00750
T004769,E00089
T004769,E00741
T004769,E00190
T004770,E00330
T004770,E00319
T004770,E00615
T004770,E00415
T004771,E00506
T004771,E00059
T004771,E00421
T004771,E00472
T004772,E00105
T004772,E00593
T004772,E00357
T004772,E00093
T004773,E00742
T004773,E00369
T004773,E00507
T004773,E00480
T004774,E00007
T004774,E00423
T004774,E00573
T004774,E00425
T004775,E00486
T004775,E00070
T004775,E00010
T004775,E00687
T004776,E00477
T004776,E00778
T004776,E00177
T004776,E00677
T004777,E00211
T004777,E00485
T004777,E00583
T004777,E00471
T004778,E00172
T004778,E00714
T004778,E00453
T004778,E00271
T004779,E00718
T004779,E00266
T004779,E00128
T004779,E00215
T004780,E00286
T004781,E00725
T004781,E00422
T004781,E00582
T004781,E00670
T004781,E00276
T004781,E00181
T004781,E00237
T004781,E00618
T004781,E00499
T004781,E00651
T004781,E00150
T004781,E00625
T004781,E99215
T004781,E00768
T004781,E00076
T004781,E00669
T004781,E00508
T004781,E00187
T004782,E00519
T004782,E00683
T004782,E00726
T004782,E00446
T004782,E00484
T004782,E00429
T004782,E00440
T004782,E00094
T004782,E00112
T004782,E00512
T004782,E00308
T004782,E00626
T004782,E00152
T004782,E00603
T004782,E00544
T004782,E00389
T004782,E00787
T004782,E00539
T004783,E00709
T004783,E00279
T004783,E00707
T004783,E00431
T004783,E00555
T004783,E00728
T004783,E00435
T004783,E00166
T004783,E00399
T004783,E00492
T004784,E00584
T004784,E00243
T004784,E00370
T004784,E00285
T004784,E00713
T004784,E00171
T004784,E00027
T004784,E00487
T004785,E00430
T004785,E00537
T004785,E00481
T004785,E00545
T004785,E00464
T004785,E00223
T004785,E00511
T004785,E00277
T004786,E00235
T004786,E00604
T004786,E00220
T004786,E00664
T004786,E00300
T004786,E00197
T004786,E00447
T004786,E00449
T004787,E00736
T004787,E00410
T004787,E00249
T004787,E00048
T004787,E00721
T004787,E00652
T004787,E00637
T004787,E00633
T004788,E00478
T004788,E00162
T004788,E00483
T004788,E00136
T004788,E00788
T004788,E00764
T004788,E00065
T004788,E00058
T004789,E00049
T004789,E00345
T004789,E00175
T004789,E00695
T004789,E00133
T004789,E00196
T004789,E00513
T004789,E00229
T004790,E00509
T004790,E00311
T004790,E00412
T004790,E00698
T004791,E00371
T004791,E00354
T004791,E00303
T004791,E00450
T004792,E00436
T004792,E00405
T004792,E00045
T004792,E00533
T004793,E00589
T004793,E99643
T004793,E00212
T004793,E00023
T004794,E00302
T004794,E00587
T004794,E00380
T004794,E00441
T004795,E00442
T004795,E00184
T004795,E00700
T004795,E00445
T004796,E00772
T004796,E00743
T004796,E00404
T004796,E00102
T004797,E00214
T004797,E00336
T004797,E00547
T004797,E00569
T004798,E00745
T004798,E00428
T004798,E00044
T004798,E00358
T004799,E00498
T004799,E00662
T004799,E00001
T004799,E00208
T004800,E99568
T004800,E00781
T004800,E00205
T004800,E99180
T004801,E00525
T004801,E00385
T004801,E00400
T004802,E00241
T004802,E00489
T004802,E00117
T004802,E00122
T004802,E00392
T004802,E00323
T004802,E00691
T004802,E00529
T004802,E00377
T004802,E00256
T004802,E00538
T004802,E00352
T004802,E00600
T004802,E00063
T004802,E00242
T004802,E00733
T004802,E00439
T004802,E00075
T004803,E00451
T004803,E00304
T004803,E00766
T004804,E00602
T004804,E00598
T004804,E00455
T004804,E00782
T004804,E00567
T004804,E00395
T004804,E00496
T004804,E00585
T004804,E00671
T004804,E00376
T004804,E00452
T004804,E00694
T004804,E00193
T004804,E00012
T004804,E00108
T004804,E00039
T004804,E00132
T004804,E00667
T004805,E00393
T004805,E00106
T004805,E00278
T004805,E00141
T004805,E00149
T004805,E00531
T004805,E00081
T004805,E00004
T004805,E00570
T004805,E00755
T004805,E00454
T004805,E00047
T004806,E00127
T004806,E00408
T004806,E00413
T004806,E00109
T004806,E00715
T004806,E00198
T004806,E00785
T004806,E00043
T004807,E00535
T004807,E00703
T004807,E00475
T004807,E00621
T004807,E00727
T004807,E00629
T004807,E00322
T004807,E00327
T004808,E00281
T004808,E00363
T004808,E00264
T004808,E00495
T004808,E00324
T004808,E99193
T004808,E00737
T004808,E00528
T004809,E00553
T004809,E00257
T004809,E00784
T004809,E00643
T004809,E00192
T004809,E00402
T004809,E00074
T004809,E00139
T004810,E00641
T004810,E00262
T004810,E00188
T004810,E00055
T004810,E00586
T004810,E00146
T004810,E00130
T004810,E00147
T004811,E99892
T004811,E00729
T004811,E00552
T004811,E00317
T004811,E00562
T004811,E00100
T004811,E00073
T004811,E00320
T004812,E00163
T004813,E00189
T004813,E00098
T004813,E00501
T004813,E00231
T004814,E00757
T004814,E00145
T004814,E00326
T004814,E00119
T004815,E00169
T004815,E00002
T004815,E00168
T004815,E00640
T004816,E00339
T004816,E00103
T004816,E00005
T004816,E00635
T004817,E00414
T004817,E00794
T004817,E00645
T004817,E00013
T004818,E00263
T004818,E00526
T004818,E00479
T004818,E00505
T004819,E00606
T004819,E00305
T004819,E00494
T004819,E00110
T004820,E00019
T004820,E00017
T004820,E00599
T004820,E00543
T004820,E00516
T004820,E00138
T004820,E00206
T004820,E00799
T004820,E00275
T004820,E00118
T004820,E00224
T004820,E00746
T004820,E00006
T004820,E00294
T004820,E00692
T004820,E00158
T004820,E00646
T004820,E00030
T004821,E00165
T004821,E00387
T004821,E00015
T004821,E00684
T004821,E00054
T004821,E00701
T004822,E00227
T004822,E00343
T004822,E00200
T004822,E00434
T004822,E00776
T004822,E00386
T004822,E00462
T004822,E00624
T004823,E00719
T004823,E00290
T004823,E00180
T004823,E00708
T004823,E00164
T004823,E00053
T004823,E00620
T004823,E00576
T004824,E00274
T004824,E00268
T004824,E00566
T004824,E00724
T004824,E00793
T004824,E00121
T004824,E00174
T004824,E00467
T004825,E00658
T004825,E00648
T004825,E00151
T004825,E00391
T004825,E00502
T004825,E00592
T004826,E00334
T004826,E00634
T004826,E00061
T004826,E00390
T004827,E00204
T004827,E00293
T004827,E00225
T004827,E00401
T004828,E00072
T004828,E00427
T004828,E00705
T004828,E00476
T004829,E99133
T004829,E00344
T004829,E00202
T004829,E00144
T004830,E00416
T004830,E00050
T004830,E00753
T004830,E00470
T004831,E00078
T004831,E00120
T004831,E00595
T004831,E00609
T004832,E00540
T004832,E00682
T004832,E00490
T004832,E00792
T004833,E00575
T004833,E00353
T004833,E00384
T004833,E00042
T004834,E00057
T004835,E00488
T004835,E00095
T004835,E00653
T004835,E00574
T004835,E00228
T004835,E00355
T004835,E00379
T004835,E00226
T004835,E00791
T004835,E00642
T004835,E00115
T004835,E00034
T004835,E00346
T004835,E99379
T004835,E00365
T004835,E00696
T004835,E00560
T004835,E00521
T004836,E00654
T004836,E00373
T004836,E00774
T004836,E00614
T004837,E00351
T004837,E00591
T004837,E00123
T004837,E00628
T004837,E00559
T004837,E00796
T004837,E00349
T004837,E00156
T004837,E00062
T004837,E00255
T004837,E00084
T004837,E00251
T004837,E00610
T004837,E00167
T004837,E00372
T004838,E00201
T004838,E00594
T004838,E00649
T004838,E00679
T004838,E00008
T004838,E00420
T004838,E00580
T004838,E00221
T004839,E00239
T004839,E00026
T004839,E00219
T004839,E00135
T004839,E00418
T004839,E00092
T004839,E00735
T004840,E00041
T004840,E00307
T004840,E00233
T004840,E00411
T004840,E00035
T004840,E00523
T004840,E00342
T004840,E00046
T004841,E00350
T004841,E00270
T004841,E00289
T004841,E00083
T004841,E00321
T004841,E00254
T004841,E00314
T004841,E00417
T004842,E00548
T004842,E00775
T004842,E00650
T004842,E00085
T004842,E00360
T004843,E00375
T004843,E00312
T004843,E00091
T004843,E00748
T004844,E00367
T004844,E00113
T004844,E00474
T004844,E00029
T004845,E00394
T004845,E00210
T004845,E00071
T004845,E00288
T004846,E00514
T004846,E00107
T004846,E00366
T004846,E00558
T004847,E00612
T004847,E00179
T004847,E00356
T004847,E99160
T004848,E00424
T004849,E00090
T004849,E00332
T004849,E00765
T004849,E00711
T004849,E00663
T004849,E00763
T004849,E00099
T004849,E00712
T004849,E00504
T004849,E00374
T004849,E00248
T004849,E00040
T004849,E00461
T004849,E00088
T004849,E00522
T004849,E00734
T004849,E00550
T004849,E00563
T004850,E00790
T004851,E00588
T004851,E00518
T004851,E00341
T004851,E00232
T004851,E00207
T004851,E00246
T004851,E00780
T004851,E00116
T004852,E00383
T004852,E00194
T004852,E00786
T004852,E00749
T004852,E00657
T004852,E00740
T004852,E00238
T004852,E00157
T004853,E00280
T004853,E00686
T004853,E00760
T004853,E00690
T004854,E00318
T004854,E00578
T004854,E00114
T004854,E00244
T004855,E00025
T004855,E00397
T004855,E00632
T004855,E00284
T004856,E00639
T004856,E00331
T004856,E00209
T004857,E00647
T004857,E00752
T004857,E99841
T004857,E00297
T004857,E00630
T004857,E00660
T004857,E00572
T004857,E00783
T004857,E00337
T004857,E00556
T004857,E00773
T004857,E00762
T004857,E00016
T004857,E00191
T004857,E00003
T004857,E00038
T004857,E00549
T004857,E00252
T004858,E00497
T004858,E00565
T004858,E99423
T004858,E00561
T004858,E00018
T004858,E00161
T004858,E00253
T004858,E00291
T004858,E00258
T004858,E00273
T004858,E00267
T004858,E00333
T004858,E00409
T004858,E00710
T004858,E00329
T004858,E00051
T004858,E00199
T004858,E00460
T004859,E00779
T004859,E00605
T004859,E00230
T004859,E00077
T004859,E00086
T004859,E00125
T004859,E00142
T004859,E00325
T004859,E00129
T004859,E00398
T004859,E00688
T004859,E00459
T004859,E00178
T004860,E00756
T004860,E00680
T004860,E00689
T004860,E00080
T004860,E00676
T004860,E00033
T004860,E00515
T004860,E00265
T004860,E00536
T004860,E00022
T004860,E00082
T004860,E00723
T004860,E00153
T004860,E00693
T004860,E00607
T004860,E00767
T004860,E00448
T004860,E00388
T004861,E00702
T004861,E00542
T004861,E00524
T004861,E00186
T004861,E00335
T004861,E00759
T004861,E00798
T004861,E00159
T004861,E00482
T004861,E00631
T004861,E00716
T004861,E00315
T004861,E99157
T004861,E00037
T004861,E00456
T004861,E00218
T004861,E00272
T004861,E00596
T004862,E00087
T004862,E00597
T004862,E99891
T004862,E00368
T004862,E00732
T004862,E00789
T004862,E00731
T004862,E00577
T004863,E00438
T004863,E00282
T004863,E00661
T004863,E00443
T004863,E00240
T004863,E00126
T004863,E00616
T004863,E00751
T004864,E00510
T004864,E00260
T004864,E00259
T004864,E00364
T004864,E00124
T004864,E00564
T004864,E00140
T004864,E00173
T004865,E00738
T004865,E00382
T004865,E00024
T004865,E00717
T004865,E00699
T004865,E00581
T004865,E00134
T004865,E00678
T004866,E00557
T004866,E00619
T004866,E99509
T004866,E00137
T004866,E00730
T004866,E00675
T004866,E00706
T004866,E00465
T004867,E00444
T004867,E00500
T004867,E00532
T004867,E00154
T004867,E00185
T004867,E00338
T004867,E00011
T004867,E00176
T004868,E00769
T004869,E00131
T004869,E00213
T004869,E00056
T004869,E00541
T004869,E00032
T004869,E00432
T004869,E00111
T004869,E00665
T004870,E00020
T004870,E00750
T004870,E00744
T004870,E00299
T004870,E00143
T004870,E00097
T004870,E00673
T004870,E00613
T004871,E00741
T004871,E00313
T004871,E00359
T004871,E00797
T004871,E00014
T004871,E00493
T004871,E00089
T004871,E00222
T004872,E00546
T004872,E00203
T004872,E00468
T004872,E00644
T004872,E00463
T004872,E00348
T004872,E00190
T004872,E00234
T004873,E99015
T004873,E00704
T004873,E00503
T004873,E00298
T004873,E00419
T004873,E00407
T004874,E00172
T004874,E00070
T004874,E00472
T004874,E00778
T004875,E00155
T004875,E99242
T004875,E00687
T004875,E00573
T004876,E00517
T004876,E00211
T004876,E00177
T004876,E00319
T004877,E00105
T004877,E00059
T004877,E00093
T004877,E00453
T004878,E00593
T004878,E00714
T004878,E00357
T004878,E00128
T004879,E00615
T004879,E00010
T004879,E00471
T004879,E00421
T004880,E00425
T004880,E00506
T004880,E00286
T004880,E00677
T004881,E00477
T004881,E00583
T004881,E00742
T004881,E00369
T004882,E00330
T004882,E00215
T004882,E00283
T004882,E00271
T004883,E00007
T004883,E00485
T004883,E00486
T004883,E00507
T004884,E00777
T004884,E00718
T004884,E00480
T004885,E00582
T004885,E00707
T004885,E00484
T004885,E00651
T004885,E00181
T004885,E00431
T004885,E00499
T004885,E00217
T004885,E00627
T004885,E00440
T004885,E00674
T004885,E00539
T004885,E00555
T004885,E00670
T004885,E00112
T004885,E00446
T004885,E99148
T004885,E00429
T004886,E00669
T004886,E00544
T004886,E00492
T004886,E00512
T004886,E00295
T004886,E00519
T004886,E00625
T004886,E00166
T004886,E00626
T004886,E00279
T004886,E00728
T004886,E00152
T004886,E00508
T004886,E00292
T004886,E00726
T004886,E00618
T004886,E00389
T004886,E00076
T004887,E00309
T004887,E00787
T004887,E00237
T004887,E00094
T004887,E00603
T004887,E00683
T004887,E00308
T004887,E00399
T004887,E00768
T004887,E99695
T004887,E00187
T004888,E00027
T004888,E00513
T004888,E00664
T004888,E00788
T004888,E00220
T004888,E00604
T004888,E00511
T004888,E00229
T004889,E00764
T004889,E00048
T004889,E00652
T004889,E00171
T004889,E00487
T004889,E00410
T004889,E00285
T004889,E00433
T004890,E00175
T004890,E00537
T004890,E00235
T004890,E00370
T004890,E00249
T004890,E00736
T004890,E00449
T004890,E00633
T004891,E00637
T004891,E00058
T004891,E00483
T004891,E00243
T004891,E00447
T004891,E00584
T004891,E00065
T004891,E00481
T004892,E00721
T004892,E00430
T004892,E00197
T004892,E00545
T004892,E00196
T004892,E00136
T004892,E00345
T004892,E00277
T004893,E00250
T004893,E00464
T004893,E00713
T004893,E00695
T004893,E00049
T004893,E00300
T004894,E00311
T004894,E00182
T004894,E00380
T004894,E00205
T004895,E00184
T004895,E00533
T004895,E00208
T004895,E00525
T004896,E00412
T004896,E00445
T004896,E00589
T004896,E00212
T004897,E00442
T004897,E00404
T004897,E00303
T004897,E00569
T004898,E00426
T004898,E00743
T004898,E00498
T004898,E00698
T004899,E00371
T004899,E00509
T004899,E00405
T004899,E00381
T004900,E00441
T004900,E00102
T004900,E00400
T004900,E00428
T004901,E00023
T004901,E00662
T004901,E00302
T004901,E00772
T004902,E00045
T004902,E00214
T004902,E00745
T004902,E00587
T004903,E00450
T004903,E00354
T004903,E00385
T004903,E00739
T004904,E00700
T004904,E00001
T004904,E00781
T004904,E00547
T004905,E00352
T004905,E00236
T004905,E00691
T004905,E00122
T004905,E00242
T004905,E00439
T004905,E00241
T004905,E00600
T004905,E00733
T004905,E00323
T004905,E00538
T004905,E00489
T004905,E00075
T004905,E00392
T004905,E00256
T004905,E00473
T004905,E00766
T004905,E00377
T004906,E00304
T004906,E00063
T004907,E00108
T004907,E00193
T004907,E00454
T004907,E00393
T004907,E00671
T004907,E00598
T004907,E00667
T004907,E00720
T004907,E00012
T004907,E00047
T004907,E00531
T004907,E00567
T004907,E00455
T004907,E00755
T004907,E00278
T004907,E00782
T004907,E00694
T004907,E00452
T004908,E00570
T004908,E00081
T004908,E00395
T004908,E00585
T004908,E00376
T004908,E00004
T004908,E00149
T004908,E00496
T004908,E00132
T004908,E00039
T004909,E00408
T004909,E00327
T004909,E00703
T004909,E00281
T004909,E00727
T004909,E00198
T004909,E00528
T004909,E00413
T004910,E00771
T004910,E00324
T004910,E00127
T004910,E00785
T004910,E00621
T004910,E00363
T004910,E00715
T004910,E00475
T004911,E00322
T004911,E00264
T004911,E00495
T004911,E00629
T004911,E00535
T004911,E00043
T004911,E00109
T004911,E00403
T004912,E00737
T004913,E00055
T004913,E99394
T004913,E00192
T004913,E00130
T004913,E00195
T004913,E00608
T004913,E00100
T004913,E00729
T004914,E00147
T004914,E00643
T004914,E00139
T004914,E00317
T004914,E00163
T004914,E99107
T004914,E00402
T004914,E00586
T004915,E00562
T004915,E00553
T004915,E00554
T004915,E00074
T004915,E00073
T004915,E00146
T004915,E00188
T004915,E00028
T004916,E00641
T004916,E00552
T004916,E00784
T004917,E00326
T004917,E00110
T004917,E00794
T004917,E00645
T004918,E00013
T004918,E00635
T004918,E00414
T004918,E00263
T004919,E00526
T004919,E00169
T004919,E00305
T004919,E00231
T004920,E00606
T004920,E00098
T004920,E00640
T004920,E00494
T004921,E00339
T004921,E00189
T004921,E00005
T004921,E00145
T004922,E00101
T004922,E00757
T004922,E00617
T004922,E00479
T004923,E00002
T004923,E00119
T004923,E00168
T004923,E00103
T004924,E00770
T004925,E00599
T004925,E00516
T004925,E00275
T004925,E00015
T004925,E00701
T004925,E00138
T004925,E00017
T004925,E00294
T004925,E00646
T004925,E00387
T004925,E00054
T004925,E00019
T004925,E00746
T004925,E00692
T004925,E00006
T004925,E00684
T004925,E00030
T004925,E00118
T004926,E00158
T004926,E00165
T004926,E00206
T004926,E00799
T004926,E00224
T004927,E00624
T004927,E00170
T004927,E00658
T004927,E00343
T004927,E00053
T004927,E00592
T004927,E00121
T004927,E00306
T004928,E00200
T004928,E00391
T004928,E00620
T004928,E00434
T004928,E00164
T004928,E00776
T004928,E00290
T004928,E00590
T004929,E00566
T004929,E00462
T004929,E00502
T004929,E00174
T004929,E00793
T004929,E00708
T004929,E00467
T004929,E00386
T004930,E00648
T004930,E00719
T004930,E00268
T004930,E00180
T004930,E00724
T004930,E00151
T004930,E00227
T004931,E00344
T004931,E00634
T004931,E00384
T004931,E00061
T004932,E00078
T004932,E00401
T004932,E00753
T004932,E99120
T004933,E00705
T004933,E00595
T004933,E00057
T004933,E00042
T004934,E00470
T004934,E00202
T004934,E00427
T004934,E00204
T004935,E00353
T004935,E00293
T004935,E00050
T004935,E00540
T004936,E00575
T004936,E00609
T004936,E00681
T004936,E00416
T004937,E00490
T004937,E00682
T004937,E00120
T004937,E99942
T004938,E00144
T004938,E00792
T004938,E00072
T004939,E00226
T004939,E00115
T004939,E00365
T004939,E00034
T004939,E00560
T004939,E00095
T004939,E00228
T004939,E00653
T004939,E00774
T004939,E00791
T004939,E00654
T004939,E00614
T004939,E00346
T004939,E00104
T004939,E00069
T004939,E00696
T004939,E00355
T004939,E00521
T004940,E00488
T004940,E00642
T004940,E00379
T004940,E00373
T004941,E00167
T004941,E00084
T004941,E00062
T004941,E00251
T004941,E00796
T004941,E00610
T004941,E00372
T004941,E00559
T004941,E00156
T004941,E00591
T004941,E00351
T004941,E00123
T004941,E00255
T004941,E00568
T004942,E00594
T004942,E00026
T004942,E00316
T004942,E00649
T004942,E00135
T004942,E99896
T004942,E00580
T004942,E00092
T004943,E00008
T004943,E00239
T004943,E00201
T004943,E00219
T004943,E00418
T004943,E00679
T004943,E00221
T004944,E00083
T004944,E00021
T004944,E00342
T004944,E00289
T004944,E00523
T004944,E00321
T004944,E00650
T004944,E00041
T004945,E00046
T004945,E00360
T004945,E00085
T004945,E00775
T004945,E00350
T004945,E00270
T004945,E00035
T004945,E00411
T004946,E00233
T004946,E00314
T004946,E00417
T004946,E00254
T004947,E00458
T004947,E00394
T004947,E00113
T004947,E00312
T004948,E00748
T004948,E00367
T004948,E00210
T004948,E00179
T004949,E00366
T004949,E00558
T004949,E99798
T004949,E00091
T004950,E00107
T004950,E00612
T004950,E00296
T004950,E00424
T004951,E00474
T004951,E00029
T004951,E00071
T004951,E00375
T004952,E00356
T004953,E00040
T004953,E00734
T004953,E00099
T004953,E00765
T004953,E00248
T004953,E00148
T004953,E00550
T004953,E00332
T004953,E00563
T004953,E99718
T004953,E00374
T004953,E00504
T004953,E00711
T004953,E00088
T004953,E00461
T004953,E00601
T004953,E00790
T004953,E00712
T004954,E00522
T004954,E00663
T004954,E00763
T004955,E00232
T004955,E00740
T004955,E99488
T004955,E00656
T004955,E00780
T004955,E00246
T004955,E00207
T004955,E00749
T004956,E00194
T004956,E00238
T004956,E00116
T004956,E00437
T004956,E00518
T004956,E00786
T004956,E00657
T004956,E00341
T004957,E00588
T004958,E00025
T004958,E00690
T004958,E00578
T004958,E00760
T004959,E00632
T004959,E00280
T004959,E00244
T004959,E00209
T004960,E00639
T004960,E00318
T004960,E00284
T004960,E00397
T004961,E00783
T004961,E00253
T004961,E00497
T004961,E99823
T004961,E00688
T004961,E00800
T004961,E00003
T004961,E00230
T004961,E00252
T004961,E00779
T004961,E00660
T004961,E00710
T004961,E00325
T004961,E00009
T004961,E00459
T004961,E00051
T004961,E00630
T004961,E00406
T004962,E00795
T004962,E00647
T004962,E00398
T004962,E00329
T004962,E00773
T004962,E00333
T004962,E00337
T004962,E00273
T004962,E00565
T004962,E00178
T004962,E00129
T004962,E00556
T004962,E00267
T004962,E00018
T004962,E00077
T004962,E00605
T004962,E00191
T004962,E00549
T004963,E00752
T004963,E00086
T004963,E00199
T004963,E00016
T004963,E00561
T004963,E00038
T004963,E00258
T004963,E00762
T004963,E00297
T004963,E00291
T004964,E00676
T004964,E00607
T004964,E00033
T004964,E00096
T004964,E99668
T004964,E00536
T004964,E00159
T004964,E00218
T004964,E00596
T004964,E00754
T004964,E00265
T004964,E00335
T004964,E00542
T004964,E00597
T004964,E00524
T004964,E00579
T004964,E00272
T004964,E00153
T004965,E00022
T004965,E00315
T004965,E00693
T004965,E00456
T004965,E00680
T004965,E00756
T004965,E00448
T004965,E00388
T004965,E00723
T004965,E00731
T004965,E00732
T004965,E99862
T004965,E00689
T004965,E00080
T004965,E00702
T004965,E00037
T004965,E00789
T004965,E00087
T004966,E00515
T004966,E00655
T004966,E00672
T004966,E00767
T004966,E00716
T004967,E00134
T004967,E00282
T004967,E00706
T004967,E00011
T004967,E00564
T004967,E00717
T004967,E00616
T004967,E00758
T004968,E00176
T004968,E00466
T004968,E00137
T004968,E00769
T004968,E00738
T004968,E00185
T004968,E00699
T004968,E00364
T004969,E00675
T004969,E00465
T004969,E00338
T004969,E00443
T004969,E00581
T004969,E00444
T004969,E00551
T004969,E00173
T004970,E00259
T004970,E00438
T004970,E00240
T004970,E00382
T004970,E00678
T004970,E00661
T004970,E00469
T004970,E00126
T004971,E00532
T004971,E00751
T004971,E00730
T004971,E00154
T004971,E00557
T004971,E00260
T004971,E00510
T004972,E00541
T004972,E00340
T004972,E00741
T004972,E00032
T004972,E00301
T004972,E00613
T004972,E00247
T004972,E00348
T004973,E00143
T004973,E00750
T004973,E00744
T004973,E00362
T004973,E00014
T004973,E00419
T004973,E00020
T004973,E00493
T004974,E00111
T004974,E00673
T004974,E00432
T004974,E00463
T004974,E00160
T004974,E00213
T004974,E00222
T004974,E00520
T004975,E00089
T004975,E00131
T004975,E99198
T004975,E99966
T004975,E00665
T004975,E00097
T004975,E00203
T004975,E00298
T004976,E00313
T004976,E00546
T004976,E00644
T004976,E00407
T004976,E00234
T004976,E00704
T004976,E00183
T004976,E00359
T004977,E99198
T004977,E00357
T004977,E00093
T004977,E00777
T004978,E00128
T004978,E00010
T004978,E00472
T004978,E00506
T004979,E00266
T004979,E00070
T004979,E00172
T004979,E00415
T004980,E00425
T004980,E00283
T004980,E00423
T004980,E00215
T004981,E00778
T004981,E00453
T004981,E00059
T004981,E00507
T004982,E99852
T004982,E00742
T004982,E00421
T004982,E00687
T004983,E00155
T004983,E00573
T004983,E00286
T004983,E00480
T004984,E00517
T004984,E00319
T004984,E00271
T004984,E00593
T004985,E00714
T004985,E00583
T004985,E00718
T004985,E00677
T004986,E00615
T004986,E00477
T004986,E00485
T004986,E00471
T004987,E00177
T004987,E00105
T004988,E00492
T004988,E00728
T004988,E00295
T004988,E00308
T004988,E00544
T004988,E00440
T004988,E00181
T004988,E00309
T004988,E00429
T004988,E00399
T004988,E00484
T004988,E00166
T004988,E00669
T004988,E00787
T004988,E00389
T004988,E00768
T004988,E00683
T004988,E00508
T004989,E00446
T004989,E00539
T004989,E00707
T004989,E00094
T004989,E00674
T004989,E00076
T004989,E00725
T004989,E00150
T004989,E00670
T004989,E00112
T004989,E00276
T004989,E00651
T004989,E00726
T004989,E00555
T004989,E00709
T004989,E00519
T004989,E00217
T004989,E00512
T004990,E00422
T004990,E99250
T004990,E00435
T004990,E00152
T004990,E00627
T004990,E00603
T004990,E00187
T004990,E00625
T004990,E00626
T004990,E00431
T004990,E00582
T004991,E00433
T004991,E00133
T004991,E00695
T004991,E00447
T004991,E00464
T004991,E00430
T004991,E00277
T004991,E00537
T004992,E00713
T004992,E00345
T004992,E00487
T004992,E00223
T004992,E00666
T004992,E00478
T004992,E00764
T004992,E00637
T004993,E00229
T004993,E00721
T004993,E00511
T004993,E00449
T004993,E00162
T004993,E00136
T004993,E00410
T004993,E00664
T004994,E00652
T004994,E99504
T004994,E00285
T004994,E00370
T004994,E00788
T004994,E00171
T004994,E00584
T004994,E00048
T004995,E00633
T004995,E00481
T004995,E00049
T004995,E00175
T004995,E00300
T004995,E00235
T004995,E00027
T004995,E00220
T004996,E00483
T004996,E00196
T004996,E00604
T004996,E00058
T004996,E00736
T004997,E00102
T004997,E00450
T004997,E00428
T004997,E00441
T004998,E00745
T004998,E00044
T004998,E00547
T004998,E00023
T004999,E00509
T004999,E00371
T004999,E00311
T004999,E00405
T005000,E00302
T005000,E00358
T005000,E00525
T005000,E00205
T005001,E00214
T005001,E00336
T005001,E00303
T005001,E00587
T005002,E00426
T005002,E00400
T005002,E00385
T005002,E00533
T005003,E00182
T005003,E00381
T005003,E00208
T005003,E00380
T005004,E00445
T005004,E00412
T005004,E00442
T005004,E00212
T005005,E00045
T005005,E00781
T005005,E00569
T005005,E00662
T005006,E00498
T005006,E00354
T005006,E00743
T005006,E00001
T005007,E00739
T005007,E00685
T005007,E00700
T005007,E00436
T005008,E00184
T005008,E00404
T005009,E00352
T005009,E00323
T005009,E00122
T005009,E00256
T005009,E00451
T005009,E00236
T005009,E00766
T005009,E00392
T005009,E00304
T005009,E00377
T005009,E00733
T005009,E00242
T005009,E00117
T005009,E00538
T005009,E00691
T005009,E00600
T005009,E00241
T005009,E00063
T005010,E00106
T005010,E00671
T005010,E00393
T005010,E00395
T005010,E00039
T005010,E00567
T005010,E00081
T005010,E00570
T005010,E00454
T005010,E00598
T005010,E00141
T005010,E00720
T005010,E00455
T005010,E00452
T005010,E00047
T005010,E00755
T005010,E00667
T005010,E00193
T005011,E99442
T005011,E00496
T005011,E00278
T005011,E00782
T005011,E00694
T005011,E00012
T005011,E00602
T005011,E00108
T005011,E00376
T005012,E00771
T005012,E00198
T005012,E00475
T005012,E00535
T005012,E00403
T005012,E00621
T005012,E00109
T005012,E00408
T005013,E00703
T005013,E00528
T005013,E00363
T005013,E00127
T005013,E00281
T005013,E00727
T005013,E00785
T005013,E00495
T005014,E00327
T005014,E00043
T005014,E00324
T005014,E00629
T005014,E00413
T005014,E00715
T005014,E00737
T005015,E00074
T005015,E00257
T005015,E00554
T005015,E00402
T005015,E00562
T005015,E00643
T005015,E00055
T005015,E00188
T005016,E00147
T005016,E00641
T005016,E00320
T005016,E00146
T005016,E00608
T005016,E00553
T005016,E00100
T005016,E00317
T005017,E00262
T005017,E00586
T005017,E00552
T005017,E00195
T005017,E00060
T005017,E00036
T005017,E00784
T005017,E00130
T005018,E00729
T005018,E00139
T005018,E00192
T005019,E00145
T005019,E00494
T005019,E00526
T005019,E00098
T005020,E00606
T005020,E00635
T005020,E00263
T005020,E00414
T005021,E99353
T005021,E00002
T005021,E99410
T005021,E00101
T005022,E00231
T005022,E00326
T005022,E00617
T005022,E00479
T005023,E00505
T005023,E00189
T005023,E00119
T005023,E00005
T005024,E00645
T005024,E00168
T005024,E00501
T005024,E00110
T005025,E00339
T005025,E00770
T005025,E00013
T005025,E00794
T005026,E00169
T005026,E00640
T005027,E00692
T005027,E00006
T005027,E00387
T005027,E00275
T005027,E00054
T005027,E00030
T005027,E00206
T005027,E00746
T005027,E00015
T005027,E00118
T005027,E00017
T005027,E00138
T005027,E00158
T005027,E00019
T005027,E00799
T005027,E00701
T005027,E00516
T005027,E00543
T005028,E00599
T005028,E00165
T005028,E00684
T005028,E00646
T005029,E00290
T005029,E00467
T005029,E00164
T005029,E00648
T005029,E00053
T005029,E00624
T005029,E00434
T005029,E00274
T005030,E00343
T005030,E00793
T005030,E00151
T005030,E00620
T005030,E00724
T005030,E00268
T005030,E00708
T005030,E00462
T005031,E00592
T005031,E00658
T005031,E00576
T005031,E00502
T005031,E00391
T005031,E00386
T005031,E00170
T005031,E00566
T005032,E00200
T005032,E00121
T005032,E00590
T005032,E00227
T005032,E00180
T005032,E00306
T005032,E00776
T005032,E00174
T005033,E00293
T005033,E00476
T005033,E00202
T005033,E00334
T005034,E00144
T005034,E00384
T005034,E00061
T005034,E00682
T005035,E00490
T005035,E00042
T005035,E00353
T005035,E00416
T005036,E00072
T005036,E00595
T005036,E00057
T005036,E00609
T005037,E00204
T005037,E00792
T005037,E00225
T005037,E00470
T005038,E00344
T005038,E00705
T005038,E00634
T005038,E00575
T005039,E00050
T005039,E00390
T005039,E00540
T005039,E00120
T005040,E00681
T005040,E00753
T005040,E00427
T005040,E00078
T005041,E00365
T005041,E00574
T005041,E00642
T005041,E00346
T005041,E00095
T005041,E00115
T005041,E00379
T005041,E00774
T005041,E00696
T005041,E00104
T005041,E00653
T005041,E00355
T005041,E00228
T005041,E00654
T005041,E00791
T005041,E00488
T005041,E00069
T005041,E00614
T005042,E00521
T005042,E99877
T005042,E00560
T005042,E00034
T005043,E00123
T005043,E00084
T005043,E00568
T005043,E00559
T005043,E00628
T005043,E00591
T005043,E00796
T005043,E00251
T005043,E00167
T005043,E00610
T005043,E00156
T005043,E00349
T005043,E00372
T005043,E00062
T005043,E00351
T005043,E00255
T005044,E00201
T005044,E00026
T005044,E00679
T005044,E00418
T005044,E00239
T005044,E00221
T005044,E00420
T005044,E00649
T005045,E00135
T005045,E00735
T005045,E00316
T005045,E00008
T005045,E00594
T005045,E00580
T005046,E00046
T005046,E00233
T005046,E00021
T005046,E00035
T005046,E00041
T005046,E00270
T005046,E00083
T005046,E00411
T005047,E00350
T005047,E00314
T005047,E00342
T005047,E00650
T005047,E00360
T005047,E00289
T005047,E00775
T005047,E00321
T005048,E00523
T005048,E00254
T005048,E00085
T005048,E00548
T005049,E00558
T005049,E00474
T005049,E00612
T005049,E00366
T005050,E00210
T005050,E00107
T005050,E00312
T005050,E99132
T005051,E00091
T005051,E00296
T005051,E00288
T005051,E00394
T005052,E00514
T005052,E00375
T005052,E00113
T005052,E00367
T005053,E00071
T005053,E00029
T005053,E00356
T005053,E00458
T005054,E00424
T005054,E00179
T005055,E00563
T005055,E00088
T005055,E00148
T005055,E00734
T005055,E00090
T005055,E00374
T005055,E00248
T005055,E00504
T005055,E00790
T005055,E00601
T005055,E00712
T005055,E00711
T005055,E00040
T005055,E00522
T005055,E00550
T005055,E00461
T005055,E00765
T005055,E00763
T005056,E00332
T005056,E00310
T005057,E00232
T005057,E00786
T005057,E00749
T005057,E00437
T005057,E00518
T005057,E00238
T005057,E00194
T005057,E00588
T005058,E00780
T005058,E00656
T005058,E00116
T005058,E00157
T005058,E00207
T005058,E00341
T005059,E00397
T005059,E00578
T005059,E00114
T005059,E00686
T005060,E00639
T005060,E00760
T005060,E00280
T005060,E00025
T005061,E00209
T005061,E00318
T005061,E00632
T005061,E00690
T005062,E00284
T005062,E00244
T005063,E00252
T005063,E00258
T005063,E00009
T005063,E00016
T005063,E00129
T005063,E00038
T005063,E99129
T005063,E00752
T005063,E00460
T005063,E00762
T005063,E00051
T005063,E00273
T005063,E00688
T005063,E00561
T005063,E00398
T005063,E00191
T005063,E00337
T005063,E00077
T005064,E00329
T005064,E00630
T005064,E00409
T005064,E00779
T005064,E00161
T005064,E00291
T005064,E00605
T005064,E00230
T005064,E00199
T005064,E00572
T005064,E00497
T005064,E00267
T005064,E00565
T005064,E00773
T005064,E00783
T005064,E00647
T005064,E00795
T005064,E00333
T005065,E00660
T005065,E00086
T005065,E00549
T005065,E00178
T005065,E00142
T005065,E00003
T005065,E00018
T005065,E99871
T005065,E00710
T005065,E00325
T005065,E00297
T005065,E00125
T005066,E00655
T005066,E00524
T005066,E00754
T005066,E00732
T005066,E00315
T005066,E00597
T005066,E00577
T005066,E00033
T005066,E00159
T005066,E00153
T005066,E00731
T005066,E00759
T005066,E00087
T005066,E00186
T005066,E00218
T005066,E00080
T005066,E00756
T005066,E00456
T005067,E00723
T005067,E00680
T005067,E00607
T005067,E00096
T005067,E00693
T005067,E00037
T005067,E00388
T005067,E00335
T005067,E00579
T005067,E00672
T005067,E00789
T005067,E00767
T005067,E00536
T005067,E00368
T005067,E00716
T005067,E00631
T005067,E00596
T005067,E00052
T005068,E00676
T005068,E00272
T005068,E00082
T005068,E00689
T005068,E00702
T005068,E99896
T005068,E00542
T005068,E00482
T005068,E00265
T005068,E00448
T005069,E00338
T005069,E00126
T005069,E00124
T005069,E99124
T005069,E00717
T005069,E00616
T005069,E00185
T005069,E00443
T005070,E00706
T005070,E00011
T005070,E00154
T005070,E00240
T005070,E00758
T005070,E00751
T005070,E00466
T005070,E00510
T005071,E00678
T005071,E00699
T005071,E00364
T005071,E00730
T005071,E00738
T005071,E00282
T005071,E00769
T005071,E00259
T005072,E00444
T005072,E00173
T005072,E00557
T005072,E00564
T005072,E00469
T005072,E00500
T005072,E00382
T005072,E00438
T005073,E00465
T005073,E00532
T005073,E00551
T005073,E00260
T005073,E00661
T005073,E00619
T005073,E00675
T005073,E00134
T005074,E00140
T005075,E00432
T005075,E00097
T005075,E00089
T005075,E00503
T005075,E00797
T005075,E00359
T005075,E00056
T005075,E00301
T005076,E00131
T005076,E00143
T005076,E00741
T005076,E00298
T005076,E00520
T005076,E00407
T005076,E00020
T005076,E00546
T005077,E00313
T005077,E00362
T005077,E00468
T005077,E00032
T005077,E00213
T005077,E00419
T005077,E00160
T005077,E00247
T005078,E00299
T005078,E00541
T005078,E00744
T005078,E00704
T005078,E00340
T005078,E00673
T005078,E00463
T005078,E00348
T005079,E00222
T005079,E00183
T005079,E00613
T005079,E00190
T005079,E00665
T005079,E00493
T005079,E00644
T005079,E00234
T005080,E00111
T005081,E00155
T005081,E00742
T005081,E00010
T005081,E00059
T005082,E00517
T005082,E00480
T005082,E00425
T005082,E00677
T005083,E00777
T005083,E00714
T005083,E00177
T005083,E00453
T005084,E00471
T005084,E00286
T005084,E00007
T005084,E00486
T005085,E00215
T005085,E00357
T005085,E99931
T005085,E00506
T005086,E00477
T005086,E00472
T005086,E00283
T005086,E00485
T005087,E00070
T005087,E00593
T005087,E00105
T005087,E00615
T005088,E00128
T005088,E00687
T005088,E00507
T005088,E00172
T005089,E00423
T005089,E00093
T005089,E00573
T005089,E00330
T005090,E00211
T005090,E00415
T005090,E00266
T005091,E00440
T005091,E00431
T005091,E00787
T005091,E00076
T005091,E00544
T005091,E00555
T005091,E00768
T005091,E00618
T005091,E00435
T005091,E00625
T005091,E00707
T005091,E00499
T005091,E00627
T005091,E00399
T005091,E00237
T005091,E00292
T005091,E00512
T005091,E00152
T005092,E00150
T005092,E00389
T005092,E00279
T005092,E00582
T005092,E00308
T005092,E00446
T005092,E00112
T005092,E00166
T005092,E00603
T005092,E00674
T005092,E00295
T005092,E00492
T005092,E00709
T005092,E00683
T005092,E00508
T005092,E00519
T005092,E00181
T005092,E00484
T005093,E00670
T005093,E00276
T005093,E00725
T005093,E00626
T005093,E00429
T005093,E00539
T005093,E00651
T005093,E00309
T005093,E00726
T005093,E00094
T005094,E00483
T005094,E00637
T005094,E00449
T005094,E00300
T005094,E00433
T005094,E00666
T005094,E00277
T005094,E00788
T005095,E00447
T005095,E00197
T005095,E00695
T005095,E00478
T005095,E00410
T005095,E00464
T005095,E00223
T005095,E00481
T005096,E00285
T005096,E00049
T005096,E00511
T005096,E00171
T005096,E00345
T005096,E00652
T005096,E00065
T005096,E00229
T005097,E00664
T005097,E00584
T005097,E00764
T005097,E00736
T005097,E00243
T005097,E00175
T005097,E00430
T005097,E99882
T005098,E00027
T005098,E00487
T005098,E00370
T005098,E00133
T005098,E00220
T005098,E00136
T005098,E00604
T005098,E00235
T005099,E00545
T005099,E00713
T005099,E00196
T005099,E00249
T005099,E00058
T005099,E00721
T005099,E00513
T005099,E00048
T005100,E00662
T005100,E00450
T005100,E00533
T005100,E00509
T005101,E00772
T005101,E00587
T005101,E00044
T005101,E00781
T005102,E00412
T005102,E00426
T005102,E99003
T005102,E00547
T005103,E00208
T005103,E00685
T005103,E00405
T005103,E00381
T005104,E00371
T005104,E00380
T005104,E00385
T005104,E00700
T005105,E00001
T005105,E00102
T005105,E00184
T005105,E00428
T005106,E00311
T005106,E00212
T005106,E00698
T005106,E00745
T005107,E00445
T005107,E00441
T005107,E00023
T005107,E00205
T005108,E00442
T005108,E00400
T005108,E00436
T005108,E00182
T005109,E00358
T005109,E00354
T005109,E00302
T005109,E00569
T005110,E00498
T005110,E00404
T005110,E00743
T005110,E00303
T005111,E00589
T005111,E00525
T005111,E00739
T005112,E00451
T005112,E00075
T005112,E00766
T005112,E00600
T005112,E00538
T005112,E00733
T005112,E00241
T005112,E00063
T005112,E00122
T005112,E00529
T005112,E00473
T005112,E00242
T005112,E00236
T005112,E00323
T005112,E99109
T005112,E00392
T005112,E00377
T005112,E00691
T005113,E00256
T005113,E00304
T005113,E00439
T005114,E00602
T005114,E00376
T005114,E00720
T005114,E00782
T005114,E00012
T005114,E00452
T005114,E00081
T005114,E00393
T005114,E00106
T005114,E00132
T005114,E00585
T005114,E00454
T005114,E00531
T005114,E00567
T005114,E00598
T005114,E00570
T005114,E00039
T005114,E00047
T005115,E00755
T005115,E00496
T005115,E00667
T005115,E00671
T005115,E00193
T005115,E00395
T005115,E00694
T005115,E00004
T005115,E00278
T005115,E00455
T005115,E00108
T005115,E00149
T005115,E00141
T005116,E00535
T005116,E00727
T005116,E00109
T005116,E00127
T005116,E00785
T005116,E00403
T005116,E00408
T005116,E00475
T005117,E00737
T005117,E00281
T005117,E00413
T005117,E00324
T005117,E00528
T005117,E00703
T005117,E00495
T005117,E00198
T005118,E99122
T005118,E00322
T005118,E00264
T005118,E00715
T005118,E00043
T005118,E99932
T005118,E00629
T005118,E00771
T005119,E00036
T005119,E00562
T005119,E00130
T005119,E00060
T005119,E00320
T005119,E00147
T005119,E00402
T005119,E00729
T005120,E00784
T005120,E00552
T005120,E00188
T005120,E00641
T005120,E00163
T005120,E00100
T005120,E00192
T005120,E00028
T005121,E00554
T005121,E00608
T005121,E00643
T005121,E00139
T005121,E00553
T005121,E00146
T005121,E00586
T005121,E00257
T005122,E00262
T005123,E00119
T005123,E00606
T005123,E00770
T005123,E00479
T005124,E00169
T005124,E00645
T005124,E00101
T005124,E00098
T005125,E00526
T005125,E00617
T005125,E00326
T005125,E00145
T005126,E00002
T005126,E00635
T005126,E00231
T005126,E00110
T005127,E00505
T005127,E00794
T005127,E00414
T005127,E00103
T005128,E00305
T005128,E00005
T005128,E00757
T005128,E00013
T005129,E00501
T005129,E00494
T005129,E00339
T005130,E00015
T005130,E00646
T005130,E00799
T005130,E00206
T005130,E00387
T005130,E00684
T005130,E00294
T005130,E00599
T005130,E00516
T005130,E00054
T005130,E00017
T005130,E00692
T005130,E00701
T005130,E00019
T005130,E00030
T005130,E00138
T005130,E00543
T005130,E00165
T005131,E00275
T005131,E00224
T005131,E00158
T005131,E00118
T005131,E00746
T005132,E00200
T005132,E00174
T005132,E00121
T005132,E00724
T005132,E00462
T005132,E00180
T005132,E00502
T005132,E00620
T005133,E00268
T005133,E00590
T005133,E00274
T005133,E00306
T005133,E00793
T005133,E00290
T005133,E00624
T005133,E00576
T005134,E00719
T005134,E00566
T005134,E00227
T005134,E00776
T005134,E00386
T005134,E00658
T005134,E00391
T005134,E00151
T005135,E00170
T005135,E00053
T005135,E00164
T005135,E00648
T005135,E00434
T005135,E00343
T005135,E00708
T005136,E00792
T005136,E00490
T005136,E00057
T005136,E00050
T005137,E00682
T005137,E00634
T005137,E00540
T005137,E00042
T005138,E00753
T005138,E00416
T005138,E00401
T005138,E00705
T005139,E00427
T005139,E00609
T005139,E00344
T005139,E00144
T005140,E00575
T005140,E00072
T005140,E00120
T005140,E00476
T005141,E00384
T005141,E00202
T005141,E00681
T005141,E00204
T005142,E00225
T005142,E00078
T005142,E00470
T005142,E00353
T005143,E00293
T005143,E00595
T005143,E00061
T005143,E00390
T005144,E00365
T005144,E00346
T005144,E00791
T005144,E00104
T005144,E00488
T005144,E00034
T005144,E00228
T005144,E00653
T005144,E00774
T005144,E00614
T005144,E00379
T005144,E00069
T005144,E00560
T005144,E99608
T005144,E00642
T005144,E00115
T005144,E00355
T005144,E00095
T005145,E00654
T005145,E00373
T005146,E00351
T005146,E00628
T005146,E00349
T005146,E00568
T005146,E00251
T005146,E00123
T005146,E00591
T005146,E00255
T005146,E00084
T005146,E00610
T005146,E00559
T005146,E00062
T005146,E00156
T005146,E00372
T005146,E00167
T005147,E00418
T005147,E00316
T005147,E00135
T005147,E00221
T005147,E00008
T005147,E00219
T005147,E00580
T005147,E00420
T005148,E00026
T005148,E00679
T005148,E00239
T005148,E00735
T005148,E00594
T005148,E00092
T005149,E00314
T005149,E00035
T005149,E00085
T005149,E00342
T005149,E00411
T005149,E00523
T005149,E00360
T005149,E00321
T005150,E00254
T005150,E00083
T005150,E00548
T005150,E00021
T005150,E00046
T005150,E00307
T005150,E00233
T005150,E00650
T005151,E00775
T005151,E00041
T005151,E00270
T005152,E00179
T005152,E00071
T005152,E00375
T005152,E00394
T005153,E00748
T005153,E00113
T005153,E00474
T005153,E00366
T005154,E00091
T005154,E00210
T005154,E99983
T005154,E00029
T005155,E00107
T005155,E00558
T005155,E00367
T005155,E00514
T005156,E00458
T005156,E00424
T005156,E00288
T005156,E00296
T005157,E00765
T005157,E00790
T005157,E00763
T005157,E00374
T005157,E00148
T005157,E00563
T005157,E00090
T005157,E00601
T005157,E00734
T005157,E00248
T005157,E00461
T005157,E00663
T005157,E00332
T005157,E00712
T005157,E00550
T005157,E00088
T005157,E00099
T005157,E00522
T005158,E00310
T005158,E00504
T005158,E00711
T005158,E00040
T005159,E00238
T005159,E00437
T005159,E00246
T005159,E00116
T005159,E00749
T005159,E00780
T005159,E00157
T005159,E00383
T005160,E00518
T005160,E00656
T005160,E00786
T005160,E00207
T005160,E00341
T005160,E00232
T005160,E00657
T005160,E00588
T005161,E00194
T005162,E00690
T005162,E00331
T005162,E00284
T005162,E00639
T005163,E00114
T005163,E00025
T005163,E00244
T005163,E00280
T005164,E00632
T005164,E00318
T005164,E00578
T005164,E00686
T005165,E00397
T005165,E00760
T005166,E00556
T005166,E00406
T005166,E00018
T005166,E00409
T005166,E00199
T005166,E00630
T005166,E99444
T005166,E00291
T005166,E00003
T005166,E00125
T005166,E00051
T005166,E00660
T005166,E00459
T005166,E00752
T005166,E00329
T005166,E00252
T005166,E00762
T005166,E00009
T005167,E00142
T005167,E00161
T005167,E00297
T005167,E00325
T005167,E00178
T005167,E00077
T005167,E00460
T005167,E00561
T005167,E00549
T005167,E00267
T005167,E00773
T005167,E00273
T005167,E00710
T005167,E00565
T005167,E00086
T005167,E00795
T005167,E00398
T005167,E00337
T005168,E00783
T005168,E99443
T005168,E00129
T005168,E00572
T005168,E00038
T005168,E00333
T005168,E00191
T005168,E00605
T005168,E00258
T005168,E00253
T005168,E00230
T005168,E00688
T005169,E00655
T005169,E00767
T005169,E00542
T005169,E00731
T005169,E00631
T005169,E00087
T005169,E99276
T005169,E00596
T005169,E00265
T005169,E00082
T005169,E00524
T005169,E00789
T005169,E00702
T005169,E00448
T005169,E00723
T005169,E00759
T005169,E00482
T005169,E00577
T005170,E00022
T005170,E00052
T005170,E00080
T005170,E00037
T005170,E00597
T005170,E00607
T005170,E00153
T005170,E00798
T005170,E00689
T005170,E00672
T005170,E00159
T005170,E00756
T005170,E00754
T005170,E00218
T005170,E00388
T005170,E00368
T005170,E99752
T005170,E00536
T005171,E00186
T005171,E00579
T005171,E00680
T005171,E00676
T005171,E00732
T005171,E00315
T005171,E00033
T005171,E00456
T005172,E00140
T005172,E00154
T005172,E00364
T005172,E00581
T005172,E00137
T005172,E00675
T005172,E00510
T005172,E00124
T005173,E00176
T005173,E00551
T005173,E00259
T005173,E00661
T005173,E00557
T005173,E00260
T005173,E00564
T005173,E00769
T005174,E00444
T005174,E00717
T005174,E00011
T005174,E00738
T005174,E00619
T005174,E00751
T005174,E00469
T005174,E00532
T005175,E00758
T005175,E00024
T005175,E00465
T005175,E00706
T005175,E00240
T005175,E00173
T005175,E00282
T005175,E00500
T005176,E00126
T005176,E00678
T005176,E00185
T005176,E00616
T005176,E00382
T005177,E00111
T005177,E00143
T005177,E00234
T005177,E00020
T005177,E00673
T005177,E00190
T005177,E00613
T005177,E00131
T005178,E00014
T005178,E00503
T005178,E00301
T005178,E00269
T005178,E00203
T005178,E00744
T005178,E00340
T005178,E00644
T005179,E00313
T005179,E00407
T005179,E00348
T005179,E00089
T005179,E00359
T005179,E00741
T005179,E00032
T005179,E00183
T005180,E00419
T005180,E00750
T005180,E00665
T005180,E00097
T005180,E00247
T005180,E00468
T005180,E00432
T005180,E00463
T005181,E00213
T005181,E00362
T005181,E00541
T005181,E00493
T005181,E00299
T005181,E00222
T005181,E00056
T005181,E00160
T005182,E00271
T005182,E00687
T005182,E00211
T005182,E00369
T005183,E00593
T005183,E00286
T005183,E00425
T005183,E00093
T005184,E00177
T005184,E00421
T005184,E00453
T005184,E00155
T005185,E00615
T005185,E00266
T005185,E00010
T005185,E00480
T005186,E00714
T005186,E00471
T005186,E00778
T005186,E00172
T005187,E00330
T005187,E00105
T005187,E00742
T005187,E00777
T005188,E00423
T005188,E00415
T005188,E00128
T005188,E00677
T005189,E00283
T005189,E00583
T005189,E00485
T005189,E00477
T005190,E00215
T005190,E00070
T005190,E00059
T005190,E00472
T005191,E00718
T005191,E00357
T005191,E00007
T005191,E00506
T005192,E00486
T005193,E00709
T005193,E00276
T005193,E00435
T005193,E00484
T005193,E00582
T005193,E00292
T005193,E00625
T005193,E00237
T005193,E00627
T005193,E00187
T005193,E00707
T005193,E00499
T005193,E00519
T005193,E00669
T005193,E00539
T005193,E00152
T005193,E00446
T005193,E00217
T005194,E00150
T005194,E00440
T005194,E00728
T005194,E00544
T005194,E00492
T005194,E00399
T005194,E00683
T005194,E00674
T005194,E00555
T005194,E00279
T005194,E00618
T005194,E99485
T005194,E00112
T005194,E00429
T005194,E00670
T005194,E00725
T005194,E00726
T005194,E00308
T005195,E00309
T005195,E00651
T005195,E00508
T005195,E00181
T005195,E00076
T005195,E00166
T005195,E00768
T005195,E00389
T005195,E00603
T005196,E00285
T005196,E00277
T005196,E00652
T005196,E99387
T005196,E00764
T005196,E00464
T005196,E00065
T005196,E99122
T005197,E00584
T005197,E00545
T005197,E00695
T005197,E00175
T005197,E00721
T005197,E00633
T005197,E00300
T005197,E00637
T005198,E00487
T005198,E00171
T005198,E00447
T005198,E00196
T005198,E00666
T005198,E00713
T005198,E00250
T005198,E00604
T005199,E00027
T005199,E00483
T005199,E00049
T005199,E00162
T005199,E00788
T005199,E00664
T005199,E00511
T005199,E00223
T005200,E00058
T005200,E00481
T005200,E00136
T005200,E00449
T005200,E00243
T005200,E00133
T005200,E00370
T005200,E00235
T005201,E00433
T005201,E00513
T005201,E00478
T005201,E00410
T005201,E00249
T005201,E00430
T005201,E00220
T005201,E00736
T005202,E00436
T005202,E00509
T005202,E00023
T005202,E00302
T005203,E00498
T005203,E00450
T005203,E00311
T005203,E00381
T005204,E00525
T005204,E00336
T005204,E99686
T005204,E00662
T005205,E00547
T005205,E00184
T005205,E00589
T005205,E00739
T005206,E00698
T005206,E00385
T005206,E00208
T005206,E00533
T005207,E00587
T005207,E00045
T005207,E00700
T005207,E00426
T005208,E00405
T005208,E00781
T005208,E00404
T005208,E00569
T005209,E00212
T005209,E00685
T005209,E00400
T005209,E00412
T005210,E00182
T005210,E00441
T005210,E00428
T005210,E00354
T005211,E00102
T005211,E00743
T005211,E00772
T005211,E00205
T005212,E00380
T005212,E00214
T005213,E00439
T005213,E00733
T005213,E00451
T005213,E00323
T005213,E00256
T005213,E00117
T005213,E00242
T005213,E00691
T005213,E99977
T005213,E00304
T005213,E00489
T005213,E00352
T005213,E00122
T005213,E00075
T005213,E00473
T005213,E00063
T005213,E00377
T005213,E00241
T005214,E00236
T005214,E00529
T005214,E00766
T005214,E00392
T005214,E00600
T005215,E00531
T005215,E00108
T005215,E00455
T005215,E00132
T005215,E00585
T005215,E00496
T005215,E00004
T005215,E00782
T005215,E00039
T005215,E00567
T005215,E00454
T005215,E00376
T005215,E00149
T005215,E00720
T005215,E00278
T005215,E00598
T005215,E99284
T005215,E00141
T005216,E00671
T005216,E00755
T005216,E00081
T005216,E00047
T005216,E00106
T005216,E00193
T005216,E00570
T005216,E00602
T005216,E00395
T005216,E00452
T005216,E00012
T005217,E00109
T005217,E00715
T005217,E00771
T005217,E00535
T005217,E00322
T005217,E00127
T005217,E00621
T005217,E00408
T005218,E00475
T005218,E00327
T005218,E00703
T005218,E00363
T005218,E00495
T005218,E00403
T005218,E00413
T005218,E00629
T005219,E00528
T005219,E00727
T005219,E00324
T005219,E99355
T005219,E00264
T005219,E00281
T005219,E00043
T005219,E99894
T005220,E00737
T005221,E00553
T005221,E00100
T005221,E00055
T005221,E00320
T005221,E00163
T005221,E00608
T005221,E00192
T005221,E00036
T005222,E00554
T005222,E00188
T005222,E00073
T005222,E00643
T005222,E00317
T005222,E00262
T005222,E00402
T005222,E00146
T005223,E00195
T005223,E00552
T005223,E00562
T005223,E00147
T005223,E00641
T005223,E00060
T005223,E00586
T005223,E00130
T005224,E00028
T005225,E00002
T005225,E00119
T005225,E00263
T005225,E99102
T005226,E00169
T005226,E00645
T005226,E00231
T005226,E00526
T005227,E00110
T005227,E00339
T005227,E00414
T005227,E00098
T005228,E00005
T005228,E00145
T005228,E00505
T005228,E00103
T005229,E00168
T005229,E00757
T005229,E00501
T005229,E00326
T005230,E00606
T005230,E00770
T005230,E00305
T005230,E00189
T005231,E00013
T005231,E00479
T005231,E00640
T005231,E00494
T005232,E00635
T005232,E00101
T005233,E00294
T005233,E00543
T005233,E00054
T005233,E00006
T005233,E00599
T005233,E00224
T005233,E00019
T005233,E00030
T005233,E00746
T005233,E00158
T005233,E00516
T005233,E00701
T005233,E00684
T005233,E00118
T005233,E00387
T005233,E00799
T005233,E00015
T005233,E00275
T005234,E00165
T005234,E00017
T005234,E00206
T005234,E99301
T005235,E00053
T005235,E00648
T005235,E00776
T005235,E00793
T005235,E00566
T005235,E00576
T005235,E00180
T005235,E99266
T005236,E00200
T005236,E00290
T005236,E00306
T005236,E00164
T005236,E99941
T005236,E00658
T005236,E00724
T005236,E00462
T005237,E00343
T005237,E00590
T005237,E00121
T005237,E00434
T005237,E00170
T005237,E00502
T005237,E00151
T005237,E00227
T005238,E00274
T005238,E00719
T005238,E00708
T005238,E00386
T005238,E00174
T005238,E00467
T005238,E00268
T005239,E00293
T005239,E00609
T005239,E00061
T005239,E00681
T005240,E00334
T005240,E00427
T005240,E00078
T005240,E00470
T005241,E00705
T005241,E00120
T005241,E00490
T005241,E00144
T005242,E00753
T005242,E00353
T005242,E00344
T005242,E00792
T005243,E00595
T005243,E00634
T005243,E00042
T005243,E00682
T005244,E00050
T005244,E00476
T005244,E99653
T005244,E00072
T005245,E00390
T005245,E00401
T005245,E00416
T005245,E00540
T005246,E00057
T005246,E00202
T005247,E00791
T005247,E00346
T005247,E00355
T005247,E00115
T005247,E00560
T005247,E00696
T005247,E00642
T005247,E00069
T005247,E00614
T005247,E00774
T005247,E00365
T005247,E00228
T005247,E00521
T005247,E00226
T005247,E00574
T005247,E00654
T005247,E00373
T005247,E00034
T005248,E00095
T005248,E00488
T005248,E00379
T005248,E99801
T005249,E00568
T005249,E00084
T005249,E00351
T005249,E00559
T005249,E00123
T005249,E00610
T005249,E00062
T005249,E00372
T005249,E00628
T005249,E00167
T005249,E00255
T005249,E00156
T005250,E00092
T005250,E00649
T005250,E00420
T005250,E00008
T005250,E00026
T005250,E00135
T005250,E00679
T005250,E00316
T005251,E00418
T005251,E00239
T005251,E00735
T005251,E00580
T005251,E00219
T005251,E00594
T005251,E00201
T005252,E00417
T005252,E00041
T005252,E00021
T005252,E00085
T005252,E00307
T005252,E00411
T005252,E00270
T005252,E00342
T005253,E00360
T005253,E00548
T005253,E00775
T005253,E00035
T005253,E00650
T005253,E00350
T005253,E00523
T005253,E00233
T005254,E00314
T005254,E00046
T005254,E00254
T005254,E00289
T005254,E00083
T005254,E00321
T005255,E00394
T005255,E00612
T005255,E00091
T005255,E00558
T005256,E00312
T005256,E00288
T005256,E00029
T005256,E00107
T005257,E00071
T005257,E00474
T005257,E00356
T005257,E00367
T005258,E00113
T005258,E00514
T005258,E00375
T005258,E00210
T005259,E00296
T005259,E00179
T005259,E00366
T005260,E00550
T005260,E00248
T005260,E00711
T005260,E00088
T005260,E00040
T005260,E00461
T005260,E00790
T005260,E00099
T005260,E00601
T005260,E00148
T005260,E00504
T005260,E00310
T005260,E00765
T005260,E00090
T005260,E00563
T005260,E00663
T005260,E00734
T005260,E00332
T005261,E00374
T005261,E00763
T005262,E00157
T005262,E00207
T005262,E00786
T005262,E00740
T005262,E00246
T005262,E00588
T005262,E00238
T005262,E00780
T005263,E00656
T005263,E00437
T005263,E00518
T005263,E00341
T005263,E00116
T005263,E00749
T005263,E00383
T005263,E00232
T005264,E00657
T005264,E00194
T005265,E00209
T005265,E00690
T005265,E00280
T005265,E99554
T005266,E00284
T005266,E00639
T005266,E99970
T005266,E00397
T005267,E00578
T005267,E00331
T005267,E00114
T005267,E00632
T005268,E00686
T005268,E00318
T005269,E00556
T005269,E00752
T005269,E00572
T005269,E00795
T005269,E00710
T005269,E00258
T005269,E00549
T005269,E00647
T005269,E00762
T005269,E00337
T005269,E00497
T005269,E00630
T005269,E00800
T005269,E00773
T005269,E00297
T005269,E00086
T005269,E00051
T005269,E00161
T005270,E00565
T005270,E00230
T005270,E00273
T005270,E00406
T005270,E00267
T005270,E00460
T005270,E00325
T005270,E00329
T005270,E00142
T005270,E00459
T005270,E99446
T005270,E00125
T005270,E00003
T005270,E00009
T005270,E00291
T005270,E00253
T005270,E00077
T005270,E00018
T005271,E00688
T005271,E00660
T005271,E00191
T005271,E00783
T005271,E00605
T005271,E00016
T005271,E00129
T005271,E00779
T005271,E00199
T005271,E00561
T005271,E00178
T005271,E00252
T005271,E00398
T005271,E00409
T005272,E00186
T005272,E00096
T005272,E00448
T005272,E00218
T005272,E00515
T005272,E00335
T005272,E00388
T005272,E00607
T005272,E00536
T005272,E00482
T005272,E00368
T005272,E00672
T005272,E00080
T005272,E00579
T005272,E00456
T005272,E00087
T005272,E00022
T005272,E00798
T005273,E00767
T005273,E00716
T005273,E00037
T005273,E00315
T005273,E00052
T005273,E00754
T005273,E00759
T005273,E00680
T005273,E00033
T005273,E00732
T005273,E00676
T005273,E00689
T005273,E00577
T005273,E00082
T005273,E00631
T005273,E00655
T005273,E00702
T005273,E00524
T005274,E00597
T005274,E00542
T005274,E00272
T005274,E00731
T005274,E00756
T005274,E00723
T005274,E00153
T005274,E00159
T005274,E00789
T005274,E00265
T005275,E00438
T005275,E00758
T005275,E00738
T005275,E00551
T005275,E00154
T005275,E00661
T005275,E00338
T005275,E00730
T005276,E00616
T005276,E00024
T005276,E00466
T005276,E00581
T005276,E00564
T005276,E00240
T005276,E00717
T005276,E00510
T005277,E00678
T005277,E00134
T005277,E00500
T005277,E00751
T005277,E00176
T005277,E00260
T005277,E00282
T005277,E00137
T005278,E00185
T005278,E00619
T005278,E00532
T005278,E00443
T005278,E00173
T005278,E00382
T005278,E00140
T005278,E00769
T005279,E00465
T005279,E00699
T005279,E00675
T005279,E00259
T005279,E00444
T005279,E00364
T005279,E00126
T005279,E00469
T005280,E00313
T005280,E00203
T005280,E00032
T005280,E00750
T005280,E99266
T005280,E00190
T005280,E00298
T005280,E00704
T005281,E00247
T005281,E00269
T005281,E00348
T005281,E00299
T005281,E00419
T005281,E00020
T005281,E00744
T005281,E00160
T005282,E00143
T005282,E00359
T005282,E00183
T005282,E00432
T005282,E00089
T005282,E00014
T005282,E00213
T005282,E00463
T005283,E00613
T005283,E00665
T005283,E00111
T005283,E00673
T005283,E00797
T005283,E00056
T005283,E00407
T005283,E00340
T005284,E00541
T005284,E00131
T005284,E00362
T005284,E00234
T005284,E00741
T005284,E00546
T005284,E00520
T005284,E00493
T005285,E00517
T005285,E00059
T005285,E00573
T005285,E00615
T005286,E00583
T005286,E00421
T005286,E00286
T005286,E00714
T005287,E00480
T005287,E00319
T005287,E00506
T005287,E00425
T005288,E00211
T005288,E00172
T005288,E00778
T005288,E00507
T005289,E00177
T005289,E00283
T005289,E00155
T005289,E00266
T005290,E00010
T005290,E00415
T005290,E00369
T005290,E00477
T005291,E00330
T005291,E00007
T005291,E00070
T005291,E00677
T005292,E00486
T005292,E00472
T005292,E00357
T005292,E00593
T005293,E00093
T005293,E00718
T005293,E00485
T005293,E00777
T005294,E00423
T005294,E00215
T005295,E00768
T005295,E00166
T005295,E00446
T005295,E00787
T005295,E00582
T005295,E00295
T005295,E00499
T005295,E00279
T005295,E00683
T005295,E00707
T005295,E00150
T005295,E00237
T005295,E00728
T005295,E00512
T005295,E00276
T005295,E00492
T005295,E00669
T005295,E00112
T005296,E00292
T005296,E00440
T005296,E00429
T005296,E00484
T005296,E00625
T005296,E99558
T005296,E00544
T005296,E00709
T005296,E00181
T005296,E00389
T005296,E00435
T005296,E00399
T005296,E00725
T005296,E00626
T005296,E00508
T005296,E00539
T005296,E00431
T005296,E00076
T005297,E00555
T005297,E00519
T005297,E00603
T005297,E00618
T005297,E00726
T005297,E00670
T005297,E00152
T005297,E00309
T005297,E00627
T005297,E00422
T005297,E00187
T005298,E00136
T005298,E00652
T005298,E00171
T005298,E00478
T005298,E00430
T005298,E00545
T005298,E00721
T005298,E00511
T005299,E99351
T005299,E00345
T005299,E99719
T005299,E00277
T005299,E00300
T005299,E00197
T005299,E00481
T005299,E00483
T005300,E00764
T005300,E00664
T005300,E00065
T005300,E00133
T005300,E00027
T005300,E00736
T005300,E00666
T005300,E00285
T005301,E00713
T005301,E00243
T005301,E00487
T005301,E00464
T005301,E00235
T005301,E00162
T005301,E00249
T005301,E00229
T005302,E00513
T005302,E00604
T005302,E00637
T005302,E00633
T005302,E00433
T005302,E00220
T005302,E00447
T005302,E00410
T005303,E00370
T005303,E00049
T005303,E00695
T005304,E00400
T005304,E00743
T005304,E00772
T005304,E00358
T005305,E00587
T005305,E00214
T005305,E00182
T005305,E00023
T005306,E00371
T005306,E00404
T005306,E00205
T005306,E00426
T005307,E00001
T005307,E00336
T005307,E00662
T005307,E00303
T005308,E00436
T005308,E00212
T005308,E00102
T005308,E00700
T005309,E00385
T005309,E00445
T005309,E00441
T005309,E00685
T005310,E00405
T005310,E00525
T005310,E00533
T005310,E00589
T005311,E00208
T005311,E00412
T005311,E00509
T005311,E00498
T005312,E00745
T005312,E00547
T005312,E00045
T005312,E00044
T005313,E00698
T005313,E00450
T005313,E00569
T005313,E00381
T005314,E00380
T005314,E00354
T005314,E00184
T005314,E00739
T005315,E00311
T005316,E00489
T005316,E00377
T005316,E00529
T005316,E00451
T005316,E00304
T005316,E00392
T005316,E00242
T005316,E00256
T005316,E99414
T005316,E00241
T005316,E00075
T005316,E00352
T005316,E00117
T005316,E00323
T005316,E00733
T005316,E00439
T005316,E00122
T005316,E00473
T005317,E00538
T005318,E00395
T005318,E00012
T005318,E00567
T005318,E00393
T005318,E00720
T005318,E00193
T005318,E00755
T005318,E00585
T005318,E00782
T005318,E00149
T005318,E00455
T005318,E00531
T005318,E00004
T005318,E00602
T005318,E00047
T005318,E00454
T005318,E00598
T005318,E00496
T005319,E00039
T005319,E00376
T005319,E00694
T005319,E00671
T005319,E00108
T005319,E00452
T005319,E00106
T005319,E00081
T005319,E00570
T005319,E00667
T005319,E00141
T005320,E00109
T005320,E00621
T005320,E00322
T005320,E00264
T005320,E00281
T005320,E00737
T005320,E00127
T005320,E00535
T005321,E00528
T005321,E00727
T005321,E00495
T005321,E00785
T005321,E00198
T005321,E00408
T005321,E99577
T005321,E00324
T005322,E00327
T005322,E00363
T005322,E00043
T005322,E00403
T005322,E00413
T005323,E00320
T005323,E00562
T005323,E00130
T005323,E00608
T005323,E00147
T005323,E00552
T005323,E00074
T005323,E00055
T005324,E00402
T005324,E00188
T005324,E99608
T005324,E00784
T005324,E00060
T005324,E00028
T005324,E00139
T005324,E00192
T005325,E00729
T005325,E00036
T005325,E00163
T005325,E00262
T005325,E00195
T005325,E00641
T005325,E00317
T005325,E00554
T005326,E00586
T005326,E00257
T005326,E00073
T005326,E00146
T005326,E00643
T005327,E00189
T005327,E00635
T005327,E00145
T005327,E00479
T005328,E00526
T005328,E00119
T005328,E99781
T005328,E00169
T005329,E00757
T005329,E00305
T005329,E00110
T005329,E00013
T005330,E00339
T005330,E00505
T005330,E00645
T005330,E00098
T005331,E00494
T005331,E00640
T005331,E00617
T005331,E00263
T005332,E00168
T005332,E00794
T005332,E00606
T005332,E00770
T005333,E00103
T005333,E00501
T005333,E00231
T005333,E00414
T005334,E00002
T005334,E00005
T005335,E00165
T005335,E00294
T005335,E00006
T005335,E00017
T005335,E00684
T005335,E00224
T005335,E00138
T005335,E00799
T005335,E00692
T005335,E00543
T005335,E00054
T005335,E00701
T005335,E00030
T005335,E00015
T005335,E00387
T005335,E00118
T005335,E00275
T005335,E00746
T005336,E00599
T005336,E00646
T005336,E00158
T005336,E00516
T005336,E00019
T005337,E00776
T005337,E00200
T005337,E00624
T005337,E00306
T005337,E00227
T005337,E99934
T005337,E00343
T005337,E00576
T005338,E99381
T005338,E00793
T005338,E00170
T005338,E00590
T005338,E00386
T005338,E00724
T005338,E00566
T005338,E00121
T005339,E00658
T005339,E00053
T005339,E00708
T005339,E00164
T005339,E00592
T005339,E00434
T005339,E00174
T005339,E00620
T005340,E00648
T005340,E99244
T005340,E00467
T005340,E00391
T005340,E00290
T005341,E00416
T005341,E00353
T005341,E99934
T005341,E00057
T005342,E00204
T005342,E00344
T005342,E00384
T005342,E00078
T005343,E00120
T005343,E00144
T005343,E00061
T005343,E00476
T005344,E00427
T005344,E00595
T005344,E00293
T005344,E00202
T005345,E00072
T005345,E99918
T005345,E00042
T005345,E00334
T005346,E00050
T005346,E00753
T005346,E00490
T005346,E99787
T005347,E00682
T005347,E00634
T005347,E00540
T005347,E00792
T005348,E00575
T005349,E00696
T005349,E00373
T005349,E00104
T005349,E00228
T005349,E00355
T005349,E00654
T005349,E00791
T005349,E00560
T005349,E00379
T005349,E00774
T005349,E00095
T005349,E00069
T005349,E00115
T005349,E00365
T005349,E00653
T005349,E00034
T005349,E00521
T005349,E00346
T005350,E00614
T005350,E00642
T005350,E00488
T005351,E00351
T005351,E00591
T005351,E00372
T005351,E00255
T005351,E00628
T005351,E00349
T005351,E00084
T005351,E00559
T005351,E00568
T005351,E00610
T005351,E00167
T005351,E00251
T005352,E00418
T005352,E00219
T005352,E00316
T005352,E00420
T005352,E00135
T005352,E00735
T005352,E00580
T005352,E00649
T005353,E00594
T005353,E00679
T005353,E00221
T005353,E00026
T005353,E00239
T005353,E00201
T005353,E00008
T005353,E00092
T005354,E00254
T005354,E00321
T005354,E00342
T005354,E00775
T005354,E00270
T005354,E00035
T005354,E00650
T005354,E00085
T005355,E00523
T005355,E00289
T005355,E00233
T005355,E00307
T005355,E00083
T005355,E00021
T005355,E00314
T005355,E00548
T005356,E00041
T005356,E00411
T005356,E00046
T005356,E00360
T005356,E00350
T005356,E00417
T005357,E00312
T005357,E00113
T005357,E99597
T005357,E00210
T005358,E00296
T005358,E00367
T005358,E00474
T005358,E99759
T005359,E00029
T005359,E00091
T005359,E00424
T005359,E00394
T005360,E00748
T005360,E00612
T005360,E00558
T005360,E00514
T005361,E00179
T005361,E00366
T005361,E00107
T005361,E00071
T005362,E00288
T005363,E00374
T005363,E00310
T005363,E00711
T005363,E00090
T005363,E00040
T005363,E00550
T005363,E00148
T005363,E00663
T005363,E00088
T005363,E00790
T005363,E00765
T005363,E00504
T005363,E00763
T005363,E00332
T005363,E00522
T005363,E00563
T005363,E00099
T005363,E00248
T005364,E00734
T005364,E00461
T005364,E00601
T005365,E00341
T005365,E00157
T005365,E00238
T005365,E00786
T005365,E00232
T005365,E00780
T005365,E00656
T005365,E00657
T005366,E00116
T005366,E00740
T005366,E00383
T005366,E00749
T005366,E00207
T005366,E00588
T005366,E00194
T005366,E00437
T005367,E00331
T005367,E00690
T005367,E00114
T005367,E00244
T005368,E00318
T005368,E00760
T005368,E00280
T005368,E00639
T005369,E00209
T005369,E00284
T005369,E00632
T005369,E00578
T005370,E00397
T005370,E00025
T005370,E00686
T005371,E00647
T005371,E00329
T005371,E00191
T005371,E00762
T005371,E00038
T005371,E00779
T005371,E00016
T005371,E00460
T005371,E00291
T005371,E00406
T005371,E00710
T005371,E00660
T005371,E00800
T005371,E00459
T005371,E00018
T005371,E00230
T005371,E00273
T005371,E00333
T005372,E00086
T005372,E00398
T005372,E00688
T005372,E00252
T005372,E00258
T005372,E00630
T005372,E00253
T005372,E00556
T005372,E00267
T005372,E00142
T005372,E00409
T005372,E00009
T005372,E00297
T005372,E00178
T005372,E00605
T005372,E00565
T005372,E00752
T005372,E00572
T005373,E00795
T005373,E00497
T005373,E00773
T005373,E00161
T005373,E00199
T005373,E00003
T005373,E00549
T005373,E00325
T005373,E00561
T005373,E00337
T005373,E00129
T005374,E00515
T005374,E00536
T005374,E00680
T005374,E00218
T005374,E99715
T005374,E00702
T005374,E00676
T005374,E00689
T005374,E00759
T005374,E00186
T005374,E00524
T005374,E00022
T005374,E00096
T005374,E00789
T005374,E00153
T005374,E00335
T005374,E00368
T005374,E00448
T005375,E00159
T005375,E00597
T005375,E00716
T005375,E00672
T005375,E00388
T005375,E00082
T005375,E00723
T005375,E00655
T005375,E00037
T005375,E00315
T005375,E00052
T005375,E00272
T005375,E00087
T005375,E00693
T005375,E00631
T005375,E00579
T005375,E00756
T005375,E00080
T005376,E00731
T005376,E00798
T005376,E00456
T005376,E00542
T005376,E00033
T005376,E00607
T005376,E00265
T005376,E00482
T005377,E00364
T005377,E00282
T005377,E00011
T005377,E00465
T005377,E00154
T005377,E00699
T005377,E00581
T005377,E00564
T005378,E00444
T005378,E00738
T005378,E00619
T005378,E00382
T005378,E00678
T005378,E00675
T005378,E00730
T005378,E00259
T005379,E00532
T005379,E00124
T005379,E00443
T005379,E00260
T005379,E00510
T005379,E00126
T005379,E00338
T005379,E00176
T005380,E00661
T005380,E00769
T005380,E00134
T005380,E00751
T005380,E00616
T005380,E00240
T005380,E00173
T005380,E00500
T005381,E00717
T005381,E00438
T005381,E00706
T005381,E00758
T005381,E00469
T005381,E00024
T005381,E00551
T005382,E00503
T005382,E00269
T005382,E00203
T005382,E00546
T005382,E00419
T005382,E00362
T005382,E00213
T005382,E00340
T005383,E00020
T005383,E00014
T005383,E00234
T005383,E00541
T005383,E99084
T005383,E00665
T005383,E00313
T005383,E00247
T005384,E00520
T005384,E00160
T005384,E00741
T005384,E00183
T005384,E00301
T005384,E00463
T005384,E00222
T005384,E00089
T005385,E00299
T005385,E00298
T005385,E00468
T005385,E00750
T005385,E00056
T005385,E00744
T005385,E00097
T005385,E00704
T005386,E00131
T005386,E00797
T005386,E00673
T005386,E00348
T005386,E00032
T005386,E00190
T005386,E00407
T005387,E00155
T005387,E00486
T005387,E00093
T005387,E99545
T005388,E00421
T005388,E00573
T005388,E00177
T005388,E00423
T005389,E00283
T005389,E00415
T005389,E00714
T005389,E00128
T005390,E00211
T005390,E00425
T005390,E00105
T005390,E00172
T005391,E00718
T005391,E00010
T005391,E00777
T005391,E00506
T005392,E00319
T005392,E00007
T005392,E00453
T005392,E00778
T005393,E00477
T005393,E00357
T005393,E00687
T005393,E00742
T005394,E00330
T005394,E00485
T005394,E00472
T005394,E00593
T005395,E00583
T005395,E00286
T005395,E00480
T005395,E00615
T005396,E00070
T005396,E00215
T005396,E00677
T005396,E00517
T005397,E00266
T005398,E00309
T005398,E00707
T005398,E00674
T005398,E00237
T005398,E00768
T005398,E00603
T005398,E00094
T005398,E00512
T005398,E00726
T005398,E00112
T005398,E00555
T005398,E00292
T005398,E00709
T005398,E00389
T005398,E00618
T005398,E00166
T005398,E00484
T005398,E00582
T005399,E00492
T005399,E00399
T005399,E00725
T005399,E00544
T005399,E00076
T005399,E00683
T005399,E00539
T005399,E00670
T005399,E00651
T005399,E00279
T005399,E00499
T005399,E00431
T005399,E00276
T005399,E00440
T005399,E00429
T005399,E00625
T005399,E00152
T005399,E00187
T005400,E00435
T005400,E00728
T005400,E00295
T005400,E00217
T005400,E00422
T005400,E00446
T005400,E00787
T005400,E00669
T005400,E00626
T005400,E00508
T005401,E00300
T005401,E00175
T005401,E00223
T005401,E00027
T005401,E00370
T005401,E00277
T005401,E00788
T005401,E00713
T005402,E00481
T005402,E00136
T005402,E00235
T005402,E00243
T005402,E00464
T005402,E00637
T005402,E00604
T005402,E00664
T005403,E00695
T005403,E00652
T005403,E00447
T005403,E00511
T005403,E00430
T005403,E00171
T005403,E00487
T005403,E00058
T005404,E00197
T005404,E00633
T005404,E00229
T005404,E00345
T005404,E00537
T005404,E00065
T005404,E00721
T005404,E00545
T005405,E00162
T005405,E00196
T005405,E00666
T005405,E00049
T005405,E00285
T005405,E00133
T005405,E00584
T005405,E00736
T005406,E00449
T005406,E00220
T005406,E00410
T005406,E00249
T005407,E00781
T005407,E00745
T005407,E00589
T005407,E00208
T005408,E00547
T005408,E00498
T005408,E00311
T005408,E99898
T005409,E00426
T005409,E00436
T005409,E00336
T005409,E00400
T005410,E00303
T005410,E00743
T005410,E00044
T005410,E99563
T005411,E00412
T005411,E00184
T005411,E00405
T005411,E00772
T005412,E00441
T005412,E00700
T005412,E00205
T005412,E00445
T005413,E00001
T005413,E00371
T005413,E00381
T005413,E00354
T005414,E00182
T005414,E00450
T005414,E00525
T005414,E00404
T005415,E00212
T005415,E00587
T005415,E00214
T005415,E00662
T005416,E00045
T005416,E00739
T005416,E00023
T005416,E00509
T005417,E00698
T005417,E00442
T005417,E00428
T005417,E00685
T005418,E00302
T005418,E00102
T005418,E00533
T005419,E00122
T005419,E00063
T005419,E00242
T005419,E00451
T005419,E00473
T005419,E00241
T005419,E00733
T005419,E00439
T005419,E00256
T005419,E00766
T005419,E00489
T005419,E00538
T005419,E00323
T005419,E00529
T005419,E00392
T005419,E00352
T005419,E00600
T005419,E00117
T005420,E00691
T005420,E00304
T005420,E00075
T005421,E00393
T005421,E00667
T005421,E00567
T005421,E00141
T005421,E00452
T005421,E00782
T005421,E99659
T005421,E00376
T005421,E99909
T005421,E00108
T005421,E00149
T005421,E00720
T005421,E00755
T005421,E00496
T005421,E00694
T005421,E00047
T005421,E00395
T005421,E00106
T005422,E00132
T005422,E00278
T005422,E00602
T005422,E00570
T005422,E00081
T005422,E00598
T005422,E00671
T005422,E00039
T005422,E00455
T005423,E00109
T005423,E00621
T005423,E00264
T005423,E00324
T005423,E00771
T005423,E00413
T005423,E00535
T005423,E00198
T005424,E00528
T005424,E00363
T005424,E00127
T005424,E00785
T005424,E00703
T005424,E00737
T005424,E00408
T005424,E00322
T005425,E00403
T005425,E00715
T005425,E00495
T005425,E00327
T005425,E00629
T005425,E00043
T005425,E00475
T005425,E00727
T005426,E00402
T005426,E00139
T005426,E00729
T005426,E00320
T005426,E00163
T005426,E00317
T005426,E00074
T005426,E00643
T005427,E00608
T005427,E00554
T005427,E00028
T005427,E00147
T005427,E00257
T005427,E00146
T005427,E00586
T005427,E00562
T005428,E00055
T005428,E00036
T005428,E00060
T005428,E00130
T005428,E00192
T005428,E00553
T005428,E00641
T005428,E00195
T005429,E00494
T005429,E00635
T005429,E00168
T005429,E00231
T005430,E00770
T005430,E00305
T005430,E00326
T005430,E00757
T005431,E00414
T005431,E00640
T005431,E00013
T005431,E00098
T005432,E00645
T005432,E00339
T005432,E00101
T005432,E00005
T005433,E00103
T005433,E00119
T005433,E00145
T005433,E00505
T005434,E00606
T005434,E00526
T005434,E00110
T005434,E00479
T005435,E00189
T005435,E00501
T005435,E00002
T005435,E00263
T005436,E00006
T005436,E00516
T005436,E00054
T005436,E00387
T005436,E00165
T005436,E00646
T005436,E00118
T005436,E00224
T005436,E00017
T005436,E00015
T005436,E00206
T005436,E00158
T005436,E00599
T005436,E00030
T005436,E00684
T005436,E00294
T005436,E00138
T005436,E00543
T005437,E00692
T005437,E00746
T005437,E00019
T005437,E00275
T005437,E00799
T005437,E00701
T005438,E00719
T005438,E00227
T005438,E00164
T005438,E00274
T005438,E00592
T005438,E00708
T005438,E00174
T005438,E00576
T005439,E00306
T005439,E00180
T005439,E00658
T005439,E00053
T005439,E00467
T005439,E00462
T005439,E00776
T005439,E00391
T005440,E00343
T005440,E00290
T005440,E00151
T005440,E00724
T005440,E00648
T005440,E00386
T005440,E00793
T005440,E00566
T005441,E00502
T005441,E00200
T005441,E00624
T005441,E00170
T005441,E00268
T005441,E00121
T005441,E00434
T005441,E00620
T005442,E00590
T005443,E00401
T005443,E00042
T005443,E00353
T005443,E00705
T005444,E00595
T005444,E00204
T005444,E00416
T005444,E99503
T005445,E00681
T005445,E00490
T005445,E00609
T005445,E00293
T005446,E00575
T005446,E00390
T005446,E99213
T005446,E00078
T005447,E00753
T005447,E00050
T005447,E00427
T005447,E00202
T005448,E00061
T005448,E00682
T005448,E00144
T005448,E00225
T005449,E00540
T005449,E00344
T005449,E00120
T005449,E00057
T005450,E00634
T005450,E00470
T005450,E00792
T005450,E00476
T005451,E00072
T005452,E00104
T005452,E00614
T005452,E00488
T005452,E00654
T005452,E00226
T005452,E00379
T005452,E00696
T005452,E00774
T005452,E00653
T005452,E00365
T005452,E99560
T005452,E00069
T005452,E00521
T005452,E00228
T005452,E00095
T005452,E00115
T005452,E00642
T005452,E00574
T005453,E00791
T005453,E00346
T005453,E00373
T005453,E00355
T005454,E00255
T005454,E00349
T005454,E00351
T005454,E00610
T005454,E00372
T005454,E00796
T005454,E00167
T005454,E00251
T005454,E00568
T005454,E99793
T005454,E00628
T005454,E00062
T005454,E00084
T005454,E00559
T005455,E00735
T005455,E00420
T005455,E00221
T005455,E00239
T005455,E00092
T005455,E00026
T005455,E00219
T005455,E00135
T005456,E00316
T005456,E00418
T005456,E00679
T005456,E00649
T005456,E00580
T005456,E00594
T005456,E00201
T005457,E00289
T005457,E00321
T005457,E00650
T005457,E00083
T005457,E00046
T005457,E00523
T005457,E00775
T005457,E00307
T005458,E00270
T005458,E00254
T005458,E00041
T005458,E00342
T005458,E00233
T005458,E00417
T005458,E00360
T005458,E00350
T005459,E00314
T005459,E00548
T005459,E00021
T005459,E00411
T005460,E00394
T005460,E00366
T005460,E00296
T005460,E00474
T005461,E00458
T005461,E00558
T005461,E00312
T005461,E00375
T005462,E00210
T005462,E00179
T005462,E00113
T005462,E00612
T005463,E00029
T005463,E00091
T005463,E00367
T005463,E00288
T005464,E00748
T005464,E00514
T005464,E00356
T005464,E00107
T005465,E00424
T005466,E00734
T005466,E00461
T005466,E00040
T005466,E00550
T005466,E00310
T005466,E00374
T005466,E00504
T005466,E00712
T005466,E00763
T005466,E00090
T005466,E00148
T005466,E00522
T005466,E00248
T005466,E00332
T005466,E00099
T005466,E00711
T005466,E00601
T005466,E00765
T005467,E00088
T005467,E00790
T005468,E00194
T005468,E00588
T005468,E00656
T005468,E00116
T005468,E00232
T005468,E00749
T005468,E00740
T005468,E00238
T005469,E00207
T005469,E00383
T005469,E00657
T005469,E00518
T005469,E00341
T005469,E00246
T005469,E00437
T005469,E00786
T005470,E00157
T005471,E00331
T005471,E00639
T005471,E00284
T005471,E00280
T005472,E00690
T005472,E00209
T005472,E00632
T005472,E00318
T005473,E00025
T005473,E00397
T005473,E00578
T005473,E00686
T005474,E00114
T005474,E00244
T005475,E00161
T005475,E00773
T005475,E00258
T005475,E00142
T005475,E00329
T005475,E00337
T005475,E00783
T005475,E00409
T005475,E00497
T005475,E00016
T005475,E00406
T005475,E00253
T005475,E00795
T005475,E00077
T005475,E00038
T005475,E00009
T005475,E00086
T005475,E00779
T005476,E00565
T005476,E00018
T005476,E00273
T005476,E00556
T005476,E00398
T005476,E00125
T005476,E00333
T005476,E00459
T005476,E00252
T005476,E00178
T005476,E00460
T005476,E00762
T005476,E00003
T005476,E00325
T005476,E00572
T005476,E00129
T005476,E00605
T005476,E00549
T005477,E00051
T005477,E00191
T005477,E00800
T005477,E00199
T005477,E00688
T005477,E00752
T005477,E00291
T005477,E00297
T005477,E00630
T005477,E00647
T005477,E00561
T005478,E00542
T005478,E00448
T005478,E00153
T005478,E00456
T005478,E00186
T005478,E00596
T005478,E00767
T005478,E99956
T005478,E00759
T005478,E00037
T005478,E00159
T005478,E00218
T005478,E00754
T005478,E00577
T005478,E00388
T005478,E00676
T005478,E00272
T005478,E00536
T005479,E00607
T005479,E00689
T005479,E00597
T005479,E00082
T005479,E00524
T005479,E00265
T005479,E00033
T005479,E00693
T005479,E00368
T005479,E00789
T005479,E00723
T005479,E00022
T005479,E00732
T005479,E00798
T005479,E00515
T005479,E00315
T005479,E00080
T005479,E00631
T005480,E00335
T005480,E00680
T005480,E99821
T005480,E00731
T005480,E00482
T005480,E00672
T005480,E00579
T005480,E00716
T005480,E00052
T005481,E00500
T005481,E00176
T005481,E00551
T005481,E00338
T005481,E00154
T005481,E00282
T005481,E00465
T005481,E00259
T005482,E00706
T005482,E00444
T005482,E00678
T005482,E00185
T005482,E00140
T005482,E00730
T005482,E00438
T005482,E00260
T005483,E00466
T005483,E00619
T005483,E00364
T005483,E00126
T005483,E00699
T005483,E00124
T005483,E00510
T005483,E00469
T005484,E00240
T005484,E00024
T005484,E00564
T005484,E00011
T005484,E00443
T005484,E00616
T005484,E00661
T005484,E00751
T005485,E00769
T005485,E00532
T005485,E00738
T005485,E00717
T005485,E00382
T005485,E00581
T005485,E00557
T005486,E00313
T005486,E00160
T005486,E00097
T005486,E00797
T005486,E00234
T005486,E00665
T005486,E00704
T005486,E00301
T005487,E00673
T005487,E00247
T005487,E00520
T005487,E00362
T005487,E00222
T005487,E00463
T005487,E00503
T005487,E00613
T005488,E00143
T005488,E00111
T005488,E00744
T005488,E00089
T005488,E00644
T005488,E00014
T005488,E00269
T005488,E00056
T005489,E00183
T005489,E00407
T005489,E00213
T005489,E99914
T005489,E00546
T005489,E00032
T005489,E00359
T005489,E00432
T005490,E00741
T005490,E00419
T005490,E00299
T005490,E00340
T005490,E00131
T005490,E00298
T005490,E00190
T005490,E00750
T005491,E00348
T005491,E00020
T005491,E00203
T005492,E00477
T005492,E00573
T005492,E00177
T005492,E00485
T005493,E00357
T005493,E00742
T005493,E00070
T005493,E00517
T005494,E00615
T005494,E00172
T005494,E00093
T005494,E00718
T005495,E00286
T005495,E00507
T005495,E00486
T005495,E00687
T005496,E00369
T005496,E00714
T005496,E00128
T005496,E00471
T005497,E00425
T005497,E00415
T005497,E99179
T005497,E00105
T005498,E00155
T005498,E00677
T005498,E00480
T005498,E99499
T005499,E00266
T005499,E00211
T005499,E00472
T005499,E00215
T005500,E00583
T005500,E00283
T005500,E00777
T005500,E00059
T005501,E00421
T005501,E00271
T005501,E00423
T005501,E00010
T005502,E00453
T005503,E00627
T005503,E00555
T005503,E00544
T005503,E00674
T005503,E00625
T005503,E00618
T005503,E00308
T005503,E00512
T005503,E00768
T005503,E00166
T005503,E00309
T005503,E00150
T005503,E00389
T005503,E00519
T005503,E00683
T005503,E00728
T005503,E00276
T005503,E00237
T005504,E00187
T005504,E00429
T005504,E00435
T005504,E00709
T005504,E00292
T005504,E00295
T005504,E00669
T005504,E00726
T005504,E00492
T005504,E00651
T005504,E00508
T005504,E00112
T005504,E00431
T005504,E00670
T005504,E00787
T005504,E00499
T005504,E00484
T005504,E00094
T005505,E00076
T005505,E00217
T005505,E00725
T005505,E00539
T005505,E00152
T005505,E00446
T005505,E00181
T005505,E00582
T005505,E00279
T005505,E00440
T005506,E00478
T005506,E00604
T005506,E00300
T005506,E00447
T005506,E00433
T005506,E99786
T005506,E00410
T005506,E00430
T005507,E00065
T005507,E00345
T005507,E00449
T005507,E00223
T005507,E00171
T005507,E00652
T005507,E00049
T005507,E00220
T005508,E00136
T005508,E00250
T005508,E00511
T005508,E00713
T005508,E00695
T005508,E00370
T005508,E00196
T005508,E00736
T005509,E00545
T005509,E99705
T005509,E00483
T005509,E00464
T005509,E00664
T005509,E00058
T005509,E00229
T005509,E00584
T005510,E00235
T005510,E00243
T005510,E00133
T005510,E00175
T005510,E00027
T005510,E00487
T005510,E00637
T005510,E00481
T005511,E00721
T005511,E00764
T005511,E00513
T005511,E00788
T005511,E00249
T005511,E00666
T005511,E00048
T005511,E00285
T005512,E00162
T005513,E00208
T005513,E00182
T005513,E00589
T005513,E00336
T005514,E00685
T005514,E00380
T005514,E00739
T005514,E00441
T005515,E00426
T005515,E00781
T005515,E00102
T005515,E00404
T005516,E00450
T005516,E00212
T005516,E00045
T005516,E00001
T005517,E00772
T005517,E00700
T005517,E00405
T005517,E00354
T005518,E00412
T005518,E00525
T005518,E00743
T005518,E99353
T005519,E00205
T005519,E00023
T005519,E00428
T005519,E00698
T005520,E00358
T005520,E00442
T005520,E00569
T005520,E00044
T005521,E00498
T005521,E00445
T005521,E00745
T005521,E00436
T005522,E00662
T005522,E00533
T005522,E00385
T005522,E00184
T005523,E00371
T005523,E00587
T005523,E00214
T005523,E00311
T005524,E00509
T005524,E00303
T005524,E00381
T005525,E00122
T005525,E00241
T005525,E00117
T005525,E00439
T005525,E00489
T005525,E00323
T005525,E00256
T005525,E00392
T005525,E00766
T005525,E00529
T005525,E00304
T005525,E00377
T005525,E00242
T005525,E00352
T005525,E00451
T005525,E00733
T005525,E00600
T005525,E00075
T005526,E00236
T005527,E00393
T005527,E00755
T005527,E00570
T005527,E00567
T005527,E00081
T005527,E00047
T005527,E00455
T005527,E00782
T005527,E99370
T005527,E00193
T005527,E00452
T005527,E00376
T005527,E00149
T005527,E00531
T005527,E00720
T005527,E00106
T005527,E00598
T005527,E00004
T005528,E00585
T005528,E00496
T005528,E00667
T005528,E00039
T005528,E00278
T005528,E99699
T005528,E00671
T005528,E00395
T005528,E00012
T005528,E00602
T005528,E00694
T005529,E00403
T005529,E99919
T005529,E00785
T005529,E00281
T005529,E00413
T005529,E00495
T005529,E00109
T005529,E00528
T005530,E00727
T005530,E00737
T005530,E00127
T005530,E00198
T005530,E00324
T005530,E00327
T005530,E00621
T005530,E00771
T005531,E00475
T005531,E00703
T005531,E00408
T005531,E00322
T005531,E00535
T005532,E00073
T005532,E00402
T005532,E00257
T005532,E00784
T005532,E00060
T005532,E00036
T005532,E00139
T005532,E00608
T005533,E00146
T005533,E00163
T005533,E00317
T005533,E00195
T005533,E00074
T005533,E00147
T005533,E00552
T005533,E00553
T005534,E00192
T005534,E00100
T005534,E00643
T005534,E00130
T005534,E00641
T005534,E00729
T005534,E99406
T005534,E00554
T005535,E00055
T005535,E00586
T005535,E00320
T005535,E00562
T005536,E00505
T005536,E99574
T005536,E00145
T005536,E00305
T005537,E00169
T005537,E00168
T005537,E00002
T005537,E00640
T005538,E00645
T005538,E00110
T005538,E00263
T005538,E00189
T005539,E00326
T005539,E00617
T005539,E00757
T005539,E00479
T005540,E00005
T005540,E00770
T005540,E00103
T005540,E00794
T005541,E00414
T005541,E00098
T005541,E00501
T005541,E00101
T005542,E00013
T005542,E00119
T005542,E00635
T005542,E00339
T005543,E00494
T005543,E00606
T005544,E00006
T005544,E00224
T005544,E00165
T005544,E00275
T005544,E00054
T005544,E00015
T005544,E00692
T005544,E00017
T005544,E00138
T005544,E00030
T005544,E00516
T005544,E00599
T005544,E00543
T005544,E00294
T005544,E00684
T005544,E00799
T005544,E00701
T005544,E00646
T005545,E00158
T005545,E00019
T005545,E00118
T005545,E00206
T005546,E00151
T005546,E00462
T005546,E00502
T005546,E00170
T005546,E00200
T005546,E00793
T005546,E00306
T005546,E00776
T005547,E00053
T005547,E00180
T005547,E00566
T005547,E00386
T005547,E00174
T005547,E00719
T005547,E00121
T005547,E00620
T005548,E00434
T005548,E00274
T005548,E00290
T005548,E00724
T005548,E00590
T005548,E00624
T005548,E00164
T005548,E00708
T005549,E00268
T005549,E00467
T005549,E00391
T005549,E00648
T005549,E00343
T005550,E00353
T005550,E00705
T005550,E00476
T005550,E00120
T005551,E00225
T005551,E00575
T005551,E00540
T005551,E00078
T005552,E00072
T005552,E00384
T005552,E00202
T005552,E00470
T005553,E99670
T005553,E00144
T005553,E00334
T005553,E00050
T005554,E00682
T005554,E00753
T005554,E00416
T005554,E00681
T005555,E00057
T005555,E00061
T005555,E00490
T005555,E00042
T005556,E00390
T005556,E00204
T005556,E00401
T005556,E00634
T005557,E00560
T005557,E00653
T005557,E00521
T005557,E00642
T005557,E00614
T005557,E00346
T005557,E00574
T005557,E00791
T005557,E00379
T005557,E00488
T005557,E00365
T005557,E00226
T005557,E00654
T005557,E00228
T005557,E00069
T005557,E00696
T005557,E00104
T005557,E00034
T005558,E00355
T005558,E00373
T005558,E00115
T005558,E00774
T005559,E00349
T005559,E00796
T005559,E00351
T005559,E00255
T005559,E00084
T005559,E00251
T005559,E00372
T005559,E99997
T005559,E00610
T005559,E00591
T005559,E00568
T005559,E00062
T005559,E00559
T005559,E00167
T005559,E00628
T005560,E00735
T005560,E00008
T005560,E00580
T005560,E00135
T005560,E00649
T005560,E00418
T005560,E00594
T005560,E00219
T005561,E00239
T005561,E00316
T005561,E00092
T005561,E00026
T005561,E00221
T005561,E00420
T005561,E00201
T005562,E00046
T005562,E00314
T005562,E00548
T005562,E00035
T005562,E00342
T005562,E00523
T005562,E00360
T005562,E00775
T005563,E00307
T005563,E00233
T005563,E00083
T005563,E00650
T005563,E00321
T005563,E00021
T005563,E00270
T005563,E00085
T005564,E00289
T005564,E00417
T005564,E00041
T005564,E00254
T005565,E00558
T005565,E00366
T005565,E00458
T005565,E00210
T005566,E00113
T005566,E00424
T005566,E00179
T005566,E00375
T005567,E00312
T005567,E99766
T005567,E00612
T005567,E00367
T005568,E00288
T005568,E00296
T005568,E00514
T005568,E00029
T005569,E00107
T005569,E00474
T005569,E00071
T005569,E00091
T005570,E00332
T005570,E00310
T005570,E00522
T005570,E00711
T005570,E00712
T005570,E00765
T005570,E00040
T005570,E00374
T005570,E00763
T005570,E00461
T005570,E00099
T005570,E00790
T005570,E00248
T005570,E00504
T005570,E00563
T005570,E00088
T005570,E00663
T005570,E00148
T005571,E00157
T005571,E00656
T005571,E00383
T005571,E00116
T005571,E00207
T005571,E00238
T005571,E00780
T005571,E00740
T005572,E99998
T005572,E00518
T005572,E00232
T005572,E00341
T005572,E00194
T005572,E00749
T005572,E00786
T005572,E00246
T005573,E00657
T005574,E00686
T005574,E00690
T005574,E00209
T005574,E00578
T005575,E00244
T005575,E00397
T005575,E00331
T005575,E00639
T005576,E00760
T005576,E00318
T005576,E00284
T005576,E00114
T005577,E00280
T005577,E00632
T005577,E00025
T005578,E00572
T005578,E00605
T005578,E00556
T005578,E00329
T005578,E00779
T005578,E00762
T005578,E00018
T005578,E00460
T005578,E00199
T005578,E00398
T005578,E00497
T005578,E00161
T005578,E00325
T005578,E00795
T005578,E00077
T005578,E00647
T005578,E00297
T005578,E00009
T005579,E00409
T005579,E99711
T005579,E00142
T005579,E00773
T005579,E00561
T005579,E00016
T005579,E00230
T005579,E00038
T005579,E00752
T005579,E00660
T005579,E00051
T005579,E00333
T005579,E00459
T005579,E00273
T005579,E00291
T005579,E00129
T005579,E00565
T005579,E00800
T005580,E00252
T005580,E00258
T005580,E00549
T005580,E00086
T005580,E00191
T005580,E00406
T005580,E00337
T005580,E00253
T005580,E00688
T005580,E00125
T005580,E00630
T005580,E00178
T005580,E00267
T005581,E00542
T005581,E00693
T005581,E00448
T005581,E00515
T005581,E00798
T005581,E00754
T005581,E00096
T005581,E00731
T005581,E00759
T005581,E00159
T005581,E00218
T005581,E00579
T005581,E00524
T005581,E00680
T005581,E00033
T005581,E00456
T005581,E00672
T005581,E00767
T005582,E00315
T005582,E00596
T005582,E00607
T005582,E00676
T005582,E00368
T005582,E00482
T005582,E00577
T005582,E00186
T005582,E00789
T005582,E00080
T005582,E00655
T005582,E00689
T005582,E00756
T005582,E00037
T005582,E00052
T005582,E00265
T005582,E00631
T005582,E00732
T005583,E00272
T005583,E00022
T005583,E00087
T005583,E00536
T005583,E00702
T005583,E00723
T005583,E00388
T005584,E00124
T005584,E00510
T005584,E00532
T005584,E00581
T005584,E00675
T005584,E00024
T005584,E00469
T005584,E00443
T005585,E00154
T005585,E00176
T005585,E00619
T005585,E00282
T005585,E00240
T005585,E00551
T005585,E00769
T005585,E00500
T005586,E00382
T005586,E00616
T005586,E00758
T005586,E00738
T005586,E00564
T005586,E00185
T005586,E00699
T005586,E00259
T005587,E00730
T005587,E00661
T005587,E00465
T005587,E00338
T005587,E00364
T005587,E00011
T005587,E00751
T005587,E00557
T005588,E00678
T005588,E00140
T005588,E00466
T005588,E00126
T005588,E00706
T005588,E00260
T005588,E00438
T005588,E00173
T005589,E00137
T005590,E00299
T005590,E00362
T005590,E00665
T005590,E00741
T005590,E00313
T005590,E00613
T005590,E00097
T005590,E00468
T005591,E00183
T005591,E00160
T005591,E00269
T005591,E00298
T005591,E00520
T005591,E00247
T005591,E00089
T005591,E00131
T005592,E00032
T005592,E00203
T005592,E00190
T005592,E00014
T005592,E00541
T005592,E00673
T005592,E00493
T005592,E00213
T005593,E00546
T005593,E00704
T005593,E00797
T005593,E00348
T005593,E00234
T005593,E00463
T005593,E00644
T005593,E00407
T005594,E00143
T005594,E00432
T005594,E00744
T005594,E00359
T005594,E00056
T005594,E00340
T005594,E00020
T005594,E00111
T005595,E00301
T005595,E00503
T005595,E00419
T005596,E00480
T005596,E00677
T005596,E00423
T005596,E00070
T005597,E00453
T005597,E00615
T005597,E00507
T005597,E00059
T005598,E00172
T005598,E00177
T005598,E00105
T005598,E00718
T005599,E00007
T005599,E00283
T005599,E99948
T005599,E00425
T005600,E00319
T005600,E00369
T005600,E00573
T005600,E00421
T005601,E00777
T005601,E00271
T005601,E00010
T005601,E00211
T005602,E00593
T005602,E00330
T005602,E00472
T005602,E00742
T005603,E00486
T005603,E00286
T005603,E00415
T005603,E00093
T005604,E00583
T005604,E00506
T005604,E00778
T005604,E00485
T005605,E00357
T005605,E99613
T005605,E00155
T005605,E00215
T005606,E00477
T005606,E00266
T005606,E00687
T005607,E00431
T005607,E00308
T005607,E00389
T005607,E00152
T005607,E00512
T005607,E00709
T005607,E00279
T005607,E00625
T005607,E00217
T005607,E00728
T005607,E00683
T005607,E00787
T005607,E00399
T005607,E99166
T005607,E99917
T005607,E00627
T005607,E00440
T005607,E00544
T005608,E00484
T005608,E00670
T005608,E00295
T005608,E00187
T005608,E00726
T005608,E00582
T005608,E00555
T005608,E00519
T005608,E00166
T005608,E00651
T005608,E00725
T005608,E00112
T005608,E00603
T005608,E00292
T005608,E00076
T005608,E00429
T005608,E00094
T005608,E00181
T005609,E00499
T005609,E00237
T005609,E00618
T005609,E00435
T005609,E00446
T005609,E00508
T005609,E00626
T005609,E00492
T005609,E00768
T005609,E00674
T005609,E00707
T005610,E00537
T005610,E00370
T005610,E00511
T005610,E00058
T005610,E00136
T005610,E00433
T005610,E00220
T005610,E00175
T005611,E00721
T005611,E00513
T005611,E00478
T005611,E00584
T005611,E00788
T005611,E00449
T005611,E00652
T005611,E00065
T005612,E00229
T005612,E00345
T005612,E00048
T005612,E00713
T005612,E00235
T005612,E00133
T005612,E00633
T005612,E99553
T005613,E00162
T005613,E00285
T005613,E00049
T005613,E00481
T005613,E00666
T005613,E00664
T005613,E00300
T005613,E00637
T005614,E00695
T005614,E00464
T005614,E00430
T005614,E00764
T005614,E00171
T005614,E00250
T005614,E00410
T005614,E00197
T005615,E00277
T005615,E00487
T005615,E00243
T005615,E00249
T005615,E00736
T005615,E00483
T005615,E00545
T005615,E00604
T005616,E00205
T005616,E00214
T005616,E99847
T005616,E00044
T005617,E00023
T005617,E00547
T005617,E00739
T005617,E00412
T005618,E00587
T005618,E00354
T005618,E00336
T005618,E00772
T005619,E00589
T005619,E00743
T005619,E00371
T005619,E00428
T005620,E00450
T005620,E00781
T005620,E00385
T005620,E00303
T005621,E00441
T005621,E00184
T005621,E00436
T005621,E00525
T005622,E00358
T005622,E99016
T005622,E00381
T005622,E00380
T005623,E00445
T005623,E00302
T005623,E00533
T005623,E00045
T005624,E99810
T005624,E00212
T005624,E00208
T005624,E00311
T005625,E00569
T005625,E00700
T005625,E00685
T005625,E00662
T005626,E00426
T005626,E00102
T005626,E99650
T005626,E00400
T005627,E00745
T005627,E00698
T005627,E00498
T005628,E00241
T005628,E00529
T005628,E00352
T005628,E00489
T005628,E00691
T005628,E00766
T005628,E00538
T005628,E00075
T005628,E00600
T005628,E00122
T005628,E00451
T005628,E00473
T005628,E99580
T005628,E00256
T005628,E00733
T005628,E00236
T005628,E00242
T005628,E00063
T005629,E00304
T005630,E00585
T005630,E00720
T005630,E00755
T005630,E00782
T005630,E00376
T005630,E00496
T005630,E00455
T005630,E99645
T005630,E00141
T005630,E00039
T005630,E00567
T005630,E00452
T005630,E00012
T005630,E00395
T005630,E00602
T005630,E00598
T005630,E00454
T005630,E00106
T005631,E00667
T005631,E00108
T005631,E00081
T005631,E99295
T005631,E99764
T005631,E00149
T005631,E00671
T005631,E00278
T005631,E00047
T005631,E00694
T005632,E00715
T005632,E00109
T005632,E00495
T005632,E00785
T005632,E00127
T005632,E00621
T005632,E00629
T005632,E00703
T005633,E00408
T005633,E00324
T005633,E00737
T005633,E00771
T005633,E00535
T005633,E00403
T005633,E00363
T005633,E00281
T005634,E00727
T005634,E00198
T005634,E00322
T005634,E00043
T005634,E99266
T005634,E00475
T005634,E00528
T005634,E00413
T005635,E00320
T005635,E00188
T005635,E00262
T005635,E00036
T005635,E00608
T005635,E00552
T005635,E00074
T005635,E99180
T005636,E00028
T005636,E00195
T005636,E00553
T005636,E00163
T005636,E00257
T005636,E00317
T005636,E00055
T005636,E00402
T005637,E00139
T005637,E00586
T005637,E00729
T005637,E00643
T005637,E00784
T005637,E00130
T005637,E00562
T005637,E00641
T005638,E00060
T005638,E00073
T005638,E00146
T005638,E00192
T005639,E00526
T005639,E00414
T005639,E00119
T005639,E00326
T005640,E00617
T005640,E00098
T005640,E00640
T005640,E00013
T005641,E00635
T005641,E00794
T005641,E00002
T005641,E00479
T005642,E00168
T005642,E00263
T005642,E00005
T005642,E00505
T005643,E00101
T005643,E00305
T005643,E00494
T005643,E00189
T005644,E00231
T005644,E00645
T005644,E00501
T005644,E00103
T005645,E00770
T005645,E00339
T005645,E00757
T005645,E00110
T005646,E00019
T005646,E00224
T005646,E00206
T005646,E00684
T005646,E00294
T005646,E00015
T005646,E00054
T005646,E00543
T005646,E00701
T005646,E00030
T005646,E00275
T005646,E00599
T005646,E00138
T005646,E00692
T005646,E00387
T005646,E00017
T005646,E00006
T005646,E00158
T005647,E00516
T005647,E00799
T005647,E00165
T005647,E00118
T005648,E00164
T005648,E00151
T005648,E00434
T005648,E00462
T005648,E00724
T005648,E00391
T005648,E00590
T005648,E00624
T005649,E00719
T005649,E00502
T005649,E00343
T005649,E00200
T005649,E00053
T005649,E00180
T005649,E00227
T005649,E00274
T005650,E00793
T005650,E00170
T005650,E00776
T005650,E00566
T005650,E00592
T005650,E00290
T005650,E00620
T005650,E00648
T005651,E00306
T005651,E00708
T005651,E00658
T005651,E00576
T005652,E00293
T005652,E00681
T005652,E00204
T005652,E00050
T005653,E00334
T005653,E00792
T005653,E00390
T005653,E00427
T005654,E00416
T005654,E00753
T005654,E00120
T005654,E00609
T005655,E00470
T005655,E00540
T005655,E00202
T005655,E00490
T005656,E00072
T005656,E00595
T005656,E00575
T005656,E00634
T005657,E00353
T005657,E00705
T005657,E00401
T005657,E00476
T005658,E00144
T005658,E00078
T005658,E00042
T005658,E00384
T005659,E00344
T005659,E00061
T005659,E00682
T005659,E00225
T005660,E00057
T005661,E00226
T005661,E00696
T005661,E00560
T005661,E00654
T005661,E00095
T005661,E00488
T005661,E00774
T005661,E00642
T005661,E00614
T005661,E00365
T005661,E00653
T005661,E00379
T005661,E00791
T005661,E00034
T005661,E00355
T005661,E00228
T005661,E00346
T005661,E00104
T005662,E00521
T005662,E00069
T005662,E00115
T005662,E00373
T005662,E00574
T005663,E00591
T005663,E00123
T005663,E00255
T005663,E00610
T005663,E00167
T005663,E00372
T005663,E00349
T005663,E00156
T005663,E00084
T005663,E00796
T005663,E00568
T005663,E00559
T005663,E00351
T005663,E00628
T005663,E00062
T005663,E00251
T005664,E00026
T005664,E00239
T005664,E00735
T005664,E00316
T005664,E00418
T005664,E00221
T005664,E00219
T005664,E00580
T005665,E00201
T005665,E00594
T005665,E00135
T005665,E00649
T005665,E00092
T005665,E00008
T005665,E00679
T005666,E00411
T005666,E00289
T005666,E00342
T005666,E00417
T005666,E99744
T005666,E00021
T005666,E00350
T005666,E00270
T005667,E00307
T005667,E00046
T005667,E00321
T005667,E00035
T005667,E99130
T005667,E00254
T005667,E00548
T005667,E00233
T005668,E00650
T005668,E00314
T005668,E00085
T005668,E00523
T005669,E00312
T005669,E00107
T005669,E00514
T005669,E00356
T005670,E00091
T005670,E00366
T005670,E00474
T005670,E00375
T005671,E00424
T005671,E00288
T005671,E00558
T005671,E00367
T005672,E00210
T005672,E00296
T005672,E00029
T005672,E00179
T005673,E00748
T005673,E00458
T005673,E00394
T005673,E00071
T005674,E00612
T005674,E00113
T005675,E00090
T005675,E00088
T005675,E00522
T005675,E00712
T005675,E00734
T005675,E00550
T005675,E99596
T005675,E00790
T005675,E00374
T005675,E00601
T005675,E00148
T005675,E00099
T005675,E00040
T005675,E00765
T005675,E00763
T005675,E00711
T005675,E00663
T005675,E00248
T005676,E00332
T005676,E00310
T005677,E00437
T005677,E00749
T005677,E00740
T005677,E00157
T005677,E00246
T005677,E00588
T005677,E00194
T005677,E00238
T005678,E00780
T005678,E00116
T005678,E00786
T005678,E00656
T005678,E00657
T005678,E00232
T005678,E00518
T005678,E00341
T005679,E00760
T005679,E00397
T005679,E00690
T005679,E00025
T005680,E00686
T005680,E00331
T005680,E00318
T005680,E00114
T005681,E00284
T005681,E00244
T005681,E00639
T005681,E00280
T005682,E00209
T005682,E00578
T005683,E00688
T005683,E00459
T005683,E00199
T005683,E00660
T005683,E00773
T005683,E00460
T005683,E00291
T005683,E00142
T005683,E00003
T005683,E00549
T005683,E00398
T005683,E00258
T005683,E00783
T005683,E00762
T005683,E00556
T005683,E00779
T005683,E00337
T005683,E00161
T005684,E00710
T005684,E00009
T005684,E00230
T005684,E00297
T005684,E00329
T005684,E00016
T005684,E00077
T005684,E00086
T005684,E00409
T005684,E00752
T005684,E00125
T005684,E00630
T005684,E00267
T005684,E00572
T005684,E00129
T005684,E00018
T005684,E00406
T005684,E00051
T005685,E00647
T005685,E00038
T005685,E00252
T005685,E00273
T005685,E00325
T005685,E00178
T005685,E00333
T005685,E00795
T005685,E00191
T005685,E99317
T005685,E00253
T005685,E00565
T005685,E00497
T005686,E00596
T005686,E00716
T005686,E00265
T005686,E00037
T005686,E00676
T005686,E00315
T005686,E00798
T005686,E00082
T005686,E00754
T005686,E00577
T005686,E00335
T005686,E00689
T005686,E00052
T005686,E99920
T005686,E00515
T005686,E00218
T005686,E00731
T005686,E00767
T005687,E00272
T005687,E00033
T005687,E00153
T005687,E00087
T005687,E00482
T005687,E00702
T005687,E00388
T005687,E00524
T005687,E00022
T005687,E00723
T005687,E00579
T005687,E99620
T005687,E00456
T005687,E00607
T005687,E00597
T005687,E00655
T005687,E00368
T005687,E00732
T005688,E00631
T005688,E00448
T005688,E00080
T005688,E00536
T005688,E00789
T005688,E00693
T005688,E00159
T005688,E00672
T005688,E00096
T005688,E00680
T005689,E00154
T005689,E00382
T005689,E00259
T005689,E00024
T005689,E00443
T005689,E00738
T005689,E00699
T005689,E00137
T005690,E00465
T005690,E00551
T005690,E00717
T005690,E00282
T005690,E00444
T005690,E00124
T005690,E00557
T005690,E00706
T005691,E00338
T005691,E00176
T005691,E00616
T005691,E00260
T005691,E00581
T005691,E00140
T005691,E00173
T005691,E00675
T005692,E00240
T005692,E00134
T005692,E99477
T005692,E00364
T005692,E00185
T005692,E00730
T005692,E00469
T005692,E00769
T005693,E00751
T005693,E00438
T005693,E00619
T005693,E00510
T005694,E00644
T005694,E00673
T005694,E00190
T005694,E00419
T005694,E00744
T005694,E00704
T005694,E00463
T005694,E00298
T005695,E00301
T005695,E00247
T005695,E00131
T005695,E00089
T005695,E00313
T005695,E00111
T005695,E00160
T005695,E00340
T005696,E00020
T005696,E00503
T005696,E00183
T005696,E99024
T005696,E00014
T005696,E00520
T005696,E00432
T005696,E00097
T005697,E00203
T005697,E00541
T005697,E00613
T005697,E00269
T005697,E00750
T005697,E00222
T005697,E00407
T005697,E00213
T005698,E00299
T005698,E00359
T005698,E99921
T005698,E00493
T005698,E00234
T005698,E00468
T005698,E00056
T005698,E00546
T005699,E00143
T005699,E00797
T005699,E00348
T005700,E00286
T005700,E00573
T005700,E00007
T005700,E00271
T005701,E00593
T005701,E00421
T005701,E00507
T005701,E00517
T005702,E00266
T005702,E00283
T005702,E00485
T005702,E00010
T005703,E00677
T005703,E00453
T005703,E00155
T005703,E00471
T005704,E00777
T005704,E00583
T005704,E99346
T005704,E00172
T005705,E00477
T005705,E00423
T005705,E00093
T005705,E00215
T005706,E00369
T005706,E00211
T005706,E00177
T005706,E00714
T005707,E00506
T005707,E00486
T005707,E00778
T005707,E00472
T005708,E00070
T005708,E00615
T005708,E00425
T005708,E00480
T005709,E00128
T005709,E00059
T005710,E00187
T005710,E00544
T005710,E00076
T005710,E00499
T005710,E00399
T005710,E00670
T005710,E00440
T005710,E99807
T005710,E00709
T005710,E00625
T005710,E00389
T005710,E00618
T005710,E00276
T005710,E00166
T005710,E00555
T005710,E00726
T005710,E00292
T005710,E00582
T005711,E00768
T005711,E00112
T005711,E00484
T005711,E00603
T005711,E00626
T005711,E00707
T005711,E00627
T005711,E00181
T005711,E00446
T005711,E00683
T005711,E00237
T005711,E00295
T005711,E00308
T005711,E00429
T005711,E00217
T005711,E00492
T005711,E00431
T005711,E00539
T005712,E00512
T005712,E00150
T005712,E00422
T005712,E00435
T005712,E00674
T005712,E00279
T005712,E00787
T005712,E00094
T005712,E00728
T005712,E00725
T005713,E00545
T005713,E00433
T005713,E00277
T005713,E00764
T005713,E00430
T005713,E00637
T005713,E00229
T005713,E00065
T005714,E00487
T005714,E00235
T005714,E00171
T005714,E00449
T005714,E00223
T005714,E00604
T005714,E00027
T005714,E00447
T005715,E00695
T005715,E00175
T005715,E00721
T005715,E00464
T005715,E00483
T005715,E00478
T005715,E00345
T005715,E00300
T005716,E00370
T005716,E00664
T005716,E00537
T005716,E00136
T005716,E00788
T005716,E99386
T005716,E00410
T005716,E00652
T005717,E00250
T005717,E00713
T005717,E00736
T005717,E00133
T005717,E00196
T005717,E00197
T005717,E00511
T005717,E00049
T005718,E00481
T005718,E00048
T005718,E99286
T005718,E00243
T005718,E00058
T005718,E00633
T005718,E00162
T005719,E00698
T005719,E00441
T005719,E00371
T005719,E00214
T005720,E00182
T005720,E00023
T005720,E00311
T005720,E00745
T005721,E00102
T005721,E00044
T005721,E00533
T005721,E00380
T005722,E00400
T005722,E00743
T005722,E00354
T005722,E00428
T005723,E00208
T005723,E00662
T005723,E00569
T005723,E00001
T005724,E99728
T005724,E00547
T005724,E00404
T005724,E00772
T005725,E00509
T005725,E00303
T005725,E00385
T005725,E00498
T005726,E00184
T005726,E00445
T005726,E00739
T005726,E00700
T005727,E00212
T005727,E00412
T005727,E00302
T005727,E00587
T005728,E00336
T005728,E00781
T005728,E00426
T005728,E00525
T005729,E00045
T005729,E00205
T005729,E00405
T005729,E00358
T005730,E00442
T005730,E99778
T005730,E00450
T005730,E00685
T005731,E00063
T005731,E00241
T005731,E00117
T005731,E99073
T005731,E00392
T005731,E00377
T005731,E00236
T005731,E00691
T005731,E00242
T005731,E00473
T005731,E00122
T005731,E00256
T005731,E00766
T005731,E00304
T005731,E00600
T005731,E00489
T005731,E00439
T005731,E00352
T005732,E00733
T005732,E00529
T005732,E00075
T005733,E00585
T005733,E00393
T005733,E00570
T005733,E00667
T005733,E00376
T005733,E00149
T005733,E00193
T005733,E00452
T005733,E00081
T005733,E00694
T005733,E00455
T005733,E00106
T005733,E00004
T005733,E00598
T005733,E00567
T005733,E00039
T005733,E00531
T005733,E00454
T005734,E00395
T005734,E00012
T005734,E00755
T005734,E00720
T005734,E00602
T005734,E00278
T005734,E00108
T005734,E00671
T005734,E00782
T005734,E00047
T005734,E00132
T005734,E00496
T005734,E00141
T005735,E00703
T005735,E00324
T005735,E00281
T005735,E00771
T005735,E00413
T005735,E00495
T005735,E00629
T005735,E00403
T005736,E00109
T005736,E00715
T005736,E00198
T005736,E00621
T005736,E00264
T005736,E00737
T005736,E00528
T005736,E00327
T005737,E00043
T005737,E00408
T005737,E00475
T005737,E00127
T005737,E00727
T005737,E00322
T005737,E00785
T005737,E00535
T005738,E00363
T005739,E00139
T005739,E00192
T005739,E00608
T005739,E00195
T005739,E00257
T005739,E00643
T005739,E00100
T005739,E00586
T005740,E00320
T005740,E00163
T005740,E00784
T005740,E00641
T005740,E00262
T005740,E00552
T005740,E00729
T005740,E00073
T005741,E00130
T005741,E00055
T005741,E00188
T005741,E00147
T005741,E00146
T005741,E00562
T005741,E00028
T005741,E00317
T005742,E00553
T005743,E00002
T005743,E00640
T005743,E99327
T005743,E00145
T005744,E00305
T005744,E00326
T005744,E00494
T005744,E00189
T005745,E00617
T005745,E00013
T005745,E00119
T005745,E00339
T005746,E00635
T005746,E00770
T005746,E00645
T005746,E00606
T005747,E00098
T005747,E00103
T005747,E00169
T005747,E00526
T005748,E00757
T005748,E00110
T005748,E00263
T005748,E00231
T005749,E00414
T005749,E00005
T005750,E00019
T005750,E00224
T005750,E00030
T005750,E00387
T005750,E00543
T005750,E00158
T005750,E00118
T005750,E00746
T005750,E00017
T005750,E00275
T005750,E00701
T005750,E00006
T005750,E00646
T005750,E00206
T005750,E00684
T005750,E99171
T005750,E00054
T005750,E00165
T005751,E00015
T005751,E00516
T005751,E00799
T005751,E00294
T005752,E00620
T005752,E00343
T005752,E00434
T005752,E00462
T005752,E00290
T005752,E00391
T005752,E00719
T005752,E00793
T005753,E99621
T005753,E00648
T005753,E00227
T005753,E00268
T005753,E00274
T005753,E00576
T005753,E00658
T005753,E00174
T005754,E00590
T005754,E00170
T005754,E00566
T005754,E00502
T005754,E00053
T005754,E00386
T005754,E00306
T005754,E00121
T005755,E00467
T005755,E00592
T005755,E00164
T005755,E00151
T005755,E00776
T005755,E00708
T005756,E00072
T005756,E00401
T005756,E00595
T005756,E00470
T005757,E00792
T005757,E00042
T005757,E00416
T005757,E00682
T005758,E00427
T005758,E00061
T005758,E00057
T005758,E00753
T005759,E00293
T005759,E00204
T005759,E00344
T005759,E00144
T005760,E00050
T005760,E00705
T005760,E00609
T005760,E00078
T005761,E00334
T005761,E00390
T005761,E00490
T005761,E00225
T005762,E00384
T005762,E00634
T005762,E00202
T005762,E00476
T005763,E00120
T005764,E00365
T005764,E00654
T005764,E00095
T005764,E00560
T005764,E00034
T005764,E00488
T005764,E00653
T005764,E00521
T005764,E00355
T005764,E00228
T005764,E00696
T005764,E00346
T005764,E00069
T005764,E00791
T005764,E00574
T005764,E00379
T005764,E00373
T005764,E00104
T005765,E00614
T005765,E00642
T005765,E00226
T005765,E00774
T005766,E00351
T005766,E00123
T005766,E00372
T005766,E00610
T005766,E00255
T005766,E00559
T005766,E00591
T005766,E00628
T005766,E00568
T005766,E00251
T005766,E00156
T005766,E00349
T005766,E00062
T005766,E00084
T005767,E00008
T005767,E00221
T005767,E00201
T005767,E00092
T005767,E00219
T005767,E00239
T005767,E00735
T005767,E00679
T005768,E00316
T005768,E00649
T005768,E00026
T005768,E00418
T005768,E00580
T005768,E00135
T005768,E00594
T005768,E00420
T005769,E00314
T005769,E00085
T005769,E00307
T005769,E00411
T005769,E00342
T005769,E00233
T005769,E00021
T005769,E00270
T005770,E00254
T005770,E00035
T005770,E00083
T005770,E00046
T005770,E00360
T005770,E00650
T005770,E00417
T005770,E00289
T005771,E00523
T005771,E00548
T005771,E00775
T005772,E00367
T005772,E00210
T005772,E00514
T005772,E00179
T005773,E00748
T005773,E00558
T005773,E00113
T005773,E00612
T005774,E00071
T005774,E00312
T005774,E00288
T005774,E00366
T005775,E00356
T005775,E00029
T005775,E00474
T005775,E00091
T005776,E00375
T005776,E00458
T005776,E00107
T005776,E00296
T005777,E00424
T005777,E00394
T005778,E00248
T005778,E00461
T005778,E00663
T005778,E00090
T005778,E00522
T005778,E00310
T005778,E00148
T005778,E00563
T005778,E00374
T005778,E00763
T005778,E00099
T005778,E00711
T005778,E99412
T005778,E00550
T005778,E00504
T005778,E00790
T005778,E00088
T005778,E00332
T005779,E00040
T005779,E00734
T005779,E00601
T005779,E00765
T005780,E00116
T005780,E00341
T005780,E00194
T005780,E00749
T005780,E00740
T005780,E00780
T005780,E00238
T005780,E00518
T005781,E00207
T005781,E00232
T005781,E00246
T005781,E00786
T005781,E00383
T005781,E00437
T005781,E00157
T005781,E00588
T005782,E00632
T005782,E00244
T005782,E00331
T005782,E00025
T005783,E00318
T005783,E00280
T005783,E00209
T005783,E00686
T005784,E00284
T005784,E00760
T005784,E00639
T005785,E00762
T005785,E00409
T005785,E00325
T005785,E99142
T005785,E00258
T005785,E00051
T005785,E00459
T005785,E00329
T005785,E00497
T005785,E00605
T005785,E00800
T005785,E00273
T005785,E00125
T005785,E00783
T005785,E00460
T005785,E00773
T005785,E99706
T005785,E00630
T005786,E00253
T005786,E00252
T005786,E00795
T005786,E00016
T005786,E00086
T005786,E00549
T005786,E00199
T005786,E00003
T005786,E00009
T005786,E00333
T005786,E00230
T005786,E00191
T005786,E00161
T005786,E00178
T005786,E00267
T005786,E00038
T005786,E00398
T005786,E00077
T005787,E00565
T005787,E00752
T005787,E00406
T005787,E00337
T005787,E00660
T005787,E00129
T005787,E00018
T005787,E00572
T005787,E00647
T005787,E00710
T005787,E00556
T005787,E00291
T005788,E00597
T005788,E00767
T005788,E00218
T005788,E00448
T005788,E00335
T005788,E00037
T005788,E00759
T005788,E00315
T005788,E00524
T005788,E00159
T005788,E00272
T005788,E00680
T005788,E00676
T005788,E00082
T005788,E00579
T005788,E99326
T005788,E00596
T005788,E00265
T005789,E00607
T005789,E00655
T005789,E00542
T005789,E00756
T005789,E00723
T005789,E99816
T005789,E00080
T005789,E00631
T005789,E00482
T005789,E00022
T005789,E00153
T005789,E00033
T005789,E00515
T005789,E00754
T005789,E00096
T005789,E00536
T005789,E00702
T005789,E00052
T005790,E00732
T005790,E00693
T005790,E00689
T005790,E00087
T005790,E00368
T005790,E00716
T005790,E00456
T005790,E00186
T005790,E00388
T005791,E00259
T005791,E00137
T005791,E00769
T005791,E00124
T005791,E00364
T005791,E00510
T005791,E00173
T005791,E00466
T005792,E00581
T005792,E00465
T005792,E00616
T005792,E00619
T005792,E00438
T005792,E00024
T005792,E00661
T005792,E00469
T005793,E00240
T005793,E00500
T005793,E00678
T005793,E00551
T005793,E00557
T005793,E00444
T005793,E00011
T005793,E00382
T005794,E00699
T005794,E00758
T005794,E00675
T005794,E00134
T005794,E00176
T005794,E00717
T005794,E00532
T005794,E00185
T005795,E00706
T005795,E00443
T005795,E00730
T005795,E00751
T005795,E00338
T005795,E00282
T005795,E00154
T005796,E00222
T005796,E00014
T005796,E00432
T005796,E00032
T005796,E00665
T005796,E00704
T005796,E00673
T005796,E00744
T005797,E00463
T005797,E00313
T005797,E00741
T005797,E00468
T005797,E00111
T005797,E00541
T005797,E00546
T005797,E00348
T005798,E00247
T005798,E00183
T005798,E00644
T005798,E00269
T005798,E00299
T005798,E00089
T005798,E00097
T005798,E00020
T005799,E00419
T005799,E00160
T005799,E00056
T005799,E00298
T005799,E00143
T005799,E00613
T005799,E00503
T005799,E00362
T005800,E00301
T005800,E00234
T005800,E00407
T005800,E00340
T005800,E00203
T005800,E00750
T005800,E99231
T005800,E00131
T005801,E00190
T005801,E00359
T005801,E00213
T005802,E00517
T005802,E00421
T005802,E00177
T005802,E00573
T005803,E00778
T005803,E00472
T005803,E00010
T005803,E00266
T005804,E00059
T005804,E00718
T005804,E00155
T005804,E00271
T005805,E00687
T005805,E00615
T005805,E00677
T005805,E00742
T005806,E00453
T005806,E00480
T005806,E00070
T005806,E00471
T005807,E00485
T005807,E99324
T005807,E00423
T005807,E00357
T005808,E00128
T005808,E00319
T005808,E00415
T005808,E00369
T005809,E00330
T005809,E00105
T005809,E00583
T005809,E00425
T005810,E00215
T005810,E00477
T005810,E00507
T005810,E00286
T005811,E00486
T005811,E00172
T005811,E00714
T005811,E00777
T005812,E00593
T005812,E00093
T005812,E00506
T005813,E00152
T005813,E00618
T005813,E00670
T005813,E00674
T005813,E99404
T005813,E00512
T005813,E00429
T005813,E00076
T005813,E00519
T005813,E00603
T005813,E00499
T005813,E00555
T005813,E00399
T005813,E00217
T005813,E00787
T005813,E00709
T005813,E00726
T005813,E00544
T005814,E00725
T005814,E00237
T005814,E00582
T005814,E00166
T005814,E00308
T005814,E00389
T005814,E00669
T005814,E00181
T005814,E00446
T005814,E00279
T005814,E00431
T005814,E00422
T005814,E00484
T005814,E00440
T005814,E00707
T005814,E00625
T005814,E00627
T005814,E00309
T005815,E00539
T005815,E00683
T005815,E00768
T005815,E00626
T005815,E00492
T005815,E00150
T005815,E00187
T005815,E00651
T005815,E00508
T005815,E00094
T005815,E00292
T005815,E00276
T005815,E00435
T005816,E00065
T005816,E00285
T005816,E00513
T005816,E00027
T005816,E00133
T005816,E99555
T005816,E00300
T005816,E00481
T005817,E00430
T005817,E00652
T005817,E00277
T005817,E00487
T005817,E00175
T005817,E00447
T005817,E00633
T005817,E00345
T005818,E00058
T005818,E00764
T005818,E00713
T005818,E00637
T005818,E00478
T005818,E00229
T005818,E00545
T005818,E00664
T005819,E00243
T005819,E00136
T005819,E00197
T005819,E00511
T005819,E00250
T005819,E00370
T005819,E00537
T005819,E00410
T005820,E00449
T005820,E00666
T005820,E00235
T005820,E00695
T005820,E00604
T005820,E00433
T005820,E00171
T005820,E99869
T005821,E00483
T005821,E00162
T005822,E00739
T005822,E00311
T005822,E00685
T005822,E00184
T005823,E00587
T005823,E00045
T005823,E00381
T005823,E00498
T005824,E00442
T005824,E00445
T005824,E00547
T005824,E99001
T005825,E00700
T005825,E00698
T005825,E00426
T005825,E00400
T005826,E00205
T005826,E00509
T005826,E00405
T005826,E00212
T005827,E00182
T005827,E00745
T005827,E99731
T005827,E00533
T005828,E00214
T005828,E00412
T005828,E00441
T005828,E00380
T005829,E00336
T005829,E00743
T005829,E00404
T005829,E00102
T005830,E00450
T005830,E00358
T005830,E00781
T005830,E00589
T005831,E00436
T005831,E00044
T005831,E00569
T005831,E00208
T005832,E00662
T005832,E00772
T005832,E00428
T005832,E00303
T005833,E00075
T005833,E00489
T005833,E00529
T005833,E00451
T005833,E99652
T005833,E00392
T005833,E00538
T005833,E00323
T005833,E00352
T005833,E00377
T005833,E00236
T005833,E00766
T005833,E00439
T005833,E00733
T005833,E00063
T005833,E00600
T005833,E00304
T005833,E00122
T005834,E00242
T005834,E00256
T005834,E00241
T005835,E00193
T005835,E00393
T005835,E00570
T005835,E00012
T005835,E00004
T005835,E00694
T005835,E00452
T005835,E00667
T005835,E99766
T005835,E00531
T005835,E00081
T005835,E00376
T005835,E00602
T005835,E00455
T005835,E00598
T005835,E00496
T005835,E00395
T005835,E00278
T005836,E00047
T005836,E00671
T005836,E00720
T005836,E00149
T005836,E00039
T005836,E00141
T005836,E00108
T005836,E00567
T005836,E00585
T005836,E00106
T005836,E00454
T005836,E00132
T005836,E00755
T005837,E00703
T005837,E99733
T005837,E00715
T005837,E00629
T005837,E00737
T005837,E00363
T005837,E00198
T005837,E00495
T005838,E00621
T005838,E00408
T005838,E00528
T005838,E00109
T005838,E00727
T005838,E00281
T005838,E00264
T005838,E00771
T005839,E00127
T005839,E00403
T005839,E00322
T005839,E00785
T005839,E00324
T005839,E00475
T005839,E00043
T005840,E00317
T005840,E00146
T005840,E00192
T005840,E00729
T005840,E00147
T005840,E00139
T005840,E00586
T005840,E00402
T005841,E00055
T005841,E00074
T005841,E00553
T005841,E00257
T005841,E00188
T005841,E00608
T005841,E00562
T005841,E00195
T005842,E00100
T005842,E00643
T005842,E00262
T005842,E00641
T005842,E00163
T005842,E00554
T005842,E00060
T005842,E00036
T005843,E00784
T005843,E00320
T005843,E00073
T005843,E00552
T005843,E00130
T005843,E00028
T005844,E00479
T005844,E00414
T005844,E00645
T005844,E00101
T005845,E00145
T005845,E00339
T005845,E00770
T005845,E00501
T005846,E00494
T005846,E00231
T005846,E00110
T005846,E00013
T005847,E00617
T005847,E00098
T005847,E00168
T005847,E00305
T005848,E00640
T005848,E00119
T005848,E00005
T005848,E00505
T005849,E00635
T005849,E00794
T005849,E99496
T005849,E00169
T005850,E00002
T005850,E00263
T005850,E00606
T005851,E00224
T005851,E00158
T005851,E00015
T005851,E00387
T005851,E00543
T005851,E99264
T005851,E00294
T005851,E00516
T005851,E00054
T005851,E00275
T005851,E00030
T005851,E00684
T005851,E00165
T005851,E00206
T005851,E00019
T005851,E00118
T005851,E00599
T005851,E00138
T005852,E00646
T005852,E00746
T005852,E00017
T005852,E00006
T005852,E00692
T005853,E00467
T005853,E00391
T005853,E99084
T005853,E00306
T005853,E00624
T005853,E00200
T005853,E00592
T005853,E00566
T005854,E00274
T005854,E00620
T005854,E00434
T005854,E00658
T005854,E00180
T005854,E00386
T005854,E00590
T005854,E00793
T005855,E00724
T005855,E00174
T005855,E00170
T005855,E00290
T005855,E00462
T005855,E00151
T005855,E00708
T005855,E00164
T005856,E00268
T005856,E00502
T005856,E00648
T005856,E00343
T005856,E00719
T005856,E00576
T005856,E00121
T005856,E00053
T005857,E00609
T005857,E00427
T005857,E00681
T005857,E00061
T005858,E00353
T005858,E00334
T005858,E00390
T005858,E00682
T005859,E00202
T005859,E00120
T005859,E00050
T005859,E00293
T005860,E00144
T005860,E00490
T005860,E00476
T005860,E00575
T005861,E00384
T005861,E00470
T005861,E00072
T005861,E00344
T005862,E00416
T005862,E00204
T005862,E00792
T005862,E00401
T005863,E00634
T005863,E00057
T005863,E00540
T005863,E00753
T005864,E00225
T005864,E00595
T005864,E00078
T005865,E00614
T005865,E00521
T005865,E00791
T005865,E00373
T005865,E00488
T005865,E00104
T005865,E00654
T005865,E00034
T005865,E00365
T005865,E00346
T005865,E00355
T005865,E00696
T005865,E00069
T005865,E00774
T005865,E00560
T005865,E00379
T005865,E00115
T005865,E00228
T005866,E00226
T005866,E00574
T005866,E00642
T005867,E00084
T005867,E00628
T005867,E00591
T005867,E00351
T005867,E00796
T005867,E00610
T005867,E00156
T005867,E00062
T005867,E00255
T005867,E00568
T005867,E00123
T005867,E00167
T005867,E00559
T005867,E00251
T005867,E00349
T005868,E99807
T005868,E00239
T005868,E00092
T005868,E00201
T005868,E00420
T005868,E00026
T005868,E00316
T005868,E00135
T005869,E00679
T005869,E00580
T005869,E99198
T005869,E00221
T005870,E00035
T005870,E99352
T005870,E00021
T005870,E00233
T005870,E00523
T005870,E00254
T005870,E99747
T005870,E00085
T005871,E00650
T005871,E00046
T005871,E00289
T005871,E00314
T005871,E00270
T005871,E00321
T005871,E00548
T005871,E00083
T005872,E00041
T005872,E00775
T005872,E00417
T005873,E00612
T005873,E00091
T005873,E00210
T005873,E99371
T005874,E00424
T005874,E00458
T005874,E00113
T005874,E00107
T005875,E00288
T005875,E00356
T005875,E00179
T005875,E00367
T005876,E00375
T005876,E00071
T005876,E00029
T005876,E00474
T005877,E00394
T005877,E00366
T005877,E00296
T005877,E99876
T005878,E00734
T005878,E00148
T005878,E00563
T005878,E00712
T005878,E00763
T005878,E00310
T005878,E00088
T005878,E00099
T005878,E00374
T005878,E00711
T005878,E00790
T005878,E00765
T005878,E00504
T005878,E00248
T005878,E00601
T005878,E00040
T005878,E00461
T005878,E00550
T005879,E00090
T005879,E00522
T005879,E00663
T005880,E00740
T005880,E00232
T005880,E00383
T005880,E00657
T005880,E00341
T005880,E00518
T005880,E00246
T005880,E00207
T005881,E00780
T005881,E00656
T005881,E00588
T005881,E00194
T005881,E00238
T005881,E00157
T005882,E00632
T005882,E00686
T005882,E00690
T005882,E00280
T005883,E00114
T005883,E00578
T005883,E00318
T005883,E99572
T005884,E99910
T005884,E00760
T005884,E00397
T005884,E00244
T005885,E00284
T005886,E00459
T005886,E00230
T005886,E00016
T005886,E00337
T005886,E00297
T005886,E00497
T005886,E00800
T005886,E00325
T005886,E00565
T005886,E00549
T005886,E00572
T005886,E00783
T005886,E00142
T005886,E00252
T005886,E00161
T005886,E00460
T005886,E00003
T005886,E00333
T005887,E00605
T005887,E00398
T005887,E00710
T005887,E00018
T005887,E00773
T005887,E00556
T005887,E00258
T005887,E00273
T005887,E00647
T005887,E00409
T005887,E00267
T005887,E00752
T005887,E00038
T005887,E00125
T005887,E00561
T005887,E00077
T005887,E00051
T005887,E00129
T005888,E00178
T005888,E00630
T005888,E00329
T005888,E00199
T005888,E00779
T005888,E00688
T005888,E00406
T005888,E00253
T005888,E00086
T005888,E00191
T005888,E00795
T005889,E00597
T005889,E00037
T005889,E00542
T005889,E00456
T005889,E00265
T005889,E00702
T005889,E00315
T005889,E00577
T005889,E99190
T005889,E00052
T005889,E00022
T005889,E00218
T005889,E00716
T005889,E00596
T005889,E00732
T005889,E00335
T005889,E00272
T005889,E00789
T005890,E00080
T005890,E00159
T005890,E00096
T005890,E00607
T005890,E00798
T005890,E00672
T005890,E00631
T005890,E00033
T005890,E00756
T005890,E00153
T005890,E00448
T005890,E00754
T005890,E00655
T005890,E00087
T005890,E00689
T005890,E00186
T005890,E00482
T005890,E00680
T005891,E00524
T005891,E00759
T005891,E00515
T005891,E00693
T005891,E00731
T005891,E00082
T005892,E00510
T005892,E00532
T005892,E00259
T005892,E00661
T005892,E00500
T005892,E00738
T005892,E00678
T005892,E00240
T005893,E00675
T005893,E00557
T005893,E00769
T005893,E00551
T005893,E00751
T005893,E00173
T005893,E00465
T005893,E00137
T005894,E00124
T005894,E00581
T005894,E00134
T005894,E00024
T005894,E00564
T005894,E00338
T005894,E00154
T005894,E00466
T005895,E00758
T005895,E00011
T005895,E00140
T005895,E00260
T005895,E00185
T005895,E00176
T005895,E00717
T005895,E00699
T005896,E00706
T005896,E00469
T005896,E00730
T005896,E00438
T005896,E99647
T005896,E00619
T005896,E00616
T005897,E00097
T005897,E00644
T005897,E00468
T005897,E00503
T005897,E00665
T005897,E00056
T005897,E00143
T005897,E00190
T005898,E00299
T005898,E00269
T005898,E00463
T005898,E00340
T005898,E00301
T005898,E99408
T005898,E00419
T005898,E00234
T005899,E00131
T005899,E00613
T005899,E00183
T005899,E00032
T005899,E00348
T005899,E00541
T005899,E00546
T005899,E00741
T005900,E00704
T005900,E00750
T005900,E99893
T005900,E00407
T005900,E00213
T005900,E99983
T005900,E00089
T005900,E00797
T005901,E00673
T005901,E00362
T005901,E00313
T005901,E00014
T005901,E00020
T005901,E00432
T005901,E00359
T005901,E00160
T005902,E00493
T005902,E00222
T005902,E00520
T005903,E00677
T005903,E00425
T005903,E00486
T005903,E00687
T005904,E00583
T005904,E00778
T005904,E00593
T005904,E00059
T005905,E00477
T005905,E00718
T005905,E00357
T005905,E00453
T005906,E00369
T005906,E00215
T005906,E00271
T005906,E00128
T005907,E00286
T005907,E00105
T005907,E00507
T005907,E00266
T005908,E00573
T005908,E00177
T005908,E00172
T005908,E00472
T005909,E00010
T005909,E00283
T005909,E00070
T005909,E00480
T005910,E00423
T005910,E00319
T005910,E00415
T005910,E00093
T005911,E00421
T005911,E00615
T005911,E00742
T005911,E00330
T005912,E00777
T005912,E00211
T005912,E00506
T005912,E00485
T005913,E00714
T005913,E00471
T005913,E00517
T005914,E00492
T005914,E00603
T005914,E00422
T005914,E00308
T005914,E99714
T005914,E00429
T005914,E00389
T005914,E00787
T005914,E00435
T005914,E00726
T005914,E00683
T005914,E00670
T005914,E00539
T005914,E00625
T005914,E00094
T005914,E00181
T005914,E00309
T005914,E00519
T005915,E00295
T005915,E00707
T005915,E00279
T005915,E00217
T005915,E00187
T005915,E00484
T005915,E00618
T005915,E00152
T005915,E00555
T005915,E00626
T005915,E00582
T005915,E00674
T005915,E00076
T005915,E00725
T005915,E00112
T005915,E00627
T005915,E00166
T005915,E00499
T005916,E00709
T005916,E00544
T005916,E00440
T005916,E00669
T005916,E00728
T005916,E00150
T005916,E00446
T005916,E00768
T005916,E00292
T005916,E00431
T005916,E00651
T005916,E00237
T005917,E00049
T005917,E00736
T005917,E00511
T005917,E00133
T005917,E00223
T005917,E00410
T005917,E00171
T005917,E00713
T005918,E00652
T005918,E00721
T005918,E00764
T005918,E00449
T005918,E99912
T005918,E00788
T005918,E00370
T005918,E00250
T005919,E00537
T005919,E00633
T005919,E99361
T005919,E00229
T005919,E00545
T005919,E00430
T005919,E00695
T005919,E00058
T005920,E00285
T005920,E00220
T005920,E00584
T005920,E00464
T005920,E00666
T005920,E00637
T005920,E00481
T005920,E00447
T005921,E00243
T005921,E00249
T005921,E00345
T005921,E00433
T005921,E00483
T005921,E00277
T005921,E00027
T005921,E00235
T005922,E00048
T005922,E00162
T005923,E00587
T005923,E00589
T005923,E00525
T005923,E00182
T005924,E00428
T005924,E00302
T005924,E00436
T005924,E00303
T005925,E00405
T005925,E00745
T005925,E00509
T005925,E00781
T005926,E00336
T005926,E00023
T005926,E00214
T005926,E00311
T005927,E00371
T005927,E00044
T005927,E00102
T005927,E00380
T005928,E00358
T005928,E00442
T005928,E00700
T005928,E00045
T005929,E00739
T005929,E00001
T005929,E00205
T005929,E00547
T005930,E00354
T005930,E00533
T005930,E00685
T005930,E00381
T005931,E00385
T005931,E00569
T005931,E00184
T005931,E00450
T005932,E00445
T005932,E00412
T005932,E00698
T005932,E00743
T005933,E00772
T005933,E00404
T005933,E00400
T005933,E00212
T005934,E00208
T005934,E00426
T005935,E00691
T005935,E00075
T005935,E00304
T005935,E00538
T005935,E00473
T005935,E00733
T005935,E00117
T005935,E00766
T005935,E99571
T005935,E00377
T005935,E00236
T005935,E00241
T005935,E00352
T005935,E00063
T005935,E00242
T005935,E00600
T005935,E00122
T005935,E00451
T005936,E99015
T005936,E00323
T005936,E00256
T005937,E00141
T005937,E00395
T005937,E00193
T005937,E00081
T005937,E00004
T005937,E00106
T005937,E00570
T005937,E00454
T005937,E00531
T005937,E00039
T005937,E00012
T005937,E00376
T005937,E00455
T005937,E00393
T005937,E00755
T005937,E00585
T005937,E00496
T005937,E00132
T005938,E00149
T005938,E00782
T005938,E00667
T005938,E00602
T005938,E00567
T005938,E00108
T005938,E00720
T005938,E00671
T005938,E00278
T005938,E00452
T005938,E00598
T005939,E00408
T005939,E00264
T005939,E00413
T005939,E00495
T005939,E00703
T005939,E00324
T005939,E00127
T005939,E00629
T005940,E00737
T005940,E00785
T005940,E00403
T005940,E00363
T005940,E00198
T005940,E00621
T005940,E00535
T005940,E00327
T005941,E00281
T005941,E00475
T005941,E00043
T005941,E00727
T005941,E00109
T005941,E00715
T005941,E00771
T005942,E00317
T005942,E00729
T005942,E00784
T005942,E00554
T005942,E00257
T005942,E00608
T005942,E00100
T005942,E00146
T005943,E00130
T005943,E00147
T005943,E00643
T005943,E00028
T005943,E00553
T005943,E00320
T005943,E00586
T005943,E00188
T005944,E00055
T005944,E00139
T005944,E00074
T005944,E00195
T005944,E00552
T005944,E00562
T005944,E00192
T005944,E00641
T005945,E00073
T005945,E00163
T005945,E00262
T005945,E00036
T005945,E00060
T005946,E00189
T005946,E00098
T005946,E00645
T005946,E00479
T005947,E00617
T005947,E00119
T005947,E00635
T005947,E00326
T005948,E00005
T005948,E00794
T005948,E00494
T005948,E00169
T005949,E00640
T005949,E00501
T005949,E00263
T005949,E00013
T005950,E00168
T005950,E00757
T005950,E00002
T005950,E00339
T005951,E00770
T005951,E00526
T005951,E00414
T005951,E00606
T005952,E00505
T005952,E00145
T005952,E00305
T005952,E00103
T005953,E00019
T005953,E00701
T005953,E00516
T005953,E00224
T005953,E00015
T005953,E00746
T005953,E00275
T005953,E00294
T005953,E00206
T005953,E00684
T005953,E99848
T005953,E00158
T005953,E00017
T005953,E00646
T005953,E00543
T005953,E00692
T005953,E00054
T005953,E00118
T005954,E00006
T005954,E00387
T005954,E00165
T005955,E00566
T005955,E00386
T005955,E00343
T005955,E00467
T005955,E00391
T005955,E00502
T005955,E00268
T005955,E00719
T005956,E00200
T005956,E00462
T005956,E00776
T005956,E00708
T005956,E00624
T005956,E00793
T005956,E00170
T005956,E00164
T005957,E00151
T005957,E00053
T005957,E00274
T005957,E00290
T005957,E00227
T005957,E00648
T005957,E00180
T005957,E00590
T005958,E00592
T005958,E00620
T005958,E00724
T005958,E00434
T005958,E00306
T005958,E00658
T005958,E00174
T005959,E00682
T005959,E00390
T005959,E00057
T005959,E00792
T005960,E00540
T005960,E00144
T005960,E00384
T005960,E00575
T005961,E00753
T005961,E00042
T005961,E00050
T005961,E00705
T005962,E00225
T005962,E00595
T005962,E00061
T005962,E00609
T005963,E00202
T005963,E00120
T005963,E00072
T005963,E00416
T005964,E00293
T005964,E00204
T005964,E00401
T005964,E00078
T005965,E00427
T005965,E00470
T005965,E00681
T005965,E00634
T005966,E00344
T005966,E00353
T005967,E00373
T005967,E00115
T005967,E00346
T005967,E00365
T005967,E00104
T005967,E00379
T005967,E00696
T005967,E00614
T005967,E00791
T005967,E00034
T005967,E00488
T005967,E00226
T005967,E00560
T005967,E00642
T005967,E00228
T005967,E00521
T005967,E00574
T005967,E00095
T005968,E00653
T005968,E00069
T005968,E00355
T005968,E99940
T005969,E00062
T005969,E00123
T005969,E00796
T005969,E00372
T005969,E00349
T005969,E00351
T005969,E00156
T005969,E00251
T005969,E00559
T005969,E00255
T005969,E00084
T005969,E00591
T005969,E00610
T005969,E00628
T005969,E00568
T005969,E00167
T005970,E00239
T005970,E00735
T005970,E00418
T005970,E00679
T005970,E00008
T005970,E00135
T005970,E00201
T005970,E00594
T005971,E00420
T005971,E00092
T005971,E00649
T005971,E00316
T005971,E00026
T005971,E00580
T005971,E00219
T005971,E00221
T005972,E00289
T005972,E00548
T005972,E00021
T005972,E00650
T005972,E00254
T005972,E00342
T005972,E00775
T005972,E00523
T005973,E00314
T005973,E00270
T005973,E00360
T005973,E00350
T005973,E00085
T005973,E00233
T005973,E00411
T005973,E00046
T005974,E00041
T005974,E00307
T005974,E00417
T005974,E00321
T005975,E00071
T005975,E00474
T005975,E00424
T005975,E00179
T005976,E00558
T005976,E00458
T005976,E00312
T005976,E00394
T005977,E00612
T005977,E00091
T005977,E00210
T005977,E00029
T005978,E00367
T005978,E00113
T005978,E00514
T005978,E00296
T005979,E00366
T005979,E00356
T005979,E00288
T005980,E00148
T005980,E00712
T005980,E00461
T005980,E00099
T005980,E00734
T005980,E00332
T005980,E00765
T005980,E00563
T005980,E00248
T005980,E00040
T005980,E00090
T005980,E00310
T005980,E00522
T005980,E00711
T005980,E00663
T005980,E00550
T005980,E00374
T005980,E00763
T005981,E00601
T005981,E00088
T005982,E00157
T005982,E00656
T005982,E00238
T005982,E00246
T005982,E00749
T005982,E00740
T005982,E00232
T005982,E00657
T005983,E00383
T005983,E00588
T005983,E99763
T005983,E00518
T005983,E00780
T005983,E00116
T005983,E00194
T005983,E00341
T005984,E00786
T005985,E00244
T005985,E00686
T005985,E00318
T005985,E00280
T005986,E00760
T005986,E00284
T005986,E00397
T005986,E00690
T005987,E00639
T005987,E00632
T005987,E00025
T005987,E00578
T005988,E00209
T005988,E00331
T005989,E00752
T005989,E00406
T005989,E00773
T005989,E00016
T005989,E00710
T005989,E00009
T005989,E00051
T005989,E00605
T005989,E00762
T005989,E00398
T005989,E00291
T005989,E00230
T005989,E00688
T005989,E00333
T005989,E00549
T005989,E00800
T005989,E00459
T005989,E00297
T005990,E00779
T005990,E00253
T005990,E00572
T005990,E00565
T005990,E00325
T005990,E00273
T005990,E99294
T005990,E00409
T005990,E00329
T005990,E00252
T005990,E00199
T005990,E99187
T005990,E00191
T005990,E00077
T005990,E00003
T005990,E00630
T005990,E00795
T005990,E00647
T005991,E00556
T005991,E00660
T005991,E00460
T005991,E00337
T005991,E00018
T005991,E00086
T005991,E00161
T005991,E00258
T005991,E00142
T005991,E00783
T005992,E00756
T005992,E00315
T005992,E00524
T005992,E00767
T005992,E00052
T005992,E00456
T005992,E99276
T005992,E00272
T005992,E00680
T005992,E00597
T005992,E00388
T005992,E99700
T005992,E00265
T005992,E00689
T005992,E00676
T005992,E00596
T005992,E00579
T005992,E00159
T005993,E00798
T005993,E00536
T005993,E00022
T005993,E00631
T005993,E00033
T005993,E00723
T005993,E00655
T005993,E00482
T005993,E00448
T005993,E00693
T005993,E00368
T005993,E00096
T005993,E00335
T005993,E00080
T005993,E00515
T005993,E00754
T005993,E00218
T005993,E00153
T005994,E00542
T005994,E00702
T005994,E00082
T005994,E00731
T005994,E00087
T005994,E00577
T005994,E00607
T005994,E00186
T005994,E00672
T005995,E00730
T005995,E00338
T005995,E00699
T005995,E00124
T005995,E00675
T005995,E99253
T005995,E00616
T005995,E00466
T005996,E00510
T005996,E00438
T005996,E00469
T005996,E00581
T005996,E00661
T005996,E00564
T005996,E00282
T005996,E99968
T005997,E00024
T005997,E00185
T005997,E00154
T005997,E00500
T005997,E00758
T005997,E00443
T005997,E00751
T005997,E99899
T005998,E00619
T005998,E00678
T005998,E00717
T005998,E00532
T005998,E00465
T005998,E00240
T005998,E00769
T005998,E00260
T005999,E00259
T005999,E00551
T005999,E00126
T005999,E00738
T005999,E00173
T005999,E00444
T005999,E00011
T005999,E00134
T006000,E00140
T006001,E00541
T006001,E00269
T006001,E00744
T006001,E00750
T006001,E00520
T006001,E00020
T006001,E00222
T006001,E00362
T006002,E00493
T006002,E00704
T006002,E00673
T006002,E00234
T006002,E00797
T006002,E00348
T006002,E00014
T006002,E00097
T006003,E00313
T006003,E00546
T006003,E00407
T006003,E00299
T006003,E00340
T006003,E00503
T006003,E00089
T006003,E00183
T006004,E00056
T006004,E00032
T006004,E00432
T006004,E00741
T006004,E00213
T006004,E00203
T006004,E00468
T006004,E00190
T006005,E00143
T006005,E00111
T006005,E00131
T006005,E00298
T006005,E00160
T006005,E00419
T006005,E99493
T006005,E00359
T006006,E00301
T006006,E00665
T006006,E00613
T006007,E00718
T006007,E00472
T006007,E00369
T006007,E00155
T006008,E00271
T006008,E00211
T006008,E00330
T006008,E00573
T006009,E00593
T006009,E00007
T006009,E00266
T006009,E00059
T006010,E00215
T006010,E00423
T006010,E00128
T006010,E00010
T006011,E00093
T006011,E00286
T006011,E00777
T006011,E00415
T006012,E00283
T006012,E00357
T006012,E00480
T006012,E00485
T006013,E00477
T006013,E00677
T006013,E00742
T006013,E99469
T006014,E00714
T006014,E00687
T006014,E00615
T006014,E00421
T006015,E00471
T006015,E00172
T006015,E00177
T006015,E00453
T006016,E00425
T006016,E00507
T006016,E00517
T006016,E00319
T006017,E00707
T006017,E00276
T006017,E00399
T006017,E00422
T006017,E00112
T006017,E00237
T006017,E00389
T006017,E00674
T006017,E00618
T006017,E00492
T006017,E00187
T006017,E00728
T006017,E00787
T006017,E00499
T006017,E00709
T006017,E00670
T006017,E00512
T006017,E00150
T006018,E00669
T006018,E00308
T006018,E00625
T006018,E00076
T006018,E00555
T006018,E00166
T006018,E00603
T006018,E00094
T006018,E00295
T006018,E00626
T006018,E00651
T006018,E00519
T006018,E00152
T006018,E00544
T006018,E00539
T006018,E00508
T006018,E00725
T006018,E00181
T006019,E00431
T006019,E00279
T006019,E00582
T006019,E00683
T006019,E00309
T006019,E00217
T006019,E00292
T006020,E00235
T006020,E00285
T006020,E00764
T006020,E00447
T006020,E00449
T006020,E00633
T006020,E00058
T006020,E00220
T006021,E00300
T006021,E00162
T006021,E00584
T006021,E00027
T006021,E00197
T006021,E00721
T006021,E00652
T006021,E00637
T006022,E00736
T006022,E00695
T006022,E00713
T006022,E00481
T006022,E00370
T006022,E00133
T006022,E00410
T006022,E00223
T006023,E00277
T006023,E00250
T006023,E00487
T006023,E00049
T006023,E00433
T006023,E00048
T006023,E00664
T006023,E00196
T006024,E00464
T006024,E00243
T006024,E00666
T006024,E00545
T006024,E00511
T006024,E00537
T006024,E00604
T006024,E00478
T006025,E00788
T006025,E00229
T006025,E00175
T006025,E00483
T006025,E00065
T006025,E00171
T006025,E00513
T006025,E00249
T006026,E00345
T006027,E00589
T006027,E00498
T006027,E00533
T006027,E00743
T006028,E00441
T006028,E00208
T006028,E00205
T006028,E00445
T006029,E00311
T006029,E00405
T006029,E00662
T006029,E00214
T006030,E00404
T006030,E00385
T006030,E00685
T006030,E00302
T006031,E00739
T006031,E00698
T006031,E00428
T006031,E00587
T006032,E00023
T006032,E00380
T006032,E99108
T006032,E00044
T006033,E00426
T006033,E00184
T006033,E00358
T006033,E00450
T006034,E00045
T006034,E00303
T006034,E00212
T006034,E00700
T006035,E00442
T006035,E00354
T006035,E00509
T006035,E00772
T006036,E00381
T006036,E00182
T006036,E00102
T006036,E00436
T006037,E00538
T006037,E00117
T006037,E00489
T006037,E00392
T006037,E00352
T006037,E00242
T006037,E00063
T006037,E00766
T006037,E00241
T006037,E00236
T006037,E00304
T006037,E00075
T006037,E00122
T006037,E00600
T006037,E99969
T006037,E00439
T006037,E00323
T006037,E00377
T006038,E00004
T006038,E00667
T006038,E00132
T006038,E00193
T006038,E00531
T006038,E00585
T006038,E00081
T006038,E99406
T006038,E00570
T006038,E00694
T006038,E00454
T006038,E00141
T006038,E00496
T006038,E00671
T006038,E00047
T006038,E00012
T006038,E00755
T006038,E00602
T006039,E00278
T006039,E00149
T006039,E00376
T006039,E00455
T006039,E00039
T006039,E00598
T006039,E00393
T006039,E00720
T006040,E00408
T006040,E00327
T006040,E00198
T006040,E00363
T006040,E99656
T006040,E00495
T006040,E00127
T006040,E00771
T006041,E00785
T006041,E00475
T006041,E00703
T006041,E00737
T006041,E00528
T006041,E00043
T006041,E00324
T006041,E00109
T006042,E00322
T006042,E00727
T006042,E00715
T006042,E00281
T006042,E00403
T006042,E00413
T006042,E00621
T006042,E00535
T006043,E00262
T006043,E00257
T006043,E99687
T006043,E00073
T006043,E00320
T006043,E00163
T006043,E00055
T006043,E00060
T006044,E00729
T006044,E00553
T006044,E00100
T006044,E00139
T006044,E00074
T006044,E00641
T006044,E00188
T006044,E00147
T006045,E00562
T006045,E00036
T006045,E00552
T006045,E00130
T006045,E00643
T006045,E00028
T006045,E00146
T006045,E00586
T006046,E00554
T006046,E00402
T006046,E00192
T006046,E00784
T006047,E00505
T006047,E00479
T006047,E00645
T006047,E00002
T006048,E00617
T006048,E00103
T006048,E00098
T006048,E00640
T006049,E00606
T006049,E00168
T006049,E00013
T006049,E00305
T006050,E00414
T006050,E00526
T006050,E00005
T006050,E00326
T006051,E00101
T006051,E00145
T006051,E00794
T006051,E00770
T006052,E00189
T006052,E00635
T006052,E00110
T006052,E00169
T006053,E00501
T006053,E00119
T006053,E00263
T006053,E00231
T006054,E00516
T006054,E00138
T006054,E00118
T006054,E00684
T006054,E00158
T006054,E00746
T006054,E00387
T006054,E00692
T006054,E00030
T006054,E00294
T006054,E00019
T006054,E00017
T006054,E00799
T006054,E00599
T006054,E00206
T006054,E00543
T006054,E00275
T006054,E00701
T006055,E00054
T006055,E00165
T006056,E00343
T006056,E00434
T006056,E00502
T006056,E00648
T006056,E00566
T006056,E00624
T006056,E00180
T006056,E00164
T006057,E00576
T006057,E00793
T006057,E00620
T006057,E00462
T006057,E00592
T006057,E00590
T006057,E00391
T006057,E00776
T006058,E00467
T006058,E00708
T006058,E00053
T006058,E99068
T006058,E00290
T006058,E00658
T006058,E00268
T006058,E00274
T006059,E00719
T006059,E00200
T006059,E00170
T006059,E00227
T006059,E00306
T006059,E00724
T006059,E00174
T006059,E00386
T006060,E00151
T006061,E00120
T006061,E00753
T006061,E99129
T006061,E00470
T006062,E00609
T006062,E00681
T006062,E99842
T006062,E00384
T006063,E00476
T006063,E00427
T006063,E00595
T006063,E00225
T006064,E00057
T006064,E00061
T006064,E00416
T006064,E00575
T006065,E00078
T006065,E00540
T006065,E00293
T006065,E00401
T006066,E00353
T006066,E00144
T006066,E00490
T006066,E00705
T006067,E00334
T006067,E00042
T006067,E00390
T006067,E00050
T006068,E00204
T006068,E00792
T006068,E00344
T006068,E00682
T006069,E00642
T006069,E00379
T006069,E00774
T006069,E00696
T006069,E00095
T006069,E00560
T006069,E00034
T006069,E00346
T006069,E00104
T006069,E00653
T006069,E00373
T006069,E00365
T006069,E00228
T006069,E00069
T006069,E00488
T006069,E00574
T006069,E00654
T006069,E00115
T006070,E00355
T006070,E00614
T006070,E00226
T006070,E00791
T006070,E00521
T006071,E00167
T006071,E00062
T006071,E00349
T006071,E00084
T006071,E00255
T006071,E00591
T006071,E00372
T006071,E00251
T006071,E00559
T006071,E00123
T006071,E00628
T006071,E00796
T006071,E00351
T006071,E00610
T006071,E00568
T006072,E00594
T006072,E00239
T006072,E00316
T006072,E00135
T006072,E00026
T006072,E00201
T006072,E00008
T006072,E00418
T006073,E00219
T006073,E00735
T006073,E00092
T006073,E00221
T006073,E00649
T006073,E00580
T006074,E00021
T006074,E00254
T006074,E00360
T006074,E00233
T006074,E00350
T006074,E00083
T006074,E00548
T006074,E00289
T006075,E00035
T006075,E00650
T006075,E00775
T006075,E00321
T006075,E00046
T006075,E00342
T006075,E00417
T006075,E00270
T006076,E00041
T006076,E00523
T006076,E00411
T006077,E00107
T006077,E00210
T006077,E00179
T006077,E00091
T006078,E00474
T006078,E00367
T006078,E00394
T006078,E00288
T006079,E00424
T006079,E00612
T006079,E00375
T006079,E00558
T006080,E00748
T006080,E00312
T006080,E00071
T006080,E00514
T006081,E00113
T006081,E00356
T006082,E00088
T006082,E00040
T006082,E00601
T006082,E00790
T006082,E00374
T006082,E00550
T006082,E00310
T006082,E00763
T006082,E00332
T006082,E00765
T006082,E00248
T006082,E00663
T006082,E00090
T006082,E00563
T006082,E00148
T006082,E00734
T006082,E00522
T006082,E00712
T006083,E00504
T006083,E00461
T006084,E99005
T006084,E00588
T006084,E00207
T006084,E00238
T006084,E00246
T006084,E00157
T006084,E00656
T006084,E00194
T006085,E00740
T006085,E00780
T006085,E00116
T006085,E00657
T006085,E00341
T006085,E00518
T006085,E00786
T006085,E00437
T006086,E00331
T006086,E00632
T006086,E00284
T006086,E00760
T006087,E00025
T006087,E00397
T006087,E00686
T006087,E00280
T006088,E00209
T006088,E00318
T006088,E00639
T006088,E00114
T006089,E00690
T006090,E00572
T006090,E99992
T006090,E00267
T006090,E00016
T006090,E00009
T006090,E00291
T006090,E00273
T006090,E00199
T006090,E00252
T006090,E00329
T006090,E00406
T006090,E00051
T006090,E00129
T006090,E00688
T006090,E00605
T006090,E00178
T006090,E00460
T006090,E00779
T006091,E00337
T006091,E00752
T006091,E00003
T006091,E00161
T006091,E00795
T006091,E00783
T006091,E00018
T006091,E99435
T006091,E00409
T006091,E00561
T006091,E00191
T006091,E00398
T006091,E00647
T006091,E00142
T006091,E00297
T006091,E00565
T006091,E00077
T006091,E00253
T006092,E00333
T006092,E00038
T006092,E00773
T006092,E00710
T006092,E00556
T006092,E00258
T006092,E00325
T006092,E00497
T006092,E00125
T006092,E00762
T006092,E00800
T006093,E00315
T006093,E00577
T006093,E00542
T006093,E00096
T006093,E00655
T006093,E00607
T006093,E00798
T006093,E00597
T006093,E99074
T006093,E00515
T006093,E00159
T006093,E00368
T006093,E00631
T006093,E00272
T006093,E00218
T006093,E00080
T006093,E00579
T006093,E00456
T006094,E00186
T006094,E00335
T006094,E00756
T006094,E00037
T006094,E00723
T006094,E00689
T006094,E00767
T006094,E00033
T006094,E00693
T006094,E00524
T006094,E99653
T006094,E99537
T006094,E00482
T006094,E00265
T006094,E00052
T006094,E00716
T006094,E00672
T006094,E00732
T006095,E00448
T006095,E00754
T006095,E00789
T006095,E00153
T006095,E00082
T006095,E00087
T006095,E00731
T006095,E00596
T006095,E00702
T006095,E00680
T006095,E00676
T006096,E00466
T006096,E00532
T006096,E00616
T006096,E00510
T006096,E00557
T006096,E00173
T006096,E00738
T006096,E00443
T006097,E00364
T006097,E00678
T006097,E00717
T006097,E99526
T006097,E00260
T006097,E00024
T006097,E00699
T006097,E00438
T006098,E00282
T006098,E00730
T006098,E00581
T006098,E00137
T006098,E00769
T006098,E00259
T006098,E00134
T006098,E00758
T006099,E00154
T006099,E00011
T006099,E00706
T006099,E00444
T006099,E00338
T006099,E00661
T006099,E00675
T006099,E00126
T006100,E00124
T006100,E00751
T006100,E00469
T006100,E99064
T006100,E00619
T006100,E00240
T006101,E00301
T006101,E00269
T006101,E00359
T006101,E00673
T006101,E00020
T006101,E00247
T006101,E00203
T006101,E00797
T006102,E00546
T006102,E00419
T006102,E00520
T006102,E00362
T006102,E00160
T006102,E00644
T006102,E00613
T006102,E00299
T006103,E00468
T006103,E00190
T006103,E00407
T006103,E00665
T006103,E00744
T006103,E00032
T006103,E00183
T006103,E00056
T006104,E00213
T006104,E00541
T006104,E00313
T006104,E00750
T006104,E00089
T006104,E00463
T006104,E00340
T006104,E00298
T006105,E00432
T006105,E00348
T006105,E00097
T006105,E00222
T006105,E00131
T006105,E00014
T006106,E00742
T006106,E00718
T006106,E00485
T006106,E00573
T006107,E00471
T006107,E00059
T006107,E00093
T006107,E00517
T006108,E00215
T006108,E00480
T006108,E00330
T006108,E00453
T006109,E00778
T006109,E00423
T006109,E00172
T006109,E00583
T006110,E00421
T006110,E00369
T006110,E00425
T006110,E00010
T006111,E00211
T006111,E00177
T006111,E00070
T006111,E00283
T006112,E00714
T006112,E00007
T006112,E00128
T006112,E00677
T006113,E00486
T006113,E00105
T006113,E00357
T006113,E00472
T006114,E00319
T006114,E00593
T006114,E00266
T006114,E00506
T006115,E99284
T006115,E00155
T006116,E00446
T006116,E00725
T006116,E00768
T006116,E00399
T006116,E00295
T006116,E00651
T006116,E00181
T006116,E00582
T006116,E00626
T006116,E00603
T006116,E00669
T006116,E00544
T006116,E00308
T006116,E00237
T006116,E00292
T006116,E00166
T006116,E00112
T006116,E00152
T006117,E00440
T006117,E00389
T006117,E99045
T006117,E00519
T006117,E00094
T006117,E00683
T006117,E00625
T006117,E00150
T006117,E00187
T006117,E00709
T006117,E00539
T006117,E00508
T006117,E00279
T006117,E00217
T006117,E00276
T006117,E00670
T006117,E00726
T006117,E00618
T006118,E00431
T006118,E00435
T006118,E00674
T006118,E00512
T006118,E00076
T006118,E00429
T006118,E00492
T006118,E00555
T006118,E00484
T006118,E00499
T006119,E00736
T006119,E00637
T006119,E00537
T006119,E00049
T006119,E00196
T006119,E99658
T006119,E00652
T006119,E00171
T006120,E00345
T006120,E00487
T006120,E00721
T006120,E00048
T006120,E00229
T006120,E00695
T006120,E00478
T006120,E00513
T006121,E00464
T006121,E00666
T006121,E00664
T006121,E00300
T006121,E00764
T006121,E00249
T006121,E00788
T006121,E00058
T006122,E00175
T006122,E00065
T006122,E00430
T006122,E00243
T006122,E00136
T006122,E00197
T006122,E00285
T006122,E00133
T006123,E00511
T006123,E00604
T006123,E00447
T006123,E00713
T006123,E00481
T006123,E00220
T006123,E00410
T006123,E00223
T006124,E00250
T006124,E00433
T006124,E00633
T006124,E00162
T006124,E00584
T006124,E00235
T006124,E00027
T006124,E00483
T006125,E00545
T006126,E00380
T006126,E00205
T006126,E00182
T006126,E00001
T006127,E00442
T006127,E00303
T006127,E00404
T006127,E00662
T006128,E99811
T006128,E00336
T006128,E00781
T006128,E00044
T006129,E00509
T006129,E00450
T006129,E00045
T006129,E00400
T006130,E00371
T006130,E00498
T006130,E00214
T006130,E00745
T006131,E00547
T006131,E00358
T006131,E00587
T006131,E00354
T006132,E00426
T006132,E00311
T006132,E00023
T006132,E00441
T006133,E00589
T006133,E00436
T006133,E00381
T006133,E00385
T006134,E00102
T006134,E00772
T006134,E00525
T006134,E00212
T006135,E00208
T006135,E00739
T006135,E00698
T006135,E00302
T006136,E00743
T006136,E00405
T006136,E00428
T006136,E99135
T006137,E00412
T006138,E00733
T006138,E00377
T006138,E00122
T006138,E00392
T006138,E00063
T006138,E00304
T006138,E00538
T006138,E00691
T006138,E00600
T006138,E00473
T006138,E00451
T006138,E00352
T006138,E00242
T006138,E00323
T006138,E00529
T006138,E00766
T006138,E00256
T006138,E00236
T006139,E00489
T006139,E00439
T006139,E00241
T006140,E00496
T006140,E00278
T006140,E00531
T006140,E00755
T006140,E00667
T006140,E00004
T006140,E00452
T006140,E00393
T006140,E00047
T006140,E00585
T006140,E00395
T006140,E00455
T006140,E00567
T006140,E00598
T006140,E00193
T006140,E00106
T006140,E00671
T006140,E00570
T006141,E00602
T006141,E00039
T006141,E00149
T006141,E00454
T006141,E00141
T006141,E00108
T006141,E00012
T006141,E00081
T006141,E00782
T006141,E00376
T006141,E00720
T006142,E00403
T006142,E00322
T006142,E00043
T006142,E00535
T006142,E00629
T006142,E00327
T006142,E99881
T006142,E00771
T006143,E00408
T006143,E00621
T006143,E00528
T006143,E00715
T006143,E00785
T006143,E00264
T006143,E00727
T006143,E00363
T006144,E00413
T006144,E00737
T006144,E00703
T006144,E00109
T006144,E00324
T006145,E00643
T006145,E00729
T006145,E00317
T006145,E00100
T006145,E00262
T006145,E00552
T006145,E00163
T006145,E00130
T006146,E00055
T006146,E99139
T006146,E00257
T006146,E00553
T006146,E00147
T006146,E00608
T006146,E00586
T006146,E00139
T006147,E00074
T006147,E00784
T006147,E00562
T006147,E00192
T006147,E99669
T006147,E00320
T006147,E00036
T006147,E00402
T006148,E99388
T006148,E99103
T006148,E00641
T006148,E00188
T006149,E00326
T006149,E00098
T006149,E00501
T006149,E00189
T006150,E00757
T006150,E00103
T006150,E00640
T006150,E00635
T006151,E00005
T006151,E00013
T006151,E00145
T006151,E00002
T006152,E00305
T006152,E00339
T006152,E00770
T006152,E00526
T006153,E00101
T006153,E00168
T006153,E00110
T006153,E00505
T006154,E00119
T006154,E00645
T006154,E00479
T006154,E00617
T006155,E00494
T006155,E00794
T006155,E00263
T006155,E00231
T006156,E00017
T006156,E99645
T006156,E00138
T006156,E00701
T006156,E00030
T006156,E00799
T006156,E00054
T006156,E00118
T006156,E00599
T006156,E00692
T006156,E00015
T006156,E00646
T006156,E00387
T006156,E00746
T006156,E00006
T006156,E00206
T006156,E00019
T006156,E00294
T006157,E00165
T006158,E00592
T006158,E00624
T006158,E00719
T006158,E00386
T006158,E00467
T006158,E00391
T006158,E00502
T006158,E00793
T006159,E00343
T006159,E99156
T006159,E00121
T006159,E00462
T006159,E99611
T006159,E00590
T006159,E00620
T006159,E00708
T006160,E00306
T006160,E00658
T006160,E00200
T006160,E00566
T006160,E00776
T006160,E00724
T006160,E00648
T006160,E00576
T006161,E00434
T006161,E00164
T006161,E00274
T006161,E00053
T006161,E00268
T006161,E00174
T006161,E00170
T006162,E00120
T006162,E00401
T006162,E00384
T006162,E00202
T006163,E00540
T006163,E00390
T006163,E00705
T006163,E00344
T006164,E99634
T006164,E00609
T006164,E00470
T006164,E00416
T006165,E00057
T006165,E00682
T006165,E99203
T006165,E00595
T006166,E00427
T006166,E00353
T006166,E00293
T006166,E00061
T006167,E00634
T006167,E00042
T006167,E00792
T006167,E00050
T006168,E00144
T006168,E00476
T006168,E00490
T006168,E00078
T006169,E00334
T006169,E00681
T006170,E00365
T006170,E00774
T006170,E00653
T006170,E00379
T006170,E00355
T006170,E00346
T006170,E00642
T006170,E00614
T006170,E00095
T006170,E00654
T006170,E00488
T006170,E00574
T006170,E00791
T006170,E00696
T006170,E00104
T006170,E00560
T006170,E00373
T006170,E00521
T006171,E00228
T006172,E00251
T006172,E00559
T006172,E00372
T006172,E00255
T006172,E00796
T006172,E00628
T006172,E00156
T006172,E00084
T006172,E00349
T006172,E00123
T006172,E00062
T006173,E00316
T006173,E00735
T006173,E00092
T006173,E00580
T006173,E00219
T006173,E00008
T006173,E00135
T006173,E00649
T006174,E00026
T006174,E00679
T006174,E00594
T006174,E00239
T006174,E00221
T006174,E00201
T006174,E00420
T006174,E00418
T006175,E00289
T006175,E00085
T006175,E99677
T006175,E00360
T006175,E00046
T006175,E00270
T006175,E00548
T006175,E00342
T006176,E00307
T006176,E00523
T006176,E00321
T006176,E00233
T006176,E00041
T006176,E00254
T006176,E00650
T006176,E00411
T006177,E00035
T006177,E00314
T006177,E00350
T006177,E00417
T006178,E00424
T006178,E00558
T006178,E00107
T006178,E00029
T006179,E00210
T006179,E00612
T006179,E00366
T006179,E00312
T006180,E00179
T006180,E00375
T006180,E00356
T006180,E00071
T006181,E00394
T006181,E00474
T006181,E00288
T006181,E00091
T006182,E00458
T006182,E00367
T006182,E00296
T006182,E00514
T006183,E00748
T006183,E00113
T006184,E00663
T006184,E00332
T006184,E00090
T006184,E00601
T006184,E00712
T006184,E00148
T006184,E00550
T006184,E00765
T006184,E00461
T006184,E00248
T006184,E00763
T006184,E00522
T006184,E00088
T006184,E00790
T006184,E00734
T006184,E00563
T006184,E00099
T006184,E00711
T006185,E00310
T006185,E00504
T006185,E00040
T006186,E00341
T006186,E00780
T006186,E00383
T006186,E00749
T006186,E00246
T006186,E00656
T006186,E00786
T006186,E00588
T006187,E00437
T006187,E00518
T006187,E00207
T006187,E00194
T006187,E00157
T006187,E00740
T006187,E00116
T006187,E00657
T006188,E00238
T006189,E00397
T006189,E00760
T006189,E00114
T006189,E00284
T006190,E00209
T006190,E00632
T006190,E00025
T006190,E00578
T006191,E00244
T006191,E00639
T006191,E00280
T006191,E00318
T006192,E00686
T006193,E00660
T006193,E00497
T006193,E00460
T006193,E00549
T006193,E00129
T006193,E00688
T006193,E00779
T006193,E00398
T006193,E00258
T006193,E00325
T006193,E00459
T006193,E00795
T006193,E00161
T006193,E00565
T006193,E00556
T006193,E00267
T006193,E00178
T006193,E00016
T006194,E00406
T006194,E00003
T006194,E00630
T006194,E00125
T006194,E00009
T006194,E00199
T006194,E00409
T006194,E00297
T006194,E00253
T006194,E00762
T006194,E99768
T006194,E00191
T006194,E00252
T006194,E00018
T006194,E00572
T006194,E00773
T006194,E00800
T006194,E00142
T006195,E00329
T006195,E00783
T006195,E00561
T006195,E00710
T006195,E00647
T006195,E00230
T006195,E00038
T006195,E00273
T006195,E00337
T006195,E00086
T006195,E00605
T006195,E00333
T006196,E00096
T006196,E00272
T006196,E00767
T006196,E99579
T006196,E00265
T006196,E00315
T006196,E00515
T006196,E00716
T006196,E00542
T006196,E00524
T006196,E00723
T006196,E00756
T006196,E00080
T006196,E00456
T006196,E00596
T006196,E00482
T006196,E00052
T006196,E00087
T006197,E00655
T006197,E00731
T006197,E00335
T006197,E00082
T006197,E00680
T006197,E00153
T006197,E00798
T006197,E00037
T006197,E00033
T006197,E00607
T006197,E00577
T006197,E00159
T006197,E00536
T006197,E00759
T006197,E00597
T006197,E00186
T006197,E00693
T006197,E00388
T006198,E00672
T006198,E00702
T006198,E00579
T006198,E00789
T006198,E00732
T006198,E00631
T006198,E00676
T006198,E00218
T006198,E00754
T006199,E00364
T006199,E00661
T006199,E00469
T006199,E00466
T006199,E00124
T006199,E00126
T006199,E00024
T006199,E00751
T006200,E00699
T006200,E00140
T006200,E00619
T006200,E00176
T006200,E00616
T006200,E00137
T006200,E00382
T006200,E00260
T006201,E00581
T006201,E00444
T006201,E00730
T006201,E00758
T006201,E00769
T006201,E00717
T006201,E00706
T006201,E00240
T006202,E00465
T006202,E00154
T006202,E00675
T006202,E00678
T006202,E00443
T006202,E00532
T006202,E00282
T006202,E00259
T006203,E00510
T006203,E00134
T006203,E00500
T006203,E00173
T006203,E00738
T006203,E00011
T006203,E00438
T006204,E00432
T006204,E00298
T006204,E00644
T006204,E00089
T006204,E00520
T006204,E00362
T006204,E00744
T006204,E00056
T006205,E00301
T006205,E00741
T006205,E00131
T006205,E00203
T006205,E00407
T006205,E00613
T006205,E00419
T006205,E00190
T006206,E00493
T006206,E00704
T006206,E00673
T006206,E00247
T006206,E00160
T006206,E00213
T006206,E00503
T006206,E00468
T006207,E00111
T006207,E00541
T006207,E00797
T006207,E00348
T006207,E00014
T006207,E00463
T006207,E00665
T006207,E00234
T006208,E00546
T006208,E00750
T006208,E00183
T006208,E00359
T006208,E00020
T006208,E00032
T006208,E00299
T006208,E00222
T006209,E00340
T006209,E00097
T006209,E00269
T006209,E99809
T006209,E00143
T006210,E00486
T006210,E00615
T006210,E00172
T006210,E00742
T006211,E00155
T006211,E00714
T006211,E00687
T006211,E00330
T006212,E00266
T006212,E00105
T006212,E00593
T006212,E00472
T006213,E00211
T006213,E00507
T006213,E00415
T006213,E00070
T006214,E00128
T006214,E00010
T006214,E00286
T006214,E00423
T006215,E00421
T006215,E00215
T006215,E00283
T006215,E00271
T006216,E00471
T006216,E00506
T006216,E00477
T006216,E00177
T006217,E00778
T006217,E00480
T006217,E00573
T006217,E00007
T006218,E00059
T006218,E00093
T006218,E00425
T006218,E00319
T006219,E00453
T006219,E00485
T006219,E00583
T006219,E00677
T006220,E00718
T006220,E99977
T006221,E00276
T006221,E00625
T006221,E00181
T006221,E00492
T006221,E00309
T006221,E00422
T006221,E00519
T006221,E00683
T006221,E00292
T006221,E00728
T006221,E00651
T006221,E00094
T006221,E00726
T006221,E00484
T006221,E00237
T006221,E00112
T006221,E00217
T006221,E00187
T006222,E00618
T006222,E00555
T006222,E00539
T006222,E00787
T006222,E00707
T006222,E00446
T006222,E00670
T006222,E00582
T006222,E00431
T006222,E00399
T006222,E00768
T006222,E00626
T006222,E99828
T006222,E00709
T006222,E00544
T006222,E00674
T006222,E00279
T006222,E00295
T006223,E00308
T006223,E00440
T006223,E00725
T006223,E00429
T006223,E00512
T006223,E00627
T006223,E00603
T006223,E00389
T006223,E00166
T006223,E00435
T006224,E00196
T006224,E00695
T006224,E00058
T006224,E00223
T006224,E00652
T006224,E00664
T006224,E00370
T006224,E00449
T006225,E00133
T006225,E00633
T006225,E00464
T006225,E00049
T006225,E99703
T006225,E00136
T006225,E00721
T006225,E00487
T006226,E00345
T006226,E00637
T006226,E00478
T006226,E00065
T006226,E00433
T006226,E00162
T006226,E00048
T006226,E00220
T006227,E00243
T006227,E00584
T006227,E00447
T006227,E00285
T006227,E00250
T006227,E00229
T006227,E99480
T006227,E00410
T006228,E00197
T006228,E00604
T006228,E00235
T006228,E00277
T006228,E00764
T006228,E00713
T006228,E99927
T006228,E00666
T006229,E00511
T006229,E00537
T006229,E00545
T006229,E00736
T006229,E00513
T006229,E00430
T006230,E00336
T006230,E00662
T006230,E00569
T006230,E00045
T006231,E00212
T006231,E00698
T006231,E00302
T006231,E00023
T006232,E99737
T006232,E00214
T006232,E00001
T006232,E00745
T006233,E00205
T006233,E00509
T006233,E00412
T006233,E00381
T006234,E00525
T006234,E00371
T006234,E00442
T006234,E00102
T006235,E00547
T006235,E00533
T006235,E00587
T006235,E00400
T006236,E99116
T006236,E00450
T006236,E00208
T006236,E00743
T006237,E00781
T006237,E00700
T006237,E00441
T006237,E00436
T006238,E00385
T006238,E00380
T006238,E99948
T006238,E00354
T006239,E00589
T006239,E00182
T006239,E00426
T006239,E00303
T006240,E99532
T006240,E00404
T006240,E00428
T006240,E00311
T006241,E00405
T006242,E00063
T006242,E00600
T006242,E00766
T006242,E00304
T006242,E00352
T006242,E00377
T006242,E00256
T006242,E00691
T006242,E00323
T006242,E00117
T006242,E00392
T006242,E00439
T006242,E00529
T006242,E00489
T006242,E00538
T006242,E00075
T006242,E00122
T006242,E00236
T006243,E00733
T006243,E00451
T006244,E00452
T006244,E00667
T006244,E00376
T006244,E00585
T006244,E00755
T006244,E00193
T006244,E00039
T006244,E99329
T006244,E00455
T006244,E00132
T006244,E99338
T006244,E00694
T006244,E00602
T006244,E00081
T006244,E00496
T006244,E99034
T006244,E00141
T006244,E00531
T006245,E00454
T006245,E00395
T006245,E00570
T006245,E00782
T006245,E00671
T006245,E00108
T006245,E00106
T006245,E00598
T006245,E00278
T006245,E00004
T006245,E00012
T006246,E00535
T006246,E00785
T006246,E00408
T006246,E00727
T006246,E00281
T006246,E00715
T006246,E00327
T006246,E00629
T006247,E00043
T006247,E99124
T006247,E00324
T006247,E00322
T006247,E00264
T006247,E00413
T006247,E00621
T006247,E00771
T006248,E00495
T006248,E00198
T006248,E00127
T006248,E00363
T006248,E00109
T006248,E00528
T006248,E00475
T006249,E00402
T006249,E00608
T006249,E00036
T006249,E00192
T006249,E00163
T006249,E00729
T006249,E00147
T006249,E00320
T006250,E00553
T006250,E00073
T006250,E00257
T006250,E00074
T006250,E00643
T006250,E00188
T006250,E00146
T006250,E00130
T006251,E00055
T006251,E00060
T006251,E00139
T006251,E00562
T006251,E00317
T006251,E00554
T006251,E00195
T006251,E00028
T006252,E00586
T006252,E00100
T006252,E00641
T006252,E00262
T006253,E00169
T006253,E00479
T006253,E00189
T006253,E00501
T006254,E00339
T006254,E00770
T006254,E99745
T006254,E00494
T006255,E00645
T006255,E00005
T006255,E00231
T006255,E00013
T006256,E00505
T006256,E00757
T006256,E00606
T006256,E00305
T006257,E00110
T006257,E00101
T006257,E00002
T006257,E00145
T006258,E00640
T006258,E00263
T006258,E00635
T006258,E00168
T006259,E00326
T006259,E00414
T006259,E00119
T006260,E00019
T006260,E00017
T006260,E00138
T006260,E00701
T006260,E00387
T006260,E00030
T006260,E00746
T006260,E00543
T006260,E00684
T006260,E00015
T006260,E00516
T006260,E00054
T006260,E00599
T006260,E00294
T006260,E00646
T006260,E00206
T006260,E00224
T006260,E00118
T006261,E00165
T006261,E00799
T006262,E00502
T006262,E00708
T006262,E00590
T006262,E00306
T006262,E00462
T006262,E00434
T006262,E00724
T006262,E00200
T006263,E00121
T006263,E00151
T006263,E00268
T006263,E00180
T006263,E00776
T006263,E00053
T006263,E00343
T006263,E00566
T006264,E00648
T006264,E00793
T006264,E00391
T006264,E00386
T006264,E00658
T006264,E00174
T006264,E00620
T006264,E00227
T006265,E00170
T006265,E00592
T006265,E00274
T006265,E00624
T006265,E00467
T006265,E00164
T006266,E00344
T006266,E99316
T006266,E00144
T006266,E00353
T006267,E00390
T006267,E00061
T006267,E00753
T006267,E00681
T006268,E00334
T006268,E00682
T006268,E00705
T006268,E00384
T006269,E00202
T006269,E00540
T006269,E00293
T006269,E00042
T006270,E00792
T006270,E00490
T006270,E00470
T006270,E00416
T006271,E99812
T006271,E00225
T006271,E00120
T006271,E00078
T006272,E00401
T006272,E00427
T006272,E00609
T006272,E00595
T006273,E00104
T006273,E00791
T006273,E00653
T006273,E00346
T006273,E00654
T006273,E00774
T006273,E00614
T006273,E00373
T006273,E00642
T006273,E00115
T006273,E00355
T006273,E00696
T006273,E00365
T006273,E00228
T006273,E00226
T006273,E00095
T006273,E00379
T006273,E00488
T006274,E00034
T006274,E00560
T006274,E99787
T006274,E00069
T006275,E00255
T006275,E00084
T006275,E00628
T006275,E00349
T006275,E00372
T006275,E00610
T006275,E00156
T006275,E00568
T006275,E00351
T006275,E00796
T006275,E00559
T006275,E00062
T006275,E00167
T006275,E00123
T006275,E00591
T006275,E00251
T006276,E00219
T006276,E00679
T006276,E00316
T006276,E00580
T006276,E00735
T006276,E00420
T006276,E00594
T006276,E00221
T006277,E00201
T006277,E00008
T006277,E00135
T006277,E00092
T006277,E00649
T006277,E00418
T006277,E00026
T006277,E00239
T006278,E00342
T006278,E00360
T006278,E00083
T006278,E00270
T006278,E00041
T006278,E00085
T006278,E00523
T006278,E00289
T006279,E99131
T006279,E00233
T006279,E00046
T006279,E00650
T006279,E00021
T006279,E00350
T006279,E00321
T006279,E00775
T006280,E00411
T006280,E00314
T006280,E00548
T006280,E00417
T006280,E00307
T006281,E00029
T006281,E00210
T006281,E00748
T006281,E00091
T006282,E00179
T006282,E00356
T006282,E00558
T006282,E00514
T006283,E00296
T006283,E00458
T006283,E00367
T006283,E00288
T006284,E00424
T006284,E00474
T006284,E00366
T006284,E00375
T006285,E00113
T006285,E00394
T006285,E00312
T006285,E00071
T006286,E00107
T006287,E00099
T006287,E00248
T006287,E00148
T006287,E00763
T006287,E00601
T006287,E00374
T006287,E00040
T006287,E00711
T006287,E00332
T006287,E00734
T006287,E00563
T006287,E99113
T006287,E00522
T006287,E00550
T006287,E00765
T006287,E00310
T006287,E00504
T006287,E00088
T006288,E00790
T006288,E00461
T006289,E00194
T006289,E00207
T006289,E00588
T006289,E00656
T006289,E00657
T006289,E00518
T006289,E00740
T006289,E00246
T006290,E00437
T006290,E00383
T006290,E00116
T006290,E00780
T006290,E00786
T006290,E00238
T006290,E00232
T006290,E00749
T006291,E00341
T006291,E00157
T006292,E00639
T006292,E00280
T006292,E00397
T006292,E99493
T006293,E00760
T006293,E00690
T006293,E00284
T006293,E00114
T006294,E00209
T006294,E00331
T006294,E00686
T006294,E00318
T006295,E00578
T006296,E00762
T006296,E00129
T006296,E00800
T006296,E00630
T006296,E00406
T006296,E00016
T006296,E00710
T006296,E00660
T006296,E00273
T006296,E00252
T006296,E00795
T006296,E00783
T006296,E00253
T006296,E00752
T006296,E00297
T006296,E00459
T006296,E00142
T006296,E00291
T006297,E00077
T006297,E00018
T006297,E00230
T006297,E00647
T006297,E00267
T006297,E00003
T006297,E00086
T006297,E00549
T006297,E00191
T006297,E00460
T006297,E00125
T006297,E00497
T006297,E00325
T006297,E00258
T006297,E00565
T006297,E00051
T006297,E00605
T006297,E00038
T006298,E00688
T006298,E00161
T006298,E00333
T006298,E00398
T006298,E00329
T006298,E00009
T006298,E00409
T006298,E00773
T006298,E00572
T006298,E00561
T006299,E00596
T006299,E00789
T006299,E00265
T006299,E00033
T006299,E99970
T006299,E00579
T006299,E00693
T006299,E00022
T006299,E00676
T006299,E00631
T006299,E99682
T006299,E00315
T006299,E00655
T006299,E00731
T006299,E00672
T006299,E00767
T006299,E00335
T006299,E00482
T006300,E00536
T006300,E00607
T006300,E00515
T006300,E00082
T006300,E00577
T006300,E00756
T006300,E00597
T006300,E00052
T006300,E00186
T006300,E00456
T006300,E00037
T006300,E00680
T006300,E00542
T006300,E00524
T006300,E00723
T006300,E00080
T006300,E00388
T006300,E00798
T006301,E00096
T006301,E00153
T006301,E00716
T006301,E00448
T006301,E00754
T006301,E99095
T006301,E00702
T006301,E00087
T006301,E00218
T006301,E00368
T006302,E00124
T006302,E00581
T006302,E99580
T006302,E00240
T006302,E00706
T006302,E00564
T006302,E00532
T006302,E00134
T006303,E00678
T006303,E00154
T006303,E00282
T006303,E00338
T006303,E00730
T006303,E00769
T006303,E00500
T006303,E00011
T006304,E00557
T006304,E00616
T006304,E00260
T006304,E00469
T006304,E00364
T006304,E00551
T006304,E00738
T006304,E00619
T006305,E00699
T006305,E00438
T006305,E00466
T006305,E00510
T006305,E00675
T006305,E00176
T006305,E00382
T006305,E00126
T006306,E00661
T006306,E00758
T006306,E00185
T006306,E00751
T006306,E00444
T006306,E00443
T006306,E99784
T006307,E00247
T006307,E00520
T006307,E00468
T006307,E00089
T006307,E00407
T006307,E00797
T006307,E00546
T006307,E00298
T006308,E00419
T006308,E00541
T006308,E00299
T006308,E00362
T006308,E00432
T006308,E00750
T006308,E00463
T006308,E00014
T006309,E99986
T006309,E00673
T006309,E00234
T006309,E00190
T006309,E00160
T006309,E00222
T006309,E00269
T006309,E00359
T006310,E00313
T006310,E00613
T006310,E00741
T006310,E00704
T006310,E00301
T006310,E00644
T006310,E00213
T006310,E00111
T006311,E00131
T006311,E00097
T006311,E00183
T006311,E00020
T006311,E00348
T006311,E00056
T006311,E00203
T006311,E00665
T006312,E00503
T006312,E00143
T006312,E00340
T006312,E00493
T006313,E00480
T006313,E00319
T006313,E00007
T006313,E00172
T006314,E00421
T006314,E00271
T006314,E00573
T006314,E00266
T006315,E00517
T006315,E00506
T006315,E00471
T006315,E00423
T006316,E00687
T006316,E00615
T006316,E00777
T006316,E00330
T006317,E00357
T006317,E00677
T006317,E00778
T006317,E00215
T006318,E00128
T006318,E00283
T006318,E00286
T006318,E00477
T006319,E00472
T006319,E00718
T006319,E00070
T006319,E00369
T006320,E00714
T006320,E00486
T006320,E00177
T006320,E00093
T006321,E00425
T006321,E00059
T006321,E00415
T006321,E00742
T006322,E00211
T006322,E00507
T006322,E00485
T006322,E00583
T006323,E00155
T006323,E00105
T006324,E00076
T006324,E00709
T006324,E00499
T006324,E00094
T006324,E00292
T006324,E00152
T006324,E00726
T006324,E00166
T006324,E00279
T006324,E00508
T006324,E00217
T006324,E00276
T006324,E00674
T006324,E00625
T006324,E00112
T006324,E00768
T006324,E00618
T006324,E00446
T006325,E00422
T006325,E00544
T006325,E00308
T006325,E00670
T006325,E00683
T006325,E00627
T006325,E00669
T006325,E00728
T006325,E00399
T006325,E00582
T006325,E00435
T006325,E00389
T006325,E00237
T006325,E00431
T006325,E00725
T006325,E00555
T006325,E00492
T006325,E00440
T006326,E00181
T006326,E00626
T006326,E00187
T006326,E00484
T006326,E00603
T006326,E00539
T006326,E00150
T006326,E00651
T006326,E00309
T006326,E00787
T006326,E00519
T006326,E00707
T006326,E00512
T006327,E00483
T006327,E00664
T006327,E00300
T006327,E00652
T006327,E00196
T006327,E00633
T006327,E00175
T006327,E00048
T006328,E00487
T006328,E00721
T006328,E00249
T006328,E00197
T006328,E00229
T006328,E00447
T006328,E00764
T006328,E00513
T006329,E00136
T006329,E00537
T006329,E00171
T006329,E00481
T006329,E00695
T006329,E00370
T006329,E00277
T006329,E00433
T006330,E00162
T006330,E00133
T006330,E00065
T006330,E00713
T006330,E00345
T006330,E00235
T006330,E00637
T006330,E00250
T006331,E00049
T006331,E00511
T006331,E00285
T006331,E00243
T006331,E00545
T006331,E00430
T006331,E00464
T006331,E00058
T006332,E00788
T006332,E00027
T006332,E00584
T006332,E00449
T006332,E00604
T006332,E00220
T006332,E00478
T006332,E00736
T006333,E00410
T006334,E00302
T006334,E00405
T006334,E00441
T006334,E00426
T006335,E00214
T006335,E00303
T006335,E00212
T006335,E00381
T006336,E00445
T006336,E00184
T006336,E00498
T006336,E00045
T006337,E00525
T006337,E00739
T006337,E00436
T006337,E99003
T006338,E00700
T006338,E00698
T006338,E00182
T006338,E00412
T006339,E00442
T006339,E00547
T006339,E00569
T006339,E00587
T006340,E00371
T006340,E00354
T006340,E00044
T006340,E00205
T006341,E00380
T006341,E00336
T006341,E00450
T006341,E00358
T006342,E00589
T006342,E00743
T006342,E00509
T006342,E00102
T006343,E00311
T006343,E00772
T006343,E00745
T006343,E00685
T006344,E00781
T006344,E00533
T006344,E00428
T006344,E00662
T006345,E00404
T006346,E00733
T006346,E00075
T006346,E00352
T006346,E00392
T006346,E00600
T006346,E00691
T006346,E00451
T006346,E00256
T006346,E00241
T006346,E00439
T006346,E00063
T006346,E00236
T006346,E00529
T006346,E00489
T006346,E00766
T006346,E00242
T006346,E00323
T006346,E00377
T006347,E00304
T006347,E00473
T006347,E00122
T006347,E00538
T006347,E00117
T006348,E00454
T006348,E00720
T006348,E00132
T006348,E00047
T006348,E00081
T006348,E00149
T006348,E00193
T006348,E00694
T006348,E00455
T006348,E00141
T006348,E00602
T006348,E00393
T006348,E00012
T006348,E00278
T006348,E00782
T006348,E00585
T006348,E00106
T006348,E00667
T006349,E00755
T006349,E00376
T006349,E00496
T006349,E00452
T006349,E00108
T006349,E00567
T006349,E00598
T006349,E00039
T006349,E00395
T006350,E00771
T006350,E00715
T006350,E00528
T006350,E00785
T006350,E00737
T006350,E00495
T006350,E00324
T006350,E00281
T006351,E00043
T006351,E00703
T006351,E00475
T006351,E00413
T006351,E00727
T006351,E00264
T006351,E00403
T006351,E00621
T006352,E00198
T006352,E00408
T006352,E00629
T006352,E00327
T006352,E00127
T006352,E00322
T006352,E00109
T006352,E00535
T006353,E00729
T006353,E00146
T006353,E00402
T006353,E00257
T006353,E00195
T006353,E00192
T006353,E00139
T006353,E00608
T006354,E00643
T006354,E00100
T006354,E00163
T006354,E00553
T006354,E00317
T006354,E00554
T006354,E00130
T006354,E00320
T006355,E00036
T006355,E00562
T006355,E00641
T006355,E00586
T006355,E00055
T006355,E00552
T006355,E00028
T006355,E00060
T006356,E00147
T006356,E00188
T006356,E00784
T006357,E00119
T006357,E00640
T006357,E00770
T006357,E00414
T006358,E00231
T006358,E00606
T006358,E00339
T006358,E00005
T006359,E00189
T006359,E00305
T006359,E00494
T006359,E00145
T006360,E00757
T006360,E00526
T006360,E99865
T006360,E00101
T006361,E00505
T006361,E00168
T006361,E00479
T006361,E00013
T006362,E00326
T006362,E00103
T006362,E00098
T006362,E00617
T006363,E00263
T006363,E00645
T006363,E00169
T006363,E00635
T006364,E00002
T006365,E00030
T006365,E00799
T006365,E00165
T006365,E00746
T006365,E00701
T006365,E00692
T006365,E99503
T006365,E00294
T006365,E00599
T006365,E00646
T006365,E00006
T006365,E00138
T006365,E00543
T006365,E00387
T006365,E00017
T006365,E00516
T006365,E00158
T006365,E00019
T006366,E00684
T006366,E00054
T006366,E00224
T006366,E00206
T006366,E00275
T006367,E00592
T006367,E00624
T006367,E00200
T006367,E00434
T006367,E00467
T006367,E00590
T006367,E00174
T006367,E00658
T006368,E00708
T006368,E00566
T006368,E00306
T006368,E00462
T006368,E00274
T006368,E00151
T006368,E99286
T006368,E00776
T006369,E00793
T006369,E00164
T006369,E00180
T006369,E00386
T006369,E00719
T006369,E00170
T006369,E00576
T006369,E00502
T006370,E00648
T006370,E00053
T006370,E00391
T006370,E00121
T006370,E00268
T006371,E99817
T006371,E00401
T006371,E00609
T006371,E00202
T006372,E00225
T006372,E00353
T006372,E00334
T006372,E00681
T006373,E00427
T006373,E00540
T006373,E99194
T006373,E00682
T006374,E00057
T006374,E00753
T006374,E99711
T006374,E00490
T006375,E00344
T006375,E00050
T006375,E00293
T006375,E00384
T006376,E00204
T006376,E00476
T006376,E00042
T006376,E00575
T006377,E00792
T006377,E00705
T006377,E00470
T006377,E00078
T006378,E00390
T006378,E00416
T006379,E00228
T006379,E00614
T006379,E00774
T006379,E00373
T006379,E00115
T006379,E00226
T006379,E00653
T006379,E00355
T006379,E00791
T006379,E00696
T006379,E00104
T006379,E00654
T006379,E00034
T006379,E00642
T006379,E00365
T006379,E00574
T006379,E00346
T006379,E00560
T006380,E00521
T006380,E00095
T006380,E00488
T006381,E00568
T006381,E00591
T006381,E00251
T006381,E00372
T006381,E00062
T006381,E00628
T006381,E00610
T006381,E00167
T006381,E00559
T006381,E00351
T006381,E00156
T006381,E00796
T006381,E00084
T006381,E00123
T006381,E00255
T006382,E00594
T006382,E00649
T006382,E00008
T006382,E00420
T006382,E00418
T006382,E00735
T006382,E00026
T006382,E00679
T006383,E00316
T006383,E99214
T006383,E00239
T006383,E00201
T006383,E00221
T006383,E00135
T006383,E00580
T006383,E00092
T006384,E99452
T006384,E00289
T006384,E00035
T006384,E00775
T006384,E00650
T006384,E00314
T006384,E00083
T006384,E00085
T006385,E00321
T006385,E00548
T006385,E00046
T006385,E00254
T006385,E00417
T006385,E00233
T006385,E00021
T006385,E00270
T006386,E00041
T006386,E00523
T006386,E00342
T006386,E00307
T006387,E00210
T006387,E00514
T006387,E00367
T006387,E00091
T006388,E00748
T006388,E00288
T006388,E00312
T006388,E00375
T006389,E00366
T006389,E00179
T006389,E00029
T006389,E00424
T006390,E00296
T006390,E00612
T006390,E00113
T006390,E00071
T006391,E00558
T006391,E00107
T006392,E00601
T006392,E00734
T006392,E00461
T006392,E00099
T006392,E00090
T006392,E00504
T006392,E00712
T006392,E00563
T006392,E00088
T006392,E00790
T006392,E00248
T006392,E00310
T006392,E00040
T006392,E00763
T006392,E00332
T006392,E00148
T006392,E00711
T006393,E00232
T006393,E00157
T006393,E00749
T006393,E00656
T006393,E00246
T006393,E00518
T006393,E00383
T006393,E00786
T006394,E00740
T006394,E00238
T006394,E00194
T006394,E00588
T006394,E00780
T006394,E00437
T006394,E00341
T006394,E00657
T006395,E00116
T006396,E00331
T006396,E00397
T006396,E00690
T006396,E00760
T006397,E00280
T006397,E00318
T006397,E00578
T006397,E00209
T006398,E00686
T006398,E00114
T006398,E00284
T006398,E00244
T006399,E00025
T006399,E00632
T006400,E99338
T006400,E00051
T006400,E00630
T006400,E00337
T006400,E00647
T006400,E00565
T006400,E00009
T006400,E00800
T006400,E00762
T006400,E00253
T006400,E00038
T006400,E00398
T006400,E00459
T006400,E00329
T006400,E00460
T006400,E00267
T006400,E00325
T006400,E00199
T006401,E00086
T006401,E00291
T006401,E00549
T006401,E00297
T006401,E00125
T006401,E00561
T006401,E00752
T006401,E00710
T006401,E00795
T006401,E00230
T006401,E00252
T006401,E00660
T006401,E00406
T006401,E00688
T006401,E00409
T006401,E00556
T006401,E00773
T006401,E00779
T006402,E00497
T006402,E00605
T006402,E00077
T006402,E00572
T006402,E00191
T006402,E00142
T006402,E00129
T006402,E00018
T006402,E00016
T006402,E00003
T006402,E00258
T006402,E00161
T006402,E00273
T006403,E00596
T006403,E00080
T006403,E00716
T006403,E00577
T006403,E00218
T006403,E00153
T006403,E00676
T006403,E00388
T006403,E00315
T006403,E00672
T006403,E00607
T006403,E00524
T006403,E00265
T006403,E00335
T006403,E00732
T006403,E00579
T006403,E00723
T006403,E00186
T006404,E00759
T006404,E99817
T006404,E00680
T006404,E00754
T006404,E00789
T006404,E00515
T006404,E00631
T006404,E00448
T006404,E00689
T006404,E00052
T006404,E00798
T006404,E00082
T006404,E00096
T006404,E00033
T006404,E00693
T006404,E00368
T006404,E00037
T006404,E00756
T006405,E00482
T006405,E00597
T006405,E99974
T006405,E00655
T006405,E00767
T006405,E00536
T006405,E00087
T006405,E00022
T006405,E00272
T006405,E00542
T006405,E00159
T006406,E00769
T006406,E00557
T006406,E99163
T006406,E00126
T006406,E00140
T006406,E99555
T006406,E00338
T006406,E00173
T006407,E00176
T006407,E00717
T006407,E00364
T006407,E00551
T006407,E00137
T006407,E00259
T006407,E00024
T006407,E00260
T006408,E00581
T006408,E00661
T006408,E00134
T006408,E00466
T006408,E00738
T006408,E00510
T006408,E00444
T006408,E00438
T006409,E00154
T006409,E00699
T006409,E00616
T006409,E00282
T006409,E00469
T006409,E00532
T006409,E00500
T006409,E00619
T006410,E00706
T006410,E00675
T006410,E00124
T006410,E00465
T006410,E00443
T006410,E00730
T006410,E00011
T006410,E00678
T006411,E00359
T006411,E00203
T006411,E00704
T006411,E00269
T006411,E00340
T006411,E00213
T006411,E00313
T006411,E00493
T006412,E00298
T006412,E00750
T006412,E00468
T006412,E00673
T006412,E00301
T006412,E00797
T006412,E00131
T006412,E00744
T006413,E00419
T006413,E00247
T006413,E00299
T006413,E99865
T006413,E00741
T006413,E00362
T006413,E00032
T006413,E00089
T006414,E00432
T006414,E00222
T006414,E00056
T006414,E00463
T006414,E00546
T006414,E00348
T006414,E00644
T006414,E00503
T006415,E00520
T006415,E00160
T006415,E00234
T006415,E00097
T006415,E00183
T006415,E00014
T006415,E00665
T006415,E00190
T006416,E00613
T006417,E00477
T006417,E00059
T006417,E00687
T006417,E00357
T006418,E00283
T006418,E00330
T006418,E00155
T006418,E00778
T006419,E00128
T006419,E00215
T006419,E00286
T006419,E00718
T006420,E00271
T006420,E00105
T006420,E00573
T006420,E00615
T006421,E00369
T006421,E00593
T006421,E00517
T006421,E00777
T006422,E00471
T006422,E00423
T006422,E00007
T006422,E00319
T006423,E00415
T006423,E00453
T006423,E00714
T006423,E00010
T006424,E00485
T006424,E00211
T006424,E00677
T006424,E00425
T006425,E00093
T006425,E00421
T006425,E00583
T006425,E00177
T006426,E00172
T006426,E00472
T006426,E00480
T006426,E00507
T006427,E00070
T006427,E00742
T006428,E00440
T006428,E00389
T006428,E00670
T006428,E00709
T006428,E00669
T006428,E00279
T006428,E00435
T006428,E00728
T006428,E00508
T006428,E00555
T006428,E00309
T006428,E00512
T006428,E00217
T006428,E00292
T006428,E00674
T006428,E00076
T006428,E00618
T006428,E00603
T006429,E00582
T006429,E00237
T006429,E00683
T006429,E00181
T006429,E00446
T006429,E00625
T006429,E00725
T006429,E00707
T006429,E00276
T006429,E00499
T006429,E00152
T006429,E00544
T006429,E00726
T006429,E00768
T006429,E00519
T006429,E00094
T006429,E00787
T006429,E00626
T006430,E00422
T006430,E00166
T006430,E00627
T006430,E00295
T006430,E00308
T006430,E00150
T006430,E00539
T006430,E00484
T006430,E00187
T006430,E00399
T006430,E00651
T006430,E00429
T006430,E00431
T006431,E00250
T006431,E00764
T006431,E00430
T006431,E00065
T006431,E00048
T006431,E00249
T006431,E00162
T006431,E00285
T006432,E00545
T006432,E00483
T006432,E00235
T006432,E00433
T006432,E00171
T006432,E00027
T006432,E00136
T006432,E00537
T006433,E00511
T006433,E00196
T006433,E00370
T006433,E00788
T006433,E00449
T006433,E00652
T006433,E00464
T006433,E00175
T006434,E00481
T006434,E00604
T006434,E00637
T006434,E00447
T006434,E00695
T006434,E00513
T006434,E00277
T006434,E00049
T006435,E00220
T006435,E00223
T006435,E00058
T006435,E00229
T006435,E00721
T006435,E00133
T006435,E00487
T006435,E00664
T006436,E00666
T006436,E00478
T006436,E00345
T006436,E00300
T006436,E00243
T006436,E00736
T006436,E00584
T006437,E00547
T006437,E00182
T006437,E00587
T006437,E00781
T006438,E00662
T006438,E00405
T006438,E99016
T006438,E00371
T006439,E00400
T006439,E00569
T006439,E00385
T006439,E00426
T006440,E00381
T006440,E00450
T006440,E00205
T006440,E00509
T006441,E00380
T006441,E00208
T006441,E00311
T006441,E00023
T006442,E00412
T006442,E00045
T006442,E00001
T006442,E00685
T006443,E00498
T006443,E00302
T006443,E00772
T006443,E00212
T006444,E00441
T006444,E00739
T006444,E00533
T006444,E00303
T006445,E00445
T006445,E00743
T006445,E00442
T006445,E00044
T006446,E00358
T006446,E00698
T006446,E00428
T006446,E00336
T006447,E00589
T006447,E99507
T006447,E00354
T006447,E00102
T006448,E00700
T006448,E00436
T006448,E99315
T006449,E00352
T006449,E00256
T006449,E00766
T006449,E00473
T006449,E00122
T006449,E00323
T006449,E00242
T006449,E00529
T006449,E00691
T006449,E00733
T006449,E00241
T006449,E00392
T006449,E00075
T006449,E00063
T006449,E00236
T006449,E00117
T006449,E00451
T006449,E00538
T006450,E00012
T006450,E00108
T006450,E00598
T006450,E00106
T006450,E00694
T006450,E00602
T006450,E00667
T006450,E00393
T006450,E00782
T006450,E00496
T006450,E00570
T006450,E00132
T006450,E00454
T006450,E00278
T006450,E00193
T006450,E00720
T006450,E00671
T006450,E00531
T006451,E00755
T006451,E00395
T006451,E00004
T006451,E00047
T006451,E00141
T006451,E99502
T006451,E00567
T006451,E00039
T006451,E00149
T006451,E00452
T006451,E00376
T006451,E00585
T006452,E00475
T006452,E00715
T006452,E00363
T006452,E00327
T006452,E00324
T006452,E00109
T006452,E00403
T006452,E00528
T006453,E00629
T006453,E00264
T006453,E00495
T006453,E00127
T006453,E00413
T006453,E00703
T006453,E00322
T006453,E00198
T006454,E00043
T006454,E00621
T006454,E00281
T006454,E00771
T006454,E00408
T006455,E00188
T006455,E00146
T006455,E00262
T006455,E00074
T006455,E00554
T006455,E00562
T006455,E00139
T006455,E00028
T006456,E00130
T006456,E00163
T006456,E00402
T006456,E00553
T006456,E00147
T006456,E00586
T006456,E00729
T006456,E00552
T006457,E00036
T006457,E00073
T006457,E00608
T006457,E00317
T006457,E00320
T006457,E00060
T006457,E00643
T006457,E00100
T006458,E00195
T006459,E00414
T006459,E00231
T006459,E00617
T006459,E00101
T006460,E00005
T006460,E00526
T006460,E00013
T006460,E00494
T006461,E00635
T006461,E99037
T006461,E00103
T006461,E99942
T006462,E99324
T006462,E00189
T006462,E00263
T006462,E00479
T006463,E00505
T006463,E00168
T006463,E00305
T006463,E00098
T006464,E00002
T006464,E00757
T006464,E00501
T006464,E00169
T006465,E00339
T006465,E00794
T006465,E00770
T006465,E00640
T006466,E00138
T006466,E00030
T006466,E00684
T006466,E00165
T006466,E00224
T006466,E00118
T006466,E00387
T006466,E00701
T006466,E00015
T006466,E00275
T006466,E00294
T006466,E00799
T006466,E00019
T006466,E00746
T006466,E00006
T006466,E00646
T006466,E00158
T006466,E00516
T006467,E00054
T006467,E00543
T006467,E00017
T006467,E00692
T006467,E00599
T006467,E00206
T006468,E00180
T006468,E00708
T006468,E00592
T006468,E00121
T006468,E00164
T006468,E00724
T006468,E00053
T006468,E00268
T006469,E00434
T006469,E00386
T006469,E00306
T006469,E00151
T006469,E00648
T006469,E00658
T006469,E00227
T006469,E00467
T006470,E00502
T006470,E00566
T006470,E00620
T006470,E00719
T006470,E00274
T006470,E00200
T006470,E00576
T006470,E00624
T006471,E00174
T006471,E00462
T006471,E00776
T006471,E00590
T006471,E00391
T006471,E00343
T006472,E00682
T006472,E00204
T006472,E00470
T006472,E00384
T006473,E00575
T006473,E00061
T006473,E00427
T006473,E00705
T006474,E00681
T006474,E00334
T006474,E00476
T006474,E00057
T006475,E00042
T006475,E00353
T006475,E00078
T006475,E00540
T006476,E00416
T006476,E00202
T006476,E00072
T006476,E00609
T006477,E00792
T006477,E00293
T006477,E00050
T006477,E00225
T006478,E00595
T006478,E00634
T006478,E00344
T006478,E00753
T006479,E00401
T006479,E00120
T006479,E00390
T006479,E00144
T006480,E00654
T006480,E00696
T006480,E00226
T006480,E00069
T006480,E00560
T006480,E00365
T006480,E00355
T006480,E00379
T006480,E00228
T006480,E00104
T006480,E00095
T006480,E00346
T006480,E00791
T006480,E00614
T006480,E00774
T006480,E00034
T006480,E00653
T006480,E99716
T006481,E00642
T006481,E00115
T006481,E00488
T006482,E00084
T006482,E00610
T006482,E00167
T006482,E00123
T006482,E00559
T006482,E99199
T006482,E00372
T006482,E00351
T006482,E00796
T006482,E00255
T006482,E00349
T006482,E00591
T006482,E00568
T006482,E00062
T006482,E00156
T006482,E99255
T006483,E00418
T006483,E00649
T006483,E00420
T006483,E00594
T006483,E00026
T006483,E00316
T006483,E00219
T006483,E00239
T006484,E00008
T006484,E00735
T006484,E00679
T006484,E00135
T006484,E00201
T006484,E00221
T006484,E00092
T006485,E00289
T006485,E00321
T006485,E00650
T006485,E00046
T006485,E00775
T006485,E00314
T006485,E00035
T006485,E00350
T006486,E00270
T006486,E00417
T006486,E00021
T006486,E00307
T006486,E00523
T006486,E00233
T006486,E00254
T006486,E00548
T006487,E00041
T006487,E00083
T006487,E00360
T006487,E00342
T006487,E00411
T006487,E00085
T006488,E00394
T006488,E00107
T006488,E00612
T006488,E00113
T006489,E00288
T006489,E99011
T006489,E00312
T006489,E00558
T006490,E00071
T006490,E00366
T006490,E00424
T006490,E00748
T006491,E00029
T006491,E00367
T006491,E00356
T006491,E00458
T006492,E00091
T006492,E00375
T006492,E00179
T006492,E99410
T006493,E00563
T006493,E00601
T006493,E00790
T006493,E00099
T006493,E00310
T006493,E00248
T006493,E00734
T006493,E00504
T006493,E00765
T006493,E00374
T006493,E00712
T006493,E00090
T006493,E00148
T006493,E00550
T006493,E00522
T006493,E00461
T006493,E00088
T006493,E00663
T006494,E00763
T006494,E00711
T006494,E00040
T006494,E00332
T006495,E00246
T006495,E00238
T006495,E00656
T006495,E00194
T006495,E00157
T006495,E00207
T006495,E00383
T006495,E00749
T006496,E00780
T006496,E00740
T006496,E00588
T006496,E00341
T006496,E00232
T006496,E00518
T006496,E00437
T006497,E00284
T006497,E00025
T006497,E00639
T006497,E00632
T006498,E00280
T006498,E00578
T006498,E00331
T006498,E00209
T006499,E00686
T006499,E00318
T006499,E00397
T006499,E00114
T006500,E00690
T006501,E00191
T006501,E00710
T006501,E99352
T006501,E00009
T006501,E00086
T006501,E00779
T006501,E00795
T006501,E99863
T006501,E00018
T006501,E00647
T006501,E00273
T006501,E00038
T006501,E00800
T006501,E00460
T006501,E00459
T006501,E00409
T006501,E00142
T006501,E00773
T006502,E00267
T006502,E00252
T006502,E00762
T006502,E00077
T006502,E00556
T006502,E00161
T006502,E99226
T006502,E00561
T006502,E00325
T006502,E00297
T006502,E00051
T006502,E00253
T006502,E00258
T006502,E00129
T006502,E00230
T006502,E00688
T006502,E00605
T006502,E00199
T006503,E00333
T006503,E00016
T006503,E00178
T006503,E00003
T006503,E00398
T006503,E00337
T006503,E00752
T006503,E99446
T006503,E00565
T006503,E00572
T006503,E00630
T006503,E00329
T006503,E00497
T006503,E00125
T006504,E00482
T006504,E00033
T006504,E00096
T006504,E00702
T006504,E00022
T006504,E00087
T006504,E00159
T006504,E00524
T006504,E00759
T006504,E00655
T006504,E00716
T006504,E00579
T006504,E00536
T006504,E00631
T006504,E00596
T006504,E00368
T006504,E00265
T006504,E00577
T006505,E00315
T006505,E00456
T006505,E00082
T006505,E00689
T006505,E00542
T006505,E00756
T006505,E00052
T006505,E00218
T006505,E00515
T006505,E00672
T006505,E00676
T006505,E00731
T006505,E00607
T006505,E00789
T006505,E00723
T006505,E00272
T006505,E00153
T006505,E00767
T006506,E00335
T006506,E00186
T006506,E00680
T006506,E00798
T006506,E00448
T006506,E00754
T006506,E00732
T006506,E00597
T006506,E00080
T006507,E00137
T006507,E00154
T006507,E00134
T006507,E00581
T006507,E00124
T006507,E00364
T006507,E00675
T006507,E00557
T006508,E00282
T006508,E00126
T006508,E00758
T006508,E00661
T006508,E00024
T006508,E00176
T006508,E00678
T006508,E00382
T006509,E00444
T006509,E00438
T006509,E00706
T006509,E00699
T006509,E00730
T006509,E00616
T006509,E00717
T006509,E00338
T006510,E00011
T006510,E00738
T006510,E99620
T006510,E00769
T006510,E00465
T006510,E00500
T006510,E00510
T006510,E00532
T006511,E00140
T006511,E00259
T006511,E00619
T006511,E00751
T006511,E00466
T006511,E00443
T006511,E00564
T006511,E00551
T006512,E00260
T006512,E00173
T006513,E00520
T006513,E00097
T006513,E00419
T006513,E00190
T006513,E00541
T006513,E00463
T006513,E00089
T006513,E00493
T006514,E00348
T006514,E00362
T006514,E00665
T006514,E00020
T006514,E00468
T006514,E00213
T006514,E00234
T006514,E00160
T006515,E00143
T006515,E00299
T006515,E00131
T006515,E99293
T006515,E00032
T006515,E00222
T006515,E00301
T006515,E00673
T006516,E00797
T006516,E00741
T006516,E00298
T006516,E00247
T006516,E00183
T006516,E00432
T006516,E00750
T006516,E00704
T006517,E00613
T006517,E00644
T006517,E00269
T006517,E00014
T006517,E00056
T006517,E00359
T006517,E00340
T006517,E00111
T006518,E00744
T006518,E00313
T006518,E99597
T006518,E00503
T006519,E00172
T006519,E00718
T006519,E00215
T006519,E00480
T006520,E00369
T006520,E99882
T006520,E00093
T006520,E00283
T006521,E00415
T006521,E00583
T006521,E00128
T006521,E00070
T006522,E00742
T006522,E00425
T006522,E99424
T006522,E00266
T006523,E00714
T006523,E00615
T006523,E00477
T006523,E00506
T006524,E00687
T006524,E00472
T006524,E00155
T006524,E00010
T006525,E00286
T006525,E00777
T006525,E00677
T006525,E00485
T006526,E00357
T006526,E00330
T006526,E00471
T006526,E00423
T006527,E00573
T006527,E00778
T006527,E99639
T006527,E00177
T006528,E00271
T006528,E00059
T006528,E00507
T006528,E00421
T006529,E00517
T006529,E00319
T006529,E00105
T006529,E00007
T006530,E00709
T006530,E00707
T006530,E00308
T006530,E00166
T006530,E00582
T006530,E00446
T006530,E00725
T006530,E00399
T006530,E00492
T006530,E00181
T006530,E00625
T006530,E00544
T006530,E00150
T006530,E00555
T006530,E00076
T006530,E00237
T006530,E00279
T006530,E00094
T006531,E00217
T006531,E00519
T006531,E00512
T006531,E00389
T006531,E00683
T006531,E00726
T006531,E00440
T006531,E00429
T006531,E00618
T006531,E00508
T006531,E00309
T006531,E00435
T006531,E00627
T006531,E00539
T006531,E00484
T006531,E00422
T006531,E00728
T006531,E00152
T006532,E00768
T006532,E00431
T006532,E00292
T006532,E99463
T006532,E00626
T006532,E00669
T006532,E00670
T006532,E00603
T006532,E00112
T006532,E00499
T006532,E00787
T006533,E00345
T006533,E00235
T006533,E00633
T006533,E00300
T006533,E00478
T006533,E00027
T006533,E00637
T006533,E00788
T006534,E00721
T006534,E00483
T006534,E00196
T006534,E00410
T006534,E00220
T006534,E00048
T006534,E00277
T006534,E99575
T006535,E00664
T006535,E00545
T006535,E00513
T006535,E00433
T006535,E00487
T006535,E00511
T006535,E00652
T006535,E00537
T006536,E00175
T006536,E00223
T006536,E00449
T006536,E00430
T006536,E00370
T006536,E00481
T006536,E00197
T006536,E00171
T006537,E00285
T006537,E00695
T006537,E00666
T006537,E00736
T006537,E00058
T006537,E00243
T006537,E99804
T006537,E00447
T006538,E00065
T006538,E00229
T006538,E00136
T006538,E00764
T006538,E00584
T006538,E00133
T006539,E00547
T006539,E00380
T006539,E00023
T006539,E00405
T006540,E00426
T006540,E00045
T006540,E00212
T006540,E00662
T006541,E00381
T006541,E00428
T006541,E00385
T006541,E00587
T006542,E00698
T006542,E00205
T006542,E00371
T006542,E00102
T006543,E00336
T006543,E00445
T006543,E00214
T006543,E00685
T006544,E00498
T006544,E00525
T006544,E00412
T006544,E00400
T006545,E00302
T006545,E00354
T006545,E99629
T006545,E00182
T006546,E00404
T006546,E00589
T006546,E00303
T006546,E00772
T006547,E00436
T006547,E00358
T006547,E00001
T006547,E00450
T006548,E00442
T006548,E00745
T006548,E00044
T006548,E00208
T006549,E00311
T006549,E00700
T006549,E00781
T006549,E00441
T006550,E00739
T006551,E00241
T006551,E00323
T006551,E00489
T006551,E00529
T006551,E00063
T006551,E00691
T006551,E00256
T006551,E00473
T006551,E00392
T006551,E00600
T006551,E00117
T006551,E00242
T006551,E00733
T006551,E00352
T006551,E00538
T006551,E00304
T006551,E00075
T006551,E00377
T006552,E00451
T006552,E00439
T006552,E00122
T006553,E00496
T006553,E00081
T006553,E00395
T006553,E00149
T006553,E00782
T006553,E00039
T006553,E00720
T006553,E00671
T006553,E00585
T006553,E00012
T006553,E00108
T006553,E00106
T006553,E00393
T006553,E00193
T006553,E00531
T006553,E00667
T006553,E00452
T006553,E00132
T006554,E00694
T006554,E00567
T006554,E00004
T006554,E00376
T006554,E00602
T006554,E00455
T006554,E00570
T006554,E00141
T006554,E00598
T006554,E00278
T006554,E00047
T006554,E00755
T006555,E00264
T006555,E00127
T006555,E00109
T006555,E00629
T006555,E00535
T006555,E00715
T006555,E00043
T006555,E00198
T006556,E00528
T006556,E00408
T006556,E00475
T006556,E00281
T006556,E00324
T006556,E00322
T006556,E00727
T006556,E00785
T006557,E00413
T006557,E00363
T006557,E00703
T006557,E00327
T006557,E00737
T006557,E00621
T006557,E00771
T006558,E00320
T006558,E00163
T006558,E00146
T006558,E00188
T006558,E00139
T006558,E00553
T006558,E00130
T006558,E00262
T006559,E00055
T006559,E00195
T006559,E00100
T006559,E00074
T006559,E00552
T006559,E00643
T006559,E00729
T006559,E00147
T006560,E00036
T006560,E00073
T006560,E00586
T006560,E00317
T006560,E00060
T006560,E00402
T006560,E00641
T006560,E00192
T006561,E00257
T006561,E00562
T006561,E00554
T006561,E00784
T006562,E00002
T006562,E00098
T006562,E00794
T006562,E00013
T006563,E00479
T006563,E00505
T006563,E00640
T006563,E00635
T006564,E00526
T006564,E00263
T006564,E00606
T006564,E00645
T006565,E00305
T006565,E00119
T006565,E00757
T006565,E00339
T006566,E00110
T006566,E00501
T006566,E00617
T006566,E00494
T006567,E00103
T006567,E00168
T006567,E00101
T006567,E00326
T006568,E00231
T006568,E00770
T006568,E00005
T006568,E00189
T006569,E00275
T006569,E00543
T006569,E00224
T006569,E00006
T006569,E00030
T006569,E00646
T006569,E00294
T006569,E00165
T006569,E00015
T006569,E00019
T006569,E00516
T006569,E00746
T006569,E00701
T006569,E00017
T006569,E00684
T006569,E00138
T006569,E00158
T006569,E00054
T006570,E00118
T006570,E00206
T006570,E00799
T006570,E00599
T006571,E00590
T006571,E00624
T006571,E00462
T006571,E00274
T006571,E00592
T006571,E00227
T006571,E00343
T006571,E00170
T006572,E00151
T006572,E00268
T006572,E00793
T006572,E00724
T006572,E00566
T006572,E00648
T006572,E00174
T006572,E00719
T006573,E00180
T006573,E00200
T006573,E00502
T006573,E00306
T006573,E00776
T006573,E00053
T006573,E00386
T006573,E00164
T006574,E00121
T006574,E99480
T006574,E00467
T006574,E00290
T006575,E00476
T006575,E00353
T006575,E00540
T006575,E00225
T006576,E00470
T006576,E00416
T006576,E00427
T006576,E00390
T006577,E00072
T006577,E00204
T006577,E00792
T006577,E00490
T006578,E00293
T006578,E00753
T006578,E00334
T006578,E00344
T006579,E00144
T006579,E00384
T006579,E00595
T006579,E00061
T006580,E00705
T006580,E00682
T006580,E00050
T006580,E00401
T006581,E00609
T006581,E00042
T006581,E00681
T006581,E00078
T006582,E00634
T006582,E00202
T006583,E00791
T006583,E00642
T006583,E00355
T006583,E00034
T006583,E00560
T006583,E00228
T006583,E00488
T006583,E00774
T006583,E00095
T006583,E00521
T006583,E00104
T006583,E99538
T006583,E00346
T006583,E00574
T006583,E00614
T006583,E00373
T006583,E00653
T006583,E00365
T006584,E00696
T006584,E00226
T006584,E00379
T006584,E00115
T006585,E00351
T006585,E00167
T006585,E00559
T006585,E00084
T006585,E00610
T006585,E00796
T006585,E00251
T006585,E00349
T006585,E00255
T006585,E00372
T006585,E00568
T006585,E00156
T006585,E00062
T006585,E00123
T006585,E00628
T006585,E00591
T006586,E00092
T006586,E00221
T006586,E00239
T006586,E00316
T006586,E00649
T006586,E00008
T006586,E00580
T006586,E00219
T006587,E00735
T006587,E99172
T006587,E00135
T006587,E00201
T006587,E00679
T006587,E00594
T006588,E00350
T006588,E00307
T006588,E00548
T006588,E00233
T006588,E00314
T006588,E00254
T006588,E00085
T006588,E99859
T006589,E00289
T006589,E00035
T006589,E00523
T006589,E00083
T006589,E00046
T006589,E00360
T006589,E00417
T006589,E00321
T006590,E00270
T006590,E00775
T006590,E00411
T006591,E00091
T006591,E00612
T006591,E00356
T006591,E00424
T006592,E00394
T006592,E00375
T006592,E00458
T006592,E00474
T006593,E99393
T006593,E00296
T006593,E00558
T006593,E00113
T006594,E00288
T006594,E00367
T006594,E00107
T006594,E00179
T006595,E00071
T006595,E00748
T006595,E00514
T006595,E00366
T006596,E00210
T006597,E00790
T006597,E00601
T006597,E00332
T006597,E00310
T006597,E00734
T006597,E00099
T006597,E00712
T006597,E00148
T006597,E00550
T006597,E00248
T006597,E00563
T006597,E00088
T006597,E00711
T006597,E99245
T006597,E00663
T006597,E00040
T006597,E00504
T006597,E00461
T006598,E00522
T006598,E00763
T006598,E00090
T006598,E00374
T006599,E00749
T006599,E00780
T006599,E00246
T006599,E00656
T006599,E00518
T006599,E00116
T006599,E00588
T006599,E00238
T006600,E00194
T006600,E00786
T006600,E00740
T006600,E00437
T006600,E00157
T006600,E00657
T006600,E00232
T006600,E00341
T006601,E99726
T006602,E00686
T006602,E00209
T006602,E00244
T006602,E00318
T006603,E00639
T006603,E00760
T006603,E00397
T006603,E00331
T006604,E00280
T006604,E00632
T006604,E00025
T006604,E00284
T006605,E00114
T006605,E00690
T006606,E00009
T006606,E00497
T006606,E00253
T006606,E00337
T006606,E00267
T006606,E00783
T006606,E00779
T006606,E00660
T006606,E00051
T006606,E00258
T006606,E00018
T006606,E00230
T006606,E00003
T006606,E00752
T006606,E00561
T006606,E00549
T006606,E00297
T006606,E00565
T006607,E00191
T006607,E00647
T006607,E00409
T006607,E00398
T006607,E00460
T006607,E00459
T006607,E00762
T006607,E00273
T006607,E00688
T006607,E99348
T006607,E00605
T006607,E00773
T006607,E00291
T006607,E00325
T006607,E00252
T006607,E00572
T006607,E00161
T006607,E00178
T006608,E00333
T006608,E00125
T006608,E00710
T006608,E00406
T006608,E00129
T006608,E00086
T006608,E00038
T006608,E00329
T006608,E00556
T006609,E00759
T006609,E00732
T006609,E00789
T006609,E00767
T006609,E00655
T006609,E00536
T006609,E00597
T006609,E00186
T006609,E00272
T006609,E00159
T006609,E00087
T006609,E00052
T006609,E99824
T006609,E99099
T006609,E00579
T006609,E00676
T006609,E00218
T006609,E99188
T006610,E00037
T006610,E00756
T006610,E00689
T006610,E00335
T006610,E00607
T006610,E00265
T006610,E00448
T006610,E00577
T006610,E00515
T006610,E00754
T006610,E00482
T006610,E00798
T006610,E00388
T006610,E00153
T006610,E00033
T006610,E00080
T006610,E99416
T006610,E00596
T006611,E00716
T006611,E00022
T006611,E00082
T006611,E00096
T006611,E00702
T006611,E00315
T006611,E00456
T006611,E00542
T006611,E00731
T006611,E00524
T006611,E00680
T006612,E00438
T006612,E00758
T006612,E00564
T006612,E00444
T006612,E00134
T006612,E00176
T006612,E00510
T006612,E00173
T006613,E00675
T006613,E99042
T006613,E00140
T006613,E00382
T006613,E00137
T006613,E00282
T006613,E00124
T006613,E00126
T006614,E00699
T006614,E00730
T006614,E00738
T006614,E00616
T006614,E00259
T006614,E00240
T006614,E00619
T006614,E00466
T006615,E00260
T006615,E00532
T006615,E00717
T006615,E00706
T006615,E00769
T006615,E00011
T006615,E00465
T006615,E00661
T006616,E00751
T006616,E00469
T006616,E00557
T006616,E00678
T006616,E00364
T006616,E00024
T006616,E00338
T006616,E00154
T006617,E00500
T006617,E00551
T006617,E00185
T006617,E00581
T006618,E00014
T006618,E00313
T006618,E99143
T006618,E00097
T006618,E00089
T006618,E00750
T006618,E00644
T006618,E00111
T006619,E00359
T006619,E00234
T006619,E00665
T006619,E00546
T006619,E00190
T006619,E00222
T006619,E00131
T006619,E00362
T006620,E00269
T006620,E00432
T006620,E00299
T006620,E00503
T006620,E00020
T006620,E00493
T006620,E00213
T006620,E99237
T006621,E00613
T006621,E00463
T006621,E00520
T006621,E00203
T006621,E00160
T006621,E00032
T006621,E00541
T006621,E00407
T006622,E00348
T006622,E00419
T006622,E00468
T006622,E00183
T006622,E00797
T006622,E00340
T006622,E00744
T006622,E00741
T006623,E00704
T006623,E00298
T006623,E00673
T006623,E00056
T006623,E00301
T006624,E00070
T006624,E00266
T006624,E00415
T006624,E00286
T006625,E00517
T006625,E00357
T006625,E00271
T006625,E00128
T006626,E00453
T006626,E00211
T006626,E00319
T006626,E00714
T006627,E00421
T006627,E00485
T006627,E00330
T006627,E00369
T006628,E00472
T006628,E00777
T006628,E00593
T006628,E00283
T006629,E00778
T006629,E00507
T006629,E00718
T006629,E00506
T006630,E00477
T006630,E00172
T006630,E00677
T006630,E00215
T006631,E00583
T006631,E00742
T006631,E00573
T006631,E00423
T006632,E00155
T006632,E00471
T006632,E00177
T006632,E00480
T006633,E00425
T006633,E00105
T006633,E00687
T006633,E00007
T006634,E00486
T006635,E00787
T006635,E00669
T006635,E00308
T006635,E00726
T006635,E00674
T006635,E00181
T006635,E00508
T006635,E00150
T006635,E00076
T006635,E00112
T006635,E00651
T006635,E99994
T006635,E00429
T006635,E00603
T006635,E00627
T006635,E00555
T006635,E00187
T006635,E00519
T006636,E00582
T006636,E00484
T006636,E00683
T006636,E00626
T006636,E00728
T006636,E00512
T006636,E00709
T006636,E00435
T006636,E00499
T006636,E00539
T006636,E00279
T006636,E00295
T006636,E00166
T006636,E00094
T006636,E00389
T006636,E00309
T006636,E00725
T006636,E00431
T006637,E00544
T006637,E00440
T006637,E00292
T006637,E00399
T006637,E00670
T006637,E00422
T006637,E00276
T006637,E00618
T006638,E00764
T006638,E00133
T006638,E00652
T006638,E00300
T006638,E00721
T006638,E00511
T006638,E00162
T006638,E00250
T006639,E00277
T006639,E00285
T006639,E99651
T006639,E00220
T006639,E00449
T006639,E00695
T006639,E00175
T006639,E00197
T006640,E00171
T006640,E00447
T006640,E00249
T006640,E00430
T006640,E00410
T006640,E00713
T006640,E00049
T006640,E00433
T006641,E00048
T006641,E00664
T006641,E00235
T006641,E99247
T006641,E00545
T006641,E00464
T006641,E00027
T006641,E00243
T006642,E00584
T006642,E00345
T006642,E00788
T006642,E00478
T006642,E00666
T006642,E00513
T006642,E00229
T006642,E00065
T006643,E99606
T006643,E00487
T006643,E00136
T006643,E00736
T006643,E00058
T006644,E00436
T006644,E00772
T006644,E00698
T006644,E00358
T006645,E00700
T006645,E00354
T006645,E00001
T006645,E00302
T006646,E00405
T006646,E00509
T006646,E00426
T006646,E00404
T006647,E00380
T006647,E00208
T006647,E00450
T006647,E00184
T006648,E00385
T006648,E00045
T006648,E00525
T006648,E00442
T006649,E00743
T006649,E00303
T006649,E00214
T006649,E00547
T006650,E00587
T006650,E00205
T006650,E00023
T006650,E00569
T006651,E00662
T006651,E00441
T006651,E00400
T006651,E00498
T006652,E00182
T006652,E00336
T006652,E00745
T006652,E00311
T006653,E00589
T006653,E00212
T006653,E00428
T006653,E00412
T006654,E00102
T006654,E00685
T006654,E00739
T006654,E00533
T006655,E00445
T006655,E00781
T006655,E00044
T006656,E00352
T006656,E00489
T006656,E00323
T006656,E00241
T006656,E00075
T006656,E00256
T006656,E00439
T006656,E00529
T006656,E00117
T006656,E00538
T006656,E00236
T006656,E00242
T006656,E00063
T006656,E00304
T006656,E00733
T006656,E00392
T006656,E00122
T006656,E00691
T006657,E00600
T006657,E00377
T006657,E00766
T006658,E00694
T006658,E00141
T006658,E00376
T006658,E00585
T006658,E00132
T006658,E00570
T006658,E00081
T006658,E00598
T006658,E00671
T006658,E00452
T006658,E00004
T006658,E00720
T006658,E00496
T006658,E99004
T006658,E00193
T006658,E00047
T006658,E00278
T006658,E00039
T006659,E00755
T006659,E00667
T006659,E00393
T006659,E00454
T006659,E00782
T006659,E00567
T006659,E00149
T006659,E00108
T006659,E00106
T006659,E99691
T006659,E00012
T006660,E00528
T006660,E00621
T006660,E00413
T006660,E00281
T006660,E00264
T006660,E00322
T006660,E00198
T006660,E00703
T006661,E00629
T006661,E00535
T006661,E00475
T006661,E00324
T006661,E00127
T006661,E00363
T006661,E00109
T006661,E00737
T006662,E00715
T006662,E00408
T006662,E00043
T006662,E00727
T006662,E00771
T006662,E00495
T006662,E00403
T006662,E00327
T006663,E00553
T006663,E00147
T006663,E00139
T006663,E00074
T006663,E00784
T006663,E99444
T006663,E00402
T006663,E00643
T006664,E00036
T006664,E00146
T006664,E00055
T006664,E00729
T006664,E00073
T006664,E00317
T006664,E00192
T006664,E00262
T006665,E00608
T006665,E00195
T006665,E00554
T006665,E00552
T006665,E00130
T006665,E00188
T006665,E00163
T006665,E00641
T006666,E00320
T006666,E00028
T006666,E00060
T006666,E00257
T006666,E00562
T006667,E00189
T006667,E00103
T006667,E00494
T006667,E00770
T006668,E99899
T006668,E00326
T006668,E00305
T006668,E00501
T006669,E00606
T006669,E00794
T006669,E99388
T006669,E00101
T006670,E00005
T006670,E00479
T006670,E00168
T006670,E00002
T006671,E00339
T006671,E00645
T006671,E00145
T006671,E00617
T006672,E00013
T006672,E00414
T006672,E00757
T006672,E00169
T006673,E00640
T006673,E00119
T006673,E00635
T006673,E00505
T006674,E00263
T006674,E00110
T006675,E00138
T006675,E00599
T006675,E00017
T006675,E00158
T006675,E00030
T006675,E00118
T006675,E00646
T006675,E00165
T006675,E00294
T006675,E00015
T006675,E00516
T006675,E00701
T006675,E00746
T006675,E00019
T006675,E00206
T006675,E00054
T006675,E00275
T006675,E00799
T006676,E00387
T006676,E00692
T006676,E00543
T006676,E00224
T006677,E00174
T006677,E00576
T006677,E00590
T006677,E00624
T006677,E00151
T006677,E00121
T006677,E00462
T006677,E00053
T006678,E00620
T006678,E00268
T006678,E00434
T006678,E00658
T006678,E00170
T006678,E00648
T006678,E00227
T006678,E00502
T006679,E00592
T006679,E00200
T006679,E00290
T006679,E00391
T006679,E00164
T006679,E00793
T006679,E00274
T006679,E00467
T006680,E00724
T006680,E00566
T006680,E00708
T006680,E00343
T006680,E00306
T006680,E00776
T006681,E00225
T006681,E00401
T006681,E00575
T006681,E00540
T006682,E00204
T006682,E00753
T006682,E00384
T006682,E00416
T006683,E00792
T006683,E00120
T006683,E00078
T006683,E00476
T006684,E00202
T006684,E00390
T006684,E00682
T006684,E00144
T006685,E00057
T006685,E00293
T006685,E00042
T006685,E00334
T006686,E99731
T006686,E00353
T006686,E00427
T006686,E00634
T006687,E00595
T006687,E00072
T006687,E00050
T006687,E00609
T006688,E00355
T006688,E00654
T006688,E00226
T006688,E00574
T006688,E00228
T006688,E00642
T006688,E00774
T006688,E00488
T006688,E00346
T006688,E00034
T006688,E00104
T006688,E00696
T006688,E00791
T006688,E00560
T006688,E00653
T006688,E00373
T006688,E00069
T006688,E00365
T006689,E00115
T006689,E00614
T006689,E00521
T006689,E00095
T006689,E00379
T006690,E00610
T006690,E00628
T006690,E00156
T006690,E00349
T006690,E00796
T006690,E00372
T006690,E00255
T006690,E00568
T006690,E00351
T006690,E00123
T006690,E00251
T006690,E00591
T006690,E00084
T006690,E00062
T006691,E00580
T006691,E00201
T006691,E00219
T006691,E00420
T006691,E00316
T006691,E00221
T006691,E00679
T006691,E00418
T006692,E00092
T006692,E00239
T006692,E00135
T006692,E00026
T006692,E00594
T006692,E00735
T006692,E00008
T006693,E00035
T006693,E00289
T006693,E00307
T006693,E00523
T006693,E00041
T006693,E00321
T006693,E00411
T006693,E00360
T006694,E00548
T006694,E00085
T006694,E00270
T006694,E00314
T006694,E00775
T006694,E00083
T006694,E00350
T006694,E00021
T006695,E00254
T006695,E00233
T006695,E00650
T006695,E00417
T006695,E00046
T006696,E00458
T006696,E00424
T006696,E00558
T006696,E00071
T006697,E00474
T006697,E00356
T006697,E00179
T006697,E00113
T006698,E00514
T006698,E00029
T006698,E00288
T006698,E00210
T006699,E00091
T006699,E00367
T006699,E99886
T006699,E00107
T006700,E00375
T006700,E00296
T006700,E00394
T006700,E00748
T006701,E00366
T006702,E00711
T006702,E00550
T006702,E00763
T006702,E00090
T006702,E00522
T006702,E00765
T006702,E00040
T006702,E00461
T006702,E00248
T006702,E00790
T006702,E00712
T006702,E00374
T006702,E00099
T006702,E00734
T006702,E00088
T006702,E00663
T006702,E00601
T006702,E00563
T006703,E00310
T006703,E00332
T006703,E00504
T006704,E00780
T006704,E00383
T006704,E00588
T006704,E99992
T006704,E00740
T006704,E00518
T006704,E00786
T006704,E00232
T006705,E00656
T006705,E00657
T006705,E00437
T006705,E00341
T006705,E00207
T006705,E00194
T006705,E00157
T006705,E00749
T006706,E00246
T006707,E00690
T006707,E00686
T006707,E00244
T006707,E00209
T006708,E00284
T006708,E00397
T006708,E00280
T006708,E00025
T006709,E00760
T006709,E00114
T006709,E00639
T006709,E00318
T006710,E00632
T006710,E00331
T006710,E00578
T006711,E00795
T006711,E00258
T006711,E00660
T006711,E00199
T006711,E00773
T006711,E00125
T006711,E00337
T006711,E00783
T006711,E00710
T006711,E00230
T006711,E00009
T006711,E00572
T006711,E00406
T006711,E00161
T006711,E00556
T006711,E00129
T006711,E00752
T006711,E00549
T006712,E00459
T006712,E00142
T006712,E00497
T006712,E00398
T006712,E00297
T006712,E00291
T006712,E00003
T006712,E00016
T006712,E00779
T006712,E00051
T006712,E00191
T006712,E00409
T006712,E00605
T006712,E00252
T006712,E00273
T006712,E00086
T006712,E00038
T006712,E00630
T006713,E00253
T006713,E00565
T006713,E00333
T006713,E00325
T006713,E00178
T006713,E00561
T006713,E00077
T006713,E00460
T006713,E00329
T006713,E00018
T006713,E00762
T006713,E00267
T006713,E00647
T006714,E00096
T006714,E00693
T006714,E00536
T006714,E00597
T006714,E00542
T006714,E00186
T006714,E00524
T006714,E00631
T006714,E99621
T006714,E00756
T006714,E00482
T006714,E00731
T006714,E00037
T006714,E00448
T006714,E00335
T006714,E00596
T006714,E00515
T006714,E00388
T006715,E00080
T006715,E00680
T006715,E00052
T006715,E00272
T006715,E00672
T006715,E00022
T006715,E00732
T006715,E00153
T006715,E99133
T006715,E00579
T006715,E00676
T006715,E00607
T006715,E00082
T006715,E00689
T006715,E00218
T006715,E00767
T006715,E00368
T006715,E00577
T006716,E00033
T006716,E00759
T006716,E00754
T006716,E00789
T006716,E00265
T006717,E00699
T006717,E00176
T006717,E00126
T006717,E00564
T006717,E00260
T006717,E00738
T006717,E00769
T006717,E00259
T006718,E00444
T006718,E00717
T006718,E00443
T006718,E00616
T006718,E00173
T006718,E00240
T006718,E00024
T006718,E00137
T006719,E00500
T006719,E00678
T006719,E00532
T006719,E00282
T006719,E00465
T006719,E00185
T006719,E00140
T006719,E00675
T006720,E00751
T006720,E00338
T006720,E00382
T006720,E00124
T006720,E00551
T006720,E00134
T006720,E00154
T006720,E00469
T006721,E00011
T006721,E00557
T006721,E00438
T006721,E00364
T006721,E00730
T006721,E00706
T006721,E00466
T006721,E00661
T006722,E00581
T006723,E00183
T006723,E00362
T006723,E00463
T006723,E00546
T006723,E00213
T006723,E00750
T006723,E99461
T006723,E00704
T006724,E00313
T006724,E00432
T006724,E00234
T006724,E00797
T006724,E00673
T006724,E00131
T006724,E00348
T006724,E00613
T006725,E00541
T006725,E99775
T006725,E00247
T006725,E00014
T006725,E00359
T006725,E00111
T006725,E00097
T006725,E00468
T006726,E00298
T006726,E00222
T006726,E00744
T006726,E00419
T006726,E00407
T006726,E00503
T006726,E00741
T006726,E00089
T006727,E00203
T006727,E00160
T006727,E00032
T006727,E00143
T006728,E00477
T006728,E00507
T006728,E00128
T006728,E00714
T006729,E00105
T006729,E00517
T006729,E00778
T006729,E00172
T006730,E00177
T006730,E00471
T006730,E00615
T006730,E00271
T006731,E00215
T006731,E00059
T006731,E00357
T006731,E00319
T006732,E00506
T006732,E00486
T006732,E00369
T006732,E00155
T006733,E00718
T006733,E00425
T006733,E00423
T006733,E00485
T006734,E00480
T006734,E00070
T006734,E00330
T006734,E00742
T006735,E00687
T006735,E00211
T006735,E00286
T006735,E00777
T006736,E00093
T006736,E00573
T006736,E00283
T006736,E00472
T006737,E00583
T006737,E00010
T006737,E00677
T006738,E00422
T006738,E00728
T006738,E00651
T006738,E00519
T006738,E00181
T006738,E00309
T006738,E00670
T006738,E00499
T006738,E00292
T006738,E00492
T006738,E00768
T006738,E00725
T006738,E00187
T006738,E00627
T006738,E00512
T006738,E00484
T006738,E00308
T006738,E00276
T006739,E00603
T006739,E00626
T006739,E00150
T006739,E00279
T006739,E00217
T006739,E00440
T006739,E00707
T006739,E00094
T006739,E00539
T006739,E00237
T006739,E00429
T006739,E00544
T006739,E00166
T006739,E00389
T006739,E00683
T006739,E00787
T006739,E99729
T006739,E00674
T006740,E00555
T006740,E00618
T006740,E00709
T006740,E00625
T006740,E00076
T006740,E00435
T006740,E00508
T006740,E99536
T006740,E00152
T006740,E00669
T006740,E00431
T006741,E00345
T006741,E99595
T006741,E00713
T006741,E00464
T006741,E00133
T006741,E00223
T006741,E00666
T006741,E00764
T006742,E00721
T006742,E00300
T006742,E00049
T006742,E00430
T006742,E00511
T006742,E00162
T006742,E00277
T006742,E00483
T006743,E00537
T006743,E00545
T006743,E00250
T006743,E00604
T006743,E00370
T006743,E00249
T006743,E00633
T006743,E00243
T006744,E00478
T006744,E00065
T006744,E00788
T006744,E00171
T006744,E00220
T006744,E00229
T006744,E00736
T006744,E00197
T006745,E00584
T006745,E00481
T006745,E00027
T006745,E00048
T006745,E00513
T006745,E00664
T006745,E00196
T006745,E00410
T006746,E00487
T006746,E00447
T006746,E00433
T006746,E00652
T006746,E00637
T006746,E00235
T006746,E00175
T006746,E00695
T006747,E00136
T006747,E00285
T006748,E00380
T006748,E00509
T006748,E00426
T006748,E00772
T006749,E00533
T006749,E00303
T006749,E00182
T006749,E00404
T006750,E00436
T006750,E00547
T006750,E00405
T006750,E00587
T006751,E00371
T006751,E00441
T006751,E00336
T006751,E00212
T006752,E00102
T006752,E00739
T006752,E00498
T006752,E00023
T006753,E00184
T006753,E00381
T006753,E00400
T006753,E00662
T006754,E00385
T006754,E00045
T006754,E00698
T006754,E00450
T006755,E00311
T006755,E00354
T006755,E00743
T006755,E00442
T006756,E00569
T006756,E00358
T006756,E00208
T006756,E00589
T006757,E00700
T006757,E00685
T006757,E00428
T006757,E00214
T006758,E00445
T006758,E00525
T006758,E00001
T006758,E00302
T006759,E00781
T006759,E00412
T006759,E00745
T006760,E00538
T006760,E00241
T006760,E00304
T006760,E99882
T006760,E00352
T006760,E00600
T006760,E00766
T006760,E00117
T006760,E00063
T006760,E00439
T006760,E00733
T006760,E00323
T006760,E00242
T006760,E00377
T006760,E00256
T006760,E00236
T006760,E00691
T006760,E00529
T006761,E00489
T006761,E00392
T006761,E00075
T006762,E00106
T006762,E00570
T006762,E00667
T006762,E00395
T006762,E00141
T006762,E00278
T006762,E00531
T006762,E00012
T006762,E00376
T006762,E00004
T006762,E00455
T006762,E00393
T006762,E00755
T006762,E00720
T006762,E00452
T006762,E00132
T006762,E00454
T006762,E00039
T006763,E00585
T006763,E00567
T006763,E00496
T006763,E00671
T006763,E00193
T006763,E00598
T006763,E00047
T006763,E99976
T006763,E00602
T006763,E00149
T006763,E00081
T006763,E00782
T006764,E00703
T006764,E00198
T006764,E00737
T006764,E00629
T006764,E00715
T006764,E00127
T006764,E00621
T006764,E00785
T006765,E00528
T006765,E00327
T006765,E00475
T006765,E00408
T006765,E00413
T006765,E00535
T006765,E00109
T006765,E00363
T006766,E00495
T006766,E00771
T006766,E00324
T006766,E00281
T006766,E00727
T006766,E00403
T006766,E00322
T006767,E00643
T006767,E00073
T006767,E00608
T006767,E00729
T006767,E00130
T006767,E00139
T006767,E00195
T006767,E00553
T006768,E00100
T006768,E00055
T006768,E00188
T006768,E00562
T006768,E00257
T006768,E00147
T006768,E00586
T006768,E00146
T006769,E00262
T006769,E00402
T006769,E00163
T006769,E00554
T006769,E00036
T006769,E00641
T006769,E00028
T006769,E00320
T006770,E00784
T006770,E00060
T006771,E00101
T006771,E00757
T006771,E00110
T006771,E00339
T006772,E00326
T006772,E00119
T006772,E00640
T006772,E00169
T006773,E00414
T006773,E00794
T006773,E00617
T006773,E00145
T006774,E00189
T006774,E00005
T006774,E00168
T006774,E00305
T006775,E00002
T006775,E99355
T006775,E00635
T006775,E00606
T006776,E00505
T006776,E00013
T006776,E00494
T006776,E00263
T006777,E00103
T006777,E00479
T006777,E00231
T006777,E00501
T006778,E00770
T006779,E00224
T006779,E00118
T006779,E00646
T006779,E00516
T006779,E00799
T006779,E00701
T006779,E00030
T006779,E00019
T006779,E00138
T006779,E00746
T006779,E00017
T006779,E00684
T006779,E00543
T006779,E00165
T006779,E00275
T006779,E00015
T006779,E00692
T006779,E00387
T006780,E00158
T006780,E00294
T006780,E00206
T006780,E00006
T006781,E00793
T006781,E00658
T006781,E00306
T006781,E00174
T006781,E00502
T006781,E00180
T006781,E00724
T006781,E00164
T006782,E00290
T006782,E00434
T006782,E00566
T006782,E00227
T006782,E00274
T006782,E00462
T006782,E00590
T006782,E99177
T006783,E00648
T006783,E00719
T006783,E00386
T006783,E00576
T006783,E00620
T006783,E00776
T006783,E00170
T006783,E99243
T006784,E00624
T006784,E00200
T006784,E00121
T006784,E00268
T006784,E00391
T006784,E00592
T006784,E00343
T006785,E00792
T006785,E00682
T006785,E00057
T006785,E00681
T006786,E00144
T006786,E00334
T006786,E00344
T006786,E00540
T006787,E00609
T006787,E00705
T006787,E00293
T006787,E99035
T006788,E00120
T006788,E00061
T006788,E00042
T006788,E00476
T006789,E00390
T006789,E00595
T006789,E00401
T006789,E00384
T006790,E00427
T006790,E00353
T006790,E00470
T006790,E00204
T006791,E00050
T006791,E00078
T006791,E00490
T006791,E00072
T006792,E00202
T006792,E00634
T006792,E00753
T006793,E00373
T006793,E00228
T006793,E00642
T006793,E00488
T006793,E00095
T006793,E00346
T006793,E00104
T006793,E00654
T006793,E00774
T006793,E00521
T006793,E00574
T006793,E00653
T006793,E00069
T006793,E00696
T006793,E00355
T006793,E00365
T006793,E00560
T006793,E00034
T006794,E00614
T006794,E00379
T006794,E00115
T006794,E00791
T006795,E00372
T006795,E00167
T006795,E00062
T006795,E00255
T006795,E00591
T006795,E00351
T006795,E00349
T006795,E00084
T006795,E00628
T006795,E00156
T006795,E00568
T006795,E00610
T006795,E00796
T006795,E00251
T006795,E00559
T006795,E00123
T006796,E00316
T006796,E00026
T006796,E00219
T006796,E00092
T006796,E00221
T006796,E00580
T006796,E00135
T006796,E00679
T006797,E00420
T006797,E00239
T006797,E00201
T006797,E00735
T006797,E00594
T006797,E00418
T006797,E00649
T006798,E99410
T006798,E00417
T006798,E00289
T006798,E00254
T006798,E00314
T006798,E00775
T006798,E00307
T006798,E00321
T006799,E99471
T006799,E00270
T006799,E00548
T006799,E00046
T006799,E00523
T006799,E00233
T006799,E00035
T006799,E00041
T006800,E00650
T006800,E00350
T006800,E00411
T006800,E00360
T006801,E00367
T006801,E00366
T006801,E00748
T006801,E99146
T006802,E00071
T006802,E00558
T006802,E00375
T006802,E00474
T006803,E00113
T006803,E00107
T006803,E00394
T006803,E00029
T006804,E00296
T006804,E00210
T006804,E00514
T006804,E00356
T006805,E00612
T006805,E00288
T006805,E00312
T006806,E00310
T006806,E00734
T006806,E00790
T006806,E00763
T006806,E00099
T006806,E00563
T006806,E00550
T006806,E00601
T006806,E00248
T006806,E00765
T006806,E00711
T006806,E00148
T006806,E00663
T006806,E00040
T006806,E00504
T006806,E00374
T006806,E00461
T006807,E00749
T006807,E00232
T006807,E00657
T006807,E00780
T006807,E00246
T006807,E00656
T006807,E00116
T006807,E00207
T006808,E00157
T006808,E00194
T006808,E00588
T006808,E00238
T006808,E00383
T006808,E00437
T006808,E00341
T006809,E00331
T006809,E00318
T006809,E00209
T006809,E00639
T006810,E00284
T006810,E00578
T006810,E00244
T006810,E00632
T006811,E00114
T006811,E00025
T006811,E00760
T006811,E00686
T006812,E00690
T006812,E00397
