trip_id,route_id,driver_id,vendor_id,shift_id,scheduled_pickup_time,actual_pickup_time,scheduled_drop_time,actual_drop_time,distance_km,cost,mode,status
T000001,R003,D0093,V4,S1,2026-06-01T08:15:00,2026-06-01T08:16:18,2026-06-01T09:00:00,2026-06-01T09:00:00,23.4,147.6,shuttle,completed
T000002,R003,D0113,V2,S1,2026-06-01T08:15:00,2026-06-01T08:20:54,2026-06-01T09:00:00,2026-06-01T09:01:34.865643,23.6,148.4,shuttle,completed
T000003,R003,D0071,V5,S1,2026-06-01T08:15:00,2026-06-01T08:23:36,2026-06-01T09:00:00,2026-06-01T09:07:21.518916,21.4,128.5,shuttle,completed
T000004,R006,D0109,V4,S1,2026-06-01T08:15:00,2026-06-01T08:16:18,2026-06-01T09:00:00,2026-06-01T09:00:00,20.0,129.4,shuttle,completed
T000005,R006,D0088,V5,S1,2026-06-01T08:15:00,2026-06-01T08:27:06,2026-06-01T09:00:00,2026-06-01T09:11:01.803958,18.7,119.7,shuttle,completed
T000006,R006,D0020,V2,S1,2026-06-01T08:15:00,2026-06-01T08:24:30,2026-06-01T09:00:00,2026-06-01T09:07:24.634505,20.4,117.7,shuttle,completed
T000007,R008,D0011,V2,S1,2026-06-01T08:15:00,2026-06-01T08:22:36,2026-06-01T09:00:00,2026-06-01T09:03:06.333194,8.6,120.0,nodal,completed
T000008,R008,D0002,V2,S1,2026-06-01T08:15:00,2026-06-01T08:15:54,2026-06-01T09:00:00,2026-06-01T09:00:00,8.7,131.1,nodal,completed
T000009,R008,D0117,V1,S1,2026-06-01T08:15:00,2026-06-01T08:15:12,2026-06-01T09:00:00,2026-06-01T09:00:05.179402,9.3,134.6,nodal,completed
T000010,R008,D0032,V1,S1,2026-06-01T08:15:00,2026-06-01T08:20:48,2026-06-01T09:00:00,2026-06-01T09:02:05.837676,8.8,123.5,nodal,completed
T000011,R008,D0051,V2,S1,2026-06-01T08:15:00,2026-06-01T08:15:24,2026-06-01T09:00:00,2026-06-01T09:00:00,9.2,137.5,nodal,completed
T000012,R011,D0010,V1,S1,2026-06-01T08:15:00,2026-06-01T08:48:42,2026-06-01T09:00:00,2026-06-01T09:30:05.905941,8.6,128.2,nodal,completed
T000013,R011,D0094,V2,S1,2026-06-01T08:15:00,2026-06-01T08:15:12,2026-06-01T09:00:00,2026-06-01T09:00:00,8.2,114.0,nodal,completed
T000014,R011,D0081,V2,S1,2026-06-01T08:15:00,2026-06-01T08:27:12,2026-06-01T09:00:00,2026-06-01T09:10:59.037632,7.9,127.7,nodal,completed
T000015,R011,D0032,V1,S1,2026-06-01T08:15:00,2026-06-01T08:23:54,2026-06-01T09:00:00,2026-06-01T09:07:50.574883,8.5,141.0,nodal,completed
T000016,R011,D0094,V2,S1,2026-06-01T08:15:00,2026-06-01T08:18:00,2026-06-01T09:00:00,2026-06-01T09:00:00,8.4,118.4,nodal,completed
T000017,R013,D0120,V5,S1,2026-06-01T08:15:00,2026-06-01T08:17:48,2026-06-01T09:00:00,2026-06-01T09:01:47.744553,11.8,264.6,cab,completed
T000018,R013,D0080,V1,S1,2026-06-01T08:15:00,2026-06-01T08:20:48,2026-06-01T09:00:00,2026-06-01T09:00:48.820522,11.5,241.5,cab,completed
T000019,R013,D0016,V5,S1,2026-06-01T08:15:00,2026-06-01T08:23:54,2026-06-01T09:00:00,2026-06-01T09:05:19.429083,10.6,248.2,cab,completed
T000020,R013,D0013,V5,S1,2026-06-01T08:15:00,2026-06-01T08:20:12,2026-06-01T09:00:00,2026-06-01T09:04:39.189172,11.4,242.9,cab,completed
T000021,R013,D0099,V5,S1,2026-06-01T08:15:00,2026-06-01T08:18:06,2026-06-01T09:00:00,2026-06-01T09:00:11.844511,11.1,243.2,cab,completed
T000022,R013,D0055,V3,S1,2026-06-01T08:15:00,2026-06-01T08:17:30,2026-06-01T09:00:00,2026-06-01T09:00:47.079996,11.2,243.8,cab,completed
T000023,R013,D0112,V1,S1,2026-06-01T08:15:00,2026-06-01T08:15:36,2026-06-01T09:00:00,2026-06-01T09:00:00,10.7,241.0,cab,completed
T000024,R013,D0085,V3,S1,2026-06-01T08:15:00,2026-06-01T08:22:36,2026-06-01T09:00:00,2026-06-01T09:05:27.134148,10.8,236.8,cab,completed
T000025,R013,D0048,V5,S1,2026-06-01T08:15:00,2026-06-01T08:18:06,2026-06-01T09:00:00,2026-06-01T09:00:06.908751,11.3,245.2,cab,completed
T000026,R013,D0016,V5,S1,2026-06-01T08:15:00,2026-06-01T08:18:06,2026-06-01T09:00:00,2026-06-01T09:00:32.752539,10.6,236.1,cab,completed
T000027,R013,D0056,V1,S1,2026-06-01T08:15:00,2026-06-01T08:17:24,2026-06-01T09:00:00,2026-06-01T09:01:43.039586,11.8,255.3,cab,completed
T000028,R018,D0109,V4,S1,2026-06-01T08:15:00,2026-06-01T08:15:30,2026-06-01T09:00:00,2026-06-01T09:00:00,15.2,97.9,shuttle,completed
T000029,R018,D0072,V2,S1,2026-06-01T08:15:00,2026-06-01T08:25:54,2026-06-01T09:00:00,2026-06-01T09:10:32.751508,15.7,95.5,shuttle,completed
T000030,R018,D0044,V4,S1,2026-06-01T08:15:00,2026-06-01T08:23:12,2026-06-01T09:00:00,2026-06-01T09:05:36.675262,15.7,99.4,shuttle,completed
T000031,R020,D0058,V1,S1,2026-06-01T08:15:00,2026-06-01T08:24:30,2026-06-01T09:00:00,2026-06-01T09:06:08.002285,9.8,153.5,nodal,completed
T000032,R020,D0010,V1,S1,2026-06-01T08:15:00,2026-06-01T08:20:30,2026-06-01T09:00:00,2026-06-01T09:05:28.086635,9.8,135.1,nodal,completed
T000033,R020,D0058,V1,S1,2026-06-01T08:15:00,2026-06-01T08:17:06,2026-06-01T09:00:00,2026-06-01T09:00:02.082959,10.1,145.9,nodal,completed
T000034,R020,D0030,V2,S1,2026-06-01T08:15:00,2026-06-01T08:18:00,2026-06-01T09:00:00,2026-06-01T09:01:49.916632,9.7,142.7,nodal,completed
T000035,R020,D0040,V1,S1,2026-06-01T08:15:00,2026-06-01T08:26:24,2026-06-01T09:00:00,2026-06-01T09:10:39.502861,10.8,160.1,nodal,completed
T000036,R020,D0080,V1,S1,2026-06-01T08:15:00,2026-06-01T08:23:30,2026-06-01T09:00:00,2026-06-01T09:05:34.164374,9.6,146.3,nodal,completed
T000037,R022,D0116,V5,S1,2026-06-01T08:15:00,2026-06-01T08:16:54,2026-06-01T09:00:00,2026-06-01T09:00:00,16.8,317.9,cab,completed
T000038,R022,D0110,V1,S1,2026-06-01T08:15:00,2026-06-01T08:19:12,2026-06-01T09:00:00,2026-06-01T09:01:15.314953,16.8,329.0,cab,completed
T000039,R022,D0038,V5,S1,2026-06-01T08:15:00,2026-06-01T08:16:30,2026-06-01T09:00:00,2026-06-01T09:00:00,17.2,327.4,cab,completed
T000040,R022,D0043,V1,S1,2026-06-01T08:15:00,2026-06-01T08:16:12,2026-06-01T09:00:00,2026-06-01T09:00:00,16.2,314.5,cab,completed
T000041,R022,D0108,V5,S1,2026-06-01T08:15:00,2026-06-01T08:15:36,2026-06-01T09:00:00,2026-06-01T09:00:00,17.1,350.4,cab,completed
T000042,R022,D0088,V5,S1,2026-06-01T08:15:00,2026-06-01T08:15:06,2026-06-01T09:00:00,2026-06-01T09:00:00,17.6,338.5,cab,completed
T000043,R022,D0047,V3,S1,2026-06-01T08:15:00,,2026-06-01T09:00:00,2026-06-01T09:00:01.225224,17.4,333.4,cab,completed
T000044,R022,D0100,V3,S1,2026-06-01T08:15:00,2026-06-01T08:16:12,2026-06-01T09:00:00,2026-06-01T09:00:00,17.0,325.4,cab,completed
T000045,R022,D0071,V5,S1,2026-06-01T08:15:00,2026-06-01T08:16:12,2026-06-01T09:00:00,2026-06-01T09:00:00,17.4,340.4,cab,completed
T000046,R022,D0101,V5,S1,2026-06-01T08:15:00,2026-06-01T08:28:06,2026-06-01T09:00:00,2026-06-01T09:09:42.739534,16.4,324.7,cab,completed
T000047,R022,D0016,V5,S1,2026-06-01T08:15:00,2026-06-01T08:20:00,2026-06-01T09:00:00,2026-06-01T09:00:49.767564,18.2,353.1,cab,completed
T000048,R022,D0031,V3,S1,2026-06-01T08:15:00,2026-06-01T08:21:54,2026-06-01T09:00:00,2026-06-01T09:04:49.667280,17.4,338.8,cab,completed
T000049,R003,D0106,V2,S2,2026-06-01T10:15:00,2026-06-01T10:17:36,2026-06-01T11:00:00,2026-06-01T11:00:00,21.0,123.9,shuttle,completed
T000050,R003,D0119,V4,S2,2026-06-01T10:15:00,2026-06-01T10:17:06,2026-06-01T11:00:00,2026-06-01T11:00:03.147841,23.1,160.9,shuttle,completed
T000051,R006,D0113,V2,S2,2026-06-01T10:15:00,2026-06-01T10:18:18,2026-06-01T11:00:00,2026-06-01T11:00:00.715595,18.8,118.4,shuttle,completed
T000052,R006,D0034,V4,S2,2026-06-01T10:15:00,2026-06-01T10:23:06,2026-06-01T11:00:00,2026-06-01T11:06:31.084963,20.0,124.8,shuttle,completed
T000053,R008,D0070,V2,S2,2026-06-01T10:15:00,2026-06-01T10:15:24,2026-06-01T11:00:00,2026-06-01T11:00:00,9.1,125.0,nodal,completed
T000054,R008,D0043,V1,S2,2026-06-01T10:15:00,2026-06-01T10:17:00,2026-06-01T11:00:00,2026-06-01T11:00:00,8.6,127.3,nodal,completed
T000055,R008,D0070,V2,S2,2026-06-01T10:15:00,2026-06-01T10:23:36,2026-06-01T11:00:00,2026-06-01T11:08:20.975941,9.6,143.4,nodal,completed
T000056,R011,D0114,V2,S2,2026-06-01T10:15:00,2026-06-01T10:24:12,2026-06-01T11:00:00,2026-06-01T11:06:43.249521,8.4,122.0,nodal,completed
T000057,R011,D0008,V1,S2,2026-06-01T10:15:00,2026-06-01T10:25:24,2026-06-01T11:00:00,2026-06-01T11:06:26.465014,8.3,132.5,nodal,completed
T000058,R011,D0040,V1,S2,2026-06-01T10:15:00,2026-06-01T10:19:06,2026-06-01T11:00:00,2026-06-01T11:02:19.458306,8.4,126.6,nodal,completed
T000059,R011,D0117,V1,S2,2026-06-01T10:15:00,2026-06-01T10:23:18,2026-06-01T11:00:00,2026-06-01T11:06:13.658896,8.5,128.3,nodal,completed
T000060,R013,D0005,V1,S2,2026-06-01T10:15:00,2026-06-01T10:19:12,2026-06-01T11:00:00,2026-06-01T11:00:50.923746,11.5,244.2,cab,completed
T000061,R013,D0099,V5,S2,2026-06-01T10:15:00,2026-06-01T10:23:42,2026-06-01T11:00:00,2026-06-01T11:04:22.547554,11.3,243.0,cab,completed
T000062,R013,D0006,V5,S2,2026-06-01T10:15:00,2026-06-01T10:17:06,2026-06-01T11:00:00,2026-06-01T11:02:02.110429,11.3,253.8,cab,completed
T000063,R013,D0067,V3,S2,2026-06-01T10:15:00,2026-06-01T10:19:18,2026-06-01T11:00:00,2026-06-01T11:03:24.772230,10.7,233.3,cab,completed
T000064,R013,D0103,V5,S2,2026-06-01T10:15:00,2026-06-01T10:23:06,2026-06-01T11:00:00,2026-06-01T11:03:53.058006,11.6,253.4,cab,completed
T000065,R013,D0062,V3,S2,2026-06-01T10:15:00,2026-06-01T10:16:54,2026-06-01T11:00:00,2026-06-01T11:00:25.927693,11.3,247.7,cab,completed
T000066,R013,D0110,V1,S2,2026-06-01T10:15:00,2026-06-01T10:19:18,2026-06-01T11:00:00,2026-06-01T11:00:00,11.6,244.7,cab,completed
T000067,R018,D0026,V4,S2,2026-06-01T10:15:00,2026-06-01T10:33:54,2026-06-01T11:00:00,2026-06-01T11:16:13.549689,15.5,107.6,shuttle,completed
T000068,R018,D0099,V5,S2,2026-06-01T10:15:00,2026-06-01T10:25:54,2026-06-01T11:00:00,2026-06-01T11:06:09.906183,15.7,111.6,shuttle,completed
T000069,R020,D0068,V1,S2,2026-06-01T10:15:00,2026-06-01T10:27:00,2026-06-01T11:00:00,2026-06-01T11:10:41.815104,10.2,144.9,nodal,completed
T000070,R020,D0112,V1,S2,2026-06-01T10:15:00,2026-06-01T10:18:18,2026-06-01T11:00:00,2026-06-01T11:00:00,9.6,141.6,nodal,completed
T000071,R020,D0045,V1,S2,2026-06-01T10:15:00,2026-06-01T10:15:30,2026-06-01T11:00:00,2026-06-01T11:00:00,10.3,149.4,nodal,completed
T000072,R020,D0110,V1,S2,2026-06-01T10:15:00,2026-06-01T10:37:36,2026-06-01T11:00:00,2026-06-01T11:21:26.896100,10.4,143.2,nodal,completed
T000073,R022,D0089,V3,S2,2026-06-01T10:15:00,2026-06-01T10:15:54,2026-06-01T11:00:00,2026-06-01T11:00:00,16.6,326.6,cab,completed
T000074,R022,D0085,V3,S2,2026-06-01T10:15:00,2026-06-01T10:17:12,2026-06-01T11:00:00,2026-06-01T11:00:22.306772,17.7,342.9,cab,completed
T000075,R022,D0036,V3,S2,2026-06-01T10:15:00,2026-06-01T10:16:12,2026-06-01T11:00:00,2026-06-01T11:00:00,17.8,338.1,cab,completed
T000076,R022,D0008,V1,S2,2026-06-01T10:15:00,2026-06-01T10:16:00,2026-06-01T11:00:00,2026-06-01T11:00:00,17.5,326.8,cab,completed
T000077,R022,D0086,V1,S2,2026-06-01T10:15:00,2026-06-01T10:16:06,2026-06-01T11:00:00,2026-06-01T11:00:00,18.0,350.6,cab,completed
T000078,R022,D0033,V1,S2,2026-06-01T10:15:00,2026-06-01T10:17:24,2026-06-01T11:00:00,2026-06-01T11:00:00,17.0,329.7,cab,completed
T000079,R022,D0047,V3,S2,2026-06-01T10:15:00,2026-06-01T10:22:42,2026-06-01T11:00:00,2026-06-01T11:04:40.090978,18.2,346.3,cab,completed
T000080,R022,D0042,V5,S2,2026-06-01T10:15:00,2026-06-01T10:16:24,2026-06-01T11:00:00,2026-06-01T11:00:00,17.4,339.0,cab,completed
T000081,R003,D0048,V5,S3,2026-06-01T21:15:00,,2026-06-01T22:00:00,,23.5,149.9,shuttle,no_show
T000082,R003,D0092,V4,S3,2026-06-01T21:15:00,2026-06-01T21:16:12,2026-06-01T22:00:00,2026-06-01T22:00:08.840255,22.0,142.1,shuttle,completed
T000083,R006,D0084,V4,S3,2026-06-01T21:15:00,2026-06-01T21:26:48,2026-06-01T22:00:00,2026-06-01T22:09:59.908026,20.1,122.4,shuttle,completed
T000084,R008,D0009,V1,S3,2026-06-01T21:15:00,2026-06-01T21:23:36,2026-06-01T22:00:00,2026-06-01T22:07:17.264321,9.3,141.4,nodal,completed
T000085,R008,D0080,V1,S3,2026-06-01T21:15:00,2026-06-01T21:18:36,2026-06-01T22:00:00,2026-06-01T22:00:36.724740,9.3,135.0,nodal,completed
T000086,R011,D0010,V1,S3,2026-06-01T21:15:00,2026-06-01T21:19:00,2026-06-01T22:00:00,2026-06-01T22:03:45.110378,7.8,112.2,nodal,completed
T000087,R011,D0005,V1,S3,2026-06-01T21:15:00,2026-06-01T21:50:24,2026-06-01T22:00:00,2026-06-01T22:34:04.048927,8.2,117.4,nodal,completed
T000088,R011,D0054,V2,S3,2026-06-01T21:15:00,2026-06-01T21:33:06,2026-06-01T22:00:00,2026-06-01T22:17:18.416569,8.4,126.6,nodal,completed
T000089,R013,D0080,V1,S3,2026-06-01T21:15:00,2026-06-01T21:15:30,2026-06-01T22:00:00,2026-06-01T22:00:00,11.5,246.5,cab,completed
T000090,R013,D0098,V5,S3,2026-06-01T21:15:00,2026-06-01T21:18:42,2026-06-01T22:00:00,2026-06-01T22:01:48.286929,10.5,244.1,cab,completed
T000091,R013,D0009,V1,S3,2026-06-01T21:15:00,2026-06-01T21:15:54,2026-06-01T22:00:00,2026-06-01T22:00:00,11.6,245.0,cab,completed
T000092,R013,D0042,V5,S3,2026-06-01T21:15:00,2026-06-01T21:15:00,2026-06-01T22:00:00,2026-06-01T22:00:00,11.5,241.3,cab,completed
T000093,R013,D0105,V3,S3,2026-06-01T21:15:00,2026-06-01T21:15:42,2026-06-01T22:00:00,2026-06-01T22:00:24.509993,11.2,251.5,cab,completed
T000094,R018,D0016,V5,S3,2026-06-01T21:15:00,2026-06-01T21:26:06,2026-06-01T22:00:00,2026-06-01T22:06:07.976397,14.8,93.4,shuttle,completed
T000095,R018,D0106,V2,S3,2026-06-01T21:15:00,2026-06-01T21:17:54,2026-06-01T22:00:00,2026-06-01T22:02:37.223187,14.9,105.8,shuttle,completed
T000096,R020,D0056,V1,S3,2026-06-01T21:15:00,2026-06-01T21:18:06,2026-06-01T22:00:00,2026-06-01T22:00:18.211147,10.3,136.6,nodal,completed
T000097,R020,D0087,V2,S3,2026-06-01T21:15:00,2026-06-01T21:17:06,2026-06-01T22:00:00,2026-06-01T22:01:22.254457,10.6,139.4,nodal,completed
T000098,R022,D0069,V5,S3,2026-06-01T21:15:00,2026-06-01T21:16:54,2026-06-01T22:00:00,2026-06-01T22:00:44.649414,18.3,338.2,cab,completed
T000099,R022,D0060,V3,S3,2026-06-01T21:15:00,2026-06-01T21:15:24,2026-06-01T22:00:00,2026-06-01T22:00:00,16.2,320.5,cab,completed
T000100,R022,D0010,V1,S3,2026-06-01T21:15:00,2026-06-01T21:17:36,2026-06-01T22:00:00,2026-06-01T22:00:53.464154,16.5,325.6,cab,completed
T000101,R022,D0083,V3,S3,2026-06-01T21:15:00,2026-06-01T21:18:18,2026-06-01T22:00:00,2026-06-01T22:02:38.468360,17.4,337.3,cab,completed
T000102,R003,D0097,V2,S1,2026-06-02T08:15:00,2026-06-02T08:15:00,2026-06-02T09:00:00,2026-06-02T09:00:00,22.6,145.9,shuttle,completed
T000103,R003,D0020,V2,S1,2026-06-02T08:15:00,2026-06-02T08:26:24,2026-06-02T09:00:00,2026-06-02T09:07:03.354439,22.9,137.9,shuttle,completed
T000104,R003,D0012,V2,S1,2026-06-02T08:15:00,2026-06-02T08:17:48,2026-06-02T09:00:00,2026-06-02T09:00:42.912923,22.8,141.2,shuttle,completed
T000105,R006,D0103,V5,S1,2026-06-02T08:15:00,2026-06-02T08:17:54,2026-06-02T09:00:00,2026-06-02T09:00:57.130118,20.2,131.0,shuttle,completed
T000106,R006,D0014,V5,S1,2026-06-02T08:15:00,2026-06-02T08:27:24,2026-06-02T09:00:00,2026-06-02T09:12:22.767039,19.7,125.4,shuttle,completed
T000107,R006,D0017,V2,S1,2026-06-02T08:15:00,2026-06-02T08:23:42,2026-06-02T09:00:00,2026-06-02T09:08:33.302194,18.2,113.7,shuttle,completed
T000108,R008,D0081,V2,S1,2026-06-02T08:15:00,2026-06-02T08:19:36,2026-06-02T09:00:00,2026-06-02T09:00:37.696002,9.6,145.1,nodal,completed
T000109,R008,D0090,V2,S1,2026-06-02T08:15:00,2026-06-02T08:17:36,2026-06-02T09:00:00,2026-06-02T09:01:00.561807,9.0,131.9,nodal,completed
T000110,R008,D0010,V1,S1,2026-06-02T08:15:00,2026-06-02T08:24:06,2026-06-02T09:00:00,2026-06-02T09:05:53.327130,9.1,137.7,nodal,completed
T000111,R008,D0005,V1,S1,2026-06-02T08:15:00,2026-06-02T08:22:12,2026-06-02T09:00:00,2026-06-02T09:04:21.555127,8.7,127.9,nodal,completed
T000112,R008,D0078,V2,S1,2026-06-02T08:15:00,2026-06-02T08:16:30,2026-06-02T09:00:00,2026-06-02T09:00:00,9.1,131.3,nodal,completed
T000113,R008,D0035,V1,S1,2026-06-02T08:15:00,2026-06-02T08:17:48,2026-06-02T09:00:00,2026-06-02T09:00:22.571944,8.6,133.1,nodal,completed
T000114,R011,D0005,V1,S1,2026-06-02T08:15:00,2026-06-02T08:16:06,2026-06-02T09:00:00,2026-06-02T09:00:00,8.5,135.5,nodal,completed
T000115,R011,D0106,V2,S1,2026-06-02T08:15:00,2026-06-02T08:29:06,2026-06-02T09:00:00,2026-06-02T09:11:57.904980,8.4,122.1,nodal,completed
T000116,R011,D0053,V1,S1,2026-06-02T08:15:00,2026-06-02T08:34:00,2026-06-02T09:00:00,2026-06-02T09:15:25.379905,7.7,120.7,nodal,completed
T000117,R011,D0068,V1,S1,2026-06-02T08:15:00,2026-06-02T08:19:00,2026-06-02T09:00:00,2026-06-02T09:02:52.245947,8.3,130.3,nodal,completed
T000118,R011,D0096,V2,S1,2026-06-02T08:15:00,2026-06-02T08:19:00,2026-06-02T09:00:00,2026-06-02T09:02:02.968582,8.3,124.4,nodal,completed
T000119,R013,D0077,V5,S1,2026-06-02T08:15:00,2026-06-02T08:19:24,2026-06-02T09:00:00,2026-06-02T09:02:20.390603,11.3,239.0,cab,completed
T000120,R013,D0098,V5,S1,2026-06-02T08:15:00,2026-06-02T08:15:48,2026-06-02T09:00:00,2026-06-02T09:00:00,11.4,245.1,cab,completed
T000121,R013,D0027,V3,S1,2026-06-02T08:15:00,2026-06-02T08:18:24,2026-06-02T09:00:00,2026-06-02T09:02:52.673670,11.2,255.0,cab,completed
T000122,R013,D0047,V3,S1,2026-06-02T08:15:00,2026-06-02T08:20:18,2026-06-02T09:00:00,2026-06-02T09:01:24.307416,10.6,243.2,cab,completed
T000123,R013,D0053,V1,S1,2026-06-02T08:15:00,2026-06-02T08:25:00,2026-06-02T09:00:00,2026-06-02T09:06:24.053635,11.8,249.2,cab,completed
T000124,R013,D0103,V5,S1,2026-06-02T08:15:00,2026-06-02T08:19:42,2026-06-02T09:00:00,2026-06-02T09:00:10.326570,11.2,241.4,cab,completed
T000125,R013,D0080,V1,S1,2026-06-02T08:15:00,2026-06-02T08:31:06,2026-06-02T09:00:00,2026-06-02T09:11:22.124294,11.7,267.2,cab,completed
T000126,R013,D0076,V3,S1,2026-06-02T08:15:00,2026-06-02T08:17:48,2026-06-02T09:00:00,2026-06-02T09:01:35.846552,10.5,241.6,cab,completed
T000127,R013,D0069,V5,S1,2026-06-02T08:15:00,2026-06-02T08:24:06,2026-06-02T09:00:00,2026-06-02T09:08:10.516279,11.3,267.3,cab,completed
T000128,R013,D0110,V1,S1,2026-06-02T08:15:00,2026-06-02T08:21:48,2026-06-02T09:00:00,2026-06-02T09:06:23.712288,11.5,242.1,cab,completed
T000129,R013,D0010,V1,S1,2026-06-02T08:15:00,2026-06-02T08:15:42,2026-06-02T09:00:00,2026-06-02T09:00:00,10.6,238.0,cab,completed
T000130,R018,D0018,V5,S1,2026-06-02T08:15:00,2026-06-02T08:35:30,2026-06-02T09:00:00,2026-06-02T09:17:49.907113,14.3,105.1,shuttle,completed
T000131,R018,D0069,V5,S1,2026-06-02T08:15:00,2026-06-02T08:15:18,2026-06-02T09:00:00,2026-06-02T09:00:00,15.4,110.9,shuttle,completed
T000132,R018,D0077,V5,S1,2026-06-02T08:15:00,2026-06-02T08:15:00,2026-06-02T09:00:00,2026-06-02T09:00:00,14.5,91.2,shuttle,completed
T000133,R020,D0024,V1,S1,2026-06-02T08:15:00,2026-06-02T08:25:30,2026-06-02T09:00:00,2026-06-02T09:09:57.654785,10.2,133.0,nodal,completed
T000134,R020,D0058,V1,S1,2026-06-02T08:15:00,2026-06-02T08:17:06,2026-06-02T09:00:00,2026-06-02T09:00:00,10.3,133.0,nodal,completed
T000135,R020,D0052,V1,S1,2026-06-02T08:15:00,,2026-06-02T09:00:00,,9.7,129.5,nodal,no_show
T000136,R020,D0068,V1,S1,2026-06-02T08:15:00,,2026-06-02T09:00:00,,10.1,148.0,nodal,no_show
T000137,R020,D0112,V1,S1,2026-06-02T08:15:00,,2026-06-02T09:00:00,,9.6,145.9,nodal,no_show
T000138,R020,D0094,V2,S1,2026-06-02T08:15:00,2026-06-02T08:16:00,2026-06-02T09:00:00,2026-06-02T09:00:00,10.1,136.5,nodal,completed
T000139,R022,D0116,V5,S1,2026-06-02T08:15:00,2026-06-02T08:21:36,2026-06-02T09:00:00,2026-06-02T09:05:34.227505,17.9,343.9,cab,completed
T000140,R022,D0049,V3,S1,2026-06-02T08:15:00,2026-06-02T08:16:30,2026-06-02T09:00:00,,17.0,322.5,cab,cancelled
T000141,R022,D0028,V3,S1,2026-06-02T08:15:00,2026-06-02T08:23:36,2026-06-02T09:00:00,2026-06-02T09:05:20.538956,17.9,339.3,cab,completed
T000142,R022,D0018,V5,S1,2026-06-02T08:15:00,2026-06-02T08:17:18,2026-06-02T09:00:00,2026-06-02T09:00:00,18.3,351.0,cab,completed
T000143,R022,D0032,V1,S1,2026-06-02T08:15:00,2026-06-02T08:16:42,2026-06-02T09:00:00,2026-06-02T09:00:56.858204,16.8,323.9,cab,completed
T000144,R022,D0047,V3,S1,2026-06-02T08:15:00,2026-06-02T08:15:54,2026-06-02T09:00:00,2026-06-02T09:00:19.932427,16.7,330.3,cab,completed
T000145,R022,D0023,V3,S1,2026-06-02T08:15:00,2026-06-02T08:17:00,2026-06-02T09:00:00,2026-06-02T09:01:43.401818,16.8,321.2,cab,completed
T000146,R022,D0116,V5,S1,2026-06-02T08:15:00,2026-06-02T08:25:42,2026-06-02T09:00:00,2026-06-02T09:06:33.305525,18.2,339.8,cab,completed
T000147,R022,D0015,V1,S1,2026-06-02T08:15:00,2026-06-02T08:19:30,2026-06-02T09:00:00,2026-06-02T09:03:25.767409,17.1,336.7,cab,completed
T000148,R022,D0043,V1,S1,2026-06-02T08:15:00,2026-06-02T08:15:30,2026-06-02T09:00:00,2026-06-02T09:00:00,16.8,328.1,cab,completed
T000149,R022,D0014,V5,S1,2026-06-02T08:15:00,2026-06-02T08:18:00,2026-06-02T09:00:00,2026-06-02T09:00:19.526792,17.1,319.6,cab,completed
T000150,R022,D0071,V5,S1,2026-06-02T08:15:00,2026-06-02T08:28:24,2026-06-02T09:00:00,2026-06-02T09:09:27.204780,16.3,323.8,cab,completed
T000151,R003,D0001,V2,S2,2026-06-02T10:15:00,2026-06-02T10:19:54,2026-06-02T11:00:00,2026-06-02T11:00:17.066294,22.7,146.6,shuttle,completed
T000152,R003,D0087,V2,S2,2026-06-02T10:15:00,2026-06-02T10:28:54,2026-06-02T11:00:00,2026-06-02T11:11:38.706993,22.6,140.9,shuttle,completed
T000153,R006,D0041,V4,S2,2026-06-02T10:15:00,2026-06-02T10:18:36,2026-06-02T11:00:00,2026-06-02T11:00:04.211141,20.5,151.0,shuttle,completed
T000154,R006,D0001,V2,S2,2026-06-02T10:15:00,2026-06-02T10:16:42,2026-06-02T11:00:00,2026-06-02T11:01:17.681029,19.7,122.6,shuttle,completed
T000155,R008,D0073,V2,S2,2026-06-02T10:15:00,2026-06-02T10:16:48,2026-06-02T11:00:00,2026-06-02T11:00:00,8.9,128.8,nodal,completed
T000156,R008,D0057,V2,S2,2026-06-02T10:15:00,2026-06-02T10:18:12,2026-06-02T11:00:00,2026-06-02T11:01:55.541939,9.1,124.2,nodal,completed
T000157,R008,D0024,V1,S2,2026-06-02T10:15:00,2026-06-02T10:16:48,2026-06-02T11:00:00,2026-06-02T11:00:52.473783,9.3,141.1,nodal,completed
T000158,R011,D0033,V1,S2,2026-06-02T10:15:00,2026-06-02T10:17:18,2026-06-02T11:00:00,2026-06-02T11:00:00,8.1,122.8,nodal,completed
T000159,R011,D0017,V2,S2,2026-06-02T10:15:00,2026-06-02T10:20:54,2026-06-02T11:00:00,2026-06-02T11:01:29.047982,8.0,120.3,nodal,completed
T000160,R011,D0051,V2,S2,2026-06-02T10:15:00,2026-06-02T10:19:24,2026-06-02T11:00:00,2026-06-02T11:03:13.584328,8.6,124.6,nodal,completed
T000161,R011,D0111,V1,S2,2026-06-02T10:15:00,2026-06-02T10:15:36,2026-06-02T11:00:00,2026-06-02T11:00:20.873387,8.4,134.9,nodal,completed
T000162,R013,D0023,V3,S2,2026-06-02T10:15:00,2026-06-02T10:19:36,2026-06-02T11:00:00,2026-06-02T11:00:27.898933,11.3,241.1,cab,completed
T000163,R013,D0039,V3,S2,2026-06-02T10:15:00,2026-06-02T10:17:48,2026-06-02T11:00:00,2026-06-02T11:00:00,11.2,244.6,cab,completed
T000164,R013,D0101,V5,S2,2026-06-02T10:15:00,2026-06-02T10:26:06,2026-06-02T11:00:00,2026-06-02T11:09:48.392946,10.9,241.1,cab,completed
T000165,R013,D0101,V5,S2,2026-06-02T10:15:00,2026-06-02T10:24:36,2026-06-02T11:00:00,2026-06-02T11:06:46.320832,11.3,248.9,cab,completed
T000166,R013,D0031,V3,S2,2026-06-02T10:15:00,2026-06-02T10:21:54,2026-06-02T11:00:00,2026-06-02T11:06:10.034024,11.0,235.8,cab,completed
T000167,R013,D0085,V3,S2,2026-06-02T10:15:00,2026-06-02T10:15:06,2026-06-02T11:00:00,2026-06-02T11:00:00,11.1,254.0,cab,completed
T000168,R013,D0014,V5,S2,2026-06-02T10:15:00,2026-06-02T10:15:36,2026-06-02T11:00:00,2026-06-02T11:00:00,10.5,230.1,cab,completed
T000169,R018,D0099,V5,S2,2026-06-02T10:15:00,2026-06-02T10:21:18,2026-06-02T11:00:00,2026-06-02T11:05:52.454391,15.3,106.7,shuttle,completed
T000170,R018,D0091,V4,S2,2026-06-02T10:15:00,2026-06-02T10:30:30,2026-06-02T11:00:00,2026-06-02T11:15:00.376735,16.0,100.2,shuttle,completed
T000171,R020,D0030,V2,S2,2026-06-02T10:15:00,,2026-06-02T11:00:00,,9.9,138.3,nodal,no_show
T000172,R020,D0086,V1,S2,2026-06-02T10:15:00,2026-06-02T10:24:06,2026-06-02T11:00:00,2026-06-02T11:05:50.620059,10.7,152.6,nodal,completed
T000173,R020,D0008,V1,S2,2026-06-02T10:15:00,2026-06-02T10:21:30,2026-06-02T11:00:00,2026-06-02T11:02:25.115753,10.6,139.8,nodal,completed
T000174,R020,D0008,V1,S2,2026-06-02T10:15:00,2026-06-02T10:24:30,2026-06-02T11:00:00,2026-06-02T11:06:33.550625,9.7,146.0,nodal,completed
T000175,R022,D0045,V1,S2,2026-06-02T10:15:00,2026-06-02T10:15:24,2026-06-02T11:00:00,2026-06-02T11:00:00,16.3,310.8,cab,completed
T000176,R022,D0047,V3,S2,2026-06-02T10:15:00,2026-06-02T10:15:00,2026-06-02T11:00:00,2026-06-02T11:00:00,17.5,334.1,cab,completed
T000177,R022,D0009,V1,S2,2026-06-02T10:15:00,2026-06-02T10:21:36,2026-06-02T11:00:00,2026-06-02T11:06:05.193104,16.3,324.0,cab,completed
T000178,R022,D0108,V5,S2,2026-06-02T10:15:00,2026-06-02T10:20:24,2026-06-02T11:00:00,2026-06-02T11:01:37.687909,18.1,348.9,cab,completed
T000179,R022,D0062,V3,S2,2026-06-02T10:15:00,2026-06-02T10:32:42,2026-06-02T11:00:00,2026-06-02T11:16:43.377861,18.2,350.5,cab,completed
T000180,R022,D0060,V3,S2,2026-06-02T10:15:00,,2026-06-02T11:00:00,2026-06-02T11:05:05.316004,17.9,331.4,cab,completed
T000181,R022,D0043,V1,S2,2026-06-02T10:15:00,2026-06-02T10:21:54,2026-06-02T11:00:00,2026-06-02T11:06:51.032372,17.4,326.4,cab,completed
T000182,R003,D0114,V2,S3,2026-06-02T21:15:00,2026-06-02T21:15:42,2026-06-02T22:00:00,2026-06-02T22:00:00,22.3,141.0,shuttle,completed
T000183,R006,D0019,V4,S3,2026-06-02T21:15:00,2026-06-02T21:20:24,2026-06-02T22:00:00,2026-06-02T22:02:40.192182,19.7,118.5,shuttle,completed
T000184,R008,D0081,V2,S3,2026-06-02T21:15:00,2026-06-02T21:19:00,2026-06-02T22:00:00,2026-06-02T22:03:53.028048,9.6,129.5,nodal,completed
T000185,R008,D0009,V1,S3,2026-06-02T21:15:00,2026-06-02T21:15:18,2026-06-02T22:00:00,2026-06-02T22:00:00,9.5,152.6,nodal,completed
T000186,R011,D0015,V1,S3,2026-06-02T21:15:00,2026-06-02T21:25:54,2026-06-02T22:00:00,2026-06-02T22:09:31.867117,7.9,129.4,nodal,completed
T000187,R011,D0063,V2,S3,2026-06-02T21:15:00,2026-06-02T21:17:36,2026-06-02T22:00:00,2026-06-02T22:00:52.902685,7.8,111.0,nodal,completed
T000188,R011,D0110,V1,S3,2026-06-02T21:15:00,2026-06-02T21:16:12,2026-06-02T22:00:00,2026-06-02T22:00:00,7.8,117.4,nodal,completed
T000189,R013,D0047,V3,S3,2026-06-02T21:15:00,2026-06-02T21:15:30,2026-06-02T22:00:00,2026-06-02T22:00:10.195115,11.4,247.0,cab,completed
T000190,R013,D0018,V5,S3,2026-06-02T21:15:00,2026-06-02T21:17:06,2026-06-02T22:00:00,2026-06-02T22:00:50.417954,10.9,245.2,cab,completed
T000191,R013,D0028,V3,S3,2026-06-02T21:15:00,2026-06-02T21:25:48,2026-06-02T22:00:00,2026-06-02T22:09:07.468435,11.3,245.8,cab,completed
T000192,R013,D0082,V1,S3,2026-06-02T21:15:00,2026-06-02T21:23:12,2026-06-02T22:00:00,2026-06-02T22:07:48.183108,11.2,240.8,cab,completed
T000193,R013,D0095,V3,S3,2026-06-02T21:15:00,2026-06-02T21:22:06,2026-06-02T22:00:00,2026-06-02T22:03:02.186838,10.8,245.9,cab,completed
T000194,R013,D0048,V5,S3,2026-06-02T21:15:00,2026-06-02T21:28:24,2026-06-02T22:00:00,2026-06-02T22:12:28.936358,10.5,236.8,cab,completed
T000195,R018,D0054,V2,S3,2026-06-02T21:15:00,2026-06-02T21:30:00,2026-06-02T22:00:00,2026-06-02T22:14:19.003095,14.6,106.8,shuttle,completed
T000196,R018,D0038,V5,S3,2026-06-02T21:15:00,2026-06-02T21:15:54,2026-06-02T22:00:00,2026-06-02T22:00:00,15.8,106.6,shuttle,completed
T000197,R020,D0008,V1,S3,2026-06-02T21:15:00,2026-06-02T21:22:30,2026-06-02T22:00:00,2026-06-02T22:03:37.876910,10.0,135.8,nodal,completed
T000198,R020,D0086,V1,S3,2026-06-02T21:15:00,2026-06-02T21:15:30,2026-06-02T22:00:00,2026-06-02T22:00:00,10.0,135.5,nodal,completed
T000199,R020,D0054,V2,S3,2026-06-02T21:15:00,2026-06-02T21:26:36,2026-06-02T22:00:00,2026-06-02T22:09:44.764463,10.8,153.5,nodal,completed
T000200,R022,D0077,V5,S3,2026-06-02T21:15:00,2026-06-02T21:19:06,2026-06-02T22:00:00,2026-06-02T22:02:55.932404,17.8,345.1,cab,completed
T000201,R022,D0101,V5,S3,2026-06-02T21:15:00,2026-06-02T21:17:54,2026-06-02T22:00:00,2026-06-02T22:00:00,16.2,316.8,cab,completed
T000202,R022,D0052,V1,S3,2026-06-02T21:15:00,2026-06-02T21:15:12,2026-06-02T22:00:00,2026-06-02T22:00:00,18.2,341.3,cab,completed
T000203,R022,D0028,V3,S3,2026-06-02T21:15:00,2026-06-02T21:15:24,2026-06-02T22:00:00,2026-06-02T22:00:00,16.6,323.9,cab,completed
T000204,R003,D0022,V5,S1,2026-06-03T08:15:00,2026-06-03T08:22:48,2026-06-03T09:00:00,2026-06-03T09:04:07.404331,23.0,141.5,shuttle,completed
T000205,R003,D0084,V4,S1,2026-06-03T08:15:00,2026-06-03T08:17:30,2026-06-03T09:00:00,2026-06-03T09:02:26.519275,21.2,133.8,shuttle,completed
T000206,R003,D0018,V5,S1,2026-06-03T08:15:00,2026-06-03T08:19:30,2026-06-03T09:00:00,2026-06-03T09:04:28.402799,21.8,124.8,shuttle,completed
T000207,R006,D0016,V5,S1,2026-06-03T08:15:00,2026-06-03T08:19:24,2026-06-03T09:00:00,2026-06-03T09:03:41.198957,18.7,126.9,shuttle,completed
T000208,R006,D0016,V5,S1,2026-06-03T08:15:00,2026-06-03T08:20:18,2026-06-03T09:00:00,2026-06-03T09:02:54.103216,20.5,135.3,shuttle,completed
T000209,R006,D0026,V4,S1,2026-06-03T08:15:00,2026-06-03T08:17:54,2026-06-03T09:00:00,2026-06-03T09:01:12.612421,20.1,132.5,shuttle,completed
T000210,R008,D0025,V2,S1,2026-06-03T08:15:00,2026-06-03T08:16:06,2026-06-03T09:00:00,2026-06-03T09:00:00,8.7,132.9,nodal,completed
T000211,R008,D0040,V1,S1,2026-06-03T08:15:00,2026-06-03T08:18:06,2026-06-03T09:00:00,2026-06-03T09:00:58.177243,9.0,122.0,nodal,completed
T000212,R008,D0040,V1,S1,2026-06-03T08:15:00,2026-06-03T08:33:24,2026-06-03T09:00:00,2026-06-03T09:16:35.829388,9.4,136.4,nodal,completed
T000213,R008,D0068,V1,S1,2026-06-03T08:15:00,2026-06-03T08:17:36,2026-06-03T09:00:00,2026-06-03T09:00:00,8.8,130.2,nodal,completed
T000214,R008,D0111,V1,S1,2026-06-03T08:15:00,2026-06-03T08:24:12,2026-06-03T09:00:00,2026-06-03T09:08:14.942725,9.1,132.5,nodal,completed
T000215,R011,D0010,V1,S1,2026-06-03T08:15:00,2026-06-03T08:19:54,2026-06-03T09:00:00,2026-06-03T09:04:32.385393,8.5,135.9,nodal,completed
T000216,R011,D0009,V1,S1,2026-06-03T08:15:00,2026-06-03T08:16:48,2026-06-03T09:00:00,2026-06-03T09:00:00,8.5,118.2,nodal,completed
T000217,R011,D0063,V2,S1,2026-06-03T08:15:00,2026-06-03T08:18:06,2026-06-03T09:00:00,2026-06-03T09:02:21.787047,7.8,127.8,nodal,completed
T000218,R011,D0110,V1,S1,2026-06-03T08:15:00,2026-06-03T08:25:24,2026-06-03T09:00:00,2026-06-03T09:08:16.426635,8.3,127.2,nodal,completed
T000219,R011,D0113,V2,S1,2026-06-03T08:15:00,2026-06-03T08:27:48,2026-06-03T09:00:00,2026-06-03T09:12:27.805910,8.6,123.0,nodal,completed
T000220,R013,D0098,V5,S1,2026-06-03T08:15:00,2026-06-03T08:20:12,2026-06-03T09:00:00,2026-06-03T09:03:40.189812,11.8,250.6,cab,completed
T000221,R013,D0060,V3,S1,2026-06-03T08:15:00,2026-06-03T08:22:54,2026-06-03T09:00:00,2026-06-03T09:04:38.190014,11.0,235.1,cab,completed
T000222,R013,D0039,V3,S1,2026-06-03T08:15:00,2026-06-03T08:23:18,2026-06-03T09:00:00,2026-06-03T09:05:32.492587,10.5,232.4,cab,completed
T000223,R013,D0022,V5,S1,2026-06-03T08:15:00,2026-06-03T08:28:30,2026-06-03T09:00:00,2026-06-03T09:11:55.658267,11.0,236.6,cab,completed
T000224,R013,D0035,V1,S1,2026-06-03T08:15:00,2026-06-03T08:19:00,2026-06-03T09:00:00,2026-06-03T09:03:11.633099,10.6,240.9,cab,completed
T000225,R013,D0067,V3,S1,2026-06-03T08:15:00,2026-06-03T08:18:30,2026-06-03T09:00:00,2026-06-03T09:00:00,11.0,251.1,cab,completed
T000226,R013,D0031,V3,S1,2026-06-03T08:15:00,2026-06-03T08:19:42,2026-06-03T09:00:00,2026-06-03T09:00:40.582067,11.7,254.7,cab,completed
T000227,R013,D0049,V3,S1,2026-06-03T08:15:00,2026-06-03T08:17:06,2026-06-03T09:00:00,2026-06-03T09:00:00,11.8,264.0,cab,completed
T000228,R013,D0028,V3,S1,2026-06-03T08:15:00,2026-06-03T08:15:30,2026-06-03T09:00:00,2026-06-03T09:00:00,10.8,248.7,cab,completed
T000229,R013,D0013,V5,S1,2026-06-03T08:15:00,2026-06-03T08:17:48,2026-06-03T09:00:00,2026-06-03T09:01:03.318611,11.2,253.2,cab,completed
T000230,R013,D0033,V1,S1,2026-06-03T08:15:00,2026-06-03T08:20:36,2026-06-03T09:00:00,2026-06-03T09:03:19.626406,11.8,248.1,cab,completed
T000231,R018,D0071,V5,S1,2026-06-03T08:15:00,2026-06-03T08:17:54,2026-06-03T09:00:00,2026-06-03T09:00:59.531003,15.6,101.7,shuttle,completed
T000232,R018,D0120,V5,S1,2026-06-03T08:15:00,2026-06-03T08:18:48,2026-06-03T09:00:00,2026-06-03T09:00:00,16.1,111.1,shuttle,completed
T000233,R018,D0018,V5,S1,2026-06-03T08:15:00,2026-06-03T08:17:06,2026-06-03T09:00:00,2026-06-03T09:00:00,15.8,104.1,shuttle,completed
T000234,R020,D0113,V2,S1,2026-06-03T08:15:00,2026-06-03T08:15:54,2026-06-03T09:00:00,2026-06-03T09:00:00,10.0,134.0,nodal,completed
T000235,R020,D0107,V2,S1,2026-06-03T08:15:00,2026-06-03T08:18:48,2026-06-03T09:00:00,2026-06-03T09:02:52.225533,9.8,135.6,nodal,completed
T000236,R020,D0080,V1,S1,2026-06-03T08:15:00,2026-06-03T08:35:06,2026-06-03T09:00:00,2026-06-03T09:15:38.200794,10.5,140.9,nodal,completed
T000237,R020,D0002,V2,S1,2026-06-03T08:15:00,2026-06-03T08:30:24,2026-06-03T09:00:00,2026-06-03T09:10:55.251142,9.6,139.3,nodal,completed
T000238,R020,D0043,V1,S1,2026-06-03T08:15:00,2026-06-03T08:21:30,2026-06-03T09:00:00,2026-06-03T09:01:48.688873,9.8,144.7,nodal,completed
T000239,R020,D0030,V2,S1,2026-06-03T08:15:00,2026-06-03T08:15:12,2026-06-03T09:00:00,2026-06-03T09:00:00,10.3,135.1,nodal,completed
T000240,R022,D0032,V1,S1,2026-06-03T08:15:00,2026-06-03T08:32:18,2026-06-03T09:00:00,2026-06-03T09:13:37.822688,16.7,317.9,cab,completed
T000241,R022,D0038,V5,S1,2026-06-03T08:15:00,2026-06-03T08:16:12,2026-06-03T09:00:00,2026-06-03T09:00:20.930228,16.5,317.6,cab,completed
T000242,R022,D0047,V3,S1,2026-06-03T08:15:00,2026-06-03T08:21:30,2026-06-03T09:00:00,2026-06-03T09:04:08.229527,16.2,320.4,cab,completed
T000243,R022,D0042,V5,S1,2026-06-03T08:15:00,2026-06-03T08:17:18,2026-06-03T09:00:00,2026-06-03T09:00:00,17.2,337.4,cab,completed
T000244,R022,D0043,V1,S1,2026-06-03T08:15:00,2026-06-03T08:29:12,2026-06-03T09:00:00,2026-06-03T09:11:42.650331,17.8,348.7,cab,completed
T000245,R022,D0079,V3,S1,2026-06-03T08:15:00,2026-06-03T08:15:24,2026-06-03T09:00:00,2026-06-03T09:00:00,16.9,323.2,cab,completed
T000246,R022,D0085,V3,S1,2026-06-03T08:15:00,2026-06-03T08:17:48,2026-06-03T09:00:00,2026-06-03T09:00:00,16.8,334.6,cab,completed
T000247,R022,D0014,V5,S1,2026-06-03T08:15:00,2026-06-03T08:21:48,2026-06-03T09:00:00,2026-06-03T09:06:32.042015,17.1,347.6,cab,completed
T000248,R022,D0042,V5,S1,2026-06-03T08:15:00,2026-06-03T08:17:06,2026-06-03T09:00:00,2026-06-03T09:01:23.206723,17.1,337.8,cab,completed
T000249,R022,D0046,V5,S1,2026-06-03T08:15:00,2026-06-03T08:18:48,2026-06-03T09:00:00,2026-06-03T09:02:56.009409,18.1,349.5,cab,completed
T000250,R022,D0031,V3,S1,2026-06-03T08:15:00,2026-06-03T08:27:06,2026-06-03T09:00:00,2026-06-03T09:11:24.417037,16.8,333.9,cab,completed
T000251,R022,D0080,V1,S1,2026-06-03T08:15:00,2026-06-03T08:16:42,2026-06-03T09:00:00,2026-06-03T09:00:00,17.4,334.9,cab,completed
T000252,R003,D0051,V2,S2,2026-06-03T10:15:00,,2026-06-03T11:00:00,,23.2,147.8,shuttle,no_show
T000253,R003,D0069,V5,S2,2026-06-03T10:15:00,2026-06-03T10:19:24,2026-06-03T11:00:00,2026-06-03T11:04:20.694107,22.7,146.4,shuttle,completed
T000254,R006,D0054,V2,S2,2026-06-03T10:15:00,2026-06-03T10:20:30,2026-06-03T11:00:00,2026-06-03T11:04:57.701698,18.4,119.7,shuttle,completed
T000255,R006,D0107,V2,S2,2026-06-03T10:15:00,2026-06-03T10:20:54,2026-06-03T11:00:00,2026-06-03T11:05:33.853596,19.0,111.4,shuttle,completed
T000256,R008,D0117,V1,S2,2026-06-03T10:15:00,2026-06-03T10:19:06,2026-06-03T11:00:00,2026-06-03T11:00:11.453232,9.3,131.3,nodal,completed
T000257,R008,D0052,V1,S2,2026-06-03T10:15:00,,2026-06-03T11:00:00,2026-06-03T11:00:00,9.5,136.9,nodal,completed
T000258,R008,D0056,V1,S2,2026-06-03T10:15:00,2026-06-03T10:20:06,2026-06-03T11:00:00,2026-06-03T11:01:34.423444,9.6,143.6,nodal,completed
T000259,R011,D0114,V2,S2,2026-06-03T10:15:00,2026-06-03T10:17:12,2026-06-03T11:00:00,2026-06-03T11:00:00,8.0,126.4,nodal,completed
T000260,R011,D0009,V1,S2,2026-06-03T10:15:00,2026-06-03T10:21:42,2026-06-03T11:00:00,2026-06-03T11:05:09.931453,8.5,133.5,nodal,completed
T000261,R011,D0020,V2,S2,2026-06-03T10:15:00,2026-06-03T10:20:54,2026-06-03T11:00:00,2026-06-03T11:04:36.597912,7.9,121.0,nodal,completed
T000262,R011,D0082,V1,S2,2026-06-03T10:15:00,2026-06-03T10:21:24,2026-06-03T11:00:00,2026-06-03T11:05:13.590942,8.1,115.2,nodal,completed
T000263,R013,D0028,V3,S2,2026-06-03T10:15:00,2026-06-03T10:16:30,2026-06-03T11:00:00,2026-06-03T11:00:00,11.8,258.3,cab,completed
T000264,R013,D0016,V5,S2,2026-06-03T10:15:00,2026-06-03T10:19:00,2026-06-03T11:00:00,2026-06-03T11:00:58.336301,10.9,235.0,cab,completed
T000265,R013,D0120,V5,S2,2026-06-03T10:15:00,2026-06-03T10:23:00,2026-06-03T11:00:00,2026-06-03T11:03:20.962450,10.6,229.1,cab,completed
T000266,R013,D0111,V1,S2,2026-06-03T10:15:00,2026-06-03T10:16:00,2026-06-03T11:00:00,2026-06-03T11:00:00,11.6,249.1,cab,completed
T000267,R013,D0055,V3,S2,2026-06-03T10:15:00,2026-06-03T10:19:30,2026-06-03T11:00:00,2026-06-03T11:00:42.701981,11.5,255.5,cab,completed
T000268,R013,D0037,V3,S2,2026-06-03T10:15:00,2026-06-03T10:16:00,2026-06-03T11:00:00,2026-06-03T11:00:00,11.8,247.1,cab,completed
T000269,R013,D0010,V1,S2,2026-06-03T10:15:00,2026-06-03T10:20:18,2026-06-03T11:00:00,2026-06-03T11:05:05.419671,11.7,258.4,cab,completed
T000270,R018,D0093,V4,S2,2026-06-03T10:15:00,2026-06-03T10:28:06,2026-06-03T11:00:00,2026-06-03T11:09:56.812817,15.8,108.1,shuttle,completed
T000271,R018,D0101,V5,S2,2026-06-03T10:15:00,2026-06-03T10:16:00,2026-06-03T11:00:00,2026-06-03T11:00:00,15.3,110.6,shuttle,completed
T000272,R020,D0058,V1,S2,2026-06-03T10:15:00,2026-06-03T10:15:36,2026-06-03T11:00:00,2026-06-03T11:00:00,10.8,154.0,nodal,completed
T000273,R020,D0090,V2,S2,2026-06-03T10:15:00,2026-06-03T10:17:06,2026-06-03T11:00:00,2026-06-03T11:00:05.774719,10.6,152.6,nodal,completed
T000274,R020,D0035,V1,S2,2026-06-03T10:15:00,2026-06-03T10:20:48,2026-06-03T11:00:00,2026-06-03T11:04:25.785078,9.8,141.3,nodal,completed
T000275,R020,D0029,V2,S2,2026-06-03T10:15:00,2026-06-03T10:18:24,2026-06-03T11:00:00,2026-06-03T11:00:30.636154,10.5,143.4,nodal,completed
T000276,R022,D0040,V1,S2,2026-06-03T10:15:00,2026-06-03T10:20:06,2026-06-03T11:00:00,2026-06-03T11:00:27.876122,18.0,334.7,cab,completed
T000277,R022,D0031,V3,S2,2026-06-03T10:15:00,2026-06-03T10:22:00,2026-06-03T11:00:00,2026-06-03T11:06:41.667663,16.5,318.0,cab,completed
T000278,R022,D0069,V5,S2,2026-06-03T10:15:00,2026-06-03T10:24:36,2026-06-03T11:00:00,2026-06-03T11:04:55.707624,17.6,330.5,cab,completed
T000279,R022,D0103,V5,S2,2026-06-03T10:15:00,2026-06-03T10:15:30,2026-06-03T11:00:00,2026-06-03T11:00:00,18.1,346.8,cab,completed
T000280,R022,D0010,V1,S2,2026-06-03T10:15:00,2026-06-03T10:17:06,2026-06-03T11:00:00,2026-06-03T11:00:00,17.6,332.9,cab,completed
T000281,R022,D0082,V1,S2,2026-06-03T10:15:00,2026-06-03T10:17:42,2026-06-03T11:00:00,2026-06-03T11:00:00,18.2,351.5,cab,completed
T000282,R022,D0050,V5,S2,2026-06-03T10:15:00,2026-06-03T10:16:36,2026-06-03T11:00:00,2026-06-03T11:00:00,17.4,343.6,cab,completed
T000283,R022,D0082,V1,S2,2026-06-03T10:15:00,2026-06-03T10:38:24,2026-06-03T11:00:00,2026-06-03T11:22:02.091651,17.6,334.4,cab,completed
T000284,R003,D0019,V4,S3,2026-06-03T21:15:00,2026-06-03T21:23:48,2026-06-03T22:00:00,2026-06-03T22:07:25.342363,22.3,130.0,shuttle,completed
T000285,R003,D0016,V5,S3,2026-06-03T21:15:00,2026-06-03T21:22:00,2026-06-03T22:00:00,2026-06-03T22:05:26.853881,21.7,129.1,shuttle,completed
T000286,R006,D0115,V4,S3,2026-06-03T21:15:00,2026-06-03T21:20:36,2026-06-03T22:00:00,2026-06-03T22:03:59.102713,19.7,131.5,shuttle,completed
T000287,R008,D0015,V1,S3,2026-06-03T21:15:00,2026-06-03T21:18:06,2026-06-03T22:00:00,2026-06-03T22:01:35.615300,8.8,123.3,nodal,completed
T000288,R008,D0106,V2,S3,2026-06-03T21:15:00,2026-06-03T21:15:30,2026-06-03T22:00:00,2026-06-03T22:00:00,9.3,141.2,nodal,completed
T000289,R011,D0106,V2,S3,2026-06-03T21:15:00,2026-06-03T21:15:06,2026-06-03T22:00:00,2026-06-03T22:00:00,8.2,121.1,nodal,completed
T000290,R011,D0082,V1,S3,2026-06-03T21:15:00,2026-06-03T21:21:00,2026-06-03T22:00:00,2026-06-03T22:02:34.083708,8.0,117.9,nodal,completed
T000291,R011,D0112,V1,S3,2026-06-03T21:15:00,2026-06-03T21:29:00,2026-06-03T22:00:00,2026-06-03T22:09:53.854308,7.6,129.9,nodal,completed
T000292,R013,D0008,V1,S3,2026-06-03T21:15:00,2026-06-03T21:22:48,2026-06-03T22:00:00,2026-06-03T22:04:44.584116,11.3,247.4,cab,completed
T000293,R013,D0120,V5,S3,2026-06-03T21:15:00,2026-06-03T21:16:12,2026-06-03T22:00:00,2026-06-03T22:00:20.995977,11.0,247.2,cab,completed
T000294,R013,D0100,V3,S3,2026-06-03T21:15:00,2026-06-03T21:23:24,2026-06-03T22:00:00,2026-06-03T22:06:03.785968,11.3,250.7,cab,completed
T000295,R013,D0045,V1,S3,2026-06-03T21:15:00,2026-06-03T21:18:48,2026-06-03T22:00:00,,11.3,241.8,cab,cancelled
T000296,R013,D0042,V5,S3,2026-06-03T21:15:00,2026-06-03T21:20:00,2026-06-03T22:00:00,2026-06-03T22:03:24.178951,10.6,246.1,cab,completed
T000297,R013,D0068,V1,S3,2026-06-03T21:15:00,2026-06-03T21:15:54,2026-06-03T22:00:00,2026-06-03T22:00:00,11.4,253.3,cab,completed
T000298,R018,D0029,V2,S3,2026-06-03T21:15:00,2026-06-03T21:16:24,2026-06-03T22:00:00,2026-06-03T22:00:00,14.3,87.1,shuttle,completed
T000299,R018,D0092,V4,S3,2026-06-03T21:15:00,2026-06-03T21:34:54,2026-06-03T22:00:00,2026-06-03T22:16:37.038900,14.7,98.2,shuttle,completed
T000300,R020,D0072,V2,S3,2026-06-03T21:15:00,2026-06-03T21:19:48,2026-06-03T22:00:00,2026-06-03T22:01:42.462003,9.9,132.2,nodal,completed
T000301,R020,D0043,V1,S3,2026-06-03T21:15:00,2026-06-03T21:15:06,2026-06-03T22:00:00,2026-06-03T22:00:00,10.3,132.9,nodal,completed
T000302,R020,D0081,V2,S3,2026-06-03T21:15:00,2026-06-03T21:17:00,2026-06-03T22:00:00,2026-06-03T22:00:00,10.5,138.2,nodal,completed
T000303,R022,D0112,V1,S3,2026-06-03T21:15:00,2026-06-03T21:16:42,2026-06-03T22:00:00,2026-06-03T22:00:00,16.6,328.5,cab,completed
T000304,R022,D0083,V3,S3,2026-06-03T21:15:00,2026-06-03T21:18:18,2026-06-03T22:00:00,2026-06-03T22:02:03.293399,17.4,329.8,cab,completed
T000305,R022,D0046,V5,S3,2026-06-03T21:15:00,2026-06-03T21:25:18,2026-06-03T22:00:00,2026-06-03T22:09:49.629607,16.9,330.3,cab,completed
T000306,R022,D0080,V1,S3,2026-06-03T21:15:00,2026-06-03T21:16:30,2026-06-03T22:00:00,2026-06-03T22:00:00,16.6,320.3,cab,completed
T000307,R003,D0044,V4,S1,2026-06-04T08:15:00,2026-06-04T08:15:06,2026-06-04T09:00:00,2026-06-04T09:00:00,21.6,153.0,shuttle,completed
T000308,R003,D0081,V2,S1,2026-06-04T08:15:00,2026-06-04T08:17:30,2026-06-04T09:00:00,2026-06-04T09:00:00,23.7,148.5,shuttle,completed
T000309,R003,D0101,V5,S1,2026-06-04T08:15:00,2026-06-04T08:18:24,2026-06-04T09:00:00,2026-06-04T09:02:38.218565,21.5,141.1,shuttle,completed
T000310,R006,D0016,V5,S1,2026-06-04T08:15:00,2026-06-04T08:18:54,2026-06-04T09:00:00,2026-06-04T09:00:00,19.0,122.0,shuttle,completed
T000311,R006,D0029,V2,S1,2026-06-04T08:15:00,2026-06-04T08:15:48,2026-06-04T09:00:00,2026-06-04T09:00:00,19.8,119.6,shuttle,completed
T000312,R006,D0084,V4,S1,2026-06-04T08:15:00,2026-06-04T08:23:48,2026-06-04T09:00:00,2026-06-04T09:07:51.675520,20.4,125.1,shuttle,completed
T000313,R008,D0063,V2,S1,2026-06-04T08:15:00,2026-06-04T08:18:12,2026-06-04T09:00:00,2026-06-04T09:00:14.575078,9.0,125.5,nodal,completed
T000314,R008,D0008,V1,S1,2026-06-04T08:15:00,2026-06-04T08:33:00,2026-06-04T09:00:00,2026-06-04T09:13:35.931936,9.4,142.1,nodal,completed
T000315,R008,D0029,V2,S1,2026-06-04T08:15:00,2026-06-04T08:22:12,2026-06-04T09:00:00,2026-06-04T09:02:51.191614,9.5,144.8,nodal,completed
T000316,R008,D0094,V2,S1,2026-06-04T08:15:00,2026-06-04T08:26:42,2026-06-04T09:00:00,,9.5,135.3,nodal,cancelled
T000317,R008,D0113,V2,S1,2026-06-04T08:15:00,2026-06-04T08:18:00,2026-06-04T09:00:00,2026-06-04T09:01:01.876470,9.0,136.8,nodal,completed
T000318,R011,D0032,V1,S1,2026-06-04T08:15:00,2026-06-04T08:23:30,2026-06-04T09:00:00,2026-06-04T09:04:07.459214,8.4,118.5,nodal,completed
T000319,R011,D0097,V2,S1,2026-06-04T08:15:00,2026-06-04T08:15:06,2026-06-04T09:00:00,2026-06-04T09:00:00,8.0,128.0,nodal,completed
T000320,R011,D0012,V2,S1,2026-06-04T08:15:00,2026-06-04T08:22:36,2026-06-04T09:00:00,2026-06-04T09:03:33.823930,8.3,129.1,nodal,completed
T000321,R011,D0112,V1,S1,2026-06-04T08:15:00,2026-06-04T08:18:48,2026-06-04T09:00:00,2026-06-04T09:02:25.172886,8.5,117.1,nodal,completed
T000322,R011,D0114,V2,S1,2026-06-04T08:15:00,2026-06-04T08:17:00,2026-06-04T09:00:00,2026-06-04T09:01:57.967397,8.3,121.9,nodal,completed
T000323,R011,D0107,V2,S1,2026-06-04T08:15:00,2026-06-04T08:16:36,2026-06-04T09:00:00,2026-06-04T09:00:00,7.7,116.2,nodal,completed
T000324,R013,D0060,V3,S1,2026-06-04T08:15:00,2026-06-04T08:17:18,2026-06-04T09:00:00,2026-06-04T09:01:37.357299,10.9,245.1,cab,completed
T000325,R013,D0100,V3,S1,2026-06-04T08:15:00,2026-06-04T08:15:48,2026-06-04T09:00:00,2026-06-04T09:00:00,10.5,245.9,cab,completed
T000326,R013,D0006,V5,S1,2026-06-04T08:15:00,2026-06-04T08:19:42,2026-06-04T09:00:00,2026-06-04T09:00:34.876161,11.1,245.6,cab,completed
T000327,R013,D0108,V5,S1,2026-06-04T08:15:00,2026-06-04T08:16:06,2026-06-04T09:00:00,2026-06-04T09:00:00,11.0,252.0,cab,completed
T000328,R013,D0010,V1,S1,2026-06-04T08:15:00,2026-06-04T08:16:18,2026-06-04T09:00:00,2026-06-04T09:00:35.499174,11.4,257.2,cab,completed
T000329,R013,D0064,V3,S1,2026-06-04T08:15:00,2026-06-04T08:24:30,2026-06-04T09:00:00,2026-06-04T09:08:06.573995,11.6,252.2,cab,completed
T000330,R013,D0068,V1,S1,2026-06-04T08:15:00,2026-06-04T08:24:48,2026-06-04T09:00:00,2026-06-04T09:08:09.786431,10.8,244.8,cab,completed
T000331,R013,D0010,V1,S1,2026-06-04T08:15:00,2026-06-04T08:24:30,2026-06-04T09:00:00,2026-06-04T09:06:54.532333,11.1,252.6,cab,completed
T000332,R013,D0022,V5,S1,2026-06-04T08:15:00,2026-06-04T08:26:24,2026-06-04T09:00:00,2026-06-04T09:07:33.435236,10.5,227.3,cab,completed
T000333,R013,D0100,V3,S1,2026-06-04T08:15:00,2026-06-04T08:18:24,2026-06-04T09:00:00,2026-06-04T09:00:00,11.1,252.3,cab,completed
T000334,R018,D0069,V5,S1,2026-06-04T08:15:00,2026-06-04T08:17:54,2026-06-04T09:00:00,2026-06-04T09:00:00,16.1,96.0,shuttle,completed
T000335,R018,D0051,V2,S1,2026-06-04T08:15:00,2026-06-04T08:24:06,2026-06-04T09:00:00,2026-06-04T09:04:53.796446,16.0,106.7,shuttle,completed
T000336,R018,D0018,V5,S1,2026-06-04T08:15:00,2026-06-04T08:18:30,2026-06-04T09:00:00,2026-06-04T09:01:15.799975,15.2,104.4,shuttle,completed
T000337,R020,D0054,V2,S1,2026-06-04T08:15:00,2026-06-04T08:19:54,2026-06-04T09:00:00,2026-06-04T09:01:46.364478,10.6,149.6,nodal,completed
T000338,R020,D0087,V2,S1,2026-06-04T08:15:00,2026-06-04T08:25:30,2026-06-04T09:00:00,2026-06-04T09:08:26.315404,9.8,133.2,nodal,completed
T000339,R020,D0040,V1,S1,2026-06-04T08:15:00,2026-06-04T08:19:54,2026-06-04T09:00:00,2026-06-04T09:01:57.558413,10.0,143.6,nodal,completed
T000340,R020,D0070,V2,S1,2026-06-04T08:15:00,2026-06-04T08:22:54,2026-06-04T09:00:00,2026-06-04T09:03:30.007604,10.5,153.4,nodal,completed
T000341,R020,D0010,V1,S1,2026-06-04T08:15:00,2026-06-04T08:21:12,2026-06-04T09:00:00,2026-06-04T09:03:14.118851,9.6,134.2,nodal,completed
T000342,R020,D0043,V1,S1,2026-06-04T08:15:00,2026-06-04T08:15:48,2026-06-04T09:00:00,2026-06-04T09:00:00,9.9,138.6,nodal,completed
T000343,R022,D0043,V1,S1,2026-06-04T08:15:00,2026-06-04T08:28:12,2026-06-04T09:00:00,2026-06-04T09:10:52.518156,16.5,323.5,cab,completed
T000344,R022,D0005,V1,S1,2026-06-04T08:15:00,2026-06-04T08:20:36,2026-06-04T09:00:00,2026-06-04T09:01:15.678691,17.0,324.3,cab,completed
T000345,R022,D0058,V1,S1,2026-06-04T08:15:00,2026-06-04T08:15:30,2026-06-04T09:00:00,2026-06-04T09:00:13.242245,16.4,310.9,cab,completed
T000346,R022,D0006,V5,S1,2026-06-04T08:15:00,2026-06-04T08:20:12,2026-06-04T09:00:00,2026-06-04T09:02:34.596197,17.0,321.1,cab,completed
T000347,R022,D0056,V1,S1,2026-06-04T08:15:00,2026-06-04T08:17:30,2026-06-04T09:00:00,2026-06-04T09:02:17.281550,16.7,316.9,cab,completed
T000348,R022,D0013,V5,S1,2026-06-04T08:15:00,2026-06-04T08:18:24,2026-06-04T09:00:00,2026-06-04T09:03:11.960994,16.6,339.1,cab,completed
T000349,R022,D0049,V3,S1,2026-06-04T08:15:00,2026-06-04T08:19:06,2026-06-04T09:00:00,2026-06-04T09:01:19.121184,16.5,315.0,cab,completed
T000350,R022,D0098,V5,S1,2026-06-04T08:15:00,2026-06-04T08:20:12,2026-06-04T09:00:00,2026-06-04T09:01:20.995000,16.4,317.3,cab,completed
T000351,R022,D0042,V5,S1,2026-06-04T08:15:00,2026-06-04T08:22:00,2026-06-04T09:00:00,2026-06-04T09:05:54.958183,16.2,323.4,cab,completed
T000352,R022,D0083,V3,S1,2026-06-04T08:15:00,2026-06-04T08:25:30,2026-06-04T09:00:00,2026-06-04T09:07:30.977888,17.6,345.2,cab,completed
T000353,R022,D0018,V5,S1,2026-06-04T08:15:00,2026-06-04T08:22:42,2026-06-04T09:00:00,2026-06-04T09:07:12.830199,17.6,345.8,cab,completed
T000354,R022,D0009,V1,S1,2026-06-04T08:15:00,2026-06-04T08:15:06,2026-06-04T09:00:00,2026-06-04T09:00:00,17.7,328.4,cab,completed
T000355,R003,D0084,V4,S2,2026-06-04T10:15:00,2026-06-04T10:22:48,2026-06-04T11:00:00,2026-06-04T11:04:10.140419,21.8,136.8,shuttle,completed
T000356,R003,D0113,V2,S2,2026-06-04T10:15:00,2026-06-04T10:38:06,2026-06-04T11:00:00,2026-06-04T11:19:38.035558,22.1,127.7,shuttle,completed
T000357,R006,D0103,V5,S2,2026-06-04T10:15:00,2026-06-04T10:17:42,2026-06-04T11:00:00,2026-06-04T11:00:00,20.5,127.5,shuttle,completed
T000358,R006,D0044,V4,S2,2026-06-04T10:15:00,2026-06-04T10:21:54,2026-06-04T11:00:00,2026-06-04T11:03:49.884824,19.7,125.4,shuttle,completed
T000359,R008,D0009,V1,S2,2026-06-04T10:15:00,2026-06-04T10:28:54,2026-06-04T11:00:00,2026-06-04T11:13:46.767217,8.8,123.1,nodal,completed
T000360,R008,D0040,V1,S2,2026-06-04T10:15:00,2026-06-04T10:22:54,2026-06-04T11:00:00,2026-06-04T11:03:17.780503,9.5,129.3,nodal,completed
T000361,R008,D0113,V2,S2,2026-06-04T10:15:00,2026-06-04T10:16:00,2026-06-04T11:00:00,2026-06-04T11:00:00,9.5,133.6,nodal,completed
T000362,R011,D0080,V1,S2,2026-06-04T10:15:00,,2026-06-04T11:00:00,,7.8,116.9,nodal,no_show
T000363,R011,D0025,V2,S2,2026-06-04T10:15:00,2026-06-04T10:27:30,2026-06-04T11:00:00,2026-06-04T11:08:30.590808,7.8,124.7,nodal,completed
T000364,R011,D0001,V2,S2,2026-06-04T10:15:00,2026-06-04T10:15:48,2026-06-04T11:00:00,2026-06-04T11:00:28.036079,7.9,121.0,nodal,completed
T000365,R011,D0017,V2,S2,2026-06-04T10:15:00,2026-06-04T10:28:18,2026-06-04T11:00:00,2026-06-04T11:09:22.838809,8.3,118.8,nodal,completed
T000366,R013,D0013,V5,S2,2026-06-04T10:15:00,2026-06-04T10:19:18,2026-06-04T11:00:00,2026-06-04T11:01:17.713936,11.0,249.8,cab,completed
T000367,R013,D0101,V5,S2,2026-06-04T10:15:00,2026-06-04T10:21:24,2026-06-04T11:00:00,2026-06-04T11:05:10.778131,11.1,251.4,cab,completed
T000368,R013,D0062,V3,S2,2026-06-04T10:15:00,2026-06-04T10:17:00,2026-06-04T11:00:00,2026-06-04T11:00:00,10.7,234.2,cab,completed
T000369,R013,D0082,V1,S2,2026-06-04T10:15:00,2026-06-04T10:21:54,2026-06-04T11:00:00,2026-06-04T11:03:25.406162,10.6,247.0,cab,completed
T000370,R013,D0018,V5,S2,2026-06-04T10:15:00,2026-06-04T10:25:54,2026-06-04T11:00:00,2026-06-04T11:09:27.527102,11.1,253.8,cab,completed
T000371,R013,D0010,V1,S2,2026-06-04T10:15:00,2026-06-04T10:21:18,2026-06-04T11:00:00,2026-06-04T11:03:37.902797,11.6,248.9,cab,completed
T000372,R013,D0085,V3,S2,2026-06-04T10:15:00,2026-06-04T10:25:00,2026-06-04T11:00:00,2026-06-04T11:06:05.052763,11.1,249.6,cab,completed
T000373,R013,D0069,V5,S2,2026-06-04T10:15:00,2026-06-04T10:38:30,2026-06-04T11:00:00,2026-06-04T11:19:03.362191,11.4,250.0,cab,completed
T000374,R018,D0091,V4,S2,2026-06-04T10:15:00,2026-06-04T10:15:18,2026-06-04T11:00:00,2026-06-04T11:00:00,14.4,92.9,shuttle,completed
T000375,R018,D0104,V4,S2,2026-06-04T10:15:00,2026-06-04T10:16:42,2026-06-04T11:00:00,2026-06-04T11:01:31.153223,15.7,104.8,shuttle,completed
T000376,R020,D0032,V1,S2,2026-06-04T10:15:00,2026-06-04T10:16:24,2026-06-04T11:00:00,2026-06-04T11:00:00,9.6,137.2,nodal,completed
T000377,R020,D0012,V2,S2,2026-06-04T10:15:00,2026-06-04T10:16:42,2026-06-04T11:00:00,2026-06-04T11:00:09.597776,10.8,155.8,nodal,completed
T000378,R020,D0005,V1,S2,2026-06-04T10:15:00,2026-06-04T10:16:48,2026-06-04T11:00:00,2026-06-04T11:01:47.373822,9.7,147.0,nodal,completed
T000379,R020,D0081,V2,S2,2026-06-04T10:15:00,2026-06-04T10:17:18,2026-06-04T11:00:00,2026-06-04T11:00:50.571469,9.6,138.7,nodal,completed
T000380,R022,D0015,V1,S2,2026-06-04T10:15:00,2026-06-04T10:15:36,2026-06-04T11:00:00,2026-06-04T11:00:00,17.2,340.6,cab,completed
T000381,R022,D0048,V5,S2,2026-06-04T10:15:00,2026-06-04T10:18:42,2026-06-04T11:00:00,2026-06-04T11:00:00,16.2,316.5,cab,completed
T000382,R022,D0103,V5,S2,2026-06-04T10:15:00,2026-06-04T10:16:12,2026-06-04T11:00:00,2026-06-04T11:00:13.001696,17.8,330.0,cab,completed
T000383,R022,D0065,V3,S2,2026-06-04T10:15:00,2026-06-04T10:20:06,2026-06-04T11:00:00,2026-06-04T11:00:27.285478,17.5,329.6,cab,completed
T000384,R022,D0049,V3,S2,2026-06-04T10:15:00,,2026-06-04T11:00:00,2026-06-04T11:09:58.714494,16.6,328.8,cab,completed
T000385,R022,D0058,V1,S2,2026-06-04T10:15:00,2026-06-04T10:16:54,2026-06-04T11:00:00,2026-06-04T11:00:00,17.8,345.0,cab,completed
T000386,R022,D0048,V5,S2,2026-06-04T10:15:00,2026-06-04T10:22:36,2026-06-04T11:00:00,2026-06-04T11:06:42.828985,16.2,315.4,cab,completed
T000387,R022,D0039,V3,S2,2026-06-04T10:15:00,2026-06-04T10:20:12,2026-06-04T11:00:00,2026-06-04T11:01:33.251462,17.8,335.0,cab,completed
T000388,R003,D0108,V5,S3,2026-06-04T21:15:00,2026-06-04T21:29:42,2026-06-04T22:00:00,2026-06-04T22:12:16.973062,22.9,149.0,shuttle,completed
T000389,R003,D0048,V5,S3,2026-06-04T21:15:00,2026-06-04T21:22:30,2026-06-04T22:00:00,2026-06-04T22:06:54.074086,23.1,143.3,shuttle,completed
T000390,R006,D0022,V5,S3,2026-06-04T21:15:00,2026-06-04T21:17:24,2026-06-04T22:00:00,2026-06-04T22:00:00,18.2,112.2,shuttle,completed
T000391,R008,D0017,V2,S3,2026-06-04T21:15:00,2026-06-04T21:15:42,2026-06-04T22:00:00,2026-06-04T22:00:00,9.6,132.2,nodal,completed
T000392,R008,D0032,V1,S3,2026-06-04T21:15:00,2026-06-04T21:22:30,2026-06-04T22:00:00,2026-06-04T22:03:46.535956,9.4,127.3,nodal,completed
T000393,R011,D0117,V1,S3,2026-06-04T21:15:00,2026-06-04T21:19:18,2026-06-04T22:00:00,2026-06-04T22:03:07.673710,7.8,129.2,nodal,completed
T000394,R011,D0086,V1,S3,2026-06-04T21:15:00,2026-06-04T21:36:06,2026-06-04T22:00:00,2026-06-04T22:18:36.888991,7.8,110.6,nodal,completed
T000395,R011,D0072,V2,S3,2026-06-04T21:15:00,2026-06-04T21:19:36,2026-06-04T22:00:00,2026-06-04T22:01:28.614233,7.9,128.3,nodal,completed
T000396,R013,D0052,V1,S3,2026-06-04T21:15:00,2026-06-04T21:34:06,2026-06-04T22:00:00,2026-06-04T22:15:37.086275,11.5,252.1,cab,completed
T000397,R013,D0082,V1,S3,2026-06-04T21:15:00,2026-06-04T21:24:24,2026-06-04T22:00:00,2026-06-04T22:08:43.645488,11.8,249.3,cab,completed
T000398,R013,D0031,V3,S3,2026-06-04T21:15:00,2026-06-04T21:24:12,2026-06-04T22:00:00,2026-06-04T22:08:46.551807,10.6,236.7,cab,completed
T000399,R013,D0048,V5,S3,2026-06-04T21:15:00,2026-06-04T21:18:06,2026-06-04T22:00:00,2026-06-04T22:00:00,11.9,257.3,cab,completed
T000400,R013,D0024,V1,S3,2026-06-04T21:15:00,2026-06-04T21:18:48,2026-06-04T22:00:00,2026-06-04T22:01:46.255151,11.2,255.3,cab,completed
T000401,R018,D0106,V2,S3,2026-06-04T21:15:00,2026-06-04T21:18:18,2026-06-04T22:00:00,2026-06-04T22:00:00,15.8,94.6,shuttle,completed
T000402,R018,D0104,V4,S3,2026-06-04T21:15:00,2026-06-04T21:23:18,2026-06-04T22:00:00,2026-06-04T22:03:44.923921,14.6,103.3,shuttle,completed
T000403,R020,D0033,V1,S3,2026-06-04T21:15:00,2026-06-04T21:18:06,2026-06-04T22:00:00,2026-06-04T22:00:00,10.6,140.5,nodal,completed
T000404,R020,D0045,V1,S3,2026-06-04T21:15:00,2026-06-04T21:16:30,2026-06-04T22:00:00,2026-06-04T22:00:09.660168,9.6,140.3,nodal,completed
T000405,R020,D0011,V2,S3,2026-06-04T21:15:00,2026-06-04T21:17:30,2026-06-04T22:00:00,2026-06-04T22:00:11.410415,10.0,148.9,nodal,completed
T000406,R022,D0016,V5,S3,2026-06-04T21:15:00,2026-06-04T21:20:06,2026-06-04T22:00:00,2026-06-04T22:02:46.295191,16.3,337.0,cab,completed
T000407,R022,D0085,V3,S3,2026-06-04T21:15:00,2026-06-04T21:24:36,2026-06-04T22:00:00,2026-06-04T22:08:01.477857,17.0,322.4,cab,completed
T000408,R022,D0056,V1,S3,2026-06-04T21:15:00,2026-06-04T21:17:06,2026-06-04T22:00:00,2026-06-04T22:01:00.965323,16.9,321.1,cab,completed
T000409,R022,D0031,V3,S3,2026-06-04T21:15:00,2026-06-04T21:15:18,2026-06-04T22:00:00,2026-06-04T22:00:00,17.0,329.1,cab,completed
T000410,R003,D0104,V4,S1,2026-06-05T08:15:00,2026-06-05T08:15:42,2026-06-05T09:00:00,2026-06-05T09:00:00,21.2,133.5,shuttle,completed
T000411,R003,D0073,V2,S1,2026-06-05T08:15:00,2026-06-05T08:15:48,2026-06-05T09:00:00,2026-06-05T09:00:00,22.9,145.6,shuttle,completed
T000412,R003,D0115,V4,S1,2026-06-05T08:15:00,2026-06-05T08:24:00,2026-06-05T09:00:00,2026-06-05T09:07:04.770348,21.6,129.6,shuttle,completed
T000413,R006,D0011,V2,S1,2026-06-05T08:15:00,2026-06-05T08:15:54,2026-06-05T09:00:00,2026-06-05T09:00:00,18.9,128.9,shuttle,completed
T000414,R006,D0034,V4,S1,2026-06-05T08:15:00,2026-06-05T08:22:42,2026-06-05T09:00:00,2026-06-05T09:04:43.106397,19.4,113.8,shuttle,completed
T000415,R006,D0087,V2,S1,2026-06-05T08:15:00,2026-06-05T08:16:00,2026-06-05T09:00:00,2026-06-05T09:00:10.985156,18.6,116.4,shuttle,completed
T000416,R008,D0110,V1,S1,2026-06-05T08:15:00,2026-06-05T08:20:24,2026-06-05T09:00:00,2026-06-05T09:04:04.527418,9.4,135.1,nodal,completed
T000417,R008,D0010,V1,S1,2026-06-05T08:15:00,2026-06-05T08:20:06,2026-06-05T09:00:00,2026-06-05T09:00:38.347032,8.9,120.8,nodal,completed
T000418,R008,D0086,V1,S1,2026-06-05T08:15:00,2026-06-05T08:21:36,2026-06-05T09:00:00,2026-06-05T09:06:10.795762,9.3,133.9,nodal,completed
T000419,R008,D0112,V1,S1,2026-06-05T08:15:00,,2026-06-05T09:00:00,,9.1,132.5,nodal,no_show
T000420,R008,D0086,V1,S1,2026-06-05T08:15:00,2026-06-05T08:17:12,2026-06-05T09:00:00,2026-06-05T09:00:00,8.6,130.3,nodal,completed
T000421,R008,D0033,V1,S1,2026-06-05T08:15:00,2026-06-05T08:16:24,2026-06-05T09:00:00,2026-06-05T09:00:00,9.4,141.6,nodal,completed
T000422,R011,D0113,V2,S1,2026-06-05T08:15:00,2026-06-05T08:19:48,2026-06-05T09:00:00,2026-06-05T09:03:09.670157,8.4,122.9,nodal,completed
T000423,R011,D0005,V1,S1,2026-06-05T08:15:00,2026-06-05T08:15:06,2026-06-05T09:00:00,2026-06-05T09:00:00,8.0,122.6,nodal,completed
T000424,R011,D0066,V2,S1,2026-06-05T08:15:00,2026-06-05T08:19:06,2026-06-05T09:00:00,2026-06-05T09:03:48.489252,8.4,125.7,nodal,completed
T000425,R011,D0107,V2,S1,2026-06-05T08:15:00,2026-06-05T08:20:18,2026-06-05T09:00:00,2026-06-05T09:01:44.197155,7.8,112.8,nodal,completed
T000426,R011,D0040,V1,S1,2026-06-05T08:15:00,2026-06-05T08:15:18,2026-06-05T09:00:00,2026-06-05T09:00:00,7.6,130.2,nodal,completed
T000427,R013,D0108,V5,S1,2026-06-05T08:15:00,2026-06-05T08:19:30,2026-06-05T09:00:00,2026-06-05T09:01:35.233671,11.6,243.0,cab,completed
T000428,R013,D0013,V5,S1,2026-06-05T08:15:00,2026-06-05T08:15:54,2026-06-05T09:00:00,2026-06-05T09:00:00,11.2,241.5,cab,completed
T000429,R013,D0065,V3,S1,2026-06-05T08:15:00,2026-06-05T08:15:06,2026-06-05T09:00:00,2026-06-05T09:00:00,11.1,250.3,cab,completed
T000430,R013,D0053,V1,S1,2026-06-05T08:15:00,2026-06-05T08:16:24,2026-06-05T09:00:00,2026-06-05T09:00:00,11.3,238.3,cab,completed
T000431,R013,D0024,V1,S1,2026-06-05T08:15:00,2026-06-05T08:15:24,2026-06-05T09:00:00,2026-06-05T09:00:00,10.9,244.2,cab,completed
T000432,R013,D0068,V1,S1,2026-06-05T08:15:00,2026-06-05T08:20:42,2026-06-05T09:00:00,2026-06-05T09:04:45.467863,10.5,242.2,cab,completed
T000433,R013,D0050,V5,S1,2026-06-05T08:15:00,2026-06-05T08:25:42,2026-06-05T09:00:00,2026-06-05T09:07:21.795629,10.8,241.9,cab,completed
T000434,R013,D0048,V5,S1,2026-06-05T08:15:00,2026-06-05T08:15:06,2026-06-05T09:00:00,2026-06-05T09:00:00,11.6,245.7,cab,completed
T000435,R013,D0035,V1,S1,2026-06-05T08:15:00,2026-06-05T08:36:00,2026-06-05T09:00:00,2026-06-05T09:20:00.348151,11.7,254.0,cab,completed
T000436,R013,D0112,V1,S1,2026-06-05T08:15:00,2026-06-05T08:34:18,2026-06-05T09:00:00,2026-06-05T09:18:32.463784,10.6,242.1,cab,completed
T000437,R013,D0009,V1,S1,2026-06-05T08:15:00,2026-06-05T08:23:24,2026-06-05T09:00:00,2026-06-05T09:05:18.747611,10.6,235.3,cab,completed
T000438,R018,D0029,V2,S1,2026-06-05T08:15:00,2026-06-05T08:19:30,2026-06-05T09:00:00,2026-06-05T09:04:12.405663,15.0,108.1,shuttle,completed
T000439,R018,D0041,V4,S1,2026-06-05T08:15:00,2026-06-05T08:33:24,2026-06-05T09:00:00,2026-06-05T09:16:16.858417,14.3,88.4,shuttle,completed
T000440,R018,D0071,V5,S1,2026-06-05T08:15:00,2026-06-05T08:17:48,2026-06-05T09:00:00,2026-06-05T09:00:00,14.6,99.2,shuttle,completed
T000441,R020,D0043,V1,S1,2026-06-05T08:15:00,2026-06-05T08:23:42,2026-06-05T09:00:00,2026-06-05T09:05:16.696152,10.2,143.7,nodal,completed
T000442,R020,D0068,V1,S1,2026-06-05T08:15:00,2026-06-05T08:23:12,2026-06-05T09:00:00,2026-06-05T09:03:33.577278,9.9,131.9,nodal,completed
T000443,R020,D0015,V1,S1,2026-06-05T08:15:00,2026-06-05T08:20:42,2026-06-05T09:00:00,2026-06-05T09:01:29.364371,9.6,138.3,nodal,completed
T000444,R020,D0094,V2,S1,2026-06-05T08:15:00,2026-06-05T08:15:06,2026-06-05T09:00:00,2026-06-05T09:00:00,10.3,137.3,nodal,completed
T000445,R020,D0081,V2,S1,2026-06-05T08:15:00,2026-06-05T08:18:12,2026-06-05T09:00:00,2026-06-05T09:00:00,10.4,141.6,nodal,completed
T000446,R020,D0043,V1,S1,2026-06-05T08:15:00,,2026-06-05T09:00:00,2026-06-05T09:00:00,10.3,138.2,nodal,completed
T000447,R022,D0046,V5,S1,2026-06-05T08:15:00,2026-06-05T08:23:54,2026-06-05T09:00:00,2026-06-05T09:05:27.393258,16.9,328.4,cab,completed
T000448,R022,D0069,V5,S1,2026-06-05T08:15:00,2026-06-05T08:19:36,2026-06-05T09:00:00,2026-06-05T09:00:09.253854,16.4,319.1,cab,completed
T000449,R022,D0016,V5,S1,2026-06-05T08:15:00,,2026-06-05T09:00:00,2026-06-05T09:03:11.997506,16.9,328.6,cab,completed
T000450,R022,D0100,V3,S1,2026-06-05T08:15:00,2026-06-05T08:16:06,2026-06-05T09:00:00,2026-06-05T09:00:00,17.8,340.3,cab,completed
T000451,R022,D0060,V3,S1,2026-06-05T08:15:00,2026-06-05T08:29:36,2026-06-05T09:00:00,2026-06-05T09:11:54.744613,17.1,338.5,cab,completed
T000452,R022,D0117,V1,S1,2026-06-05T08:15:00,2026-06-05T08:17:12,2026-06-05T09:00:00,2026-06-05T09:00:06.379808,16.3,316.1,cab,completed
T000453,R022,D0065,V3,S1,2026-06-05T08:15:00,2026-06-05T08:17:42,2026-06-05T09:00:00,2026-06-05T09:00:00,17.6,332.6,cab,completed
T000454,R022,D0083,V3,S1,2026-06-05T08:15:00,2026-06-05T08:16:12,2026-06-05T09:00:00,2026-06-05T09:00:00,18.3,336.3,cab,completed
T000455,R022,D0080,V1,S1,2026-06-05T08:15:00,2026-06-05T08:18:36,2026-06-05T09:00:00,2026-06-05T09:00:37.342682,17.1,350.1,cab,completed
T000456,R022,D0024,V1,S1,2026-06-05T08:15:00,2026-06-05T08:23:24,2026-06-05T09:00:00,2026-06-05T09:05:45.371434,17.8,338.8,cab,completed
T000457,R022,D0043,V1,S1,2026-06-05T08:15:00,2026-06-05T08:17:42,2026-06-05T09:00:00,2026-06-05T09:00:00,16.5,313.6,cab,completed
T000458,R003,D0113,V2,S2,2026-06-05T10:15:00,2026-06-05T10:15:06,2026-06-05T11:00:00,2026-06-05T11:00:00,22.7,129.2,shuttle,completed
T000459,R003,D0013,V5,S2,2026-06-05T10:15:00,2026-06-05T10:17:18,2026-06-05T11:00:00,2026-06-05T11:00:00,22.2,141.7,shuttle,completed
T000460,R006,D0002,V2,S2,2026-06-05T10:15:00,2026-06-05T10:19:06,2026-06-05T11:00:00,2026-06-05T11:00:01.135701,18.6,140.8,shuttle,completed
T000461,R006,D0048,V5,S2,2026-06-05T10:15:00,2026-06-05T10:20:54,2026-06-05T11:00:00,2026-06-05T11:01:44.382742,18.1,109.5,shuttle,completed
T000462,R008,D0107,V2,S2,2026-06-05T10:15:00,2026-06-05T10:18:06,2026-06-05T11:00:00,2026-06-05T11:00:08.591428,9.1,123.5,nodal,completed
T000463,R008,D0045,V1,S2,2026-06-05T10:15:00,,2026-06-05T11:00:00,,9.2,122.9,nodal,no_show
T000464,R008,D0056,V1,S2,2026-06-05T10:15:00,2026-06-05T10:19:24,2026-06-05T11:00:00,2026-06-05T11:02:54.960642,9.5,127.4,nodal,completed
T000465,R011,D0045,V1,S2,2026-06-05T10:15:00,2026-06-05T10:32:48,2026-06-05T11:00:00,2026-06-05T11:13:05.520746,8.6,147.8,nodal,completed
T000466,R011,D0112,V1,S2,2026-06-05T10:15:00,2026-06-05T10:15:54,2026-06-05T11:00:00,2026-06-05T11:00:00,8.5,125.3,nodal,completed
T000467,R011,D0078,V2,S2,2026-06-05T10:15:00,2026-06-05T10:16:00,2026-06-05T11:00:00,2026-06-05T11:00:00,7.8,123.1,nodal,completed
T000468,R011,D0056,V1,S2,2026-06-05T10:15:00,2026-06-05T10:16:54,2026-06-05T11:00:00,2026-06-05T11:00:53.344624,8.2,118.1,nodal,completed
T000469,R013,D0006,V5,S2,2026-06-05T10:15:00,2026-06-05T10:18:06,2026-06-05T11:00:00,2026-06-05T11:00:23.747354,11.5,243.1,cab,completed
T000470,R013,D0031,V3,S2,2026-06-05T10:15:00,2026-06-05T10:15:06,2026-06-05T11:00:00,2026-06-05T11:00:00,10.7,245.9,cab,completed
T000471,R013,D0013,V5,S2,2026-06-05T10:15:00,2026-06-05T10:45:12,2026-06-05T11:00:00,,11.7,257.1,cab,cancelled
T000472,R013,D0006,V5,S2,2026-06-05T10:15:00,2026-06-05T10:15:06,2026-06-05T11:00:00,2026-06-05T11:00:00,10.8,245.6,cab,completed
T000473,R013,D0053,V1,S2,2026-06-05T10:15:00,2026-06-05T10:45:06,2026-06-05T11:00:00,2026-06-05T11:27:07.511863,11.0,248.9,cab,completed
T000474,R013,D0014,V5,S2,2026-06-05T10:15:00,2026-06-05T10:18:12,2026-06-05T11:00:00,2026-06-05T11:03:11.098741,11.8,262.8,cab,completed
T000475,R013,D0048,V5,S2,2026-06-05T10:15:00,2026-06-05T10:30:42,2026-06-05T11:00:00,2026-06-05T11:11:17.849962,10.7,240.7,cab,completed
T000476,R013,D0004,V5,S2,2026-06-05T10:15:00,2026-06-05T10:25:30,2026-06-05T11:00:00,2026-06-05T11:08:30.664961,11.8,261.7,cab,completed
T000477,R018,D0026,V4,S2,2026-06-05T10:15:00,2026-06-05T10:18:48,2026-06-05T11:00:00,2026-06-05T11:03:27.076798,14.3,87.3,shuttle,completed
T000478,R018,D0018,V5,S2,2026-06-05T10:15:00,2026-06-05T10:17:36,2026-06-05T11:00:00,2026-06-05T11:02:09.681948,15.4,100.5,shuttle,completed
T000479,R020,D0058,V1,S2,2026-06-05T10:15:00,2026-06-05T10:21:06,2026-06-05T11:00:00,2026-06-05T11:05:24.569368,10.1,130.9,nodal,completed
T000480,R020,D0008,V1,S2,2026-06-05T10:15:00,,2026-06-05T11:00:00,2026-06-05T11:02:29.561946,10.0,142.0,nodal,completed
T000481,R020,D0117,V1,S2,2026-06-05T10:15:00,2026-06-05T10:16:18,2026-06-05T11:00:00,2026-06-05T11:00:00,10.0,147.7,nodal,completed
T000482,R020,D0010,V1,S2,2026-06-05T10:15:00,2026-06-05T10:24:54,2026-06-05T11:00:00,2026-06-05T11:06:03.628458,10.3,152.5,nodal,completed
T000483,R020,D0011,V2,S2,2026-06-05T10:15:00,2026-06-05T10:18:48,2026-06-05T11:00:00,2026-06-05T11:00:41.973377,9.7,128.9,nodal,completed
T000484,R022,D0086,V1,S2,2026-06-05T10:15:00,2026-06-05T10:15:42,2026-06-05T11:00:00,2026-06-05T11:00:00,18.0,333.7,cab,completed
T000485,R022,D0067,V3,S2,2026-06-05T10:15:00,2026-06-05T10:31:00,2026-06-05T11:00:00,2026-06-05T11:11:07.767505,17.0,319.2,cab,completed
T000486,R022,D0064,V3,S2,2026-06-05T10:15:00,,2026-06-05T11:00:00,,16.7,331.1,cab,no_show
T000487,R022,D0085,V3,S2,2026-06-05T10:15:00,2026-06-05T10:21:36,2026-06-05T11:00:00,2026-06-05T11:03:02.368096,18.3,350.6,cab,completed
T000488,R022,D0069,V5,S2,2026-06-05T10:15:00,2026-06-05T10:24:00,2026-06-05T11:00:00,2026-06-05T11:04:11.317461,16.6,318.0,cab,completed
T000489,R022,D0016,V5,S2,2026-06-05T10:15:00,2026-06-05T10:19:42,2026-06-05T11:00:00,2026-06-05T11:03:05.071049,17.4,331.5,cab,completed
T000490,R022,D0027,V3,S2,2026-06-05T10:15:00,2026-06-05T10:17:30,2026-06-05T11:00:00,2026-06-05T11:00:00,17.6,338.1,cab,completed
T000491,R022,D0077,V5,S2,2026-06-05T10:15:00,2026-06-05T10:17:30,2026-06-05T11:00:00,2026-06-05T11:01:22.198358,17.7,328.2,cab,completed
T000492,R003,D0006,V5,S3,2026-06-05T21:15:00,2026-06-05T21:15:54,2026-06-05T22:00:00,2026-06-05T22:00:00,21.9,127.6,shuttle,completed
T000493,R003,D0034,V4,S3,2026-06-05T21:15:00,2026-06-05T21:29:42,2026-06-05T22:00:00,2026-06-05T22:12:06.570758,23.5,133.0,shuttle,completed
T000494,R006,D0078,V2,S3,2026-06-05T21:15:00,2026-06-05T21:16:00,2026-06-05T22:00:00,2026-06-05T22:00:00,18.5,119.6,shuttle,completed
T000495,R008,D0112,V1,S3,2026-06-05T21:15:00,2026-06-05T21:27:48,2026-06-05T22:00:00,2026-06-05T22:08:00.493706,9.0,137.4,nodal,completed
T000496,R008,D0032,V1,S3,2026-06-05T21:15:00,2026-06-05T21:18:30,2026-06-05T22:00:00,2026-06-05T22:03:28.106127,8.8,130.4,nodal,completed
T000497,R011,D0020,V2,S3,2026-06-05T21:15:00,2026-06-05T21:18:42,2026-06-05T22:00:00,2026-06-05T22:00:22.000942,8.5,126.4,nodal,completed
T000498,R011,D0025,V2,S3,2026-06-05T21:15:00,2026-06-05T21:17:36,2026-06-05T22:00:00,2026-06-05T22:02:13.741994,8.5,121.1,nodal,completed
T000499,R011,D0086,V1,S3,2026-06-05T21:15:00,2026-06-05T21:16:54,2026-06-05T22:00:00,2026-06-05T22:00:00,8.3,120.9,nodal,completed
T000500,R013,D0039,V3,S3,2026-06-05T21:15:00,2026-06-05T21:16:24,2026-06-05T22:00:00,2026-06-05T22:01:12.709483,11.8,256.5,cab,completed
T000501,R013,D0039,V3,S3,2026-06-05T21:15:00,2026-06-05T21:19:30,2026-06-05T22:00:00,2026-06-05T22:04:15.136390,11.1,235.6,cab,completed
T000502,R013,D0099,V5,S3,2026-06-05T21:15:00,2026-06-05T21:30:24,2026-06-05T22:00:00,2026-06-05T22:11:11.851198,11.3,245.2,cab,completed
T000503,R013,D0014,V5,S3,2026-06-05T21:15:00,2026-06-05T21:22:48,2026-06-05T22:00:00,2026-06-05T22:05:49.343422,11.3,253.3,cab,completed
T000504,R013,D0099,V5,S3,2026-06-05T21:15:00,2026-06-05T21:33:12,2026-06-05T22:00:00,2026-06-05T22:17:20.598794,11.3,248.2,cab,completed
T000505,R018,D0025,V2,S3,2026-06-05T21:15:00,2026-06-05T21:18:24,2026-06-05T22:00:00,2026-06-05T22:00:00,15.9,111.8,shuttle,completed
T000506,R018,D0074,V4,S3,2026-06-05T21:15:00,2026-06-05T21:22:54,2026-06-05T22:00:00,2026-06-05T22:06:59.066521,15.5,92.9,shuttle,completed
T000507,R020,D0020,V2,S3,2026-06-05T21:15:00,2026-06-05T21:28:06,2026-06-05T22:00:00,2026-06-05T22:10:51.463295,10.6,153.8,nodal,completed
T000508,R020,D0110,V1,S3,2026-06-05T21:15:00,2026-06-05T21:28:42,2026-06-05T22:00:00,2026-06-05T22:09:11.728891,10.0,146.3,nodal,completed
T000509,R022,D0100,V3,S3,2026-06-05T21:15:00,2026-06-05T21:19:36,2026-06-05T22:00:00,2026-06-05T22:00:11.070653,17.9,332.6,cab,completed
T000510,R022,D0033,V1,S3,2026-06-05T21:15:00,2026-06-05T21:17:12,2026-06-05T22:00:00,2026-06-05T22:01:56.986068,17.3,332.9,cab,completed
T000511,R022,D0064,V3,S3,2026-06-05T21:15:00,2026-06-05T21:15:18,2026-06-05T22:00:00,2026-06-05T22:00:00,17.7,346.1,cab,completed
T000512,R003,D0070,V2,S1,2026-06-08T08:15:00,2026-06-08T08:15:18,2026-06-08T09:00:00,2026-06-08T09:00:00,23.2,134.2,shuttle,completed
T000513,R003,D0018,V5,S1,2026-06-08T08:15:00,2026-06-08T08:20:48,2026-06-08T09:00:00,2026-06-08T09:05:35.176380,21.9,129.7,shuttle,completed
T000514,R003,D0073,V2,S1,2026-06-08T08:15:00,2026-06-08T08:19:12,2026-06-08T09:00:00,2026-06-08T09:02:33.985014,21.1,126.7,shuttle,completed
T000515,R006,D0113,V2,S1,2026-06-08T08:15:00,2026-06-08T08:19:42,2026-06-08T09:00:00,2026-06-08T09:02:16.904345,18.3,113.2,shuttle,completed
T000516,R006,D0102,V4,S1,2026-06-08T08:15:00,2026-06-08T08:24:12,2026-06-08T09:00:00,2026-06-08T09:06:44.097500,18.2,121.1,shuttle,completed
T000517,R006,D0069,V5,S1,2026-06-08T08:15:00,2026-06-08T08:24:24,2026-06-08T09:00:00,2026-06-08T09:06:43.840026,19.6,120.1,shuttle,completed
T000518,R008,D0066,V2,S1,2026-06-08T08:15:00,2026-06-08T08:18:24,2026-06-08T09:00:00,2026-06-08T09:00:00,8.7,137.5,nodal,completed
T000519,R008,D0043,V1,S1,2026-06-08T08:15:00,2026-06-08T08:15:48,2026-06-08T09:00:00,2026-06-08T09:00:00,8.9,131.4,nodal,completed
T000520,R008,D0052,V1,S1,2026-06-08T08:15:00,2026-06-08T08:17:30,2026-06-08T09:00:00,2026-06-08T09:00:38.291630,8.6,122.8,nodal,completed
T000521,R008,D0009,V1,S1,2026-06-08T08:15:00,2026-06-08T08:15:12,2026-06-08T09:00:00,2026-06-08T09:00:00,9.2,140.2,nodal,completed
T000522,R008,D0094,V2,S1,2026-06-08T08:15:00,2026-06-08T08:15:36,2026-06-08T09:00:00,2026-06-08T09:00:00,8.8,127.9,nodal,completed
T000523,R008,D0111,V1,S1,2026-06-08T08:15:00,2026-06-08T08:22:42,2026-06-08T09:00:00,2026-06-08T09:03:48.260189,9.5,128.4,nodal,completed
T000524,R011,D0040,V1,S1,2026-06-08T08:15:00,2026-06-08T08:21:18,2026-06-08T09:00:00,2026-06-08T09:05:23.538217,7.9,117.6,nodal,completed
T000525,R011,D0020,V2,S1,2026-06-08T08:15:00,2026-06-08T08:24:00,2026-06-08T09:00:00,2026-06-08T09:06:02.253040,8.6,137.1,nodal,completed
T000526,R011,D0009,V1,S1,2026-06-08T08:15:00,2026-06-08T08:19:06,2026-06-08T09:00:00,2026-06-08T09:03:51.532736,8.0,131.6,nodal,completed
T000527,R011,D0087,V2,S1,2026-06-08T08:15:00,2026-06-08T08:21:00,2026-06-08T09:00:00,2026-06-08T09:02:14.675227,8.3,129.2,nodal,completed
T000528,R011,D0015,V1,S1,2026-06-08T08:15:00,2026-06-08T08:15:00,2026-06-08T09:00:00,2026-06-08T09:00:00,8.2,128.4,nodal,completed
T000529,R011,D0054,V2,S1,2026-06-08T08:15:00,2026-06-08T08:18:30,2026-06-08T09:00:00,2026-06-08T09:00:00,8.4,119.7,nodal,completed
T000530,R013,D0111,V1,S1,2026-06-08T08:15:00,2026-06-08T08:15:48,2026-06-08T09:00:00,2026-06-08T09:00:00,11.0,238.9,cab,completed
T000531,R013,D0028,V3,S1,2026-06-08T08:15:00,2026-06-08T08:15:30,2026-06-08T09:00:00,2026-06-08T09:00:00,11.1,240.3,cab,completed
T000532,R013,D0100,V3,S1,2026-06-08T08:15:00,2026-06-08T08:18:36,2026-06-08T09:00:00,2026-06-08T09:00:31.966704,11.6,260.6,cab,completed
T000533,R013,D0047,V3,S1,2026-06-08T08:15:00,2026-06-08T08:17:00,2026-06-08T09:00:00,2026-06-08T09:00:31.504420,11.0,239.1,cab,completed
T000534,R013,D0040,V1,S1,2026-06-08T08:15:00,2026-06-08T08:17:30,2026-06-08T09:00:00,2026-06-08T09:00:00,11.8,253.4,cab,completed
T000535,R013,D0033,V1,S1,2026-06-08T08:15:00,2026-06-08T08:28:30,2026-06-08T09:00:00,2026-06-08T09:10:19.871998,11.1,246.0,cab,completed
T000536,R013,D0103,V5,S1,2026-06-08T08:15:00,2026-06-08T08:20:12,2026-06-08T09:00:00,2026-06-08T09:02:03.991147,10.5,230.5,cab,completed
T000537,R013,D0038,V5,S1,2026-06-08T08:15:00,2026-06-08T08:20:30,2026-06-08T09:00:00,2026-06-08T09:01:20.652554,11.2,254.7,cab,completed
T000538,R013,D0117,V1,S1,2026-06-08T08:15:00,2026-06-08T08:15:18,2026-06-08T09:00:00,2026-06-08T09:00:00,10.8,245.6,cab,completed
T000539,R013,D0079,V3,S1,2026-06-08T08:15:00,2026-06-08T08:16:36,2026-06-08T09:00:00,2026-06-08T09:00:29.266591,11.0,249.2,cab,completed
T000540,R013,D0015,V1,S1,2026-06-08T08:15:00,2026-06-08T08:44:36,2026-06-08T09:00:00,2026-06-08T09:26:52.514669,10.9,248.4,cab,completed
T000541,R018,D0077,V5,S1,2026-06-08T08:15:00,2026-06-08T08:24:12,2026-06-08T09:00:00,2026-06-08T09:08:20.500447,14.6,104.3,shuttle,completed
T000542,R018,D0054,V2,S1,2026-06-08T08:15:00,2026-06-08T08:17:48,2026-06-08T09:00:00,2026-06-08T09:01:53.674885,14.8,90.6,shuttle,completed
T000543,R018,D0109,V4,S1,2026-06-08T08:15:00,2026-06-08T08:15:06,2026-06-08T09:00:00,2026-06-08T09:00:00,14.6,96.6,shuttle,completed
T000544,R020,D0058,V1,S1,2026-06-08T08:15:00,2026-06-08T08:19:00,2026-06-08T09:00:00,2026-06-08T09:00:00,10.4,144.7,nodal,completed
T000545,R020,D0051,V2,S1,2026-06-08T08:15:00,2026-06-08T08:21:18,2026-06-08T09:00:00,2026-06-08T09:03:23.398600,10.6,144.0,nodal,completed
T000546,R020,D0001,V2,S1,2026-06-08T08:15:00,2026-06-08T08:20:24,2026-06-08T09:00:00,2026-06-08T09:04:39.212456,9.7,137.9,nodal,completed
T000547,R020,D0035,V1,S1,2026-06-08T08:15:00,2026-06-08T08:16:06,2026-06-08T09:00:00,2026-06-08T09:00:39.843024,10.8,148.4,nodal,completed
T000548,R020,D0032,V1,S1,2026-06-08T08:15:00,2026-06-08T08:17:54,2026-06-08T09:00:00,2026-06-08T09:02:37.385581,9.5,127.2,nodal,completed
T000549,R020,D0078,V2,S1,2026-06-08T08:15:00,2026-06-08T08:19:30,2026-06-08T09:00:00,2026-06-08T09:00:55.400962,10.5,143.2,nodal,completed
T000550,R022,D0043,V1,S1,2026-06-08T08:15:00,2026-06-08T08:21:00,2026-06-08T09:00:00,2026-06-08T09:04:42.966627,16.2,314.8,cab,completed
T000551,R022,D0047,V3,S1,2026-06-08T08:15:00,2026-06-08T08:24:18,2026-06-08T09:00:00,2026-06-08T09:07:45.983100,17.4,329.4,cab,completed
T000552,R022,D0043,V1,S1,2026-06-08T08:15:00,2026-06-08T08:17:54,2026-06-08T09:00:00,2026-06-08T09:00:00,18.3,339.8,cab,completed
T000553,R022,D0098,V5,S1,2026-06-08T08:15:00,2026-06-08T08:18:00,2026-06-08T09:00:00,2026-06-08T09:00:52.834817,16.7,316.6,cab,completed
T000554,R022,D0008,V1,S1,2026-06-08T08:15:00,2026-06-08T08:21:18,2026-06-08T09:00:00,2026-06-08T09:05:51.160366,18.2,339.0,cab,completed
T000555,R022,D0117,V1,S1,2026-06-08T08:15:00,2026-06-08T08:20:18,2026-06-08T09:00:00,2026-06-08T09:01:33.235495,17.8,346.9,cab,completed
T000556,R022,D0077,V5,S1,2026-06-08T08:15:00,2026-06-08T08:28:54,2026-06-08T09:00:00,2026-06-08T09:09:47.557318,17.0,318.2,cab,completed
T000557,R022,D0079,V3,S1,2026-06-08T08:15:00,2026-06-08T08:22:48,2026-06-08T09:00:00,2026-06-08T09:04:04.596788,17.9,342.6,cab,completed
T000558,R022,D0103,V5,S1,2026-06-08T08:15:00,2026-06-08T08:24:00,2026-06-08T09:00:00,2026-06-08T09:04:36.265420,18.3,341.2,cab,completed
T000559,R022,D0120,V5,S1,2026-06-08T08:15:00,2026-06-08T08:34:06,2026-06-08T09:00:00,2026-06-08T09:16:21.287707,17.2,355.2,cab,completed
T000560,R003,D0099,V5,S2,2026-06-08T10:15:00,2026-06-08T10:19:54,2026-06-08T11:00:00,2026-06-08T11:00:34.289240,21.7,140.6,shuttle,completed
T000561,R003,D0109,V4,S2,2026-06-08T10:15:00,2026-06-08T10:21:18,2026-06-08T11:00:00,2026-06-08T11:05:50.785433,20.9,121.9,shuttle,completed
T000562,R006,D0074,V4,S2,2026-06-08T10:15:00,2026-06-08T10:23:24,2026-06-08T11:00:00,2026-06-08T11:03:30.389960,20.0,132.8,shuttle,completed
T000563,R006,D0097,V2,S2,2026-06-08T10:15:00,2026-06-08T10:18:54,2026-06-08T11:00:00,2026-06-08T11:01:09.453044,19.2,124.8,shuttle,completed
T000564,R008,D0053,V1,S2,2026-06-08T10:15:00,2026-06-08T10:34:00,2026-06-08T11:00:00,2026-06-08T11:14:50.960312,9.1,134.0,nodal,completed
T000565,R008,D0024,V1,S2,2026-06-08T10:15:00,2026-06-08T10:27:18,2026-06-08T11:00:00,2026-06-08T11:09:22.645758,8.8,137.2,nodal,completed
T000566,R008,D0008,V1,S2,2026-06-08T10:15:00,,2026-06-08T11:00:00,2026-06-08T11:11:11.981366,9.6,127.2,nodal,completed
T000567,R011,D0097,V2,S2,2026-06-08T10:15:00,2026-06-08T10:17:24,2026-06-08T11:00:00,2026-06-08T11:00:00,8.0,129.4,nodal,completed
T000568,R011,D0080,V1,S2,2026-06-08T10:15:00,,2026-06-08T11:00:00,2026-06-08T11:00:58.448834,8.0,115.8,nodal,completed
T000569,R011,D0032,V1,S2,2026-06-08T10:15:00,2026-06-08T10:19:30,2026-06-08T11:00:00,2026-06-08T11:00:13.405142,8.4,131.8,nodal,completed
T000570,R011,D0106,V2,S2,2026-06-08T10:15:00,2026-06-08T10:18:06,2026-06-08T11:00:00,2026-06-08T11:01:44.933149,8.2,122.7,nodal,completed
T000571,R013,D0031,V3,S2,2026-06-08T10:15:00,2026-06-08T10:15:18,2026-06-08T11:00:00,2026-06-08T11:00:00,10.6,240.0,cab,completed
T000572,R013,D0043,V1,S2,2026-06-08T10:15:00,2026-06-08T10:16:36,2026-06-08T11:00:00,2026-06-08T11:00:00,10.6,247.8,cab,completed
T000573,R013,D0027,V3,S2,2026-06-08T10:15:00,2026-06-08T10:29:48,2026-06-08T11:00:00,2026-06-08T11:12:38.573382,11.6,246.4,cab,completed
T000574,R013,D0046,V5,S2,2026-06-08T10:15:00,2026-06-08T10:20:24,2026-06-08T11:00:00,2026-06-08T11:00:35.989498,11.7,250.5,cab,completed
T000575,R013,D0036,V3,S2,2026-06-08T10:15:00,2026-06-08T10:17:48,2026-06-08T11:00:00,2026-06-08T11:00:46.640762,11.5,246.3,cab,completed
T000576,R013,D0018,V5,S2,2026-06-08T10:15:00,2026-06-08T10:15:42,2026-06-08T11:00:00,2026-06-08T11:00:00,10.5,229.1,cab,completed
T000577,R013,D0004,V5,S2,2026-06-08T10:15:00,2026-06-08T10:20:00,2026-06-08T11:00:00,2026-06-08T11:04:32.808098,11.6,247.3,cab,completed
T000578,R013,D0060,V3,S2,2026-06-08T10:15:00,2026-06-08T10:15:42,2026-06-08T11:00:00,2026-06-08T11:00:00,11.3,246.8,cab,completed
T000579,R018,D0094,V2,S2,2026-06-08T10:15:00,,2026-06-08T11:00:00,,16.0,110.7,shuttle,no_show
T000580,R018,D0118,V4,S2,2026-06-08T10:15:00,2026-06-08T10:18:00,2026-06-08T11:00:00,2026-06-08T11:01:32.304753,14.3,92.0,shuttle,completed
T000581,R020,D0097,V2,S2,2026-06-08T10:15:00,2026-06-08T10:15:24,2026-06-08T11:00:00,2026-06-08T11:00:00,10.2,149.9,nodal,completed
T000582,R020,D0045,V1,S2,2026-06-08T10:15:00,2026-06-08T10:18:00,2026-06-08T11:00:00,2026-06-08T11:00:13.964192,10.8,138.5,nodal,completed
T000583,R020,D0029,V2,S2,2026-06-08T10:15:00,2026-06-08T10:17:30,2026-06-08T11:00:00,2026-06-08T11:00:40.997723,10.1,152.6,nodal,completed
T000584,R020,D0066,V2,S2,2026-06-08T10:15:00,2026-06-08T10:19:36,2026-06-08T11:00:00,2026-06-08T11:00:09.644231,10.2,137.4,nodal,completed
T000585,R022,D0045,V1,S2,2026-06-08T10:15:00,2026-06-08T10:29:12,2026-06-08T11:00:00,2026-06-08T11:11:15.806319,16.6,326.3,cab,completed
T000586,R022,D0071,V5,S2,2026-06-08T10:15:00,2026-06-08T10:16:36,2026-06-08T11:00:00,,17.5,326.3,cab,cancelled
T000587,R022,D0047,V3,S2,2026-06-08T10:15:00,2026-06-08T10:16:48,2026-06-08T11:00:00,2026-06-08T11:00:00,17.9,343.8,cab,completed
T000588,R022,D0095,V3,S2,2026-06-08T10:15:00,2026-06-08T10:21:12,2026-06-08T11:00:00,2026-06-08T11:04:18.928450,17.6,340.0,cab,completed
T000589,R022,D0098,V5,S2,2026-06-08T10:15:00,2026-06-08T10:21:48,2026-06-08T11:00:00,2026-06-08T11:06:20.053914,18.2,350.3,cab,completed
T000590,R022,D0053,V1,S2,2026-06-08T10:15:00,2026-06-08T10:20:00,2026-06-08T11:00:00,2026-06-08T11:04:12.199791,16.5,329.9,cab,completed
T000591,R022,D0101,V5,S2,2026-06-08T10:15:00,2026-06-08T10:44:00,2026-06-08T11:00:00,2026-06-08T11:24:10.217754,16.6,325.3,cab,completed
T000592,R022,D0003,V1,S2,2026-06-08T10:15:00,2026-06-08T10:15:30,2026-06-08T11:00:00,2026-06-08T11:00:00,18.0,336.8,cab,completed
T000593,R003,D0114,V2,S3,2026-06-08T21:15:00,2026-06-08T21:15:42,2026-06-08T22:00:00,2026-06-08T22:00:00,21.0,127.1,shuttle,completed
T000594,R003,D0071,V5,S3,2026-06-08T21:15:00,2026-06-08T21:25:00,2026-06-08T22:00:00,2026-06-08T22:08:34.888857,22.0,131.2,shuttle,completed
T000595,R006,D0118,V4,S3,2026-06-08T21:15:00,2026-06-08T21:15:18,2026-06-08T22:00:00,2026-06-08T22:00:00,19.1,116.5,shuttle,completed
T000596,R008,D0005,V1,S3,2026-06-08T21:15:00,2026-06-08T21:15:48,2026-06-08T22:00:00,2026-06-08T22:00:00,9.5,126.1,nodal,completed
T000597,R008,D0086,V1,S3,2026-06-08T21:15:00,2026-06-08T21:16:12,2026-06-08T22:00:00,2026-06-08T22:00:00,9.2,140.4,nodal,completed
T000598,R011,D0035,V1,S3,2026-06-08T21:15:00,2026-06-08T21:29:24,2026-06-08T22:00:00,2026-06-08T22:10:08.464763,8.5,122.2,nodal,completed
T000599,R011,D0056,V1,S3,2026-06-08T21:15:00,,2026-06-08T22:00:00,,8.3,131.8,nodal,no_show
T000600,R011,D0043,V1,S3,2026-06-08T21:15:00,2026-06-08T21:15:42,2026-06-08T22:00:00,2026-06-08T22:00:00,8.4,131.8,nodal,completed
T000601,R013,D0045,V1,S3,2026-06-08T21:15:00,2026-06-08T21:16:00,2026-06-08T22:00:00,2026-06-08T22:00:00,11.3,255.5,cab,completed
T000602,R013,D0117,V1,S3,2026-06-08T21:15:00,2026-06-08T21:17:36,2026-06-08T22:00:00,2026-06-08T22:00:00,10.5,241.4,cab,completed
T000603,R013,D0120,V5,S3,2026-06-08T21:15:00,,2026-06-08T22:00:00,,11.7,245.4,cab,no_show
T000604,R013,D0015,V1,S3,2026-06-08T21:15:00,2026-06-08T21:23:24,2026-06-08T22:00:00,2026-06-08T22:05:06.558122,11.4,240.2,cab,completed
T000605,R013,D0105,V3,S3,2026-06-08T21:15:00,2026-06-08T21:23:36,2026-06-08T22:00:00,2026-06-08T22:07:12.445226,11.4,255.4,cab,completed
T000606,R013,D0048,V5,S3,2026-06-08T21:15:00,2026-06-08T21:22:06,2026-06-08T22:00:00,2026-06-08T22:03:27.241600,11.1,251.3,cab,completed
T000607,R018,D0001,V2,S3,2026-06-08T21:15:00,2026-06-08T21:27:06,2026-06-08T22:00:00,2026-06-08T22:09:03.506986,15.6,108.3,shuttle,completed
T000608,R018,D0059,V4,S3,2026-06-08T21:15:00,2026-06-08T21:31:48,2026-06-08T22:00:00,2026-06-08T22:14:13.861586,14.3,97.7,shuttle,completed
T000609,R020,D0025,V2,S3,2026-06-08T21:15:00,2026-06-08T21:23:42,2026-06-08T22:00:00,2026-06-08T22:05:17.731424,9.8,142.7,nodal,completed
T000610,R020,D0025,V2,S3,2026-06-08T21:15:00,2026-06-08T21:17:18,2026-06-08T22:00:00,2026-06-08T22:01:48.877854,10.4,153.4,nodal,completed
T000611,R020,D0081,V2,S3,2026-06-08T21:15:00,2026-06-08T21:18:30,2026-06-08T22:00:00,2026-06-08T22:02:25.557576,10.7,147.4,nodal,completed
T000612,R022,D0110,V1,S3,2026-06-08T21:15:00,2026-06-08T21:16:36,2026-06-08T22:00:00,2026-06-08T22:00:56.021574,18.1,354.2,cab,completed
T000613,R022,D0037,V3,S3,2026-06-08T21:15:00,2026-06-08T21:21:06,2026-06-08T22:00:00,2026-06-08T22:03:54.211183,17.5,339.2,cab,completed
T000614,R022,D0042,V5,S3,2026-06-08T21:15:00,2026-06-08T21:18:18,2026-06-08T22:00:00,2026-06-08T22:01:49.999476,16.8,328.4,cab,completed
T000615,R003,D0120,V5,S1,2026-06-09T08:15:00,2026-06-09T08:15:18,2026-06-09T09:00:00,2026-06-09T09:00:00,23.0,146.8,shuttle,completed
T000616,R003,D0014,V5,S1,2026-06-09T08:15:00,2026-06-09T08:19:54,2026-06-09T09:00:00,2026-06-09T09:03:15.136709,23.6,152.6,shuttle,completed
T000617,R003,D0108,V5,S1,2026-06-09T08:15:00,2026-06-09T08:20:30,2026-06-09T09:00:00,2026-06-09T09:03:05.076340,22.5,144.5,shuttle,completed
T000618,R006,D0073,V2,S1,2026-06-09T08:15:00,2026-06-09T08:15:18,2026-06-09T09:00:00,2026-06-09T09:00:00,18.2,119.9,shuttle,completed
T000619,R006,D0004,V5,S1,2026-06-09T08:15:00,2026-06-09T08:16:00,2026-06-09T09:00:00,2026-06-09T09:00:00,19.2,118.1,shuttle,completed
T000620,R006,D0002,V2,S1,2026-06-09T08:15:00,2026-06-09T08:20:12,2026-06-09T09:00:00,2026-06-09T09:04:03.792699,19.1,119.7,shuttle,completed
T000621,R008,D0086,V1,S1,2026-06-09T08:15:00,2026-06-09T08:33:00,2026-06-09T09:00:00,2026-06-09T09:14:02.681496,8.9,124.2,nodal,completed
T000622,R008,D0020,V2,S1,2026-06-09T08:15:00,2026-06-09T08:20:24,2026-06-09T09:00:00,2026-06-09T09:03:22.503889,9.1,132.9,nodal,completed
T000623,R008,D0010,V1,S1,2026-06-09T08:15:00,2026-06-09T08:18:48,2026-06-09T09:00:00,2026-06-09T09:00:00,9.2,135.7,nodal,completed
T000624,R008,D0045,V1,S1,2026-06-09T08:15:00,2026-06-09T08:19:36,2026-06-09T09:00:00,2026-06-09T09:01:50.016223,8.8,137.3,nodal,completed
T000625,R008,D0057,V2,S1,2026-06-09T08:15:00,2026-06-09T08:21:18,2026-06-09T09:00:00,2026-06-09T09:02:50.844899,9.1,126.6,nodal,completed
T000626,R011,D0080,V1,S1,2026-06-09T08:15:00,2026-06-09T08:16:00,2026-06-09T09:00:00,2026-06-09T09:00:00,8.0,126.1,nodal,completed
T000627,R011,D0063,V2,S1,2026-06-09T08:15:00,2026-06-09T08:22:06,2026-06-09T09:00:00,2026-06-09T09:06:12.994206,8.4,127.0,nodal,completed
T000628,R011,D0086,V1,S1,2026-06-09T08:15:00,2026-06-09T08:19:42,2026-06-09T09:00:00,2026-06-09T09:00:31.761245,8.6,122.0,nodal,completed
T000629,R011,D0052,V1,S1,2026-06-09T08:15:00,2026-06-09T08:25:42,2026-06-09T09:00:00,2026-06-09T09:05:53.477041,8.6,132.4,nodal,completed
T000630,R011,D0029,V2,S1,2026-06-09T08:15:00,2026-06-09T08:18:48,2026-06-09T09:00:00,2026-06-09T09:02:24.634547,8.6,120.1,nodal,completed
T000631,R011,D0040,V1,S1,2026-06-09T08:15:00,2026-06-09T08:18:00,2026-06-09T09:00:00,2026-06-09T09:02:15.084019,8.4,118.0,nodal,completed
T000632,R013,D0023,V3,S1,2026-06-09T08:15:00,2026-06-09T08:21:24,2026-06-09T09:00:00,2026-06-09T09:03:29.051135,11.1,248.4,cab,completed
T000633,R013,D0035,V1,S1,2026-06-09T08:15:00,2026-06-09T08:24:54,2026-06-09T09:00:00,2026-06-09T09:08:52.160872,10.6,229.7,cab,completed
T000634,R013,D0048,V5,S1,2026-06-09T08:15:00,2026-06-09T08:16:18,2026-06-09T09:00:00,2026-06-09T09:00:00,11.5,257.8,cab,completed
T000635,R013,D0111,V1,S1,2026-06-09T08:15:00,2026-06-09T08:24:48,2026-06-09T09:00:00,2026-06-09T09:06:05.086206,10.5,230.7,cab,completed
T000636,R013,D0015,V1,S1,2026-06-09T08:15:00,2026-06-09T08:16:42,2026-06-09T09:00:00,2026-06-09T09:00:15.508011,10.9,235.7,cab,completed
T000637,R013,D0024,V1,S1,2026-06-09T08:15:00,2026-06-09T08:27:42,2026-06-09T09:00:00,2026-06-09T09:08:27.358636,10.6,245.5,cab,completed
T000638,R013,D0008,V1,S1,2026-06-09T08:15:00,2026-06-09T08:17:24,2026-06-09T09:00:00,2026-06-09T09:01:49.838463,11.2,241.0,cab,completed
T000639,R013,D0060,V3,S1,2026-06-09T08:15:00,2026-06-09T08:16:06,2026-06-09T09:00:00,2026-06-09T09:00:00,10.9,235.1,cab,completed
T000640,R013,D0101,V5,S1,2026-06-09T08:15:00,2026-06-09T08:16:24,2026-06-09T09:00:00,2026-06-09T09:00:00,11.5,253.7,cab,completed
T000641,R013,D0040,V1,S1,2026-06-09T08:15:00,2026-06-09T08:16:18,2026-06-09T09:00:00,,11.9,254.7,cab,cancelled
T000642,R013,D0086,V1,S1,2026-06-09T08:15:00,2026-06-09T08:18:12,2026-06-09T09:00:00,2026-06-09T09:00:38.730897,11.0,240.0,cab,completed
T000643,R018,D0046,V5,S1,2026-06-09T08:15:00,2026-06-09T08:18:06,2026-06-09T09:00:00,2026-06-09T09:00:00,14.6,100.8,shuttle,completed
T000644,R018,D0038,V5,S1,2026-06-09T08:15:00,2026-06-09T08:15:48,2026-06-09T09:00:00,2026-06-09T09:00:00,14.5,89.6,shuttle,completed
T000645,R018,D0013,V5,S1,2026-06-09T08:15:00,2026-06-09T08:23:00,2026-06-09T09:00:00,2026-06-09T09:07:28.881153,14.8,102.1,shuttle,completed
T000646,R020,D0011,V2,S1,2026-06-09T08:15:00,2026-06-09T08:17:06,2026-06-09T09:00:00,2026-06-09T09:00:04.044014,9.9,132.4,nodal,completed
T000647,R020,D0066,V2,S1,2026-06-09T08:15:00,2026-06-09T08:19:48,2026-06-09T09:00:00,2026-06-09T09:02:50.871979,10.2,150.8,nodal,completed
T000648,R020,D0053,V1,S1,2026-06-09T08:15:00,2026-06-09T08:19:42,2026-06-09T09:00:00,2026-06-09T09:03:55.181308,10.5,141.7,nodal,completed
T000649,R020,D0003,V1,S1,2026-06-09T08:15:00,2026-06-09T08:19:06,2026-06-09T09:00:00,2026-06-09T09:04:04.970883,10.6,143.6,nodal,completed
T000650,R020,D0058,V1,S1,2026-06-09T08:15:00,2026-06-09T08:15:12,2026-06-09T09:00:00,,10.3,153.6,nodal,cancelled
T000651,R020,D0040,V1,S1,2026-06-09T08:15:00,2026-06-09T08:19:06,2026-06-09T09:00:00,2026-06-09T09:00:00,10.7,139.6,nodal,completed
T000652,R022,D0047,V3,S1,2026-06-09T08:15:00,2026-06-09T08:20:24,2026-06-09T09:00:00,2026-06-09T09:04:13.941533,17.0,335.9,cab,completed
T000653,R022,D0058,V1,S1,2026-06-09T08:15:00,2026-06-09T08:15:00,2026-06-09T09:00:00,2026-06-09T09:00:00,17.0,330.3,cab,completed
T000654,R022,D0046,V5,S1,2026-06-09T08:15:00,2026-06-09T08:20:48,2026-06-09T09:00:00,2026-06-09T09:02:25.406365,16.5,316.0,cab,completed
T000655,R022,D0089,V3,S1,2026-06-09T08:15:00,2026-06-09T08:20:18,2026-06-09T09:00:00,2026-06-09T09:04:45.596290,16.8,320.8,cab,completed
T000656,R022,D0048,V5,S1,2026-06-09T08:15:00,2026-06-09T08:15:18,2026-06-09T09:00:00,2026-06-09T09:00:00,16.6,316.8,cab,completed
T000657,R022,D0103,V5,S1,2026-06-09T08:15:00,2026-06-09T08:18:12,2026-06-09T09:00:00,2026-06-09T09:00:11.971731,16.4,315.5,cab,completed
T000658,R022,D0089,V3,S1,2026-06-09T08:15:00,2026-06-09T08:22:42,2026-06-09T09:00:00,2026-06-09T09:06:39.025182,18.0,339.9,cab,completed
T000659,R022,D0015,V1,S1,2026-06-09T08:15:00,2026-06-09T08:16:06,2026-06-09T09:00:00,2026-06-09T09:00:20.632873,17.6,327.4,cab,completed
T000660,R022,D0031,V3,S1,2026-06-09T08:15:00,2026-06-09T08:16:00,2026-06-09T09:00:00,2026-06-09T09:00:00,16.9,330.9,cab,completed
T000661,R022,D0032,V1,S1,2026-06-09T08:15:00,2026-06-09T08:15:42,2026-06-09T09:00:00,2026-06-09T09:00:41.858859,16.9,332.7,cab,completed
T000662,R022,D0055,V3,S1,2026-06-09T08:15:00,2026-06-09T08:15:54,2026-06-09T09:00:00,2026-06-09T09:00:00,17.9,333.0,cab,completed
T000663,R003,D0098,V5,S2,2026-06-09T10:15:00,2026-06-09T10:20:06,2026-06-09T11:00:00,2026-06-09T11:03:15.709717,22.3,128.2,shuttle,completed
T000664,R003,D0075,V4,S2,2026-06-09T10:15:00,2026-06-09T10:17:00,2026-06-09T11:00:00,2026-06-09T11:00:00,21.9,128.7,shuttle,completed
T000665,R006,D0092,V4,S2,2026-06-09T10:15:00,2026-06-09T10:21:24,2026-06-09T11:00:00,2026-06-09T11:02:03.397042,20.3,120.2,shuttle,completed
T000666,R006,D0025,V2,S2,2026-06-09T10:15:00,2026-06-09T10:15:36,2026-06-09T11:00:00,2026-06-09T11:00:00,18.4,108.1,shuttle,completed
T000667,R008,D0002,V2,S2,2026-06-09T10:15:00,2026-06-09T10:26:00,2026-06-09T11:00:00,2026-06-09T11:06:52.538950,9.6,127.9,nodal,completed
T000668,R008,D0030,V2,S2,2026-06-09T10:15:00,2026-06-09T10:15:30,2026-06-09T11:00:00,2026-06-09T11:00:00,8.6,122.2,nodal,completed
T000669,R008,D0063,V2,S2,2026-06-09T10:15:00,2026-06-09T10:15:24,2026-06-09T11:00:00,2026-06-09T11:00:00,9.5,134.5,nodal,completed
T000670,R011,D0066,V2,S2,2026-06-09T10:15:00,2026-06-09T10:28:54,2026-06-09T11:00:00,2026-06-09T11:11:45.672903,8.5,116.6,nodal,completed
T000671,R011,D0040,V1,S2,2026-06-09T10:15:00,,2026-06-09T11:00:00,2026-06-09T11:01:58.265421,8.6,125.9,nodal,completed
T000672,R011,D0009,V1,S2,2026-06-09T10:15:00,2026-06-09T10:15:48,2026-06-09T11:00:00,2026-06-09T11:00:00,7.7,111.9,nodal,completed
T000673,R011,D0072,V2,S2,2026-06-09T10:15:00,2026-06-09T10:16:30,2026-06-09T11:00:00,2026-06-09T11:01:01.819300,8.6,131.6,nodal,completed
T000674,R013,D0083,V3,S2,2026-06-09T10:15:00,2026-06-09T10:17:06,2026-06-09T11:00:00,2026-06-09T11:00:00,10.8,240.6,cab,completed
T000675,R013,D0035,V1,S2,2026-06-09T10:15:00,2026-06-09T10:26:24,2026-06-09T11:00:00,2026-06-09T11:08:32.863492,10.6,233.4,cab,completed
T000676,R013,D0016,V5,S2,2026-06-09T10:15:00,2026-06-09T10:17:18,2026-06-09T11:00:00,2026-06-09T11:00:00,11.0,249.6,cab,completed
T000677,R013,D0116,V5,S2,2026-06-09T10:15:00,2026-06-09T10:19:00,2026-06-09T11:00:00,2026-06-09T11:00:42.651308,11.0,235.0,cab,completed
T000678,R013,D0112,V1,S2,2026-06-09T10:15:00,2026-06-09T10:16:42,2026-06-09T11:00:00,2026-06-09T11:01:24.893984,11.5,260.8,cab,completed
T000679,R013,D0103,V5,S2,2026-06-09T10:15:00,2026-06-09T10:18:24,2026-06-09T11:00:00,2026-06-09T11:00:27.406715,11.1,252.7,cab,completed
T000680,R013,D0040,V1,S2,2026-06-09T10:15:00,2026-06-09T10:22:00,2026-06-09T11:00:00,2026-06-09T11:04:16.873459,11.5,253.5,cab,completed
T000681,R018,D0092,V4,S2,2026-06-09T10:15:00,2026-06-09T10:16:48,2026-06-09T11:00:00,2026-06-09T11:00:00,14.3,101.1,shuttle,completed
T000682,R018,D0063,V2,S2,2026-06-09T10:15:00,2026-06-09T10:25:12,2026-06-09T11:00:00,2026-06-09T11:05:15.146851,14.6,106.3,shuttle,completed
T000683,R020,D0112,V1,S2,2026-06-09T10:15:00,2026-06-09T10:24:12,2026-06-09T11:00:00,2026-06-09T11:04:48.843442,9.5,138.4,nodal,completed
T000684,R020,D0045,V1,S2,2026-06-09T10:15:00,2026-06-09T10:25:48,2026-06-09T11:00:00,2026-06-09T11:09:57.555543,10.5,144.5,nodal,completed
T000685,R020,D0086,V1,S2,2026-06-09T10:15:00,2026-06-09T10:16:48,2026-06-09T11:00:00,2026-06-09T11:00:00,10.7,155.5,nodal,completed
T000686,R020,D0057,V2,S2,2026-06-09T10:15:00,2026-06-09T10:16:30,2026-06-09T11:00:00,2026-06-09T11:00:00,10.4,151.1,nodal,completed
T000687,R022,D0052,V1,S2,2026-06-09T10:15:00,2026-06-09T10:23:30,2026-06-09T11:00:00,2026-06-09T11:07:48.687820,16.9,323.7,cab,completed
T000688,R022,D0116,V5,S2,2026-06-09T10:15:00,2026-06-09T10:18:06,2026-06-09T11:00:00,2026-06-09T11:00:00,16.6,322.2,cab,completed
T000689,R022,D0068,V1,S2,2026-06-09T10:15:00,2026-06-09T10:15:48,2026-06-09T11:00:00,2026-06-09T11:00:00,18.2,350.9,cab,completed
T000690,R022,D0082,V1,S2,2026-06-09T10:15:00,2026-06-09T10:19:36,2026-06-09T11:00:00,2026-06-09T11:00:28.860853,17.4,330.1,cab,completed
T000691,R022,D0036,V3,S2,2026-06-09T10:15:00,2026-06-09T10:18:06,2026-06-09T11:00:00,2026-06-09T11:00:43.828109,16.4,318.7,cab,completed
T000692,R022,D0018,V5,S2,2026-06-09T10:15:00,2026-06-09T10:15:30,2026-06-09T11:00:00,2026-06-09T11:00:00,16.4,339.7,cab,completed
T000693,R022,D0032,V1,S2,2026-06-09T10:15:00,2026-06-09T10:46:06,2026-06-09T11:00:00,2026-06-09T11:26:29.115853,18.2,343.5,cab,completed
T000694,R022,D0071,V5,S2,2026-06-09T10:15:00,2026-06-09T10:23:30,2026-06-09T11:00:00,2026-06-09T11:06:17.786038,16.4,313.1,cab,completed
T000695,R003,D0094,V2,S3,2026-06-09T21:15:00,2026-06-09T21:17:00,2026-06-09T22:00:00,2026-06-09T22:00:00,23.6,145.1,shuttle,completed
T000696,R003,D0007,V4,S3,2026-06-09T21:15:00,2026-06-09T21:23:12,2026-06-09T22:00:00,2026-06-09T22:05:59.378724,23.3,146.3,shuttle,completed
T000697,R006,D0011,V2,S3,2026-06-09T21:15:00,2026-06-09T21:19:36,2026-06-09T22:00:00,2026-06-09T22:00:09.400254,19.7,122.4,shuttle,completed
T000698,R008,D0053,V1,S3,2026-06-09T21:15:00,2026-06-09T21:17:48,2026-06-09T22:00:00,2026-06-09T22:02:46.074072,9.4,142.2,nodal,completed
T000699,R008,D0053,V1,S3,2026-06-09T21:15:00,2026-06-09T21:39:18,2026-06-09T22:00:00,2026-06-09T22:22:04.155831,8.7,133.4,nodal,completed
T000700,R011,D0025,V2,S3,2026-06-09T21:15:00,2026-06-09T21:16:12,2026-06-09T22:00:00,2026-06-09T22:00:00,8.1,129.7,nodal,completed
T000701,R011,D0111,V1,S3,2026-06-09T21:15:00,2026-06-09T21:20:12,2026-06-09T22:00:00,2026-06-09T22:00:59.118211,8.2,117.4,nodal,completed
T000702,R011,D0033,V1,S3,2026-06-09T21:15:00,2026-06-09T21:18:54,2026-06-09T22:00:00,2026-06-09T22:01:30.055728,7.6,119.1,nodal,completed
T000703,R013,D0071,V5,S3,2026-06-09T21:15:00,2026-06-09T21:32:00,2026-06-09T22:00:00,2026-06-09T22:16:28.993276,11.3,242.6,cab,completed
T000704,R013,D0079,V3,S3,2026-06-09T21:15:00,,2026-06-09T22:00:00,2026-06-09T22:00:00,10.5,242.3,cab,completed
T000705,R013,D0052,V1,S3,2026-06-09T21:15:00,2026-06-09T21:17:12,2026-06-09T22:00:00,2026-06-09T22:00:00,10.8,240.6,cab,completed
T000706,R013,D0079,V3,S3,2026-06-09T21:15:00,2026-06-09T21:26:00,2026-06-09T22:00:00,2026-06-09T22:07:07.042524,10.9,241.0,cab,completed
T000707,R013,D0040,V1,S3,2026-06-09T21:15:00,2026-06-09T21:16:54,2026-06-09T22:00:00,2026-06-09T22:00:00,10.6,244.6,cab,completed
T000708,R013,D0076,V3,S3,2026-06-09T21:15:00,2026-06-09T21:16:24,2026-06-09T22:00:00,2026-06-09T22:00:00,11.7,245.9,cab,completed
T000709,R018,D0013,V5,S3,2026-06-09T21:15:00,2026-06-09T21:15:18,2026-06-09T22:00:00,2026-06-09T22:00:00,16.1,104.9,shuttle,completed
T000710,R018,D0061,V4,S3,2026-06-09T21:15:00,2026-06-09T21:17:42,2026-06-09T22:00:00,2026-06-09T22:01:51.541233,15.3,108.6,shuttle,completed
T000711,R020,D0086,V1,S3,2026-06-09T21:15:00,2026-06-09T21:16:30,2026-06-09T22:00:00,2026-06-09T22:00:30.109799,10.3,136.3,nodal,completed
T000712,R020,D0011,V2,S3,2026-06-09T21:15:00,2026-06-09T21:16:06,2026-06-09T22:00:00,2026-06-09T22:00:00,10.2,146.9,nodal,completed
T000713,R022,D0080,V1,S3,2026-06-09T21:15:00,2026-06-09T21:17:00,2026-06-09T22:00:00,2026-06-09T22:00:00,17.8,340.4,cab,completed
T000714,R022,D0080,V1,S3,2026-06-09T21:15:00,2026-06-09T21:16:18,2026-06-09T22:00:00,2026-06-09T22:00:00,18.1,341.8,cab,completed
T000715,R022,D0049,V3,S3,2026-06-09T21:15:00,2026-06-09T21:16:00,2026-06-09T22:00:00,2026-06-09T22:00:19.087728,17.2,339.5,cab,completed
T000716,R022,D0042,V5,S3,2026-06-09T21:15:00,2026-06-09T21:16:18,2026-06-09T22:00:00,2026-06-09T22:00:00,16.4,323.6,cab,completed
T000717,R003,D0101,V5,S1,2026-06-10T08:15:00,2026-06-10T08:24:06,2026-06-10T09:00:00,2026-06-10T09:07:12.788248,23.7,145.7,shuttle,completed
T000718,R003,D0019,V4,S1,2026-06-10T08:15:00,2026-06-10T08:24:00,2026-06-10T09:00:00,2026-06-10T09:06:45.452039,21.3,130.4,shuttle,completed
T000719,R003,D0061,V4,S1,2026-06-10T08:15:00,2026-06-10T08:20:36,2026-06-10T09:00:00,2026-06-10T09:01:12.546716,23.7,149.2,shuttle,completed
T000720,R006,D0091,V4,S1,2026-06-10T08:15:00,2026-06-10T08:15:42,2026-06-10T09:00:00,2026-06-10T09:00:00,19.0,120.5,shuttle,completed
T000721,R006,D0030,V2,S1,2026-06-10T08:15:00,2026-06-10T08:20:24,2026-06-10T09:00:00,2026-06-10T09:03:07.437849,20.1,115.6,shuttle,completed
T000722,R006,D0057,V2,S1,2026-06-10T08:15:00,2026-06-10T08:16:42,2026-06-10T09:00:00,2026-06-10T09:00:38.988784,19.4,122.8,shuttle,completed
T000723,R008,D0051,V2,S1,2026-06-10T08:15:00,2026-06-10T08:28:36,2026-06-10T09:00:00,2026-06-10T09:13:00.096194,9.7,139.3,nodal,completed
T000724,R008,D0003,V1,S1,2026-06-10T08:15:00,2026-06-10T08:29:06,2026-06-10T09:00:00,2026-06-10T09:13:48.337971,9.5,139.5,nodal,completed
T000725,R008,D0017,V2,S1,2026-06-10T08:15:00,2026-06-10T08:19:00,2026-06-10T09:00:00,2026-06-10T09:03:50.856903,8.9,131.6,nodal,completed
T000726,R008,D0010,V1,S1,2026-06-10T08:15:00,2026-06-10T08:15:06,2026-06-10T09:00:00,2026-06-10T09:00:00,9.3,142.0,nodal,completed
T000727,R008,D0111,V1,S1,2026-06-10T08:15:00,2026-06-10T08:17:42,2026-06-10T09:00:00,2026-06-10T09:00:00,9.7,135.3,nodal,completed
T000728,R008,D0111,V1,S1,2026-06-10T08:15:00,2026-06-10T08:15:48,2026-06-10T09:00:00,2026-06-10T09:00:00,8.6,127.5,nodal,completed
T000729,R011,D0080,V1,S1,2026-06-10T08:15:00,2026-06-10T08:18:54,2026-06-10T09:00:00,2026-06-10T09:00:00,8.3,127.9,nodal,completed
T000730,R011,D0072,V2,S1,2026-06-10T08:15:00,2026-06-10T08:24:30,2026-06-10T09:00:00,2026-06-10T09:04:58.005625,8.1,125.1,nodal,completed
T000731,R011,D0087,V2,S1,2026-06-10T08:15:00,2026-06-10T08:15:00,2026-06-10T09:00:00,2026-06-10T09:00:00,8.3,124.5,nodal,completed
T000732,R011,D0054,V2,S1,2026-06-10T08:15:00,2026-06-10T08:17:12,2026-06-10T09:00:00,2026-06-10T09:01:04.794076,8.0,118.4,nodal,completed
T000733,R011,D0107,V2,S1,2026-06-10T08:15:00,2026-06-10T08:32:42,2026-06-10T09:00:00,2026-06-10T09:16:44.498622,8.4,122.1,nodal,completed
T000734,R013,D0064,V3,S1,2026-06-10T08:15:00,2026-06-10T08:17:48,2026-06-10T09:00:00,2026-06-10T09:02:47.241694,11.6,242.8,cab,completed
T000735,R013,D0055,V3,S1,2026-06-10T08:15:00,2026-06-10T08:16:48,2026-06-10T09:00:00,2026-06-10T09:01:19.206797,11.6,249.2,cab,completed
T000736,R013,D0101,V5,S1,2026-06-10T08:15:00,2026-06-10T08:18:24,2026-06-10T09:00:00,2026-06-10T09:01:01.239380,11.1,243.0,cab,completed
T000737,R013,D0088,V5,S1,2026-06-10T08:15:00,2026-06-10T08:18:00,2026-06-10T09:00:00,2026-06-10T09:00:00,11.7,259.8,cab,completed
T000738,R013,D0039,V3,S1,2026-06-10T08:15:00,2026-06-10T08:21:00,2026-06-10T09:00:00,2026-06-10T09:04:12.017397,10.6,244.4,cab,completed
T000739,R013,D0042,V5,S1,2026-06-10T08:15:00,2026-06-10T08:20:00,2026-06-10T09:00:00,2026-06-10T09:01:31.729683,10.7,248.7,cab,completed
T000740,R013,D0095,V3,S1,2026-06-10T08:15:00,2026-06-10T08:27:06,2026-06-10T09:00:00,2026-06-10T09:10:13.772232,11.4,242.6,cab,completed
T000741,R013,D0076,V3,S1,2026-06-10T08:15:00,2026-06-10T08:20:18,2026-06-10T09:00:00,2026-06-10T09:01:33.948792,11.1,254.0,cab,completed
T000742,R013,D0037,V3,S1,2026-06-10T08:15:00,,2026-06-10T09:00:00,2026-06-10T09:00:00,11.4,258.8,cab,completed
T000743,R013,D0033,V1,S1,2026-06-10T08:15:00,2026-06-10T08:24:54,2026-06-10T09:00:00,2026-06-10T09:06:15.140006,11.3,252.6,cab,completed
T000744,R018,D0007,V4,S1,2026-06-10T08:15:00,,2026-06-10T09:00:00,,14.9,108.5,shuttle,no_show
T000745,R018,D0113,V2,S1,2026-06-10T08:15:00,2026-06-10T08:24:42,2026-06-10T09:00:00,2026-06-10T09:08:02.055991,14.8,108.5,shuttle,completed
T000746,R018,D0042,V5,S1,2026-06-10T08:15:00,2026-06-10T08:21:42,2026-06-10T09:00:00,2026-06-10T09:02:23.413398,14.8,102.4,shuttle,completed
T000747,R020,D0117,V1,S1,2026-06-10T08:15:00,2026-06-10T08:35:42,2026-06-10T09:00:00,2026-06-10T09:15:43.903592,10.5,151.1,nodal,completed
T000748,R020,D0002,V2,S1,2026-06-10T08:15:00,2026-06-10T08:27:24,2026-06-10T09:00:00,2026-06-10T09:07:51.796148,9.7,138.2,nodal,completed
T000749,R020,D0002,V2,S1,2026-06-10T08:15:00,,2026-06-10T09:00:00,2026-06-10T09:00:00,9.7,145.5,nodal,completed
T000750,R020,D0070,V2,S1,2026-06-10T08:15:00,2026-06-10T08:15:06,2026-06-10T09:00:00,2026-06-10T09:00:00,9.6,134.2,nodal,completed
T000751,R020,D0054,V2,S1,2026-06-10T08:15:00,,2026-06-10T09:00:00,,10.7,141.6,nodal,no_show
T000752,R020,D0001,V2,S1,2026-06-10T08:15:00,2026-06-10T08:16:06,2026-06-10T09:00:00,2026-06-10T09:00:00,9.7,128.3,nodal,completed
T000753,R022,D0040,V1,S1,2026-06-10T08:15:00,2026-06-10T08:17:54,2026-06-10T09:00:00,2026-06-10T09:00:42.706192,16.9,319.4,cab,completed
T000754,R022,D0088,V5,S1,2026-06-10T08:15:00,2026-06-10T08:28:24,2026-06-10T09:00:00,2026-06-10T09:09:30.038286,16.4,328.8,cab,completed
T000755,R022,D0040,V1,S1,2026-06-10T08:15:00,2026-06-10T08:15:06,2026-06-10T09:00:00,2026-06-10T09:00:00,17.8,335.3,cab,completed
T000756,R022,D0069,V5,S1,2026-06-10T08:15:00,2026-06-10T08:21:36,2026-06-10T09:00:00,2026-06-10T09:06:27.776093,16.7,325.6,cab,completed
T000757,R022,D0065,V3,S1,2026-06-10T08:15:00,2026-06-10T08:15:54,2026-06-10T09:00:00,2026-06-10T09:00:00,17.9,343.8,cab,completed
T000758,R022,D0037,V3,S1,2026-06-10T08:15:00,2026-06-10T08:17:48,2026-06-10T09:00:00,2026-06-10T09:00:00,17.9,334.1,cab,completed
T000759,R022,D0023,V3,S1,2026-06-10T08:15:00,2026-06-10T08:18:06,2026-06-10T09:00:00,2026-06-10T09:03:00.184159,16.2,317.3,cab,completed
T000760,R022,D0049,V3,S1,2026-06-10T08:15:00,2026-06-10T08:15:12,2026-06-10T09:00:00,2026-06-10T09:00:00,17.3,324.9,cab,completed
T000761,R022,D0100,V3,S1,2026-06-10T08:15:00,2026-06-10T08:18:42,2026-06-10T09:00:00,2026-06-10T09:00:17.836219,16.8,331.7,cab,completed
T000762,R022,D0036,V3,S1,2026-06-10T08:15:00,2026-06-10T08:24:24,2026-06-10T09:00:00,2026-06-10T09:04:53.373941,16.6,323.1,cab,completed
T000763,R022,D0120,V5,S1,2026-06-10T08:15:00,2026-06-10T08:26:06,2026-06-10T09:00:00,2026-06-10T09:10:36.083095,16.2,314.1,cab,completed
T000764,R022,D0036,V3,S1,2026-06-10T08:15:00,2026-06-10T08:16:06,2026-06-10T09:00:00,2026-06-10T09:00:00,18.3,360.2,cab,completed
T000765,R003,D0106,V2,S2,2026-06-10T10:15:00,2026-06-10T10:17:36,2026-06-10T11:00:00,2026-06-10T11:00:00,23.2,140.6,shuttle,completed
T000766,R003,D0004,V5,S2,2026-06-10T10:15:00,2026-06-10T10:18:48,2026-06-10T11:00:00,2026-06-10T11:00:35.787776,22.2,143.3,shuttle,completed
T000767,R006,D0071,V5,S2,2026-06-10T10:15:00,2026-06-10T10:21:06,2026-06-10T11:00:00,2026-06-10T11:02:40.682433,19.2,120.5,shuttle,completed
T000768,R006,D0006,V5,S2,2026-06-10T10:15:00,2026-06-10T10:17:48,2026-06-10T11:00:00,2026-06-10T11:00:00,19.6,115.5,shuttle,completed
T000769,R008,D0056,V1,S2,2026-06-10T10:15:00,2026-06-10T10:19:18,2026-06-10T11:00:00,2026-06-10T11:00:45.389467,9.0,131.7,nodal,completed
T000770,R008,D0114,V2,S2,2026-06-10T10:15:00,2026-06-10T10:18:12,2026-06-10T11:00:00,2026-06-10T11:02:45.719584,9.1,138.2,nodal,completed
T000771,R008,D0012,V2,S2,2026-06-10T10:15:00,2026-06-10T10:43:54,2026-06-10T11:00:00,2026-06-10T11:27:14.045530,9.4,131.8,nodal,completed
T000772,R011,D0011,V2,S2,2026-06-10T10:15:00,2026-06-10T10:15:42,2026-06-10T11:00:00,2026-06-10T11:00:00,8.6,151.0,nodal,completed
T000773,R011,D0003,V1,S2,2026-06-10T10:15:00,,2026-06-10T11:00:00,,7.7,122.7,nodal,no_show
T000774,R011,D0073,V2,S2,2026-06-10T10:15:00,2026-06-10T10:21:42,2026-06-10T11:00:00,2026-06-10T11:02:53.929484,8.6,124.8,nodal,completed
T000775,R011,D0106,V2,S2,2026-06-10T10:15:00,2026-06-10T10:18:30,2026-06-10T11:00:00,2026-06-10T11:01:02.572963,8.0,134.1,nodal,completed
T000776,R013,D0006,V5,S2,2026-06-10T10:15:00,2026-06-10T10:15:30,2026-06-10T11:00:00,2026-06-10T11:00:21.750888,10.9,238.9,cab,completed
T000777,R013,D0049,V3,S2,2026-06-10T10:15:00,2026-06-10T10:17:00,2026-06-10T11:00:00,2026-06-10T11:00:00,11.2,246.7,cab,completed
T000778,R013,D0015,V1,S2,2026-06-10T10:15:00,2026-06-10T10:17:24,2026-06-10T11:00:00,2026-06-10T11:01:45.781574,10.8,265.3,cab,completed
T000779,R013,D0117,V1,S2,2026-06-10T10:15:00,2026-06-10T10:19:18,2026-06-10T11:00:00,2026-06-10T11:00:00,10.5,228.4,cab,completed
T000780,R013,D0006,V5,S2,2026-06-10T10:15:00,2026-06-10T10:16:30,2026-06-10T11:00:00,2026-06-10T11:00:00,10.7,231.5,cab,completed
T000781,R013,D0099,V5,S2,2026-06-10T10:15:00,2026-06-10T10:19:48,2026-06-10T11:00:00,2026-06-10T11:00:37.082357,10.6,245.8,cab,completed
T000782,R013,D0095,V3,S2,2026-06-10T10:15:00,2026-06-10T10:21:12,2026-06-10T11:00:00,2026-06-10T11:03:15.851873,10.8,233.6,cab,completed
T000783,R013,D0014,V5,S2,2026-06-10T10:15:00,2026-06-10T10:16:06,2026-06-10T11:00:00,2026-06-10T11:00:00,11.6,254.7,cab,completed
T000784,R018,D0001,V2,S2,2026-06-10T10:15:00,2026-06-10T10:15:48,2026-06-10T11:00:00,2026-06-10T11:00:00,15.8,109.3,shuttle,completed
T000785,R018,D0084,V4,S2,2026-06-10T10:15:00,2026-06-10T10:20:36,2026-06-10T11:00:00,2026-06-10T11:04:25.877159,15.5,93.4,shuttle,completed
T000786,R020,D0054,V2,S2,2026-06-10T10:15:00,2026-06-10T10:22:48,2026-06-10T11:00:00,2026-06-10T11:03:33.237537,9.9,133.7,nodal,completed
T000787,R020,D0117,V1,S2,2026-06-10T10:15:00,2026-06-10T10:26:42,2026-06-10T11:00:00,2026-06-10T11:11:25.379631,10.5,146.2,nodal,completed
T000788,R020,D0033,V1,S2,2026-06-10T10:15:00,2026-06-10T10:28:24,2026-06-10T11:00:00,2026-06-10T11:10:52.029968,9.7,145.7,nodal,completed
T000789,R020,D0087,V2,S2,2026-06-10T10:15:00,2026-06-10T10:16:48,2026-06-10T11:00:00,2026-06-10T11:00:00,10.1,138.2,nodal,completed
T000790,R022,D0022,V5,S2,2026-06-10T10:15:00,2026-06-10T10:22:06,2026-06-10T11:00:00,2026-06-10T11:04:26.743261,18.3,352.8,cab,completed
T000791,R022,D0100,V3,S2,2026-06-10T10:15:00,,2026-06-10T11:00:00,,18.2,339.7,cab,no_show
T000792,R022,D0099,V5,S2,2026-06-10T10:15:00,2026-06-10T10:21:00,2026-06-10T11:00:00,2026-06-10T11:05:19.136191,17.1,334.4,cab,completed
T000793,R022,D0111,V1,S2,2026-06-10T10:15:00,2026-06-10T10:19:18,2026-06-10T11:00:00,2026-06-10T11:01:09.662587,17.1,323.2,cab,completed
T000794,R022,D0101,V5,S2,2026-06-10T10:15:00,2026-06-10T10:19:36,2026-06-10T11:00:00,2026-06-10T11:00:55.748202,18.3,339.0,cab,completed
T000795,R022,D0048,V5,S2,2026-06-10T10:15:00,2026-06-10T10:39:24,2026-06-10T11:00:00,2026-06-10T11:20:10.302116,16.6,316.1,cab,completed
T000796,R022,D0099,V5,S2,2026-06-10T10:15:00,2026-06-10T10:17:54,2026-06-10T11:00:00,2026-06-10T11:00:43.498121,18.3,338.5,cab,completed
T000797,R003,D0077,V5,S3,2026-06-10T21:15:00,2026-06-10T21:15:30,2026-06-10T22:00:00,2026-06-10T22:00:00,21.5,139.1,shuttle,completed
T000798,R003,D0016,V5,S3,2026-06-10T21:15:00,2026-06-10T21:17:18,2026-06-10T22:00:00,2026-06-10T22:00:00,21.6,135.7,shuttle,completed
T000799,R006,D0073,V2,S3,2026-06-10T21:15:00,2026-06-10T21:23:48,2026-06-10T22:00:00,2026-06-10T22:08:13.552965,19.4,117.1,shuttle,completed
T000800,R008,D0056,V1,S3,2026-06-10T21:15:00,,2026-06-10T22:00:00,2026-06-10T22:04:03.834963,9.7,143.9,nodal,completed
T000801,R008,D0057,V2,S3,2026-06-10T21:15:00,2026-06-10T21:23:36,2026-06-10T22:00:00,2026-06-10T22:07:48.060832,8.7,131.5,nodal,completed
T000802,R011,D0096,V2,S3,2026-06-10T21:15:00,2026-06-10T21:42:48,2026-06-10T22:00:00,2026-06-10T22:26:09.456966,7.9,125.7,nodal,completed
T000803,R011,D0003,V1,S3,2026-06-10T21:15:00,2026-06-10T21:29:42,2026-06-10T22:00:00,2026-06-10T22:11:09.407641,8.1,132.3,nodal,completed
T000804,R011,D0094,V2,S3,2026-06-10T21:15:00,2026-06-10T21:15:30,2026-06-10T22:00:00,2026-06-10T22:00:00,7.7,113.4,nodal,completed
T000805,R013,D0042,V5,S3,2026-06-10T21:15:00,2026-06-10T21:15:54,2026-06-10T22:00:00,2026-06-10T22:00:00,11.1,249.3,cab,completed
T000806,R013,D0046,V5,S3,2026-06-10T21:15:00,2026-06-10T21:15:24,2026-06-10T22:00:00,2026-06-10T22:00:00,11.4,252.5,cab,completed
T000807,R013,D0055,V3,S3,2026-06-10T21:15:00,2026-06-10T21:15:06,2026-06-10T22:00:00,2026-06-10T22:00:00,11.1,242.5,cab,completed
T000808,R013,D0108,V5,S3,2026-06-10T21:15:00,2026-06-10T21:21:06,2026-06-10T22:00:00,2026-06-10T22:02:32.808466,10.5,243.2,cab,completed
T000809,R013,D0100,V3,S3,2026-06-10T21:15:00,2026-06-10T21:17:36,2026-06-10T22:00:00,2026-06-10T22:00:00,11.0,244.5,cab,completed
T000810,R018,D0051,V2,S3,2026-06-10T21:15:00,2026-06-10T21:38:12,2026-06-10T22:00:00,2026-06-10T22:20:05.079318,15.4,93.1,shuttle,completed
T000811,R018,D0016,V5,S3,2026-06-10T21:15:00,2026-06-10T21:40:54,2026-06-10T22:00:00,2026-06-10T22:23:30.717274,15.8,110.9,shuttle,completed
T000812,R020,D0045,V1,S3,2026-06-10T21:15:00,2026-06-10T21:25:18,2026-06-10T22:00:00,2026-06-10T22:07:28.330460,10.8,153.9,nodal,completed
T000813,R020,D0001,V2,S3,2026-06-10T21:15:00,2026-06-10T21:20:48,2026-06-10T22:00:00,2026-06-10T22:01:12.693921,9.9,146.3,nodal,completed
T000814,R020,D0112,V1,S3,2026-06-10T21:15:00,,2026-06-10T22:00:00,2026-06-10T22:00:25.119379,10.0,143.0,nodal,completed
T000815,R022,D0105,V3,S3,2026-06-10T21:15:00,2026-06-10T21:17:54,2026-06-10T22:00:00,2026-06-10T22:00:48.274129,16.9,331.4,cab,completed
T000816,R022,D0036,V3,S3,2026-06-10T21:15:00,2026-06-10T21:16:24,2026-06-10T22:00:00,2026-06-10T22:00:00,18.0,338.9,cab,completed
T000817,R022,D0065,V3,S3,2026-06-10T21:15:00,2026-06-10T21:20:12,2026-06-10T22:00:00,2026-06-10T22:03:36.575880,17.9,331.7,cab,completed
T000818,R022,D0058,V1,S3,2026-06-10T21:15:00,2026-06-10T21:36:18,2026-06-10T22:00:00,2026-06-10T22:17:19.005326,17.0,332.4,cab,completed
T000819,R003,D0094,V2,S1,2026-06-11T08:15:00,2026-06-11T08:17:06,2026-06-11T09:00:00,2026-06-11T09:01:14.355416,22.2,144.1,shuttle,completed
T000820,R003,D0114,V2,S1,2026-06-11T08:15:00,2026-06-11T08:16:48,2026-06-11T09:00:00,2026-06-11T09:00:00,23.0,144.8,shuttle,completed
T000821,R003,D0041,V4,S1,2026-06-11T08:15:00,2026-06-11T08:16:42,2026-06-11T09:00:00,2026-06-11T09:00:17.027561,21.9,129.6,shuttle,completed
T000822,R006,D0061,V4,S1,2026-06-11T08:15:00,2026-06-11T08:16:12,2026-06-11T09:00:00,2026-06-11T09:00:00,19.2,116.9,shuttle,completed
T000823,R006,D0118,V4,S1,2026-06-11T08:15:00,2026-06-11T08:19:18,2026-06-11T09:00:00,2026-06-11T09:03:05.279660,19.7,121.6,shuttle,completed
T000824,R006,D0108,V5,S1,2026-06-11T08:15:00,2026-06-11T08:39:54,2026-06-11T09:00:00,2026-06-11T09:24:05.414680,20.2,123.0,shuttle,completed
T000825,R008,D0052,V1,S1,2026-06-11T08:15:00,2026-06-11T08:17:24,2026-06-11T09:00:00,2026-06-11T09:01:29.400988,9.5,130.8,nodal,completed
T000826,R008,D0033,V1,S1,2026-06-11T08:15:00,2026-06-11T08:15:30,2026-06-11T09:00:00,2026-06-11T09:00:00,9.0,132.7,nodal,completed
T000827,R008,D0080,V1,S1,2026-06-11T08:15:00,2026-06-11T08:22:42,2026-06-11T09:00:00,2026-06-11T09:03:43.270862,9.7,140.3,nodal,completed
T000828,R008,D0087,V2,S1,2026-06-11T08:15:00,2026-06-11T08:17:12,2026-06-11T09:00:00,2026-06-11T09:02:08.952239,8.9,133.5,nodal,completed
T000829,R008,D0020,V2,S1,2026-06-11T08:15:00,2026-06-11T08:17:48,2026-06-11T09:00:00,2026-06-11T09:01:36.254423,9.6,138.1,nodal,completed
T000830,R008,D0068,V1,S1,2026-06-11T08:15:00,2026-06-11T08:23:12,2026-06-11T09:00:00,2026-06-11T09:07:04.846306,9.2,123.9,nodal,completed
T000831,R011,D0112,V1,S1,2026-06-11T08:15:00,2026-06-11T08:21:42,2026-06-11T09:00:00,2026-06-11T09:04:53.287175,7.8,128.9,nodal,completed
T000832,R011,D0068,V1,S1,2026-06-11T08:15:00,2026-06-11T08:16:12,2026-06-11T09:00:00,2026-06-11T09:00:00,8.5,119.8,nodal,completed
T000833,R011,D0033,V1,S1,2026-06-11T08:15:00,2026-06-11T08:19:30,2026-06-11T09:00:00,2026-06-11T09:00:29.686602,8.1,116.9,nodal,completed
T000834,R011,D0032,V1,S1,2026-06-11T08:15:00,2026-06-11T08:20:00,2026-06-11T09:00:00,2026-06-11T09:04:48.169956,8.5,127.7,nodal,completed
T000835,R011,D0009,V1,S1,2026-06-11T08:15:00,2026-06-11T08:20:54,2026-06-11T09:00:00,2026-06-11T09:03:41.319401,8.4,133.2,nodal,completed
T000836,R013,D0117,V1,S1,2026-06-11T08:15:00,2026-06-11T08:17:42,2026-06-11T09:00:00,2026-06-11T09:00:40.133757,11.6,248.3,cab,completed
T000837,R013,D0083,V3,S1,2026-06-11T08:15:00,2026-06-11T08:25:18,2026-06-11T09:00:00,2026-06-11T09:06:06.459808,11.0,252.9,cab,completed
T000838,R013,D0035,V1,S1,2026-06-11T08:15:00,2026-06-11T08:21:36,2026-06-11T09:00:00,2026-06-11T09:04:00.185928,11.5,249.6,cab,completed
T000839,R013,D0033,V1,S1,2026-06-11T08:15:00,2026-06-11T08:28:36,2026-06-11T09:00:00,2026-06-11T09:10:07.542910,11.1,245.8,cab,completed
T000840,R013,D0060,V3,S1,2026-06-11T08:15:00,2026-06-11T08:16:18,2026-06-11T09:00:00,2026-06-11T09:00:00,11.1,243.4,cab,completed
T000841,R013,D0022,V5,S1,2026-06-11T08:15:00,2026-06-11T08:19:36,2026-06-11T09:00:00,2026-06-11T09:01:05.085736,10.6,239.2,cab,completed
T000842,R013,D0060,V3,S1,2026-06-11T08:15:00,2026-06-11T08:20:54,2026-06-11T09:00:00,2026-06-11T09:02:21.216821,11.8,263.4,cab,completed
T000843,R013,D0024,V1,S1,2026-06-11T08:15:00,2026-06-11T08:18:36,2026-06-11T09:00:00,2026-06-11T09:02:08.979658,10.8,244.9,cab,completed
T000844,R013,D0010,V1,S1,2026-06-11T08:15:00,2026-06-11T08:15:48,2026-06-11T09:00:00,2026-06-11T09:00:00,10.8,241.7,cab,completed
T000845,R013,D0045,V1,S1,2026-06-11T08:15:00,2026-06-11T08:18:12,2026-06-11T09:00:00,2026-06-11T09:00:00,11.0,249.7,cab,completed
T000846,R018,D0046,V5,S1,2026-06-11T08:15:00,2026-06-11T08:18:00,2026-06-11T09:00:00,2026-06-11T09:00:12.168828,16.0,100.8,shuttle,completed
T000847,R018,D0026,V4,S1,2026-06-11T08:15:00,2026-06-11T08:17:30,2026-06-11T09:00:00,2026-06-11T09:00:00,15.3,109.2,shuttle,completed
T000848,R018,D0098,V5,S1,2026-06-11T08:15:00,2026-06-11T08:16:54,2026-06-11T09:00:00,2026-06-11T09:00:00,15.7,112.9,shuttle,completed
T000849,R020,D0081,V2,S1,2026-06-11T08:15:00,2026-06-11T08:15:36,2026-06-11T09:00:00,2026-06-11T09:00:00,10.0,147.2,nodal,completed
T000850,R020,D0032,V1,S1,2026-06-11T08:15:00,2026-06-11T08:16:36,2026-06-11T09:00:00,2026-06-11T09:01:32.967270,10.5,154.5,nodal,completed
T000851,R020,D0005,V1,S1,2026-06-11T08:15:00,2026-06-11T08:18:36,2026-06-11T09:00:00,2026-06-11T09:00:00,10.6,139.6,nodal,completed
T000852,R020,D0056,V1,S1,2026-06-11T08:15:00,2026-06-11T08:29:48,2026-06-11T09:00:00,2026-06-11T09:11:25.749178,10.5,153.7,nodal,completed
T000853,R020,D0068,V1,S1,2026-06-11T08:15:00,2026-06-11T08:17:06,2026-06-11T09:00:00,2026-06-11T09:00:41.720772,10.5,136.1,nodal,completed
T000854,R020,D0078,V2,S1,2026-06-11T08:15:00,,2026-06-11T09:00:00,,10.3,138.6,nodal,no_show
T000855,R022,D0055,V3,S1,2026-06-11T08:15:00,2026-06-11T08:17:54,2026-06-11T09:00:00,2026-06-11T09:00:49.572558,17.6,333.8,cab,completed
T000856,R022,D0045,V1,S1,2026-06-11T08:15:00,2026-06-11T08:20:00,2026-06-11T09:00:00,2026-06-11T09:01:38.555709,17.8,332.6,cab,completed
T000857,R022,D0052,V1,S1,2026-06-11T08:15:00,2026-06-11T08:21:00,2026-06-11T09:00:00,2026-06-11T09:02:39.740469,16.4,312.1,cab,completed
T000858,R022,D0101,V5,S1,2026-06-11T08:15:00,2026-06-11T08:20:00,2026-06-11T09:00:00,2026-06-11T09:01:51.615075,17.2,327.9,cab,completed
T000859,R022,D0105,V3,S1,2026-06-11T08:15:00,2026-06-11T08:21:06,2026-06-11T09:00:00,2026-06-11T09:02:48.920172,18.2,336.9,cab,completed
T000860,R022,D0068,V1,S1,2026-06-11T08:15:00,2026-06-11T08:21:42,2026-06-11T09:00:00,2026-06-11T09:04:29.856016,16.3,323.6,cab,completed
T000861,R022,D0067,V3,S1,2026-06-11T08:15:00,2026-06-11T08:19:54,2026-06-11T09:00:00,2026-06-11T09:02:41.237214,18.2,345.6,cab,completed
T000862,R022,D0048,V5,S1,2026-06-11T08:15:00,2026-06-11T08:15:48,2026-06-11T09:00:00,2026-06-11T09:00:30.672648,17.3,333.6,cab,completed
T000863,R022,D0048,V5,S1,2026-06-11T08:15:00,2026-06-11T08:21:00,2026-06-11T09:00:00,2026-06-11T09:05:06.958767,18.0,345.7,cab,completed
T000864,R022,D0035,V1,S1,2026-06-11T08:15:00,2026-06-11T08:16:48,2026-06-11T09:00:00,2026-06-11T09:00:00,17.2,326.0,cab,completed
T000865,R022,D0101,V5,S1,2026-06-11T08:15:00,2026-06-11T08:17:36,2026-06-11T09:00:00,2026-06-11T09:00:00,16.8,322.2,cab,completed
T000866,R022,D0038,V5,S1,2026-06-11T08:15:00,2026-06-11T08:17:42,2026-06-11T09:00:00,2026-06-11T09:01:37.542809,18.0,340.3,cab,completed
T000867,R003,D0078,V2,S2,2026-06-11T10:15:00,2026-06-11T10:16:06,2026-06-11T11:00:00,2026-06-11T11:01:02.559560,23.6,144.9,shuttle,completed
T000868,R003,D0102,V4,S2,2026-06-11T10:15:00,,2026-06-11T11:00:00,2026-06-11T11:00:00,22.0,139.3,shuttle,completed
T000869,R006,D0017,V2,S2,2026-06-11T10:15:00,2026-06-11T10:17:36,2026-06-11T11:00:00,2026-06-11T11:00:00,20.0,115.1,shuttle,completed
T000870,R006,D0096,V2,S2,2026-06-11T10:15:00,2026-06-11T10:23:06,2026-06-11T11:00:00,2026-06-11T11:03:22.600635,19.0,121.9,shuttle,completed
T000871,R008,D0045,V1,S2,2026-06-11T10:15:00,2026-06-11T10:16:24,2026-06-11T11:00:00,2026-06-11T11:00:00,9.1,131.7,nodal,completed
T000872,R008,D0003,V1,S2,2026-06-11T10:15:00,2026-06-11T10:15:36,2026-06-11T11:00:00,2026-06-11T11:00:00,9.2,135.2,nodal,completed
T000873,R008,D0066,V2,S2,2026-06-11T10:15:00,2026-06-11T10:26:30,2026-06-11T11:00:00,2026-06-11T11:11:25.002519,9.5,130.1,nodal,completed
T000874,R011,D0024,V1,S2,2026-06-11T10:15:00,2026-06-11T10:15:06,2026-06-11T11:00:00,,8.5,119.5,nodal,cancelled
T000875,R011,D0054,V2,S2,2026-06-11T10:15:00,,2026-06-11T11:00:00,2026-06-11T11:00:00,8.1,123.1,nodal,completed
T000876,R011,D0005,V1,S2,2026-06-11T10:15:00,2026-06-11T10:30:12,2026-06-11T11:00:00,2026-06-11T11:12:04.269369,7.7,126.1,nodal,completed
T000877,R011,D0045,V1,S2,2026-06-11T10:15:00,2026-06-11T10:18:36,2026-06-11T11:00:00,2026-06-11T11:03:11.514140,8.0,123.8,nodal,completed
T000878,R013,D0023,V3,S2,2026-06-11T10:15:00,2026-06-11T10:19:18,2026-06-11T11:00:00,2026-06-11T11:02:51.048681,10.6,234.6,cab,completed
T000879,R013,D0023,V3,S2,2026-06-11T10:15:00,2026-06-11T10:16:42,2026-06-11T11:00:00,2026-06-11T11:00:00,11.0,251.2,cab,completed
T000880,R013,D0009,V1,S2,2026-06-11T10:15:00,2026-06-11T10:28:30,2026-06-11T11:00:00,2026-06-11T11:09:10.363178,11.4,250.4,cab,completed
T000881,R013,D0022,V5,S2,2026-06-11T10:15:00,2026-06-11T10:15:18,2026-06-11T11:00:00,2026-06-11T11:00:00,10.9,248.2,cab,completed
T000882,R013,D0015,V1,S2,2026-06-11T10:15:00,2026-06-11T10:22:06,2026-06-11T11:00:00,2026-06-11T11:06:05.284629,10.8,251.2,cab,completed
T000883,R013,D0031,V3,S2,2026-06-11T10:15:00,2026-06-11T10:19:54,2026-06-11T11:00:00,2026-06-11T11:04:07.793927,10.6,245.9,cab,completed
T000884,R013,D0008,V1,S2,2026-06-11T10:15:00,2026-06-11T10:36:30,2026-06-11T11:00:00,2026-06-11T11:18:03.210772,11.3,256.7,cab,completed
T000885,R018,D0087,V2,S2,2026-06-11T10:15:00,2026-06-11T10:22:18,2026-06-11T11:00:00,2026-06-11T11:06:46.121326,16.1,101.7,shuttle,completed
T000886,R018,D0063,V2,S2,2026-06-11T10:15:00,2026-06-11T10:16:06,2026-06-11T11:00:00,2026-06-11T11:00:00,15.0,103.3,shuttle,completed
T000887,R020,D0056,V1,S2,2026-06-11T10:15:00,2026-06-11T10:19:36,2026-06-11T11:00:00,2026-06-11T11:02:37.315998,10.1,146.9,nodal,completed
T000888,R020,D0057,V2,S2,2026-06-11T10:15:00,2026-06-11T10:17:54,2026-06-11T11:00:00,2026-06-11T11:00:00,9.8,145.3,nodal,completed
T000889,R020,D0054,V2,S2,2026-06-11T10:15:00,2026-06-11T10:29:54,2026-06-11T11:00:00,2026-06-11T11:10:30.741221,10.5,141.5,nodal,completed
T000890,R020,D0111,V1,S2,2026-06-11T10:15:00,2026-06-11T10:19:54,2026-06-11T11:00:00,2026-06-11T11:00:18.358999,9.5,129.9,nodal,completed
T000891,R022,D0095,V3,S2,2026-06-11T10:15:00,2026-06-11T10:15:24,2026-06-11T11:00:00,2026-06-11T11:00:00,17.2,332.6,cab,completed
T000892,R022,D0079,V3,S2,2026-06-11T10:15:00,2026-06-11T10:19:12,2026-06-11T11:00:00,2026-06-11T11:01:50.888643,17.2,330.4,cab,completed
T000893,R022,D0014,V5,S2,2026-06-11T10:15:00,2026-06-11T10:19:06,2026-06-11T11:00:00,2026-06-11T11:03:27.787203,16.7,325.8,cab,completed
T000894,R022,D0105,V3,S2,2026-06-11T10:15:00,,2026-06-11T11:00:00,,17.2,337.1,cab,no_show
T000895,R022,D0022,V5,S2,2026-06-11T10:15:00,2026-06-11T10:16:18,2026-06-11T11:00:00,2026-06-11T11:00:00,16.8,325.8,cab,completed
T000896,R022,D0105,V3,S2,2026-06-11T10:15:00,2026-06-11T10:16:06,2026-06-11T11:00:00,2026-06-11T11:00:00,18.1,345.8,cab,completed
T000897,R022,D0049,V3,S2,2026-06-11T10:15:00,2026-06-11T10:19:42,2026-06-11T11:00:00,2026-06-11T11:03:28.288652,17.1,334.3,cab,completed
T000898,R022,D0101,V5,S2,2026-06-11T10:15:00,2026-06-11T10:22:12,2026-06-11T11:00:00,2026-06-11T11:06:07.316377,16.6,324.9,cab,completed
T000899,R003,D0034,V4,S3,2026-06-11T21:15:00,2026-06-11T21:16:24,2026-06-11T22:00:00,2026-06-11T22:00:23.856626,22.4,141.0,shuttle,completed
T000900,R003,D0073,V2,S3,2026-06-11T21:15:00,2026-06-11T21:17:12,2026-06-11T22:00:00,2026-06-11T22:00:00,21.1,123.6,shuttle,completed
T000901,R006,D0014,V5,S3,2026-06-11T21:15:00,2026-06-11T21:18:00,2026-06-11T22:00:00,2026-06-11T22:00:00,19.9,124.7,shuttle,completed
T000902,R008,D0066,V2,S3,2026-06-11T21:15:00,2026-06-11T21:45:06,2026-06-11T22:00:00,2026-06-11T22:29:26.228450,8.9,128.5,nodal,completed
T000903,R008,D0017,V2,S3,2026-06-11T21:15:00,2026-06-11T21:26:54,2026-06-11T22:00:00,2026-06-11T22:08:30.138005,8.8,120.5,nodal,completed
T000904,R011,D0081,V2,S3,2026-06-11T21:15:00,2026-06-11T21:17:48,2026-06-11T22:00:00,2026-06-11T22:01:38.545923,8.0,112.9,nodal,completed
T000905,R011,D0107,V2,S3,2026-06-11T21:15:00,2026-06-11T21:18:54,2026-06-11T22:00:00,2026-06-11T22:00:05.258485,7.7,111.5,nodal,completed
T000906,R011,D0073,V2,S3,2026-06-11T21:15:00,2026-06-11T21:33:12,2026-06-11T22:00:00,2026-06-11T22:17:21.132085,8.6,128.6,nodal,completed
T000907,R013,D0077,V5,S3,2026-06-11T21:15:00,2026-06-11T21:17:24,2026-06-11T22:00:00,2026-06-11T22:00:00,11.8,252.9,cab,completed
T000908,R013,D0024,V1,S3,2026-06-11T21:15:00,2026-06-11T21:22:18,2026-06-11T22:00:00,2026-06-11T22:04:13.484992,10.7,237.4,cab,completed
T000909,R013,D0013,V5,S3,2026-06-11T21:15:00,2026-06-11T21:15:12,2026-06-11T22:00:00,2026-06-11T22:00:00,11.9,250.2,cab,completed
T000910,R013,D0027,V3,S3,2026-06-11T21:15:00,2026-06-11T21:25:30,2026-06-11T22:00:00,2026-06-11T22:05:35.625461,10.5,237.3,cab,completed
T000911,R013,D0100,V3,S3,2026-06-11T21:15:00,2026-06-11T21:23:00,2026-06-11T22:00:00,2026-06-11T22:03:59.975117,11.4,248.6,cab,completed
T000912,R013,D0016,V5,S3,2026-06-11T21:15:00,2026-06-11T21:15:30,2026-06-11T22:00:00,2026-06-11T22:00:00,11.1,243.9,cab,completed
T000913,R018,D0022,V5,S3,2026-06-11T21:15:00,2026-06-11T21:19:48,2026-06-11T22:00:00,2026-06-11T22:03:52.149967,15.4,106.3,shuttle,completed
T000914,R018,D0118,V4,S3,2026-06-11T21:15:00,2026-06-11T21:27:12,2026-06-11T22:00:00,2026-06-11T22:09:05.869012,14.5,93.3,shuttle,completed
T000915,R020,D0063,V2,S3,2026-06-11T21:15:00,2026-06-11T21:20:24,2026-06-11T22:00:00,2026-06-11T22:01:07.231874,9.8,129.9,nodal,completed
T000916,R020,D0003,V1,S3,2026-06-11T21:15:00,2026-06-11T21:21:24,2026-06-11T22:00:00,2026-06-11T22:06:21.688911,10.7,153.2,nodal,completed
T000917,R020,D0080,V1,S3,2026-06-11T21:15:00,2026-06-11T21:15:06,2026-06-11T22:00:00,2026-06-11T22:00:00,10.7,136.6,nodal,completed
T000918,R022,D0098,V5,S3,2026-06-11T21:15:00,2026-06-11T21:30:18,2026-06-11T22:00:00,2026-06-11T22:15:08.166855,16.3,312.6,cab,completed
T000919,R022,D0053,V1,S3,2026-06-11T21:15:00,2026-06-11T21:15:36,2026-06-11T22:00:00,2026-06-11T22:00:00,17.4,334.4,cab,completed
T000920,R022,D0067,V3,S3,2026-06-11T21:15:00,2026-06-11T21:17:54,2026-06-11T22:00:00,2026-06-11T22:02:35.553700,16.9,330.6,cab,completed
T000921,R022,D0095,V3,S3,2026-06-11T21:15:00,2026-06-11T21:19:06,2026-06-11T22:00:00,2026-06-11T22:00:00,17.0,320.2,cab,completed
T000922,R003,D0101,V5,S1,2026-06-12T08:15:00,2026-06-12T08:21:00,2026-06-12T09:00:00,2026-06-12T09:03:40.756235,22.3,144.1,shuttle,completed
T000923,R003,D0018,V5,S1,2026-06-12T08:15:00,2026-06-12T08:15:24,2026-06-12T09:00:00,2026-06-12T09:00:00,21.9,133.0,shuttle,completed
T000924,R003,D0057,V2,S1,2026-06-12T08:15:00,2026-06-12T08:17:24,2026-06-12T09:00:00,2026-06-12T09:01:40.621403,21.1,124.5,shuttle,completed
T000925,R006,D0007,V4,S1,2026-06-12T08:15:00,2026-06-12T08:34:00,2026-06-12T09:00:00,2026-06-12T09:17:00.079283,18.6,126.5,shuttle,completed
T000926,R006,D0044,V4,S1,2026-06-12T08:15:00,2026-06-12T08:22:36,2026-06-12T09:00:00,2026-06-12T09:04:57.399188,20.2,117.6,shuttle,completed
T000927,R006,D0072,V2,S1,2026-06-12T08:15:00,2026-06-12T08:16:30,2026-06-12T09:00:00,2026-06-12T09:00:00,19.1,123.8,shuttle,completed
T000928,R008,D0066,V2,S1,2026-06-12T08:15:00,2026-06-12T08:26:48,2026-06-12T09:00:00,2026-06-12T09:08:42.518796,9.7,135.1,nodal,completed
T000929,R008,D0040,V1,S1,2026-06-12T08:15:00,2026-06-12T08:15:30,2026-06-12T09:00:00,2026-06-12T09:00:00,8.7,131.4,nodal,completed
T000930,R008,D0063,V2,S1,2026-06-12T08:15:00,2026-06-12T08:18:06,2026-06-12T09:00:00,2026-06-12T09:02:13.753389,9.5,138.1,nodal,completed
T000931,R008,D0090,V2,S1,2026-06-12T08:15:00,2026-06-12T08:16:30,2026-06-12T09:00:00,2026-06-12T09:00:00,9.4,142.8,nodal,completed
T000932,R008,D0003,V1,S1,2026-06-12T08:15:00,2026-06-12T08:16:00,2026-06-12T09:00:00,2026-06-12T09:00:00,9.4,138.9,nodal,completed
T000933,R008,D0080,V1,S1,2026-06-12T08:15:00,2026-06-12T08:20:54,2026-06-12T09:00:00,2026-06-12T09:03:08.727617,8.8,132.4,nodal,completed
T000934,R011,D0112,V1,S1,2026-06-12T08:15:00,2026-06-12T08:18:36,2026-06-12T09:00:00,2026-06-12T09:00:04.800198,7.6,116.6,nodal,completed
T000935,R011,D0113,V2,S1,2026-06-12T08:15:00,2026-06-12T08:18:36,2026-06-12T09:00:00,2026-06-12T09:01:05.301538,8.5,135.7,nodal,completed
T000936,R011,D0094,V2,S1,2026-06-12T08:15:00,2026-06-12T08:21:54,2026-06-12T09:00:00,2026-06-12T09:04:41.063913,8.4,133.1,nodal,completed
T000937,R011,D0020,V2,S1,2026-06-12T08:15:00,2026-06-12T08:30:24,2026-06-12T09:00:00,2026-06-12T09:10:31.803285,8.0,127.3,nodal,completed
T000938,R011,D0008,V1,S1,2026-06-12T08:15:00,2026-06-12T08:29:54,2026-06-12T09:00:00,2026-06-12T09:12:23.760051,8.3,115.2,nodal,completed
T000939,R011,D0024,V1,S1,2026-06-12T08:15:00,2026-06-12T08:20:48,2026-06-12T09:00:00,2026-06-12T09:02:28.578034,7.9,124.0,nodal,completed
T000940,R013,D0076,V3,S1,2026-06-12T08:15:00,2026-06-12T08:15:06,2026-06-12T09:00:00,2026-06-12T09:00:00,11.3,256.3,cab,completed
T000941,R013,D0080,V1,S1,2026-06-12T08:15:00,2026-06-12T08:19:30,2026-06-12T09:00:00,2026-06-12T09:03:35.189918,11.3,243.2,cab,completed
T000942,R013,D0116,V5,S1,2026-06-12T08:15:00,2026-06-12T08:23:36,2026-06-12T09:00:00,2026-06-12T09:07:12.268504,11.7,251.0,cab,completed
T000943,R013,D0120,V5,S1,2026-06-12T08:15:00,2026-06-12T08:15:12,2026-06-12T09:00:00,2026-06-12T09:00:00,11.1,254.8,cab,completed
T000944,R013,D0036,V3,S1,2026-06-12T08:15:00,2026-06-12T08:17:48,2026-06-12T09:00:00,2026-06-12T09:00:00,10.8,246.6,cab,completed
T000945,R013,D0031,V3,S1,2026-06-12T08:15:00,2026-06-12T08:17:18,2026-06-12T09:00:00,2026-06-12T09:00:00,11.4,245.8,cab,completed
T000946,R013,D0042,V5,S1,2026-06-12T08:15:00,2026-06-12T08:21:54,2026-06-12T09:00:00,2026-06-12T09:04:05.114713,10.6,244.5,cab,completed
T000947,R013,D0047,V3,S1,2026-06-12T08:15:00,2026-06-12T08:23:36,2026-06-12T09:00:00,2026-06-12T09:07:55.618862,11.4,255.1,cab,completed
T000948,R013,D0053,V1,S1,2026-06-12T08:15:00,2026-06-12T08:22:30,2026-06-12T09:00:00,2026-06-12T09:05:17.306854,11.5,259.7,cab,completed
T000949,R013,D0010,V1,S1,2026-06-12T08:15:00,2026-06-12T08:15:18,2026-06-12T09:00:00,2026-06-12T09:00:00,11.8,259.0,cab,completed
T000950,R013,D0039,V3,S1,2026-06-12T08:15:00,2026-06-12T08:15:12,2026-06-12T09:00:00,2026-06-12T09:00:00,11.7,259.9,cab,completed
T000951,R018,D0034,V4,S1,2026-06-12T08:15:00,2026-06-12T08:20:00,2026-06-12T09:00:00,2026-06-12T09:03:12.561440,15.6,102.8,shuttle,completed
T000952,R018,D0069,V5,S1,2026-06-12T08:15:00,2026-06-12T08:24:30,2026-06-12T09:00:00,2026-06-12T09:09:23.790689,14.5,105.2,shuttle,completed
T000953,R018,D0097,V2,S1,2026-06-12T08:15:00,2026-06-12T08:17:54,2026-06-12T09:00:00,2026-06-12T09:00:00,15.4,96.9,shuttle,completed
T000954,R020,D0008,V1,S1,2026-06-12T08:15:00,2026-06-12T08:15:30,2026-06-12T09:00:00,2026-06-12T09:00:00,10.3,151.8,nodal,completed
T000955,R020,D0002,V2,S1,2026-06-12T08:15:00,2026-06-12T08:16:00,2026-06-12T09:00:00,2026-06-12T09:00:00,9.8,137.2,nodal,completed
T000956,R020,D0058,V1,S1,2026-06-12T08:15:00,2026-06-12T08:19:00,2026-06-12T09:00:00,2026-06-12T09:03:15.186713,9.5,137.6,nodal,completed
T000957,R020,D0010,V1,S1,2026-06-12T08:15:00,2026-06-12T08:15:42,2026-06-12T09:00:00,2026-06-12T09:00:00,9.9,141.5,nodal,completed
T000958,R020,D0011,V2,S1,2026-06-12T08:15:00,2026-06-12T08:16:00,2026-06-12T09:00:00,2026-06-12T09:00:00,10.7,151.0,nodal,completed
T000959,R020,D0080,V1,S1,2026-06-12T08:15:00,2026-06-12T08:19:24,2026-06-12T09:00:00,2026-06-12T09:02:42.366142,9.9,130.0,nodal,completed
T000960,R022,D0117,V1,S1,2026-06-12T08:15:00,2026-06-12T08:18:18,2026-06-12T09:00:00,2026-06-12T09:00:00,17.6,345.4,cab,completed
T000961,R022,D0032,V1,S1,2026-06-12T08:15:00,2026-06-12T08:18:42,2026-06-12T09:00:00,2026-06-12T09:03:40.542101,16.9,329.8,cab,completed
T000962,R022,D0040,V1,S1,2026-06-12T08:15:00,2026-06-12T08:18:36,2026-06-12T09:00:00,2026-06-12T09:00:00,16.6,340.5,cab,completed
T000963,R022,D0022,V5,S1,2026-06-12T08:15:00,2026-06-12T08:28:42,2026-06-12T09:00:00,2026-06-12T09:13:04.497039,17.1,338.1,cab,completed
T000964,R022,D0056,V1,S1,2026-06-12T08:15:00,2026-06-12T08:22:42,2026-06-12T09:00:00,2026-06-12T09:06:20.293273,18.0,347.7,cab,completed
T000965,R022,D0045,V1,S1,2026-06-12T08:15:00,2026-06-12T08:15:42,2026-06-12T09:00:00,2026-06-12T09:00:00,17.8,345.7,cab,completed
T000966,R022,D0023,V3,S1,2026-06-12T08:15:00,2026-06-12T08:25:54,2026-06-12T09:00:00,2026-06-12T09:07:12.283998,17.0,328.0,cab,completed
T000967,R022,D0031,V3,S1,2026-06-12T08:15:00,2026-06-12T08:20:12,2026-06-12T09:00:00,2026-06-12T09:01:34.262102,17.3,325.7,cab,completed
T000968,R022,D0009,V1,S1,2026-06-12T08:15:00,2026-06-12T08:15:54,2026-06-12T09:00:00,2026-06-12T09:00:00,16.2,320.8,cab,completed
T000969,R022,D0100,V3,S1,2026-06-12T08:15:00,2026-06-12T08:18:06,2026-06-12T09:00:00,2026-06-12T09:01:46.224429,17.2,334.7,cab,completed
T000970,R022,D0062,V3,S1,2026-06-12T08:15:00,2026-06-12T08:15:54,2026-06-12T09:00:00,2026-06-12T09:00:00,18.2,351.2,cab,completed
T000971,R022,D0027,V3,S1,2026-06-12T08:15:00,2026-06-12T08:15:42,2026-06-12T09:00:00,2026-06-12T09:00:00,17.3,336.9,cab,completed
T000972,R003,D0078,V2,S2,2026-06-12T10:15:00,2026-06-12T10:18:00,2026-06-12T11:00:00,,23.2,135.8,shuttle,cancelled
T000973,R003,D0092,V4,S2,2026-06-12T10:15:00,2026-06-12T10:24:18,2026-06-12T11:00:00,2026-06-12T11:04:43.839788,23.4,145.1,shuttle,completed
T000974,R006,D0091,V4,S2,2026-06-12T10:15:00,2026-06-12T10:17:54,2026-06-12T11:00:00,2026-06-12T11:02:02.543439,20.5,122.9,shuttle,completed
T000975,R006,D0106,V2,S2,2026-06-12T10:15:00,2026-06-12T10:30:24,2026-06-12T11:00:00,2026-06-12T11:10:39.580162,18.7,108.8,shuttle,completed
T000976,R008,D0086,V1,S2,2026-06-12T10:15:00,2026-06-12T10:16:42,2026-06-12T11:00:00,2026-06-12T11:01:12.533421,9.5,130.0,nodal,completed
T000977,R008,D0010,V1,S2,2026-06-12T10:15:00,2026-06-12T10:20:18,2026-06-12T11:00:00,2026-06-12T11:02:17.093652,8.6,126.4,nodal,completed
T000978,R008,D0015,V1,S2,2026-06-12T10:15:00,2026-06-12T10:17:24,2026-06-12T11:00:00,2026-06-12T11:02:13.921070,9.0,134.1,nodal,completed
T000979,R011,D0090,V2,S2,2026-06-12T10:15:00,2026-06-12T10:15:00,2026-06-12T11:00:00,2026-06-12T11:00:00,7.9,118.7,nodal,completed
T000980,R011,D0058,V1,S2,2026-06-12T10:15:00,2026-06-12T10:16:30,2026-06-12T11:00:00,2026-06-12T11:00:00,8.5,126.5,nodal,completed
T000981,R011,D0080,V1,S2,2026-06-12T10:15:00,2026-06-12T10:15:30,2026-06-12T11:00:00,2026-06-12T11:00:00,8.1,125.6,nodal,completed
T000982,R011,D0033,V1,S2,2026-06-12T10:15:00,2026-06-12T10:16:12,2026-06-12T11:00:00,2026-06-12T11:00:50.973991,8.0,116.3,nodal,completed
T000983,R013,D0080,V1,S2,2026-06-12T10:15:00,2026-06-12T10:19:06,2026-06-12T11:00:00,2026-06-12T11:01:42.982758,11.0,249.0,cab,completed
T000984,R013,D0083,V3,S2,2026-06-12T10:15:00,2026-06-12T10:16:06,2026-06-12T11:00:00,2026-06-12T11:00:00,10.7,249.0,cab,completed
T000985,R013,D0069,V5,S2,2026-06-12T10:15:00,2026-06-12T10:25:36,2026-06-12T11:00:00,2026-06-12T11:10:09.919761,11.0,244.3,cab,completed
T000986,R013,D0042,V5,S2,2026-06-12T10:15:00,2026-06-12T10:20:24,2026-06-12T11:00:00,2026-06-12T11:00:57.151862,11.4,255.5,cab,completed
T000987,R013,D0099,V5,S2,2026-06-12T10:15:00,2026-06-12T10:32:12,2026-06-12T11:00:00,2026-06-12T11:16:03.642563,11.7,254.7,cab,completed
T000988,R013,D0086,V1,S2,2026-06-12T10:15:00,2026-06-12T10:16:12,2026-06-12T11:00:00,2026-06-12T11:00:00,10.5,242.5,cab,completed
T000989,R013,D0045,V1,S2,2026-06-12T10:15:00,2026-06-12T10:23:30,2026-06-12T11:00:00,2026-06-12T11:05:18.852080,11.4,260.4,cab,completed
T000990,R018,D0120,V5,S2,2026-06-12T10:15:00,2026-06-12T10:16:54,2026-06-12T11:00:00,2026-06-12T11:00:00,15.2,101.7,shuttle,completed
T000991,R018,D0041,V4,S2,2026-06-12T10:15:00,2026-06-12T10:31:24,2026-06-12T11:00:00,2026-06-12T11:14:35.716213,14.3,89.8,shuttle,completed
T000992,R020,D0086,V1,S2,2026-06-12T10:15:00,2026-06-12T10:17:36,2026-06-12T11:00:00,2026-06-12T11:00:21.148177,9.9,129.9,nodal,completed
T000993,R020,D0010,V1,S2,2026-06-12T10:15:00,2026-06-12T10:17:18,2026-06-12T11:00:00,2026-06-12T11:02:14.735348,10.5,135.8,nodal,completed
T000994,R020,D0112,V1,S2,2026-06-12T10:15:00,2026-06-12T10:17:30,2026-06-12T11:00:00,2026-06-12T11:02:03.385355,10.0,140.8,nodal,completed
T000995,R020,D0032,V1,S2,2026-06-12T10:15:00,2026-06-12T10:28:06,2026-06-12T11:00:00,2026-06-12T11:10:23.277382,9.7,128.5,nodal,completed
T000996,R022,D0046,V5,S2,2026-06-12T10:15:00,2026-06-12T10:17:42,2026-06-12T11:00:00,2026-06-12T11:01:22.029860,16.7,324.9,cab,completed
T000997,R022,D0056,V1,S2,2026-06-12T10:15:00,,2026-06-12T11:00:00,,18.1,350.0,cab,no_show
T000998,R022,D0033,V1,S2,2026-06-12T10:15:00,2026-06-12T10:19:54,2026-06-12T11:00:00,2026-06-12T11:01:26.653046,17.0,331.8,cab,completed
T000999,R022,D0049,V3,S2,2026-06-12T10:15:00,2026-06-12T10:39:42,2026-06-12T11:00:00,2026-06-12T11:23:22.096648,17.7,342.6,cab,completed
T001000,R022,D0046,V5,S2,2026-06-12T10:15:00,2026-06-12T10:16:18,2026-06-12T11:00:00,2026-06-12T11:00:27.989829,17.5,335.6,cab,completed
T001001,R022,D0033,V1,S2,2026-06-12T10:15:00,2026-06-12T10:15:12,2026-06-12T11:00:00,2026-06-12T11:00:00,17.4,341.2,cab,completed
T001002,R022,D0101,V5,S2,2026-06-12T10:15:00,2026-06-12T10:19:30,2026-06-12T11:00:00,2026-06-12T11:00:26.405358,18.0,333.2,cab,completed
T001003,R022,D0018,V5,S2,2026-06-12T10:15:00,2026-06-12T10:16:00,2026-06-12T11:00:00,2026-06-12T11:00:00,18.4,338.1,cab,completed
T001004,R022,D0039,V3,S2,2026-06-12T10:15:00,,2026-06-12T11:00:00,,17.6,344.8,cab,no_show
T001005,R003,D0016,V5,S3,2026-06-12T21:15:00,2026-06-12T21:16:30,2026-06-12T22:00:00,2026-06-12T22:00:56.153974,22.5,145.3,shuttle,completed
T001006,R003,D0115,V4,S3,2026-06-12T21:15:00,2026-06-12T21:18:42,2026-06-12T22:00:00,2026-06-12T22:01:51.535781,23.6,139.4,shuttle,completed
T001007,R006,D0073,V2,S3,2026-06-12T21:15:00,2026-06-12T21:15:24,2026-06-12T22:00:00,2026-06-12T22:00:00,19.1,123.2,shuttle,completed
T001008,R008,D0008,V1,S3,2026-06-12T21:15:00,2026-06-12T21:17:12,2026-06-12T22:00:00,2026-06-12T22:00:00,9.5,142.5,nodal,completed
T001009,R008,D0010,V1,S3,2026-06-12T21:15:00,2026-06-12T21:19:12,2026-06-12T22:00:00,2026-06-12T22:03:53.933836,9.2,128.2,nodal,completed
T001010,R011,D0002,V2,S3,2026-06-12T21:15:00,2026-06-12T21:18:24,2026-06-12T22:00:00,2026-06-12T22:00:00,8.5,132.6,nodal,completed
T001011,R011,D0110,V1,S3,2026-06-12T21:15:00,2026-06-12T21:18:12,2026-06-12T22:00:00,2026-06-12T22:00:00,7.8,118.5,nodal,completed
T001012,R011,D0082,V1,S3,2026-06-12T21:15:00,2026-06-12T21:16:42,2026-06-12T22:00:00,2026-06-12T22:00:02.752909,7.9,118.3,nodal,completed
T001013,R013,D0048,V5,S3,2026-06-12T21:15:00,2026-06-12T21:30:48,2026-06-12T22:00:00,2026-06-12T22:11:40.484126,10.9,245.9,cab,completed
T001014,R013,D0080,V1,S3,2026-06-12T21:15:00,2026-06-12T21:24:48,2026-06-12T22:00:00,2026-06-12T22:06:27.030921,11.3,257.4,cab,completed
T001015,R013,D0046,V5,S3,2026-06-12T21:15:00,,2026-06-12T22:00:00,2026-06-12T22:06:24.468966,11.5,243.9,cab,completed
T001016,R013,D0076,V3,S3,2026-06-12T21:15:00,2026-06-12T21:15:42,2026-06-12T22:00:00,2026-06-12T22:00:00,11.2,237.0,cab,completed
T001017,R013,D0103,V5,S3,2026-06-12T21:15:00,2026-06-12T21:19:00,2026-06-12T22:00:00,2026-06-12T22:00:36.278984,11.2,252.0,cab,completed
T001018,R013,D0086,V1,S3,2026-06-12T21:15:00,2026-06-12T21:17:12,2026-06-12T22:00:00,2026-06-12T22:00:00,11.7,244.7,cab,completed
T001019,R018,D0059,V4,S3,2026-06-12T21:15:00,2026-06-12T21:20:30,2026-06-12T22:00:00,2026-06-12T22:03:33.597110,14.3,97.9,shuttle,completed
T001020,R018,D0088,V5,S3,2026-06-12T21:15:00,2026-06-12T21:38:30,2026-06-12T22:00:00,2026-06-12T22:20:38.679479,15.5,112.3,shuttle,completed
T001021,R020,D0003,V1,S3,2026-06-12T21:15:00,2026-06-12T21:26:42,2026-06-12T22:00:00,2026-06-12T22:09:38.031594,10.1,143.7,nodal,completed
T001022,R020,D0024,V1,S3,2026-06-12T21:15:00,2026-06-12T21:28:36,2026-06-12T22:00:00,2026-06-12T22:09:50.280841,10.2,146.0,nodal,completed
T001023,R022,D0095,V3,S3,2026-06-12T21:15:00,2026-06-12T21:16:54,2026-06-12T22:00:00,2026-06-12T22:00:00,17.2,330.9,cab,completed
T001024,R022,D0042,V5,S3,2026-06-12T21:15:00,2026-06-12T21:15:24,2026-06-12T22:00:00,2026-06-12T22:00:00,16.6,319.6,cab,completed
T001025,R022,D0031,V3,S3,2026-06-12T21:15:00,2026-06-12T21:17:06,2026-06-12T22:00:00,2026-06-12T22:00:00,17.9,347.2,cab,completed
T001026,R022,D0089,V3,S3,2026-06-12T21:15:00,2026-06-12T21:19:24,2026-06-12T22:00:00,2026-06-12T22:02:56.367024,16.3,315.3,cab,completed
T001027,R003,D0106,V2,S1,2026-06-15T08:15:00,2026-06-15T08:18:48,2026-06-15T09:00:00,2026-06-15T09:00:00,22.0,134.5,shuttle,completed
T001028,R003,D0118,V4,S1,2026-06-15T08:15:00,2026-06-15T08:27:54,2026-06-15T09:00:00,2026-06-15T09:12:52.308723,23.7,138.9,shuttle,completed
T001029,R003,D0118,V4,S1,2026-06-15T08:15:00,2026-06-15T08:18:24,2026-06-15T09:00:00,2026-06-15T09:00:00,20.9,120.0,shuttle,completed
T001030,R006,D0029,V2,S1,2026-06-15T08:15:00,2026-06-15T08:21:06,2026-06-15T09:00:00,2026-06-15T09:04:59.021113,18.2,115.4,shuttle,completed
T001031,R006,D0018,V5,S1,2026-06-15T08:15:00,2026-06-15T08:19:48,2026-06-15T09:00:00,2026-06-15T09:03:28.113476,19.7,117.0,shuttle,completed
T001032,R006,D0006,V5,S1,2026-06-15T08:15:00,2026-06-15T08:23:36,2026-06-15T09:00:00,2026-06-15T09:05:03.841154,19.0,112.1,shuttle,completed
T001033,R008,D0020,V2,S1,2026-06-15T08:15:00,2026-06-15T08:15:30,2026-06-15T09:00:00,2026-06-15T09:00:00,8.8,133.8,nodal,completed
T001034,R008,D0072,V2,S1,2026-06-15T08:15:00,2026-06-15T08:30:12,2026-06-15T09:00:00,2026-06-15T09:14:14.764793,9.6,126.6,nodal,completed
T001035,R008,D0063,V2,S1,2026-06-15T08:15:00,2026-06-15T08:15:48,2026-06-15T09:00:00,2026-06-15T09:00:00,8.9,127.8,nodal,completed
T001036,R008,D0045,V1,S1,2026-06-15T08:15:00,2026-06-15T08:18:06,2026-06-15T09:00:00,2026-06-15T09:02:05.292783,9.2,130.5,nodal,completed
T001037,R008,D0081,V2,S1,2026-06-15T08:15:00,2026-06-15T08:16:54,2026-06-15T09:00:00,2026-06-15T09:01:29.779166,9.5,130.3,nodal,completed
T001038,R008,D0051,V2,S1,2026-06-15T08:15:00,2026-06-15T08:15:24,2026-06-15T09:00:00,2026-06-15T09:00:02.288841,9.2,129.4,nodal,completed
T001039,R011,D0080,V1,S1,2026-06-15T08:15:00,2026-06-15T08:17:06,2026-06-15T09:00:00,2026-06-15T09:00:00,8.3,120.6,nodal,completed
T001040,R011,D0009,V1,S1,2026-06-15T08:15:00,2026-06-15T08:24:54,2026-06-15T09:00:00,2026-06-15T09:05:02.343202,8.2,117.1,nodal,completed
T001041,R011,D0056,V1,S1,2026-06-15T08:15:00,2026-06-15T08:15:24,2026-06-15T09:00:00,2026-06-15T09:00:00,7.8,129.7,nodal,completed
T001042,R011,D0024,V1,S1,2026-06-15T08:15:00,2026-06-15T08:15:12,2026-06-15T09:00:00,2026-06-15T09:00:00,8.0,117.1,nodal,completed
T001043,R011,D0072,V2,S1,2026-06-15T08:15:00,2026-06-15T08:18:54,2026-06-15T09:00:00,2026-06-15T09:03:02.881365,7.7,114.4,nodal,completed
T001044,R011,D0054,V2,S1,2026-06-15T08:15:00,2026-06-15T08:20:18,2026-06-15T09:00:00,2026-06-15T09:01:55.737466,7.8,116.1,nodal,completed
T001045,R013,D0085,V3,S1,2026-06-15T08:15:00,2026-06-15T08:16:30,2026-06-15T09:00:00,2026-06-15T09:00:00,11.9,255.8,cab,completed
T001046,R013,D0117,V1,S1,2026-06-15T08:15:00,2026-06-15T08:24:42,2026-06-15T09:00:00,2026-06-15T09:05:03.160950,11.6,247.4,cab,completed
T001047,R013,D0060,V3,S1,2026-06-15T08:15:00,2026-06-15T08:16:24,2026-06-15T09:00:00,2026-06-15T09:00:00,11.7,244.4,cab,completed
T001048,R013,D0085,V3,S1,2026-06-15T08:15:00,2026-06-15T08:16:00,2026-06-15T09:00:00,2026-06-15T09:00:00,11.2,240.4,cab,completed
T001049,R013,D0067,V3,S1,2026-06-15T08:15:00,2026-06-15T08:21:12,2026-06-15T09:00:00,2026-06-15T09:01:32.086616,10.7,236.4,cab,completed
T001050,R013,D0108,V5,S1,2026-06-15T08:15:00,2026-06-15T08:16:18,2026-06-15T09:00:00,2026-06-15T09:00:00,11.8,248.5,cab,completed
T001051,R013,D0062,V3,S1,2026-06-15T08:15:00,2026-06-15T08:15:30,2026-06-15T09:00:00,2026-06-15T09:00:00,10.5,242.9,cab,completed
T001052,R013,D0042,V5,S1,2026-06-15T08:15:00,,2026-06-15T09:00:00,2026-06-15T09:00:00,11.7,249.2,cab,completed
T001053,R013,D0112,V1,S1,2026-06-15T08:15:00,2026-06-15T08:18:48,2026-06-15T09:00:00,2026-06-15T09:01:41.157378,10.5,242.4,cab,completed
T001054,R013,D0053,V1,S1,2026-06-15T08:15:00,2026-06-15T08:19:24,2026-06-15T09:00:00,2026-06-15T09:00:00,10.8,243.0,cab,completed
T001055,R013,D0049,V3,S1,2026-06-15T08:15:00,2026-06-15T08:16:12,2026-06-15T09:00:00,2026-06-15T09:00:00,11.2,253.5,cab,completed
T001056,R018,D0084,V4,S1,2026-06-15T08:15:00,2026-06-15T08:23:48,2026-06-15T09:00:00,2026-06-15T09:08:38.155645,15.0,91.3,shuttle,completed
T001057,R018,D0004,V5,S1,2026-06-15T08:15:00,2026-06-15T08:15:42,2026-06-15T09:00:00,2026-06-15T09:00:00,14.7,122.8,shuttle,completed
T001058,R018,D0088,V5,S1,2026-06-15T08:15:00,2026-06-15T08:21:36,2026-06-15T09:00:00,2026-06-15T09:02:09.154907,14.4,102.4,shuttle,completed
T001059,R020,D0063,V2,S1,2026-06-15T08:15:00,2026-06-15T08:17:48,2026-06-15T09:00:00,2026-06-15T09:00:00,9.9,141.9,nodal,completed
T001060,R020,D0015,V1,S1,2026-06-15T08:15:00,2026-06-15T08:18:18,2026-06-15T09:00:00,2026-06-15T09:00:00,10.7,155.6,nodal,completed
T001061,R020,D0081,V2,S1,2026-06-15T08:15:00,2026-06-15T08:18:42,2026-06-15T09:00:00,2026-06-15T09:00:00,10.3,149.6,nodal,completed
T001062,R020,D0114,V2,S1,2026-06-15T08:15:00,2026-06-15T08:18:06,2026-06-15T09:00:00,2026-06-15T09:00:00,9.6,126.9,nodal,completed
T001063,R020,D0025,V2,S1,2026-06-15T08:15:00,2026-06-15T08:20:00,2026-06-15T09:00:00,2026-06-15T09:01:01.707958,9.7,131.8,nodal,completed
T001064,R020,D0054,V2,S1,2026-06-15T08:15:00,2026-06-15T08:27:18,2026-06-15T09:00:00,2026-06-15T09:09:34.773593,10.5,148.3,nodal,completed
T001065,R022,D0086,V1,S1,2026-06-15T08:15:00,2026-06-15T08:20:06,2026-06-15T09:00:00,2026-06-15T09:02:22.122844,17.2,333.2,cab,completed
T001066,R022,D0076,V3,S1,2026-06-15T08:15:00,2026-06-15T08:19:36,2026-06-15T09:00:00,2026-06-15T09:02:20.696383,17.2,328.0,cab,completed
T001067,R022,D0080,V1,S1,2026-06-15T08:15:00,2026-06-15T08:15:00,2026-06-15T09:00:00,2026-06-15T09:00:00,17.3,333.0,cab,completed
T001068,R022,D0038,V5,S1,2026-06-15T08:15:00,2026-06-15T08:17:00,2026-06-15T09:00:00,2026-06-15T09:00:09.448136,17.5,333.9,cab,completed
T001069,R022,D0065,V3,S1,2026-06-15T08:15:00,2026-06-15T08:19:30,2026-06-15T09:00:00,2026-06-15T09:04:05.635857,17.6,339.3,cab,completed
T001070,R022,D0071,V5,S1,2026-06-15T08:15:00,2026-06-15T08:15:48,2026-06-15T09:00:00,2026-06-15T09:00:00,18.2,352.3,cab,completed
T001071,R022,D0037,V3,S1,2026-06-15T08:15:00,2026-06-15T08:15:18,2026-06-15T09:00:00,2026-06-15T09:00:00,18.3,337.2,cab,completed
T001072,R022,D0055,V3,S1,2026-06-15T08:15:00,2026-06-15T08:15:36,2026-06-15T09:00:00,2026-06-15T09:00:00,17.5,334.9,cab,completed
T001073,R022,D0100,V3,S1,2026-06-15T08:15:00,2026-06-15T08:22:54,2026-06-15T09:00:00,2026-06-15T09:05:49.134928,16.6,314.1,cab,completed
T001074,R022,D0004,V5,S1,2026-06-15T08:15:00,2026-06-15T08:15:12,2026-06-15T09:00:00,2026-06-15T09:00:00,17.7,340.4,cab,completed
T001075,R022,D0065,V3,S1,2026-06-15T08:15:00,2026-06-15T08:15:06,2026-06-15T09:00:00,2026-06-15T09:00:00,17.5,341.3,cab,completed
T001076,R022,D0039,V3,S1,2026-06-15T08:15:00,2026-06-15T08:16:24,2026-06-15T09:00:00,2026-06-15T09:00:00,16.7,322.4,cab,completed
T001077,R003,D0006,V5,S2,2026-06-15T10:15:00,2026-06-15T10:30:12,2026-06-15T11:00:00,2026-06-15T11:14:06.592851,21.5,141.1,shuttle,completed
T001078,R003,D0038,V5,S2,2026-06-15T10:15:00,2026-06-15T10:18:54,2026-06-15T11:00:00,2026-06-15T11:03:21.804983,21.4,141.2,shuttle,completed
T001079,R006,D0096,V2,S2,2026-06-15T10:15:00,2026-06-15T10:32:06,2026-06-15T11:00:00,2026-06-15T11:14:09.655383,19.6,125.0,shuttle,completed
T001080,R006,D0021,V4,S2,2026-06-15T10:15:00,2026-06-15T10:25:48,2026-06-15T11:00:00,2026-06-15T11:08:26.123632,20.3,123.2,shuttle,completed
T001081,R008,D0072,V2,S2,2026-06-15T10:15:00,2026-06-15T10:16:54,2026-06-15T11:00:00,2026-06-15T11:00:00,8.9,130.1,nodal,completed
T001082,R008,D0029,V2,S2,2026-06-15T10:15:00,2026-06-15T10:19:48,2026-06-15T11:00:00,2026-06-15T11:03:48.410180,9.6,129.4,nodal,completed
T001083,R008,D0033,V1,S2,2026-06-15T10:15:00,2026-06-15T10:20:12,2026-06-15T11:00:00,2026-06-15T11:02:50.028573,8.6,127.0,nodal,completed
T001084,R011,D0081,V2,S2,2026-06-15T10:15:00,2026-06-15T10:16:18,2026-06-15T11:00:00,2026-06-15T11:00:00,8.6,119.9,nodal,completed
T001085,R011,D0012,V2,S2,2026-06-15T10:15:00,2026-06-15T10:19:30,2026-06-15T11:00:00,2026-06-15T11:00:00,7.8,129.0,nodal,completed
T001086,R011,D0080,V1,S2,2026-06-15T10:15:00,2026-06-15T10:18:48,2026-06-15T11:00:00,2026-06-15T11:01:49.214572,8.1,127.5,nodal,completed
T001087,R011,D0029,V2,S2,2026-06-15T10:15:00,2026-06-15T10:18:06,2026-06-15T11:00:00,2026-06-15T11:02:51.779367,8.1,124.5,nodal,completed
T001088,R013,D0105,V3,S2,2026-06-15T10:15:00,2026-06-15T10:19:12,2026-06-15T11:00:00,2026-06-15T11:02:37.372983,11.2,236.8,cab,completed
T001089,R013,D0043,V1,S2,2026-06-15T10:15:00,2026-06-15T10:28:30,2026-06-15T11:00:00,2026-06-15T11:13:05.378629,10.5,239.1,cab,completed
T001090,R013,D0056,V1,S2,2026-06-15T10:15:00,2026-06-15T10:15:06,2026-06-15T11:00:00,2026-06-15T11:00:00,10.9,241.6,cab,completed
T001091,R013,D0006,V5,S2,2026-06-15T10:15:00,2026-06-15T10:28:42,2026-06-15T11:00:00,2026-06-15T11:09:33.336888,11.2,237.5,cab,completed
T001092,R013,D0100,V3,S2,2026-06-15T10:15:00,2026-06-15T10:16:06,2026-06-15T11:00:00,2026-06-15T11:00:00,11.1,242.8,cab,completed
T001093,R013,D0077,V5,S2,2026-06-15T10:15:00,2026-06-15T10:15:12,2026-06-15T11:00:00,2026-06-15T11:00:00,11.0,249.2,cab,completed
T001094,R013,D0077,V5,S2,2026-06-15T10:15:00,2026-06-15T10:29:18,2026-06-15T11:00:00,2026-06-15T11:13:32.625405,11.2,251.9,cab,completed
T001095,R018,D0069,V5,S2,2026-06-15T10:15:00,2026-06-15T10:15:48,2026-06-15T11:00:00,2026-06-15T11:00:00,14.8,91.8,shuttle,completed
T001096,R018,D0071,V5,S2,2026-06-15T10:15:00,2026-06-15T10:31:06,2026-06-15T11:00:00,2026-06-15T11:13:37.255438,14.9,95.5,shuttle,completed
T001097,R020,D0113,V2,S2,2026-06-15T10:15:00,2026-06-15T10:16:00,2026-06-15T11:00:00,2026-06-15T11:00:00,9.6,149.7,nodal,completed
T001098,R020,D0011,V2,S2,2026-06-15T10:15:00,2026-06-15T10:23:42,2026-06-15T11:00:00,2026-06-15T11:05:24.042099,10.5,136.8,nodal,completed
T001099,R020,D0035,V1,S2,2026-06-15T10:15:00,2026-06-15T10:17:18,2026-06-15T11:00:00,2026-06-15T11:00:00,10.4,133.6,nodal,completed
T001100,R020,D0068,V1,S2,2026-06-15T10:15:00,2026-06-15T10:17:18,2026-06-15T11:00:00,2026-06-15T11:01:01.250650,10.4,140.5,nodal,completed
T001101,R022,D0045,V1,S2,2026-06-15T10:15:00,2026-06-15T10:28:54,2026-06-15T11:00:00,2026-06-15T11:10:39.259434,17.6,330.6,cab,completed
T001102,R022,D0068,V1,S2,2026-06-15T10:15:00,2026-06-15T10:22:00,2026-06-15T11:00:00,2026-06-15T11:03:35.823478,16.6,325.5,cab,completed
T001103,R022,D0058,V1,S2,2026-06-15T10:15:00,2026-06-15T10:15:48,2026-06-15T11:00:00,2026-06-15T11:00:00,18.2,347.7,cab,completed
T001104,R022,D0085,V3,S2,2026-06-15T10:15:00,2026-06-15T10:18:42,2026-06-15T11:00:00,2026-06-15T11:00:00,17.0,326.5,cab,completed
T001105,R022,D0108,V5,S2,2026-06-15T10:15:00,2026-06-15T10:15:06,2026-06-15T11:00:00,2026-06-15T11:00:00,18.2,341.5,cab,completed
T001106,R022,D0101,V5,S2,2026-06-15T10:15:00,2026-06-15T10:16:00,2026-06-15T11:00:00,2026-06-15T11:00:00,17.0,332.2,cab,completed
T001107,R022,D0027,V3,S2,2026-06-15T10:15:00,2026-06-15T10:19:06,2026-06-15T11:00:00,2026-06-15T11:00:00,17.4,338.9,cab,completed
T001108,R022,D0039,V3,S2,2026-06-15T10:15:00,2026-06-15T10:17:30,2026-06-15T11:00:00,2026-06-15T11:00:00,16.2,324.7,cab,completed
T001109,R022,D0076,V3,S2,2026-06-15T10:15:00,2026-06-15T10:17:54,2026-06-15T11:00:00,2026-06-15T11:01:28.375076,18.1,342.4,cab,completed
T001110,R003,D0119,V4,S3,2026-06-15T21:15:00,2026-06-15T21:21:48,2026-06-15T22:00:00,2026-06-15T22:03:33.129774,21.7,141.9,shuttle,completed
T001111,R003,D0054,V2,S3,2026-06-15T21:15:00,2026-06-15T21:16:18,2026-06-15T22:00:00,2026-06-15T22:00:22.322209,22.1,145.2,shuttle,completed
T001112,R006,D0093,V4,S3,2026-06-15T21:15:00,2026-06-15T21:15:42,2026-06-15T22:00:00,2026-06-15T22:00:00,18.9,125.6,shuttle,completed
T001113,R008,D0033,V1,S3,2026-06-15T21:15:00,2026-06-15T21:20:36,2026-06-15T22:00:00,2026-06-15T22:04:47.255416,8.7,132.3,nodal,completed
T001114,R008,D0090,V2,S3,2026-06-15T21:15:00,2026-06-15T21:20:48,2026-06-15T22:00:00,2026-06-15T22:05:31.948565,9.4,124.7,nodal,completed
T001115,R011,D0051,V2,S3,2026-06-15T21:15:00,2026-06-15T21:24:24,2026-06-15T22:00:00,2026-06-15T22:06:06.336528,7.8,128.4,nodal,completed
T001116,R011,D0012,V2,S3,2026-06-15T21:15:00,2026-06-15T21:15:30,2026-06-15T22:00:00,2026-06-15T22:00:00,7.8,115.8,nodal,completed
T001117,R011,D0090,V2,S3,2026-06-15T21:15:00,2026-06-15T21:18:12,2026-06-15T22:00:00,2026-06-15T22:02:40.732269,8.3,127.5,nodal,completed
T001118,R013,D0080,V1,S3,2026-06-15T21:15:00,2026-06-15T21:26:48,2026-06-15T22:00:00,2026-06-15T22:10:43.719988,11.8,247.5,cab,completed
T001119,R013,D0082,V1,S3,2026-06-15T21:15:00,2026-06-15T21:24:48,2026-06-15T22:00:00,2026-06-15T22:08:02.969808,10.7,231.1,cab,completed
T001120,R013,D0035,V1,S3,2026-06-15T21:15:00,2026-06-15T21:17:36,2026-06-15T22:00:00,2026-06-15T22:02:12.910574,10.6,240.3,cab,completed
T001121,R013,D0108,V5,S3,2026-06-15T21:15:00,2026-06-15T21:15:42,2026-06-15T22:00:00,2026-06-15T22:00:25.822387,10.7,245.0,cab,completed
T001122,R013,D0022,V5,S3,2026-06-15T21:15:00,2026-06-15T21:16:48,2026-06-15T22:00:00,2026-06-15T22:00:00,11.5,249.6,cab,completed
T001123,R018,D0034,V4,S3,2026-06-15T21:15:00,2026-06-15T21:34:48,2026-06-15T22:00:00,2026-06-15T22:18:41.241893,14.4,106.2,shuttle,completed
T001124,R018,D0019,V4,S3,2026-06-15T21:15:00,2026-06-15T21:40:12,2026-06-15T22:00:00,2026-06-15T22:20:29.661162,15.7,99.6,shuttle,completed
T001125,R020,D0009,V1,S3,2026-06-15T21:15:00,2026-06-15T21:15:18,2026-06-15T22:00:00,2026-06-15T22:00:00,9.6,131.4,nodal,completed
T001126,R020,D0033,V1,S3,2026-06-15T21:15:00,2026-06-15T21:21:36,2026-06-15T22:00:00,2026-06-15T22:03:50.469090,9.7,137.5,nodal,completed
T001127,R022,D0047,V3,S3,2026-06-15T21:15:00,2026-06-15T21:18:30,2026-06-15T22:00:00,2026-06-15T22:03:22.331476,16.6,314.7,cab,completed
T001128,R022,D0003,V1,S3,2026-06-15T21:15:00,2026-06-15T21:16:00,2026-06-15T22:00:00,2026-06-15T22:00:00,17.4,341.2,cab,completed
T001129,R022,D0105,V3,S3,2026-06-15T21:15:00,2026-06-15T21:19:30,2026-06-15T22:00:00,2026-06-15T22:03:00.429357,17.4,342.2,cab,completed
T001130,R022,D0045,V1,S3,2026-06-15T21:15:00,2026-06-15T21:20:36,2026-06-15T22:00:00,2026-06-15T22:01:33.879525,17.5,342.4,cab,completed
T001131,R003,D0092,V4,S1,2026-06-16T08:15:00,2026-06-16T08:22:12,2026-06-16T09:00:00,,22.5,139.6,shuttle,cancelled
T001132,R003,D0106,V2,S1,2026-06-16T08:15:00,2026-06-16T08:27:00,2026-06-16T09:00:00,2026-06-16T09:09:30.822275,22.1,131.0,shuttle,completed
T001133,R003,D0114,V2,S1,2026-06-16T08:15:00,2026-06-16T08:24:12,2026-06-16T09:00:00,2026-06-16T09:06:58.820192,23.6,146.7,shuttle,completed
T001134,R006,D0007,V4,S1,2026-06-16T08:15:00,2026-06-16T08:16:00,2026-06-16T09:00:00,2026-06-16T09:00:00,20.4,122.1,shuttle,completed
T001135,R006,D0048,V5,S1,2026-06-16T08:15:00,2026-06-16T08:20:48,2026-06-16T09:00:00,2026-06-16T09:01:02.395722,19.7,116.7,shuttle,completed
T001136,R006,D0061,V4,S1,2026-06-16T08:15:00,2026-06-16T08:23:48,2026-06-16T09:00:00,2026-06-16T09:06:05.712782,20.0,134.2,shuttle,completed
T001137,R008,D0057,V2,S1,2026-06-16T08:15:00,2026-06-16T08:15:06,2026-06-16T09:00:00,2026-06-16T09:00:00,9.6,132.1,nodal,completed
T001138,R008,D0045,V1,S1,2026-06-16T08:15:00,2026-06-16T08:24:18,2026-06-16T09:00:00,2026-06-16T09:08:30.484944,9.5,132.6,nodal,completed
T001139,R008,D0081,V2,S1,2026-06-16T08:15:00,2026-06-16T08:16:30,2026-06-16T09:00:00,2026-06-16T09:00:00,9.6,136.9,nodal,completed
T001140,R008,D0082,V1,S1,2026-06-16T08:15:00,2026-06-16T08:27:00,2026-06-16T09:00:00,2026-06-16T09:10:06.853644,9.5,131.8,nodal,completed
T001141,R008,D0057,V2,S1,2026-06-16T08:15:00,2026-06-16T08:16:48,2026-06-16T09:00:00,2026-06-16T09:00:00,8.9,128.0,nodal,completed
T001142,R008,D0112,V1,S1,2026-06-16T08:15:00,2026-06-16T08:18:18,2026-06-16T09:00:00,2026-06-16T09:00:00,9.3,132.9,nodal,completed
T001143,R011,D0020,V2,S1,2026-06-16T08:15:00,2026-06-16T08:19:00,2026-06-16T09:00:00,2026-06-16T09:03:06.161292,7.9,112.2,nodal,completed
T001144,R011,D0045,V1,S1,2026-06-16T08:15:00,2026-06-16T08:31:36,2026-06-16T09:00:00,2026-06-16T09:16:19.345006,7.6,109.9,nodal,completed
T001145,R011,D0106,V2,S1,2026-06-16T08:15:00,2026-06-16T08:28:54,2026-06-16T09:00:00,2026-06-16T09:13:10.514830,8.4,116.0,nodal,completed
T001146,R011,D0097,V2,S1,2026-06-16T08:15:00,2026-06-16T08:37:24,2026-06-16T09:00:00,2026-06-16T09:19:34.968029,7.9,128.6,nodal,completed
T001147,R011,D0110,V1,S1,2026-06-16T08:15:00,2026-06-16T08:20:12,2026-06-16T09:00:00,2026-06-16T09:04:57.788543,8.5,132.2,nodal,completed
T001148,R013,D0031,V3,S1,2026-06-16T08:15:00,2026-06-16T08:19:18,2026-06-16T09:00:00,2026-06-16T09:02:20.572488,11.5,249.7,cab,completed
T001149,R013,D0045,V1,S1,2026-06-16T08:15:00,2026-06-16T08:18:42,2026-06-16T09:00:00,2026-06-16T09:01:07.970306,10.7,231.0,cab,completed
T001150,R013,D0077,V5,S1,2026-06-16T08:15:00,2026-06-16T08:42:48,2026-06-16T09:00:00,2026-06-16T09:23:42.185827,11.7,261.0,cab,completed
T001151,R013,D0083,V3,S1,2026-06-16T08:15:00,2026-06-16T08:21:48,2026-06-16T09:00:00,2026-06-16T09:05:20.138073,11.8,264.4,cab,completed
T001152,R013,D0071,V5,S1,2026-06-16T08:15:00,2026-06-16T08:15:42,2026-06-16T09:00:00,2026-06-16T09:00:41.606440,11.4,258.6,cab,completed
T001153,R013,D0083,V3,S1,2026-06-16T08:15:00,2026-06-16T08:20:06,2026-06-16T09:00:00,2026-06-16T09:00:59.569404,11.1,237.9,cab,completed
T001154,R013,D0009,V1,S1,2026-06-16T08:15:00,2026-06-16T08:21:54,2026-06-16T09:00:00,2026-06-16T09:02:25.493040,11.8,263.5,cab,completed
T001155,R013,D0037,V3,S1,2026-06-16T08:15:00,2026-06-16T08:30:54,2026-06-16T09:00:00,2026-06-16T09:14:10.657691,10.5,240.9,cab,completed
T001156,R013,D0023,V3,S1,2026-06-16T08:15:00,2026-06-16T08:17:54,2026-06-16T09:00:00,2026-06-16T09:00:00,11.9,259.0,cab,completed
T001157,R013,D0049,V3,S1,2026-06-16T08:15:00,2026-06-16T08:18:18,2026-06-16T09:00:00,2026-06-16T09:00:08.414909,10.8,250.7,cab,completed
T001158,R013,D0101,V5,S1,2026-06-16T08:15:00,2026-06-16T08:22:24,2026-06-16T09:00:00,2026-06-16T09:02:56.013144,11.1,245.6,cab,completed
T001159,R018,D0018,V5,S1,2026-06-16T08:15:00,2026-06-16T08:16:48,2026-06-16T09:00:00,2026-06-16T09:00:00,15.2,99.4,shuttle,completed
T001160,R018,D0044,V4,S1,2026-06-16T08:15:00,2026-06-16T08:21:42,2026-06-16T09:00:00,2026-06-16T09:04:40.870497,16.2,99.5,shuttle,completed
T001161,R018,D0007,V4,S1,2026-06-16T08:15:00,,2026-06-16T09:00:00,2026-06-16T09:14:54.916875,14.4,91.2,shuttle,completed
T001162,R020,D0113,V2,S1,2026-06-16T08:15:00,2026-06-16T08:29:30,2026-06-16T09:00:00,2026-06-16T09:12:21.769637,9.9,136.0,nodal,completed
T001163,R020,D0096,V2,S1,2026-06-16T08:15:00,2026-06-16T08:19:12,2026-06-16T09:00:00,2026-06-16T09:00:00,10.0,140.8,nodal,completed
T001164,R020,D0032,V1,S1,2026-06-16T08:15:00,2026-06-16T08:35:06,2026-06-16T09:00:00,2026-06-16T09:18:17.879300,9.8,139.3,nodal,completed
T001165,R020,D0090,V2,S1,2026-06-16T08:15:00,2026-06-16T08:49:24,2026-06-16T09:00:00,2026-06-16T09:30:15.613136,10.1,136.6,nodal,completed
T001166,R020,D0017,V2,S1,2026-06-16T08:15:00,2026-06-16T08:15:18,2026-06-16T09:00:00,2026-06-16T09:00:00,10.4,150.8,nodal,completed
T001167,R020,D0009,V1,S1,2026-06-16T08:15:00,2026-06-16T08:19:42,2026-06-16T09:00:00,2026-06-16T09:02:38.500122,10.6,153.4,nodal,completed
T001168,R022,D0088,V5,S1,2026-06-16T08:15:00,2026-06-16T08:15:36,2026-06-16T09:00:00,2026-06-16T09:00:00,17.8,339.4,cab,completed
T001169,R022,D0046,V5,S1,2026-06-16T08:15:00,2026-06-16T08:15:36,2026-06-16T09:00:00,2026-06-16T09:00:00,17.3,333.8,cab,completed
T001170,R022,D0035,V1,S1,2026-06-16T08:15:00,2026-06-16T08:15:06,2026-06-16T09:00:00,2026-06-16T09:00:00,16.9,323.9,cab,completed
T001171,R022,D0016,V5,S1,2026-06-16T08:15:00,2026-06-16T08:22:30,2026-06-16T09:00:00,2026-06-16T09:02:31.829913,16.6,317.7,cab,completed
T001172,R022,D0108,V5,S1,2026-06-16T08:15:00,2026-06-16T08:15:18,2026-06-16T09:00:00,2026-06-16T09:00:00,17.1,334.4,cab,completed
T001173,R022,D0095,V3,S1,2026-06-16T08:15:00,,2026-06-16T09:00:00,,17.3,328.6,cab,no_show
T001174,R022,D0027,V3,S1,2026-06-16T08:15:00,2026-06-16T08:16:54,2026-06-16T09:00:00,2026-06-16T09:00:00,16.2,307.3,cab,completed
T001175,R022,D0010,V1,S1,2026-06-16T08:15:00,2026-06-16T08:18:00,2026-06-16T09:00:00,2026-06-16T09:00:51.776233,16.2,322.2,cab,completed
T001176,R022,D0088,V5,S1,2026-06-16T08:15:00,2026-06-16T08:31:36,2026-06-16T09:00:00,2026-06-16T09:14:07.610410,17.7,340.8,cab,completed
T001177,R022,D0099,V5,S1,2026-06-16T08:15:00,,2026-06-16T09:00:00,,18.2,343.8,cab,no_show
T001178,R022,D0031,V3,S1,2026-06-16T08:15:00,2026-06-16T08:24:36,2026-06-16T09:00:00,2026-06-16T09:08:01.296151,16.8,324.8,cab,completed
T001179,R003,D0091,V4,S2,2026-06-16T10:15:00,2026-06-16T10:20:36,2026-06-16T11:00:00,2026-06-16T11:00:40.116854,23.0,139.4,shuttle,completed
T001180,R003,D0069,V5,S2,2026-06-16T10:15:00,2026-06-16T10:17:24,2026-06-16T11:00:00,2026-06-16T11:01:31.256777,21.5,128.1,shuttle,completed
T001181,R006,D0106,V2,S2,2026-06-16T10:15:00,2026-06-16T10:16:12,2026-06-16T11:00:00,2026-06-16T11:00:54.402448,19.3,123.8,shuttle,completed
T001182,R006,D0034,V4,S2,2026-06-16T10:15:00,2026-06-16T10:21:48,2026-06-16T11:00:00,2026-06-16T11:03:54.365614,19.5,125.5,shuttle,completed
T001183,R008,D0009,V1,S2,2026-06-16T10:15:00,2026-06-16T10:18:42,2026-06-16T11:00:00,2026-06-16T11:00:00,9.4,143.4,nodal,completed
T001184,R008,D0086,V1,S2,2026-06-16T10:15:00,2026-06-16T10:27:18,2026-06-16T11:00:00,2026-06-16T11:11:06.007245,9.5,126.6,nodal,completed
T001185,R008,D0012,V2,S2,2026-06-16T10:15:00,2026-06-16T10:15:24,2026-06-16T11:00:00,2026-06-16T11:00:00,8.8,135.3,nodal,completed
T001186,R011,D0008,V1,S2,2026-06-16T10:15:00,2026-06-16T10:16:42,2026-06-16T11:00:00,2026-06-16T11:00:00,8.1,121.2,nodal,completed
T001187,R011,D0015,V1,S2,2026-06-16T10:15:00,2026-06-16T10:21:00,2026-06-16T11:00:00,2026-06-16T11:01:01.378724,8.2,115.5,nodal,completed
T001188,R011,D0097,V2,S2,2026-06-16T10:15:00,2026-06-16T10:20:12,2026-06-16T11:00:00,2026-06-16T11:03:20.780710,7.9,121.9,nodal,completed
T001189,R011,D0107,V2,S2,2026-06-16T10:15:00,2026-06-16T10:18:06,2026-06-16T11:00:00,2026-06-16T11:00:00,8.6,141.8,nodal,completed
T001190,R013,D0023,V3,S2,2026-06-16T10:15:00,2026-06-16T10:19:54,2026-06-16T11:00:00,2026-06-16T11:04:34.945129,11.7,256.5,cab,completed
T001191,R013,D0064,V3,S2,2026-06-16T10:15:00,2026-06-16T10:18:24,2026-06-16T11:00:00,2026-06-16T11:00:00,11.4,248.0,cab,completed
T001192,R013,D0047,V3,S2,2026-06-16T10:15:00,2026-06-16T10:18:24,2026-06-16T11:00:00,2026-06-16T11:00:52.236756,11.3,253.0,cab,completed
T001193,R013,D0050,V5,S2,2026-06-16T10:15:00,2026-06-16T10:24:12,2026-06-16T11:00:00,2026-06-16T11:04:58.488670,11.1,250.6,cab,completed
T001194,R013,D0100,V3,S2,2026-06-16T10:15:00,,2026-06-16T11:00:00,,11.3,251.9,cab,no_show
T001195,R013,D0085,V3,S2,2026-06-16T10:15:00,2026-06-16T10:18:48,2026-06-16T11:00:00,2026-06-16T11:00:50.213589,11.3,243.5,cab,completed
T001196,R013,D0069,V5,S2,2026-06-16T10:15:00,2026-06-16T10:23:36,2026-06-16T11:00:00,2026-06-16T11:08:31.587102,11.1,242.9,cab,completed
T001197,R013,D0037,V3,S2,2026-06-16T10:15:00,2026-06-16T10:24:00,2026-06-16T11:00:00,2026-06-16T11:07:25.206458,11.3,250.5,cab,completed
T001198,R018,D0098,V5,S2,2026-06-16T10:15:00,2026-06-16T10:30:00,2026-06-16T11:00:00,2026-06-16T11:14:43.553504,15.2,96.9,shuttle,completed
T001199,R018,D0012,V2,S2,2026-06-16T10:15:00,2026-06-16T10:17:54,2026-06-16T11:00:00,2026-06-16T11:02:14.120664,14.5,118.2,shuttle,completed
T001200,R020,D0029,V2,S2,2026-06-16T10:15:00,2026-06-16T10:21:06,2026-06-16T11:00:00,2026-06-16T11:04:53.706745,9.5,144.6,nodal,completed
T001201,R020,D0080,V1,S2,2026-06-16T10:15:00,2026-06-16T10:16:48,2026-06-16T11:00:00,2026-06-16T11:00:00,10.6,154.1,nodal,completed
T001202,R020,D0072,V2,S2,2026-06-16T10:15:00,2026-06-16T10:17:12,2026-06-16T11:00:00,2026-06-16T11:00:48.614878,9.6,132.8,nodal,completed
T001203,R020,D0080,V1,S2,2026-06-16T10:15:00,2026-06-16T10:26:06,2026-06-16T11:00:00,2026-06-16T11:09:49.297692,10.8,154.5,nodal,completed
T001204,R022,D0023,V3,S2,2026-06-16T10:15:00,2026-06-16T10:19:48,2026-06-16T11:00:00,2026-06-16T11:00:00.842507,16.3,320.8,cab,completed
T001205,R022,D0082,V1,S2,2026-06-16T10:15:00,2026-06-16T10:18:00,2026-06-16T11:00:00,2026-06-16T11:02:52.558592,16.5,317.5,cab,completed
T001206,R022,D0060,V3,S2,2026-06-16T10:15:00,2026-06-16T10:18:30,2026-06-16T11:00:00,2026-06-16T11:00:00,17.6,330.2,cab,completed
T001207,R022,D0100,V3,S2,2026-06-16T10:15:00,2026-06-16T10:18:06,2026-06-16T11:00:00,2026-06-16T11:02:56.525928,18.3,360.2,cab,completed
T001208,R022,D0108,V5,S2,2026-06-16T10:15:00,2026-06-16T10:17:54,2026-06-16T11:00:00,2026-06-16T11:00:00,18.2,350.1,cab,completed
T001209,R022,D0064,V3,S2,2026-06-16T10:15:00,2026-06-16T10:16:54,2026-06-16T11:00:00,2026-06-16T11:00:36.085953,16.9,320.0,cab,completed
T001210,R022,D0101,V5,S2,2026-06-16T10:15:00,2026-06-16T10:15:00,2026-06-16T11:00:00,2026-06-16T11:00:00,18.1,351.0,cab,completed
T001211,R022,D0100,V3,S2,2026-06-16T10:15:00,2026-06-16T10:22:18,2026-06-16T11:00:00,2026-06-16T11:05:37.931082,16.6,330.9,cab,completed
T001212,R003,D0014,V5,S3,2026-06-16T21:15:00,2026-06-16T21:15:30,2026-06-16T22:00:00,2026-06-16T22:00:00,22.2,134.7,shuttle,completed
T001213,R003,D0021,V4,S3,2026-06-16T21:15:00,2026-06-16T21:17:24,2026-06-16T22:00:00,2026-06-16T22:00:00,21.0,129.0,shuttle,completed
T001214,R006,D0012,V2,S3,2026-06-16T21:15:00,2026-06-16T21:15:48,2026-06-16T22:00:00,2026-06-16T22:00:00,19.0,142.9,shuttle,completed
T001215,R008,D0011,V2,S3,2026-06-16T21:15:00,2026-06-16T21:16:00,2026-06-16T22:00:00,2026-06-16T22:00:00,9.0,139.6,nodal,completed
T001216,R008,D0033,V1,S3,2026-06-16T21:15:00,2026-06-16T21:16:18,2026-06-16T22:00:00,2026-06-16T22:00:00,9.0,130.8,nodal,completed
T001217,R011,D0072,V2,S3,2026-06-16T21:15:00,2026-06-16T21:20:12,2026-06-16T22:00:00,2026-06-16T22:02:30.891955,8.1,117.8,nodal,completed
T001218,R011,D0033,V1,S3,2026-06-16T21:15:00,2026-06-16T21:23:18,2026-06-16T22:00:00,2026-06-16T22:06:10.290387,8.2,118.7,nodal,completed
T001219,R011,D0032,V1,S3,2026-06-16T21:15:00,2026-06-16T21:21:00,2026-06-16T22:00:00,2026-06-16T22:01:01.980355,8.0,123.1,nodal,completed
T001220,R013,D0064,V3,S3,2026-06-16T21:15:00,2026-06-16T21:18:30,2026-06-16T22:00:00,2026-06-16T22:00:00,10.8,246.0,cab,completed
T001221,R013,D0111,V1,S3,2026-06-16T21:15:00,2026-06-16T21:17:18,2026-06-16T22:00:00,2026-06-16T22:00:00,11.2,245.1,cab,completed
T001222,R013,D0027,V3,S3,2026-06-16T21:15:00,2026-06-16T21:27:18,2026-06-16T22:00:00,2026-06-16T22:10:53.385653,10.9,236.2,cab,completed
T001223,R013,D0099,V5,S3,2026-06-16T21:15:00,2026-06-16T21:15:18,2026-06-16T22:00:00,2026-06-16T22:00:00,11.0,251.2,cab,completed
T001224,R013,D0035,V1,S3,2026-06-16T21:15:00,2026-06-16T21:17:48,2026-06-16T22:00:00,2026-06-16T22:01:43.838741,11.3,246.9,cab,completed
T001225,R018,D0002,V2,S3,2026-06-16T21:15:00,2026-06-16T21:44:48,2026-06-16T22:00:00,2026-06-16T22:26:56.326704,14.3,95.1,shuttle,completed
T001226,R018,D0030,V2,S3,2026-06-16T21:15:00,2026-06-16T21:25:48,2026-06-16T22:00:00,2026-06-16T22:06:55.553414,14.3,90.4,shuttle,completed
T001227,R020,D0008,V1,S3,2026-06-16T21:15:00,2026-06-16T21:19:06,2026-06-16T22:00:00,2026-06-16T22:00:08.675933,10.6,141.9,nodal,completed
T001228,R020,D0070,V2,S3,2026-06-16T21:15:00,,2026-06-16T22:00:00,,10.1,132.4,nodal,no_show
T001229,R020,D0112,V1,S3,2026-06-16T21:15:00,2026-06-16T21:20:30,2026-06-16T22:00:00,2026-06-16T22:04:51.414030,9.9,141.1,nodal,completed
T001230,R022,D0103,V5,S3,2026-06-16T21:15:00,2026-06-16T21:21:30,2026-06-16T22:00:00,2026-06-16T22:01:32.949771,18.1,343.8,cab,completed
T001231,R022,D0006,V5,S3,2026-06-16T21:15:00,2026-06-16T21:17:54,2026-06-16T22:00:00,2026-06-16T22:00:00,16.7,319.4,cab,completed
T001232,R022,D0060,V3,S3,2026-06-16T21:15:00,2026-06-16T21:15:18,2026-06-16T22:00:00,2026-06-16T22:00:00,16.7,316.3,cab,completed
T001233,R022,D0110,V1,S3,2026-06-16T21:15:00,,2026-06-16T22:00:00,2026-06-16T22:00:00,17.6,337.1,cab,completed
T001234,R003,D0107,V2,S1,2026-06-17T08:15:00,2026-06-17T08:15:06,2026-06-17T09:00:00,2026-06-17T09:00:00,21.8,143.0,shuttle,completed
T001235,R003,D0066,V2,S1,2026-06-17T08:15:00,2026-06-17T08:15:30,2026-06-17T09:00:00,2026-06-17T09:00:00,23.6,150.7,shuttle,completed
T001236,R003,D0011,V2,S1,2026-06-17T08:15:00,2026-06-17T08:16:30,2026-06-17T09:00:00,2026-06-17T09:00:00,23.1,142.9,shuttle,completed
T001237,R006,D0050,V5,S1,2026-06-17T08:15:00,2026-06-17T08:15:00,2026-06-17T09:00:00,2026-06-17T09:00:00,19.0,113.0,shuttle,completed
T001238,R006,D0101,V5,S1,2026-06-17T08:15:00,2026-06-17T08:20:12,2026-06-17T09:00:00,2026-06-17T09:03:29.968296,20.2,126.2,shuttle,completed
T001239,R006,D0070,V2,S1,2026-06-17T08:15:00,2026-06-17T08:15:18,2026-06-17T09:00:00,2026-06-17T09:00:00,19.6,121.9,shuttle,completed
T001240,R008,D0005,V1,S1,2026-06-17T08:15:00,2026-06-17T08:18:24,2026-06-17T09:00:00,2026-06-17T09:00:39.048034,8.9,131.2,nodal,completed
T001241,R008,D0008,V1,S1,2026-06-17T08:15:00,2026-06-17T08:39:00,2026-06-17T09:00:00,2026-06-17T09:22:43.308988,8.6,126.6,nodal,completed
T001242,R008,D0078,V2,S1,2026-06-17T08:15:00,2026-06-17T08:16:06,2026-06-17T09:00:00,2026-06-17T09:00:00,9.0,132.9,nodal,completed
T001243,R008,D0112,V1,S1,2026-06-17T08:15:00,2026-06-17T08:15:48,2026-06-17T09:00:00,2026-06-17T09:00:00,8.9,134.4,nodal,completed
T001244,R008,D0107,V2,S1,2026-06-17T08:15:00,2026-06-17T08:16:18,2026-06-17T09:00:00,2026-06-17T09:00:00,9.7,131.5,nodal,completed
T001245,R011,D0110,V1,S1,2026-06-17T08:15:00,2026-06-17T08:23:36,2026-06-17T09:00:00,2026-06-17T09:04:27.111715,8.0,145.0,nodal,completed
T001246,R011,D0090,V2,S1,2026-06-17T08:15:00,2026-06-17T08:22:00,2026-06-17T09:00:00,2026-06-17T09:02:01.322146,8.2,121.4,nodal,completed
T001247,R011,D0032,V1,S1,2026-06-17T08:15:00,2026-06-17T08:25:24,2026-06-17T09:00:00,2026-06-17T09:06:22.694512,7.9,119.0,nodal,completed
T001248,R011,D0043,V1,S1,2026-06-17T08:15:00,2026-06-17T08:16:54,2026-06-17T09:00:00,2026-06-17T09:00:00,7.8,128.8,nodal,completed
T001249,R011,D0063,V2,S1,2026-06-17T08:15:00,2026-06-17T08:21:54,2026-06-17T09:00:00,2026-06-17T09:06:10.726301,8.1,133.7,nodal,completed
T001250,R011,D0068,V1,S1,2026-06-17T08:15:00,2026-06-17T08:18:36,2026-06-17T09:00:00,2026-06-17T09:00:03.132904,7.9,116.4,nodal,completed
T001251,R013,D0065,V3,S1,2026-06-17T08:15:00,2026-06-17T08:15:00,2026-06-17T09:00:00,2026-06-17T09:00:00,11.0,250.1,cab,completed
T001252,R013,D0086,V1,S1,2026-06-17T08:15:00,2026-06-17T08:22:48,2026-06-17T09:00:00,2026-06-17T09:06:57.174102,11.6,247.1,cab,completed
T001253,R013,D0064,V3,S1,2026-06-17T08:15:00,2026-06-17T08:18:42,2026-06-17T09:00:00,,10.7,261.5,cab,cancelled
T001254,R013,D0103,V5,S1,2026-06-17T08:15:00,2026-06-17T08:16:36,2026-06-17T09:00:00,2026-06-17T09:00:00,11.4,256.8,cab,completed
T001255,R013,D0077,V5,S1,2026-06-17T08:15:00,2026-06-17T08:15:24,2026-06-17T09:00:00,2026-06-17T09:00:00,11.8,250.0,cab,completed
T001256,R013,D0004,V5,S1,2026-06-17T08:15:00,2026-06-17T08:16:12,2026-06-17T09:00:00,2026-06-17T09:01:09.921944,10.5,245.6,cab,completed
T001257,R013,D0117,V1,S1,2026-06-17T08:15:00,2026-06-17T08:37:48,2026-06-17T09:00:00,2026-06-17T09:17:48.430807,10.6,248.1,cab,completed
T001258,R013,D0043,V1,S1,2026-06-17T08:15:00,2026-06-17T08:16:00,2026-06-17T09:00:00,2026-06-17T09:00:00,11.8,246.6,cab,completed
T001259,R013,D0110,V1,S1,2026-06-17T08:15:00,2026-06-17T08:17:30,2026-06-17T09:00:00,2026-06-17T09:00:00,11.2,253.8,cab,completed
T001260,R013,D0089,V3,S1,2026-06-17T08:15:00,2026-06-17T08:22:12,2026-06-17T09:00:00,2026-06-17T09:05:34.858558,10.5,229.8,cab,completed
T001261,R013,D0038,V5,S1,2026-06-17T08:15:00,2026-06-17T08:24:12,2026-06-17T09:00:00,2026-06-17T09:07:53.236625,11.4,255.9,cab,completed
T001262,R018,D0118,V4,S1,2026-06-17T08:15:00,2026-06-17T08:33:06,2026-06-17T09:00:00,2026-06-17T09:14:52.343515,15.8,122.6,shuttle,completed
T001263,R018,D0006,V5,S1,2026-06-17T08:15:00,2026-06-17T08:23:30,2026-06-17T09:00:00,2026-06-17T09:08:18.913932,15.1,95.8,shuttle,completed
T001264,R018,D0050,V5,S1,2026-06-17T08:15:00,2026-06-17T08:21:18,2026-06-17T09:00:00,2026-06-17T09:06:10.658985,15.7,98.8,shuttle,completed
T001265,R020,D0112,V1,S1,2026-06-17T08:15:00,2026-06-17T08:23:18,2026-06-17T09:00:00,2026-06-17T09:07:57.796797,10.6,150.1,nodal,completed
T001266,R020,D0087,V2,S1,2026-06-17T08:15:00,2026-06-17T08:16:30,2026-06-17T09:00:00,2026-06-17T09:00:00,10.7,144.8,nodal,completed
T001267,R020,D0024,V1,S1,2026-06-17T08:15:00,2026-06-17T08:28:30,2026-06-17T09:00:00,2026-06-17T09:12:37.067681,10.2,151.1,nodal,completed
T001268,R020,D0010,V1,S1,2026-06-17T08:15:00,2026-06-17T08:16:24,2026-06-17T09:00:00,2026-06-17T09:00:00,9.8,137.5,nodal,completed
T001269,R020,D0025,V2,S1,2026-06-17T08:15:00,2026-06-17T08:19:24,2026-06-17T09:00:00,2026-06-17T09:03:10.308492,9.9,143.3,nodal,completed
T001270,R020,D0073,V2,S1,2026-06-17T08:15:00,2026-06-17T08:18:12,2026-06-17T09:00:00,2026-06-17T09:01:22.243240,10.5,147.7,nodal,completed
T001271,R022,D0045,V1,S1,2026-06-17T08:15:00,2026-06-17T08:16:42,2026-06-17T09:00:00,2026-06-17T09:00:30.276469,16.4,310.3,cab,completed
T001272,R022,D0105,V3,S1,2026-06-17T08:15:00,2026-06-17T08:32:06,2026-06-17T09:00:00,2026-06-17T09:16:21.904524,18.0,343.0,cab,completed
T001273,R022,D0055,V3,S1,2026-06-17T08:15:00,2026-06-17T08:20:30,2026-06-17T09:00:00,2026-06-17T09:04:49.090597,17.5,328.4,cab,completed
T001274,R022,D0027,V3,S1,2026-06-17T08:15:00,2026-06-17T08:16:06,2026-06-17T09:00:00,2026-06-17T09:00:00,17.4,337.9,cab,completed
T001275,R022,D0065,V3,S1,2026-06-17T08:15:00,2026-06-17T08:15:30,2026-06-17T09:00:00,2026-06-17T09:00:00,16.8,333.2,cab,completed
T001276,R022,D0006,V5,S1,2026-06-17T08:15:00,2026-06-17T08:20:18,2026-06-17T09:00:00,2026-06-17T09:03:20.366656,16.7,314.9,cab,completed
T001277,R022,D0037,V3,S1,2026-06-17T08:15:00,2026-06-17T08:18:48,2026-06-17T09:00:00,2026-06-17T09:00:51.690001,17.9,344.0,cab,completed
T001278,R022,D0015,V1,S1,2026-06-17T08:15:00,2026-06-17T08:23:42,2026-06-17T09:00:00,2026-06-17T09:03:44.516857,18.0,335.9,cab,completed
T001279,R022,D0027,V3,S1,2026-06-17T08:15:00,2026-06-17T08:27:30,2026-06-17T09:00:00,2026-06-17T09:08:06.765887,18.4,343.6,cab,completed
T001280,R022,D0038,V5,S1,2026-06-17T08:15:00,2026-06-17T08:15:12,2026-06-17T09:00:00,2026-06-17T09:00:00,18.1,361.3,cab,completed
T001281,R022,D0038,V5,S1,2026-06-17T08:15:00,2026-06-17T08:29:36,2026-06-17T09:00:00,2026-06-17T09:13:33.833135,17.3,341.1,cab,completed
T001282,R022,D0050,V5,S1,2026-06-17T08:15:00,2026-06-17T08:15:30,2026-06-17T09:00:00,2026-06-17T09:00:12.241227,16.6,328.6,cab,completed
T001283,R003,D0071,V5,S2,2026-06-17T10:15:00,2026-06-17T10:21:12,2026-06-17T11:00:00,2026-06-17T11:03:58.290704,22.4,142.7,shuttle,completed
T001284,R003,D0054,V2,S2,2026-06-17T10:15:00,2026-06-17T10:22:00,2026-06-17T11:00:00,2026-06-17T11:03:37.253332,22.4,155.0,shuttle,completed
T001285,R006,D0019,V4,S2,2026-06-17T10:15:00,2026-06-17T10:45:48,2026-06-17T11:00:00,2026-06-17T11:26:21.547132,18.2,115.2,shuttle,completed
T001286,R006,D0012,V2,S2,2026-06-17T10:15:00,2026-06-17T10:19:18,2026-06-17T11:00:00,2026-06-17T11:00:00,18.2,120.2,shuttle,completed
T001287,R008,D0110,V1,S2,2026-06-17T10:15:00,2026-06-17T10:20:24,2026-06-17T11:00:00,2026-06-17T11:01:53.758364,8.8,129.6,nodal,completed
T001288,R008,D0090,V2,S2,2026-06-17T10:15:00,2026-06-17T10:27:18,2026-06-17T11:00:00,2026-06-17T11:09:19.434754,9.1,127.5,nodal,completed
T001289,R008,D0070,V2,S2,2026-06-17T10:15:00,2026-06-17T10:19:00,2026-06-17T11:00:00,2026-06-17T11:01:42.368456,9.1,132.1,nodal,completed
T001290,R011,D0040,V1,S2,2026-06-17T10:15:00,2026-06-17T10:19:24,2026-06-17T11:00:00,2026-06-17T11:00:14.556506,8.2,139.8,nodal,completed
T001291,R011,D0010,V1,S2,2026-06-17T10:15:00,2026-06-17T10:19:12,2026-06-17T11:00:00,2026-06-17T11:02:53.625213,8.0,119.4,nodal,completed
T001292,R011,D0053,V1,S2,2026-06-17T10:15:00,2026-06-17T10:21:54,2026-06-17T11:00:00,2026-06-17T11:04:41.265725,8.6,119.3,nodal,completed
T001293,R011,D0015,V1,S2,2026-06-17T10:15:00,2026-06-17T10:16:06,2026-06-17T11:00:00,2026-06-17T11:00:00,8.2,130.3,nodal,completed
T001294,R013,D0046,V5,S2,2026-06-17T10:15:00,2026-06-17T10:18:42,2026-06-17T11:00:00,2026-06-17T11:00:00,11.7,258.2,cab,completed
T001295,R013,D0015,V1,S2,2026-06-17T10:15:00,2026-06-17T10:15:30,2026-06-17T11:00:00,2026-06-17T11:00:00,11.7,254.3,cab,completed
T001296,R013,D0069,V5,S2,2026-06-17T10:15:00,2026-06-17T10:17:06,2026-06-17T11:00:00,2026-06-17T11:00:00,11.3,256.2,cab,completed
T001297,R013,D0065,V3,S2,2026-06-17T10:15:00,2026-06-17T10:15:30,2026-06-17T11:00:00,2026-06-17T11:00:04.722427,10.9,237.1,cab,completed
T001298,R013,D0117,V1,S2,2026-06-17T10:15:00,2026-06-17T10:18:18,2026-06-17T11:00:00,2026-06-17T11:00:00,11.1,250.5,cab,completed
T001299,R013,D0013,V5,S2,2026-06-17T10:15:00,2026-06-17T10:23:42,2026-06-17T11:00:00,2026-06-17T11:07:06.796587,11.7,247.0,cab,completed
T001300,R013,D0103,V5,S2,2026-06-17T10:15:00,2026-06-17T10:20:30,2026-06-17T11:00:00,2026-06-17T11:03:16.266209,11.5,243.6,cab,completed
T001301,R013,D0048,V5,S2,2026-06-17T10:15:00,2026-06-17T10:17:30,2026-06-17T11:00:00,2026-06-17T11:02:24.671220,11.3,246.2,cab,completed
T001302,R018,D0061,V4,S2,2026-06-17T10:15:00,2026-06-17T10:21:36,2026-06-17T11:00:00,2026-06-17T11:02:49.928314,14.6,97.9,shuttle,completed
T001303,R018,D0025,V2,S2,2026-06-17T10:15:00,2026-06-17T10:19:42,2026-06-17T11:00:00,2026-06-17T11:00:00,14.6,93.1,shuttle,completed
T001304,R020,D0113,V2,S2,2026-06-17T10:15:00,2026-06-17T10:34:54,2026-06-17T11:00:00,2026-06-17T11:18:07.176719,10.5,153.8,nodal,completed
T001305,R020,D0082,V1,S2,2026-06-17T10:15:00,2026-06-17T10:24:00,2026-06-17T11:00:00,2026-06-17T11:06:45.317704,9.9,137.1,nodal,completed
T001306,R020,D0008,V1,S2,2026-06-17T10:15:00,2026-06-17T10:21:54,2026-06-17T11:00:00,2026-06-17T11:02:10.540053,10.1,146.4,nodal,completed
T001307,R020,D0090,V2,S2,2026-06-17T10:15:00,2026-06-17T10:19:06,2026-06-17T11:00:00,2026-06-17T11:00:00,9.8,130.8,nodal,completed
T001308,R020,D0073,V2,S2,2026-06-17T10:15:00,2026-06-17T10:31:36,2026-06-17T11:00:00,2026-06-17T11:13:58.452634,10.7,148.7,nodal,completed
T001309,R022,D0095,V3,S2,2026-06-17T10:15:00,2026-06-17T10:21:18,2026-06-17T11:00:00,2026-06-17T11:01:25.458470,17.1,320.2,cab,completed
T001310,R022,D0018,V5,S2,2026-06-17T10:15:00,2026-06-17T10:19:48,2026-06-17T11:00:00,2026-06-17T11:03:50.315582,16.5,321.1,cab,completed
T001311,R022,D0060,V3,S2,2026-06-17T10:15:00,2026-06-17T10:15:54,2026-06-17T11:00:00,2026-06-17T11:00:00,16.5,312.3,cab,completed
T001312,R022,D0103,V5,S2,2026-06-17T10:15:00,2026-06-17T10:18:06,2026-06-17T11:00:00,2026-06-17T11:02:06.774362,16.6,328.3,cab,completed
T001313,R022,D0032,V1,S2,2026-06-17T10:15:00,2026-06-17T10:17:42,2026-06-17T11:00:00,2026-06-17T11:00:00,17.8,332.7,cab,completed
T001314,R022,D0085,V3,S2,2026-06-17T10:15:00,2026-06-17T10:20:06,2026-06-17T11:00:00,2026-06-17T11:01:17.110840,17.2,325.4,cab,completed
T001315,R022,D0045,V1,S2,2026-06-17T10:15:00,2026-06-17T10:15:24,2026-06-17T11:00:00,2026-06-17T11:00:00,17.3,338.3,cab,completed
T001316,R022,D0098,V5,S2,2026-06-17T10:15:00,2026-06-17T10:17:48,2026-06-17T11:00:00,2026-06-17T11:00:00,17.0,337.1,cab,completed
T001317,R003,D0021,V4,S3,2026-06-17T21:15:00,,2026-06-17T22:00:00,,21.1,133.1,shuttle,no_show
T001318,R003,D0118,V4,S3,2026-06-17T21:15:00,2026-06-17T21:21:12,2026-06-17T22:00:00,2026-06-17T22:02:31.377960,22.0,144.8,shuttle,completed
T001319,R006,D0042,V5,S3,2026-06-17T21:15:00,2026-06-17T21:21:00,2026-06-17T22:00:00,2026-06-17T22:01:31.542153,18.4,107.1,shuttle,completed
T001320,R008,D0032,V1,S3,2026-06-17T21:15:00,2026-06-17T21:17:42,2026-06-17T22:00:00,2026-06-17T22:00:08.072105,8.6,125.3,nodal,completed
T001321,R008,D0096,V2,S3,2026-06-17T21:15:00,2026-06-17T21:15:36,2026-06-17T22:00:00,2026-06-17T22:00:00,8.7,118.6,nodal,completed
T001322,R011,D0005,V1,S3,2026-06-17T21:15:00,2026-06-17T21:24:06,2026-06-17T22:00:00,2026-06-17T22:04:15.497608,8.0,126.6,nodal,completed
T001323,R011,D0113,V2,S3,2026-06-17T21:15:00,2026-06-17T21:18:48,2026-06-17T22:00:00,2026-06-17T22:01:59.657032,7.9,129.8,nodal,completed
T001324,R011,D0110,V1,S3,2026-06-17T21:15:00,2026-06-17T21:17:00,2026-06-17T22:00:00,2026-06-17T22:00:00,7.7,125.7,nodal,completed
T001325,R013,D0083,V3,S3,2026-06-17T21:15:00,2026-06-17T21:15:42,2026-06-17T22:00:00,2026-06-17T22:00:00,11.8,255.0,cab,completed
T001326,R013,D0043,V1,S3,2026-06-17T21:15:00,2026-06-17T21:17:06,2026-06-17T22:00:00,2026-06-17T22:00:00,11.3,253.2,cab,completed
T001327,R013,D0048,V5,S3,2026-06-17T21:15:00,2026-06-17T21:25:30,2026-06-17T22:00:00,2026-06-17T22:09:47.831722,10.7,240.8,cab,completed
T001328,R013,D0045,V1,S3,2026-06-17T21:15:00,2026-06-17T21:16:12,2026-06-17T22:00:00,2026-06-17T22:00:00,11.4,254.0,cab,completed
T001329,R013,D0028,V3,S3,2026-06-17T21:15:00,2026-06-17T21:26:30,2026-06-17T22:00:00,2026-06-17T22:10:24.118344,10.6,229.7,cab,completed
T001330,R018,D0004,V5,S3,2026-06-17T21:15:00,2026-06-17T21:37:54,2026-06-17T22:00:00,2026-06-17T22:18:10.328696,16.0,107.3,shuttle,completed
T001331,R018,D0046,V5,S3,2026-06-17T21:15:00,2026-06-17T21:20:12,2026-06-17T22:00:00,2026-06-17T22:00:38.635165,15.2,100.8,shuttle,completed
T001332,R020,D0008,V1,S3,2026-06-17T21:15:00,2026-06-17T21:17:06,2026-06-17T22:00:00,2026-06-17T22:00:00,10.1,136.1,nodal,completed
T001333,R020,D0012,V2,S3,2026-06-17T21:15:00,2026-06-17T21:21:24,2026-06-17T22:00:00,2026-06-17T22:05:48.141330,10.0,140.5,nodal,completed
T001334,R022,D0039,V3,S3,2026-06-17T21:15:00,2026-06-17T21:17:18,2026-06-17T22:00:00,2026-06-17T22:02:09.959795,17.2,322.9,cab,completed
T001335,R022,D0027,V3,S3,2026-06-17T21:15:00,2026-06-17T21:21:42,2026-06-17T22:00:00,2026-06-17T22:04:51.981434,17.6,338.9,cab,completed
T001336,R022,D0117,V1,S3,2026-06-17T21:15:00,2026-06-17T21:16:18,2026-06-17T22:00:00,2026-06-17T22:00:00,17.1,322.5,cab,completed
T001337,R022,D0060,V3,S3,2026-06-17T21:15:00,2026-06-17T21:16:00,2026-06-17T22:00:00,2026-06-17T22:00:13.084595,18.0,345.7,cab,completed
T001338,R003,D0012,V2,S1,2026-06-18T08:15:00,2026-06-18T08:19:18,2026-06-18T09:00:00,2026-06-18T09:03:58.878003,22.8,132.4,shuttle,completed
T001339,R003,D0017,V2,S1,2026-06-18T08:15:00,2026-06-18T08:15:36,2026-06-18T09:00:00,2026-06-18T09:00:00,22.8,130.5,shuttle,completed
T001340,R003,D0007,V4,S1,2026-06-18T08:15:00,2026-06-18T08:21:00,2026-06-18T09:00:00,2026-06-18T09:04:31.768159,23.4,149.4,shuttle,completed
T001341,R006,D0094,V2,S1,2026-06-18T08:15:00,2026-06-18T08:17:00,2026-06-18T09:00:00,2026-06-18T09:00:00,19.3,127.1,shuttle,completed
T001342,R006,D0017,V2,S1,2026-06-18T08:15:00,2026-06-18T08:26:42,2026-06-18T09:00:00,2026-06-18T09:10:05.974210,19.0,127.3,shuttle,completed
T001343,R006,D0091,V4,S1,2026-06-18T08:15:00,2026-06-18T08:15:18,2026-06-18T09:00:00,2026-06-18T09:00:00,19.2,130.5,shuttle,completed
T001344,R008,D0090,V2,S1,2026-06-18T08:15:00,2026-06-18T08:20:12,2026-06-18T09:00:00,2026-06-18T09:03:04.053103,9.3,129.6,nodal,completed
T001345,R008,D0032,V1,S1,2026-06-18T08:15:00,2026-06-18T08:21:24,2026-06-18T09:00:00,2026-06-18T09:01:42.964050,9.7,130.6,nodal,completed
T001346,R008,D0057,V2,S1,2026-06-18T08:15:00,2026-06-18T08:18:24,2026-06-18T09:00:00,2026-06-18T09:01:05.741555,9.0,140.1,nodal,completed
T001347,R008,D0012,V2,S1,2026-06-18T08:15:00,2026-06-18T08:20:48,2026-06-18T09:00:00,2026-06-18T09:01:51.992343,9.4,141.6,nodal,completed
T001348,R008,D0029,V2,S1,2026-06-18T08:15:00,2026-06-18T08:18:54,2026-06-18T09:00:00,2026-06-18T09:00:00,9.1,132.5,nodal,completed
T001349,R008,D0082,V1,S1,2026-06-18T08:15:00,2026-06-18T08:15:42,2026-06-18T09:00:00,2026-06-18T09:00:00,9.0,129.9,nodal,completed
T001350,R011,D0057,V2,S1,2026-06-18T08:15:00,2026-06-18T08:17:36,2026-06-18T09:00:00,2026-06-18T09:00:00,8.6,133.5,nodal,completed
T001351,R011,D0053,V1,S1,2026-06-18T08:15:00,2026-06-18T08:17:24,2026-06-18T09:00:00,2026-06-18T09:00:00,8.4,121.6,nodal,completed
T001352,R011,D0017,V2,S1,2026-06-18T08:15:00,2026-06-18T08:26:54,2026-06-18T09:00:00,2026-06-18T09:09:08.926251,8.1,128.6,nodal,completed
T001353,R011,D0081,V2,S1,2026-06-18T08:15:00,2026-06-18T08:21:42,2026-06-18T09:00:00,2026-06-18T09:02:38.421291,7.7,122.2,nodal,completed
T001354,R011,D0003,V1,S1,2026-06-18T08:15:00,2026-06-18T08:22:48,2026-06-18T09:00:00,2026-06-18T09:06:54.199021,7.6,124.1,nodal,completed
T001355,R011,D0096,V2,S1,2026-06-18T08:15:00,2026-06-18T08:21:24,2026-06-18T09:00:00,2026-06-18T09:02:33.003568,8.6,123.1,nodal,completed
T001356,R013,D0082,V1,S1,2026-06-18T08:15:00,2026-06-18T08:21:24,2026-06-18T09:00:00,2026-06-18T09:03:07.354596,10.9,248.2,cab,completed
T001357,R013,D0005,V1,S1,2026-06-18T08:15:00,2026-06-18T08:19:06,2026-06-18T09:00:00,2026-06-18T09:02:58.356544,10.9,234.1,cab,completed
T001358,R013,D0089,V3,S1,2026-06-18T08:15:00,2026-06-18T08:20:06,2026-06-18T09:00:00,2026-06-18T09:03:53.541119,11.3,251.0,cab,completed
T001359,R013,D0083,V3,S1,2026-06-18T08:15:00,2026-06-18T08:20:30,2026-06-18T09:00:00,2026-06-18T09:02:09.046527,11.4,251.1,cab,completed
T001360,R013,D0086,V1,S1,2026-06-18T08:15:00,2026-06-18T08:18:30,2026-06-18T09:00:00,2026-06-18T09:00:00.188693,11.8,258.8,cab,completed
T001361,R013,D0077,V5,S1,2026-06-18T08:15:00,2026-06-18T08:17:00,2026-06-18T09:00:00,2026-06-18T09:01:55.823403,10.6,230.5,cab,completed
T001362,R013,D0038,V5,S1,2026-06-18T08:15:00,2026-06-18T08:18:36,2026-06-18T09:00:00,2026-06-18T09:00:43.748751,11.9,250.1,cab,completed
T001363,R013,D0060,V3,S1,2026-06-18T08:15:00,2026-06-18T08:20:00,2026-06-18T09:00:00,2026-06-18T09:00:01.933905,10.6,237.0,cab,completed
T001364,R013,D0043,V1,S1,2026-06-18T08:15:00,2026-06-18T08:23:36,2026-06-18T09:00:00,2026-06-18T09:08:04.957431,11.1,246.1,cab,completed
T001365,R013,D0086,V1,S1,2026-06-18T08:15:00,2026-06-18T08:21:00,2026-06-18T09:00:00,2026-06-18T09:02:53.231047,11.0,241.0,cab,completed
T001366,R013,D0117,V1,S1,2026-06-18T08:15:00,2026-06-18T08:20:12,2026-06-18T09:00:00,2026-06-18T09:03:00.302309,11.5,256.2,cab,completed
T001367,R018,D0090,V2,S1,2026-06-18T08:15:00,2026-06-18T08:18:18,2026-06-18T09:00:00,2026-06-18T09:00:00,15.2,104.2,shuttle,completed
T001368,R018,D0099,V5,S1,2026-06-18T08:15:00,2026-06-18T08:15:06,2026-06-18T09:00:00,2026-06-18T09:00:00,15.9,115.8,shuttle,completed
T001369,R018,D0075,V4,S1,2026-06-18T08:15:00,2026-06-18T08:19:12,2026-06-18T09:00:00,2026-06-18T09:02:50.569982,15.2,99.9,shuttle,completed
T001370,R020,D0001,V2,S1,2026-06-18T08:15:00,2026-06-18T08:19:00,2026-06-18T09:00:00,2026-06-18T09:00:39.250658,10.5,137.4,nodal,completed
T001371,R020,D0005,V1,S1,2026-06-18T08:15:00,2026-06-18T08:15:42,2026-06-18T09:00:00,2026-06-18T09:00:00,10.4,147.9,nodal,completed
T001372,R020,D0003,V1,S1,2026-06-18T08:15:00,2026-06-18T08:17:36,2026-06-18T09:00:00,2026-06-18T09:00:00,9.7,133.2,nodal,completed
T001373,R020,D0081,V2,S1,2026-06-18T08:15:00,2026-06-18T08:16:18,2026-06-18T09:00:00,2026-06-18T09:00:26.830011,10.3,142.7,nodal,completed
T001374,R020,D0020,V2,S1,2026-06-18T08:15:00,2026-06-18T08:16:24,2026-06-18T09:00:00,2026-06-18T09:00:59.600047,10.1,143.6,nodal,completed
T001375,R020,D0112,V1,S1,2026-06-18T08:15:00,2026-06-18T08:16:18,2026-06-18T09:00:00,2026-06-18T09:00:00,9.6,131.2,nodal,completed
T001376,R022,D0027,V3,S1,2026-06-18T08:15:00,2026-06-18T08:15:12,2026-06-18T09:00:00,2026-06-18T09:00:00,17.1,322.6,cab,completed
T001377,R022,D0022,V5,S1,2026-06-18T08:15:00,2026-06-18T08:17:30,2026-06-18T09:00:00,2026-06-18T09:00:00,16.9,335.2,cab,completed
T001378,R022,D0112,V1,S1,2026-06-18T08:15:00,2026-06-18T08:35:54,2026-06-18T09:00:00,2026-06-18T09:20:35.718668,17.8,340.5,cab,completed
T001379,R022,D0099,V5,S1,2026-06-18T08:15:00,2026-06-18T08:16:48,2026-06-18T09:00:00,2026-06-18T09:00:37.455529,17.6,334.6,cab,completed
T001380,R022,D0004,V5,S1,2026-06-18T08:15:00,2026-06-18T08:19:36,2026-06-18T09:00:00,2026-06-18T09:03:14.883401,18.1,346.9,cab,completed
T001381,R022,D0047,V3,S1,2026-06-18T08:15:00,2026-06-18T08:23:00,2026-06-18T09:00:00,2026-06-18T09:07:26.522488,16.4,337.6,cab,completed
T001382,R022,D0076,V3,S1,2026-06-18T08:15:00,2026-06-18T08:22:48,2026-06-18T09:00:00,2026-06-18T09:04:42.173035,17.4,342.3,cab,completed
T001383,R022,D0095,V3,S1,2026-06-18T08:15:00,2026-06-18T08:16:06,2026-06-18T09:00:00,2026-06-18T09:00:00,16.2,314.5,cab,completed
T001384,R022,D0064,V3,S1,2026-06-18T08:15:00,2026-06-18T08:18:54,2026-06-18T09:00:00,2026-06-18T09:02:06.516809,18.2,367.4,cab,completed
T001385,R022,D0062,V3,S1,2026-06-18T08:15:00,,2026-06-18T09:00:00,,16.2,314.5,cab,no_show
T001386,R022,D0095,V3,S1,2026-06-18T08:15:00,2026-06-18T08:18:12,2026-06-18T09:00:00,2026-06-18T09:02:00.967451,17.9,350.0,cab,completed
T001387,R022,D0018,V5,S1,2026-06-18T08:15:00,2026-06-18T08:20:48,2026-06-18T09:00:00,2026-06-18T09:04:50.399878,18.0,351.4,cab,completed
T001388,R003,D0066,V2,S2,2026-06-18T10:15:00,,2026-06-18T11:00:00,2026-06-18T11:08:20.546530,21.1,126.6,shuttle,completed
T001389,R003,D0091,V4,S2,2026-06-18T10:15:00,2026-06-18T10:15:48,2026-06-18T11:00:00,2026-06-18T11:00:00,23.4,144.1,shuttle,completed
T001390,R006,D0069,V5,S2,2026-06-18T10:15:00,2026-06-18T10:18:24,2026-06-18T11:00:00,2026-06-18T11:00:00,20.0,132.7,shuttle,completed
T001391,R006,D0057,V2,S2,2026-06-18T10:15:00,2026-06-18T10:32:54,2026-06-18T11:00:00,2026-06-18T11:16:52.827040,19.4,116.9,shuttle,completed
T001392,R008,D0010,V1,S2,2026-06-18T10:15:00,2026-06-18T10:15:18,2026-06-18T11:00:00,2026-06-18T11:00:00,9.5,133.1,nodal,completed
T001393,R008,D0082,V1,S2,2026-06-18T10:15:00,2026-06-18T10:55:06,2026-06-18T11:00:00,2026-06-18T11:39:53.448734,9.4,127.0,nodal,completed
T001394,R008,D0113,V2,S2,2026-06-18T10:15:00,2026-06-18T10:19:24,2026-06-18T11:00:00,2026-06-18T11:04:04.566897,8.7,130.6,nodal,completed
T001395,R011,D0082,V1,S2,2026-06-18T10:15:00,2026-06-18T10:29:30,2026-06-18T11:00:00,2026-06-18T11:10:29.405229,7.8,125.8,nodal,completed
T001396,R011,D0063,V2,S2,2026-06-18T10:15:00,2026-06-18T10:20:42,2026-06-18T11:00:00,2026-06-18T11:01:21.910981,8.1,139.3,nodal,completed
T001397,R011,D0114,V2,S2,2026-06-18T10:15:00,2026-06-18T10:34:24,2026-06-18T11:00:00,2026-06-18T11:18:06.890501,7.9,121.1,nodal,completed
T001398,R011,D0106,V2,S2,2026-06-18T10:15:00,2026-06-18T10:15:18,2026-06-18T11:00:00,2026-06-18T11:00:00,8.4,131.7,nodal,completed
T001399,R013,D0028,V3,S2,2026-06-18T10:15:00,2026-06-18T10:16:48,2026-06-18T11:00:00,2026-06-18T11:01:13.440034,11.5,251.6,cab,completed
T001400,R013,D0060,V3,S2,2026-06-18T10:15:00,2026-06-18T10:16:36,2026-06-18T11:00:00,2026-06-18T11:01:24.284282,11.0,252.0,cab,completed
T001401,R013,D0028,V3,S2,2026-06-18T10:15:00,2026-06-18T10:24:36,2026-06-18T11:00:00,2026-06-18T11:09:24.458241,11.2,253.6,cab,completed
T001402,R013,D0046,V5,S2,2026-06-18T10:15:00,2026-06-18T10:25:18,2026-06-18T11:00:00,2026-06-18T11:09:34.189213,11.3,249.3,cab,completed
T001403,R013,D0035,V1,S2,2026-06-18T10:15:00,2026-06-18T10:28:12,2026-06-18T11:00:00,2026-06-18T11:11:58.054794,11.1,240.0,cab,completed
T001404,R013,D0042,V5,S2,2026-06-18T10:15:00,2026-06-18T10:29:30,2026-06-18T11:00:00,2026-06-18T11:10:50.839059,10.9,236.6,cab,completed
T001405,R013,D0055,V3,S2,2026-06-18T10:15:00,2026-06-18T10:18:42,2026-06-18T11:00:00,2026-06-18T11:00:00,10.9,242.1,cab,completed
T001406,R018,D0050,V5,S2,2026-06-18T10:15:00,2026-06-18T10:18:24,2026-06-18T11:00:00,2026-06-18T11:00:00,15.4,109.2,shuttle,completed
T001407,R018,D0088,V5,S2,2026-06-18T10:15:00,2026-06-18T10:24:06,2026-06-18T11:00:00,2026-06-18T11:04:40.228312,15.1,91.9,shuttle,completed
T001408,R020,D0045,V1,S2,2026-06-18T10:15:00,2026-06-18T10:17:24,2026-06-18T11:00:00,2026-06-18T11:00:00,10.2,139.7,nodal,completed
T001409,R020,D0011,V2,S2,2026-06-18T10:15:00,2026-06-18T10:17:24,2026-06-18T11:00:00,2026-06-18T11:00:00,9.9,135.5,nodal,completed
T001410,R020,D0114,V2,S2,2026-06-18T10:15:00,2026-06-18T10:19:36,2026-06-18T11:00:00,2026-06-18T11:04:05.916877,10.0,134.0,nodal,completed
T001411,R020,D0097,V2,S2,2026-06-18T10:15:00,2026-06-18T10:15:30,2026-06-18T11:00:00,2026-06-18T11:00:00,9.6,134.1,nodal,completed
T001412,R020,D0072,V2,S2,2026-06-18T10:15:00,,2026-06-18T11:00:00,2026-06-18T11:00:00,10.4,134.9,nodal,completed
T001413,R022,D0013,V5,S2,2026-06-18T10:15:00,2026-06-18T10:18:00,2026-06-18T11:00:00,2026-06-18T11:00:33.752162,16.3,309.9,cab,completed
T001414,R022,D0060,V3,S2,2026-06-18T10:15:00,2026-06-18T10:17:48,2026-06-18T11:00:00,2026-06-18T11:00:00,17.1,326.8,cab,completed
T001415,R022,D0031,V3,S2,2026-06-18T10:15:00,2026-06-18T10:18:12,2026-06-18T11:00:00,2026-06-18T11:00:00,17.7,336.1,cab,completed
T001416,R022,D0095,V3,S2,2026-06-18T10:15:00,2026-06-18T10:16:12,2026-06-18T11:00:00,2026-06-18T11:00:00,17.1,332.3,cab,completed
T001417,R022,D0116,V5,S2,2026-06-18T10:15:00,2026-06-18T10:23:06,2026-06-18T11:00:00,2026-06-18T11:07:12.931983,18.1,351.5,cab,completed
T001418,R022,D0062,V3,S2,2026-06-18T10:15:00,2026-06-18T10:21:06,2026-06-18T11:00:00,2026-06-18T11:05:49.834012,17.1,333.3,cab,completed
T001419,R022,D0086,V1,S2,2026-06-18T10:15:00,2026-06-18T10:15:36,2026-06-18T11:00:00,2026-06-18T11:00:00,18.2,350.3,cab,completed
T001420,R022,D0077,V5,S2,2026-06-18T10:15:00,2026-06-18T10:40:18,2026-06-18T11:00:00,2026-06-18T11:23:11.525622,17.1,322.5,cab,completed
T001421,R022,D0088,V5,S2,2026-06-18T10:15:00,2026-06-18T10:15:24,2026-06-18T11:00:00,2026-06-18T11:00:00,16.4,326.8,cab,completed
T001422,R003,D0012,V2,S3,2026-06-18T21:15:00,2026-06-18T21:15:24,2026-06-18T22:00:00,2026-06-18T22:00:00,22.2,145.2,shuttle,completed
T001423,R003,D0101,V5,S3,2026-06-18T21:15:00,2026-06-18T21:17:54,2026-06-18T22:00:00,2026-06-18T22:00:16.453801,21.0,123.7,shuttle,completed
T001424,R006,D0021,V4,S3,2026-06-18T21:15:00,2026-06-18T21:16:12,2026-06-18T22:00:00,2026-06-18T22:00:28.956742,19.2,120.8,shuttle,completed
T001425,R008,D0012,V2,S3,2026-06-18T21:15:00,2026-06-18T21:21:00,2026-06-18T22:00:00,2026-06-18T22:01:59.436734,9.1,138.4,nodal,completed
T001426,R008,D0078,V2,S3,2026-06-18T21:15:00,2026-06-18T21:25:36,2026-06-18T22:00:00,2026-06-18T22:06:45.914218,8.9,121.8,nodal,completed
T001427,R011,D0003,V1,S3,2026-06-18T21:15:00,2026-06-18T21:18:42,2026-06-18T22:00:00,2026-06-18T22:03:03.912670,8.2,122.3,nodal,completed
T001428,R011,D0113,V2,S3,2026-06-18T21:15:00,2026-06-18T21:36:30,2026-06-18T22:00:00,2026-06-18T22:18:40.789536,7.7,124.6,nodal,completed
T001429,R011,D0057,V2,S3,2026-06-18T21:15:00,,2026-06-18T22:00:00,,8.4,126.2,nodal,no_show
T001430,R013,D0028,V3,S3,2026-06-18T21:15:00,2026-06-18T21:26:36,2026-06-18T22:00:00,2026-06-18T22:11:17.741425,10.9,248.1,cab,completed
T001431,R013,D0110,V1,S3,2026-06-18T21:15:00,2026-06-18T21:17:48,2026-06-18T22:00:00,2026-06-18T22:00:00,11.4,254.7,cab,completed
T001432,R013,D0098,V5,S3,2026-06-18T21:15:00,2026-06-18T21:16:00,2026-06-18T22:00:00,2026-06-18T22:00:15.104429,11.8,249.4,cab,completed
T001433,R013,D0038,V5,S3,2026-06-18T21:15:00,,2026-06-18T22:00:00,,10.8,243.8,cab,no_show
T001434,R013,D0069,V5,S3,2026-06-18T21:15:00,2026-06-18T21:21:18,2026-06-18T22:00:00,2026-06-18T22:06:08.855816,10.7,235.6,cab,completed
T001435,R013,D0068,V1,S3,2026-06-18T21:15:00,2026-06-18T21:15:18,2026-06-18T22:00:00,2026-06-18T22:00:00,11.0,243.1,cab,completed
T001436,R018,D0017,V2,S3,2026-06-18T21:15:00,2026-06-18T21:17:36,2026-06-18T22:00:00,2026-06-18T22:00:00,14.7,95.8,shuttle,completed
T001437,R018,D0120,V5,S3,2026-06-18T21:15:00,2026-06-18T21:15:48,2026-06-18T22:00:00,2026-06-18T22:00:00,16.2,108.9,shuttle,completed
T001438,R020,D0056,V1,S3,2026-06-18T21:15:00,2026-06-18T21:23:36,2026-06-18T22:00:00,2026-06-18T22:08:32.667469,10.0,131.2,nodal,completed
T001439,R020,D0009,V1,S3,2026-06-18T21:15:00,2026-06-18T21:18:06,2026-06-18T22:00:00,2026-06-18T22:00:00,10.6,138.5,nodal,completed
T001440,R020,D0080,V1,S3,2026-06-18T21:15:00,2026-06-18T21:15:54,2026-06-18T22:00:00,2026-06-18T22:00:00,9.7,132.5,nodal,completed
T001441,R022,D0058,V1,S3,2026-06-18T21:15:00,2026-06-18T21:30:12,2026-06-18T22:00:00,2026-06-18T22:10:56.521535,17.7,337.8,cab,completed
T001442,R022,D0077,V5,S3,2026-06-18T21:15:00,2026-06-18T21:15:18,2026-06-18T22:00:00,2026-06-18T22:00:00,17.4,338.8,cab,completed
T001443,R022,D0064,V3,S3,2026-06-18T21:15:00,2026-06-18T21:19:00,2026-06-18T22:00:00,2026-06-18T22:00:00,16.6,314.5,cab,completed
T001444,R022,D0089,V3,S3,2026-06-18T21:15:00,2026-06-18T21:21:42,2026-06-18T22:00:00,2026-06-18T22:02:01.276579,18.3,356.6,cab,completed
T001445,R003,D0114,V2,S1,2026-06-19T08:15:00,2026-06-19T08:17:42,2026-06-19T09:00:00,2026-06-19T09:00:00,23.5,143.2,shuttle,completed
T001446,R003,D0022,V5,S1,2026-06-19T08:15:00,2026-06-19T08:16:36,2026-06-19T09:00:00,2026-06-19T09:00:00,23.3,148.8,shuttle,completed
T001447,R003,D0051,V2,S1,2026-06-19T08:15:00,2026-06-19T08:16:48,2026-06-19T09:00:00,2026-06-19T09:00:26.670037,23.4,145.2,shuttle,completed
T001448,R006,D0092,V4,S1,2026-06-19T08:15:00,2026-06-19T08:27:00,2026-06-19T09:00:00,2026-06-19T09:10:17.535328,19.5,129.5,shuttle,completed
T001449,R006,D0041,V4,S1,2026-06-19T08:15:00,2026-06-19T08:22:48,2026-06-19T09:00:00,2026-06-19T09:07:41.978861,19.0,111.9,shuttle,completed
T001450,R006,D0063,V2,S1,2026-06-19T08:15:00,2026-06-19T08:15:36,2026-06-19T09:00:00,2026-06-19T09:00:00,19.2,122.9,shuttle,completed
T001451,R008,D0052,V1,S1,2026-06-19T08:15:00,2026-06-19T08:18:48,2026-06-19T09:00:00,2026-06-19T09:01:57.843885,8.6,130.2,nodal,completed
T001452,R008,D0057,V2,S1,2026-06-19T08:15:00,2026-06-19T08:22:54,2026-06-19T09:00:00,2026-06-19T09:03:31.197776,8.7,124.8,nodal,completed
T001453,R008,D0066,V2,S1,2026-06-19T08:15:00,2026-06-19T08:24:36,2026-06-19T09:00:00,2026-06-19T09:08:35.445628,9.1,130.4,nodal,completed
T001454,R008,D0020,V2,S1,2026-06-19T08:15:00,2026-06-19T08:22:06,2026-06-19T09:00:00,2026-06-19T09:06:43.890821,9.1,138.4,nodal,completed
T001455,R008,D0020,V2,S1,2026-06-19T08:15:00,2026-06-19T08:15:24,2026-06-19T09:00:00,2026-06-19T09:00:00,9.1,135.5,nodal,completed
T001456,R008,D0106,V2,S1,2026-06-19T08:15:00,2026-06-19T08:15:48,2026-06-19T09:00:00,2026-06-19T09:00:00,8.6,118.3,nodal,completed
T001457,R011,D0082,V1,S1,2026-06-19T08:15:00,2026-06-19T08:22:06,2026-06-19T09:00:00,2026-06-19T09:04:02.412624,8.1,125.0,nodal,completed
T001458,R011,D0086,V1,S1,2026-06-19T08:15:00,2026-06-19T08:18:00,2026-06-19T09:00:00,2026-06-19T09:00:09.553929,8.5,130.1,nodal,completed
T001459,R011,D0025,V2,S1,2026-06-19T08:15:00,2026-06-19T08:23:24,2026-06-19T09:00:00,2026-06-19T09:06:44.029099,8.5,117.2,nodal,completed
T001460,R011,D0111,V1,S1,2026-06-19T08:15:00,2026-06-19T08:23:48,2026-06-19T09:00:00,2026-06-19T09:05:26.626677,8.5,131.6,nodal,completed
T001461,R011,D0053,V1,S1,2026-06-19T08:15:00,2026-06-19T08:18:54,2026-06-19T09:00:00,2026-06-19T09:02:14.839214,8.2,126.4,nodal,completed
T001462,R011,D0052,V1,S1,2026-06-19T08:15:00,2026-06-19T08:26:18,2026-06-19T09:00:00,2026-06-19T09:10:36.315846,7.6,120.9,nodal,completed
T001463,R013,D0095,V3,S1,2026-06-19T08:15:00,2026-06-19T08:23:36,2026-06-19T09:00:00,2026-06-19T09:07:32.032571,10.5,240.4,cab,completed
T001464,R013,D0083,V3,S1,2026-06-19T08:15:00,2026-06-19T08:39:42,2026-06-19T09:00:00,2026-06-19T09:22:23.772345,10.7,231.5,cab,completed
T001465,R013,D0067,V3,S1,2026-06-19T08:15:00,2026-06-19T08:15:18,2026-06-19T09:00:00,2026-06-19T09:00:00,10.5,245.5,cab,completed
T001466,R013,D0008,V1,S1,2026-06-19T08:15:00,2026-06-19T08:26:48,2026-06-19T09:00:00,2026-06-19T09:09:57.613542,10.5,244.6,cab,completed
T001467,R013,D0028,V3,S1,2026-06-19T08:15:00,2026-06-19T08:27:06,2026-06-19T09:00:00,2026-06-19T09:11:03.853364,11.7,257.9,cab,completed
T001468,R013,D0116,V5,S1,2026-06-19T08:15:00,2026-06-19T08:16:00,2026-06-19T09:00:00,2026-06-19T09:00:00,11.5,249.9,cab,completed
T001469,R013,D0110,V1,S1,2026-06-19T08:15:00,2026-06-19T08:19:24,2026-06-19T09:00:00,2026-06-19T09:01:21.772761,11.4,245.5,cab,completed
T001470,R013,D0009,V1,S1,2026-06-19T08:15:00,2026-06-19T08:20:42,2026-06-19T09:00:00,2026-06-19T09:03:42.036138,11.4,258.8,cab,completed
T001471,R013,D0053,V1,S1,2026-06-19T08:15:00,2026-06-19T08:19:12,2026-06-19T09:00:00,2026-06-19T09:00:00,10.7,247.3,cab,completed
T001472,R013,D0076,V3,S1,2026-06-19T08:15:00,2026-06-19T08:22:18,2026-06-19T09:00:00,2026-06-19T09:04:00.265568,11.4,258.1,cab,completed
T001473,R013,D0099,V5,S1,2026-06-19T08:15:00,2026-06-19T08:24:30,2026-06-19T09:00:00,2026-06-19T09:04:45.239851,11.6,242.4,cab,completed
T001474,R018,D0109,V4,S1,2026-06-19T08:15:00,2026-06-19T08:19:54,2026-06-19T09:00:00,2026-06-19T09:00:00,15.1,101.2,shuttle,completed
T001475,R018,D0025,V2,S1,2026-06-19T08:15:00,2026-06-19T08:15:30,2026-06-19T09:00:00,2026-06-19T09:00:26.970915,14.8,107.4,shuttle,completed
T001476,R018,D0021,V4,S1,2026-06-19T08:15:00,2026-06-19T08:19:06,2026-06-19T09:00:00,2026-06-19T09:00:43.748100,16.2,115.2,shuttle,completed
T001477,R020,D0086,V1,S1,2026-06-19T08:15:00,2026-06-19T08:15:48,2026-06-19T09:00:00,2026-06-19T09:00:00,9.8,147.9,nodal,completed
T001478,R020,D0003,V1,S1,2026-06-19T08:15:00,2026-06-19T08:15:12,2026-06-19T09:00:00,2026-06-19T09:00:00,10.0,139.3,nodal,completed
T001479,R020,D0032,V1,S1,2026-06-19T08:15:00,2026-06-19T08:25:06,2026-06-19T09:00:00,2026-06-19T09:08:42.972474,9.8,140.6,nodal,completed
T001480,R020,D0086,V1,S1,2026-06-19T08:15:00,2026-06-19T08:18:36,2026-06-19T09:00:00,2026-06-19T09:00:00,10.2,134.3,nodal,completed
T001481,R020,D0008,V1,S1,2026-06-19T08:15:00,2026-06-19T08:22:18,2026-06-19T09:00:00,2026-06-19T09:03:20.735755,10.0,133.9,nodal,completed
T001482,R020,D0029,V2,S1,2026-06-19T08:15:00,2026-06-19T08:21:30,2026-06-19T09:00:00,2026-06-19T09:02:24.674986,10.4,149.5,nodal,completed
T001483,R022,D0040,V1,S1,2026-06-19T08:15:00,2026-06-19T08:16:24,2026-06-19T09:00:00,2026-06-19T09:00:00,16.5,318.0,cab,completed
T001484,R022,D0033,V1,S1,2026-06-19T08:15:00,2026-06-19T08:15:48,2026-06-19T09:00:00,2026-06-19T09:00:00,18.0,347.6,cab,completed
T001485,R022,D0028,V3,S1,2026-06-19T08:15:00,2026-06-19T08:18:54,2026-06-19T09:00:00,2026-06-19T09:01:50.095568,18.3,349.6,cab,completed
T001486,R022,D0018,V5,S1,2026-06-19T08:15:00,2026-06-19T08:19:36,2026-06-19T09:00:00,2026-06-19T09:01:09.319006,16.9,322.0,cab,completed
T001487,R022,D0027,V3,S1,2026-06-19T08:15:00,2026-06-19T08:18:00,2026-06-19T09:00:00,2026-06-19T09:01:11.515276,17.9,340.0,cab,completed
T001488,R022,D0099,V5,S1,2026-06-19T08:15:00,2026-06-19T08:20:42,2026-06-19T09:00:00,2026-06-19T09:03:02.141971,17.0,328.3,cab,completed
T001489,R022,D0013,V5,S1,2026-06-19T08:15:00,2026-06-19T08:22:36,2026-06-19T09:00:00,2026-06-19T09:06:06.358228,16.4,315.1,cab,completed
T001490,R022,D0035,V1,S1,2026-06-19T08:15:00,2026-06-19T08:16:54,2026-06-19T09:00:00,2026-06-19T09:01:49.004803,16.8,325.9,cab,completed
T001491,R022,D0035,V1,S1,2026-06-19T08:15:00,2026-06-19T08:18:30,2026-06-19T09:00:00,2026-06-19T09:01:54.448086,17.0,328.0,cab,completed
T001492,R022,D0083,V3,S1,2026-06-19T08:15:00,2026-06-19T08:18:24,2026-06-19T09:00:00,2026-06-19T09:01:18.422291,17.9,343.9,cab,completed
T001493,R022,D0098,V5,S1,2026-06-19T08:15:00,2026-06-19T08:20:30,2026-06-19T09:00:00,2026-06-19T09:01:16.444269,18.1,341.3,cab,completed
T001494,R003,D0044,V4,S2,2026-06-19T10:15:00,2026-06-19T10:37:18,2026-06-19T11:00:00,2026-06-19T11:20:00.154884,21.5,132.1,shuttle,completed
T001495,R003,D0006,V5,S2,2026-06-19T10:15:00,2026-06-19T10:18:00,2026-06-19T11:00:00,2026-06-19T11:00:00,22.3,139.2,shuttle,completed
T001496,R006,D0113,V2,S2,2026-06-19T10:15:00,2026-06-19T10:29:48,2026-06-19T11:00:00,2026-06-19T11:14:27.098148,20.0,121.6,shuttle,completed
T001497,R006,D0113,V2,S2,2026-06-19T10:15:00,2026-06-19T10:17:30,2026-06-19T11:00:00,2026-06-19T11:00:00,20.2,119.7,shuttle,completed
T001498,R008,D0073,V2,S2,2026-06-19T10:15:00,2026-06-19T10:28:12,2026-06-19T11:00:00,2026-06-19T11:11:50.136945,8.7,120.4,nodal,completed
T001499,R008,D0005,V1,S2,2026-06-19T10:15:00,2026-06-19T10:33:12,2026-06-19T11:00:00,2026-06-19T11:14:07.086935,9.5,131.3,nodal,completed
T001500,R008,D0051,V2,S2,2026-06-19T10:15:00,2026-06-19T10:21:06,2026-06-19T11:00:00,2026-06-19T11:03:10.227127,9.5,137.3,nodal,completed
T001501,R008,D0032,V1,S2,2026-06-19T10:15:00,2026-06-19T10:15:18,2026-06-19T11:00:00,2026-06-19T11:00:00,9.2,140.9,nodal,completed
T001502,R011,D0003,V1,S2,2026-06-19T10:15:00,2026-06-19T10:19:18,2026-06-19T11:00:00,2026-06-19T11:01:54.844223,7.7,127.8,nodal,completed
T001503,R011,D0051,V2,S2,2026-06-19T10:15:00,2026-06-19T10:16:36,2026-06-19T11:00:00,2026-06-19T11:00:00,7.9,123.1,nodal,completed
T001504,R011,D0029,V2,S2,2026-06-19T10:15:00,2026-06-19T10:17:24,2026-06-19T11:00:00,2026-06-19T11:00:00,8.0,117.7,nodal,completed
T001505,R011,D0082,V1,S2,2026-06-19T10:15:00,2026-06-19T10:19:12,2026-06-19T11:00:00,2026-06-19T11:03:25.615779,7.7,109.4,nodal,completed
T001506,R013,D0035,V1,S2,2026-06-19T10:15:00,2026-06-19T10:18:54,2026-06-19T11:00:00,2026-06-19T11:01:32.950988,10.8,240.5,cab,completed
T001507,R013,D0050,V5,S2,2026-06-19T10:15:00,2026-06-19T10:23:06,2026-06-19T11:00:00,2026-06-19T11:05:47.385517,10.5,236.3,cab,completed
T001508,R013,D0112,V1,S2,2026-06-19T10:15:00,2026-06-19T10:18:36,2026-06-19T11:00:00,2026-06-19T11:01:17.094864,10.5,240.8,cab,completed
T001509,R013,D0055,V3,S2,2026-06-19T10:15:00,2026-06-19T10:16:24,2026-06-19T11:00:00,2026-06-19T11:00:00,11.1,250.9,cab,completed
T001510,R013,D0014,V5,S2,2026-06-19T10:15:00,2026-06-19T10:17:54,2026-06-19T11:00:00,2026-06-19T11:01:50.481730,11.1,239.2,cab,completed
T001511,R013,D0099,V5,S2,2026-06-19T10:15:00,2026-06-19T10:17:54,2026-06-19T11:00:00,2026-06-19T11:00:00,11.1,250.8,cab,completed
T001512,R013,D0065,V3,S2,2026-06-19T10:15:00,2026-06-19T10:16:30,2026-06-19T11:00:00,2026-06-19T11:01:06.447858,10.5,227.4,cab,completed
T001513,R013,D0022,V5,S2,2026-06-19T10:15:00,2026-06-19T10:20:48,2026-06-19T11:00:00,2026-06-19T11:01:00.879907,11.3,243.9,cab,completed
T001514,R018,D0093,V4,S2,2026-06-19T10:15:00,2026-06-19T10:16:36,2026-06-19T11:00:00,2026-06-19T11:01:22.219702,15.8,113.2,shuttle,completed
T001515,R018,D0071,V5,S2,2026-06-19T10:15:00,2026-06-19T10:16:18,2026-06-19T11:00:00,2026-06-19T11:00:00,15.4,99.2,shuttle,completed
T001516,R020,D0112,V1,S2,2026-06-19T10:15:00,2026-06-19T10:17:06,2026-06-19T11:00:00,2026-06-19T11:00:00,10.2,148.7,nodal,completed
T001517,R020,D0035,V1,S2,2026-06-19T10:15:00,2026-06-19T10:21:48,2026-06-19T11:00:00,2026-06-19T11:06:33.875075,10.4,149.8,nodal,completed
T001518,R020,D0052,V1,S2,2026-06-19T10:15:00,2026-06-19T10:15:48,2026-06-19T11:00:00,2026-06-19T11:00:28.185312,10.1,150.8,nodal,completed
T001519,R020,D0117,V1,S2,2026-06-19T10:15:00,2026-06-19T10:25:06,2026-06-19T11:00:00,2026-06-19T11:06:53.238200,10.0,142.7,nodal,completed
T001520,R022,D0067,V3,S2,2026-06-19T10:15:00,2026-06-19T10:17:48,2026-06-19T11:00:00,2026-06-19T11:00:00,18.2,349.5,cab,completed
T001521,R022,D0098,V5,S2,2026-06-19T10:15:00,2026-06-19T10:28:00,2026-06-19T11:00:00,2026-06-19T11:12:55.297690,16.9,331.2,cab,completed
T001522,R022,D0018,V5,S2,2026-06-19T10:15:00,2026-06-19T10:32:18,2026-06-19T11:00:00,2026-06-19T11:15:07.798908,17.0,324.8,cab,completed
T001523,R022,D0010,V1,S2,2026-06-19T10:15:00,2026-06-19T10:18:36,2026-06-19T11:00:00,2026-06-19T11:03:15.987086,17.6,336.7,cab,completed
T001524,R022,D0060,V3,S2,2026-06-19T10:15:00,2026-06-19T10:18:30,2026-06-19T11:00:00,2026-06-19T11:00:00,17.3,334.6,cab,completed
T001525,R022,D0004,V5,S2,2026-06-19T10:15:00,2026-06-19T10:15:30,2026-06-19T11:00:00,2026-06-19T11:00:00,17.6,328.1,cab,completed
T001526,R022,D0069,V5,S2,2026-06-19T10:15:00,2026-06-19T10:15:42,2026-06-19T11:00:00,2026-06-19T11:00:00,17.1,334.8,cab,completed
T001527,R022,D0120,V5,S2,2026-06-19T10:15:00,2026-06-19T10:19:12,2026-06-19T11:00:00,2026-06-19T11:00:18.194362,18.3,354.8,cab,completed
T001528,R003,D0030,V2,S3,2026-06-19T21:15:00,2026-06-19T21:16:42,2026-06-19T22:00:00,2026-06-19T22:00:00,21.9,131.1,shuttle,completed
T001529,R003,D0093,V4,S3,2026-06-19T21:15:00,2026-06-19T21:16:30,2026-06-19T22:00:00,2026-06-19T22:01:24.095913,22.1,134.0,shuttle,completed
T001530,R006,D0051,V2,S3,2026-06-19T21:15:00,2026-06-19T21:16:00,2026-06-19T22:00:00,2026-06-19T22:00:00,20.2,124.6,shuttle,completed
T001531,R008,D0012,V2,S3,2026-06-19T21:15:00,2026-06-19T21:17:54,2026-06-19T22:00:00,2026-06-19T22:00:00,8.6,129.8,nodal,completed
T001532,R008,D0097,V2,S3,2026-06-19T21:15:00,2026-06-19T21:18:36,2026-06-19T22:00:00,2026-06-19T22:02:54.814203,9.0,152.6,nodal,completed
T001533,R011,D0030,V2,S3,2026-06-19T21:15:00,2026-06-19T21:26:30,2026-06-19T22:00:00,2026-06-19T22:09:10.321028,8.1,119.1,nodal,completed
T001534,R011,D0097,V2,S3,2026-06-19T21:15:00,2026-06-19T21:17:06,2026-06-19T22:00:00,2026-06-19T22:00:13.737199,8.2,135.2,nodal,completed
T001535,R011,D0111,V1,S3,2026-06-19T21:15:00,2026-06-19T21:20:18,2026-06-19T22:00:00,2026-06-19T22:03:09.359948,7.6,112.3,nodal,completed
T001536,R013,D0101,V5,S3,2026-06-19T21:15:00,2026-06-19T21:35:06,2026-06-19T22:00:00,2026-06-19T22:20:02.630074,10.5,242.9,cab,completed
T001537,R013,D0038,V5,S3,2026-06-19T21:15:00,2026-06-19T21:21:12,2026-06-19T22:00:00,2026-06-19T22:04:32.112530,11.6,255.7,cab,completed
T001538,R013,D0032,V1,S3,2026-06-19T21:15:00,2026-06-19T21:32:00,2026-06-19T22:00:00,2026-06-19T22:14:35.648954,11.2,267.5,cab,completed
T001539,R013,D0018,V5,S3,2026-06-19T21:15:00,2026-06-19T21:16:06,2026-06-19T22:00:00,2026-06-19T22:00:00,10.9,251.5,cab,completed
T001540,R013,D0046,V5,S3,2026-06-19T21:15:00,2026-06-19T21:15:42,2026-06-19T22:00:00,2026-06-19T22:00:00,10.6,237.2,cab,completed
T001541,R018,D0057,V2,S3,2026-06-19T21:15:00,2026-06-19T21:46:06,2026-06-19T22:00:00,2026-06-19T22:30:09.402984,14.7,95.5,shuttle,completed
T001542,R018,D0118,V4,S3,2026-06-19T21:15:00,2026-06-19T21:18:18,2026-06-19T22:00:00,2026-06-19T22:02:00.963093,14.5,90.5,shuttle,completed
T001543,R020,D0087,V2,S3,2026-06-19T21:15:00,2026-06-19T21:20:30,2026-06-19T22:00:00,2026-06-19T22:04:56.163135,9.8,139.8,nodal,completed
T001544,R020,D0082,V1,S3,2026-06-19T21:15:00,2026-06-19T21:17:48,2026-06-19T22:00:00,2026-06-19T22:00:07.264931,10.7,156.1,nodal,completed
T001545,R020,D0030,V2,S3,2026-06-19T21:15:00,2026-06-19T21:25:48,2026-06-19T22:00:00,2026-06-19T22:10:41.826171,10.0,132.2,nodal,completed
T001546,R022,D0108,V5,S3,2026-06-19T21:15:00,2026-06-19T21:37:12,2026-06-19T22:00:00,2026-06-19T22:18:29.558871,18.3,350.3,cab,completed
T001547,R022,D0036,V3,S3,2026-06-19T21:15:00,2026-06-19T21:19:24,2026-06-19T22:00:00,2026-06-19T22:03:09.125901,16.9,335.0,cab,completed
T001548,R022,D0042,V5,S3,2026-06-19T21:15:00,2026-06-19T21:20:42,2026-06-19T22:00:00,2026-06-19T22:04:08.682553,17.2,336.5,cab,completed
T001549,R022,D0040,V1,S3,2026-06-19T21:15:00,2026-06-19T21:27:30,2026-06-19T22:00:00,2026-06-19T22:11:13.013099,17.4,339.5,cab,completed
T001550,R003,D0016,V5,S1,2026-06-22T08:15:00,2026-06-22T08:16:00,2026-06-22T09:00:00,2026-06-22T09:00:00,21.0,126.5,shuttle,completed
T001551,R003,D0057,V2,S1,2026-06-22T08:15:00,2026-06-22T08:16:12,2026-06-22T09:00:00,2026-06-22T09:00:26.966366,23.6,141.3,shuttle,completed
T001552,R003,D0072,V2,S1,2026-06-22T08:15:00,2026-06-22T08:15:48,2026-06-22T09:00:00,2026-06-22T09:00:00,23.5,137.8,shuttle,completed
T001553,R006,D0070,V2,S1,2026-06-22T08:15:00,2026-06-22T08:17:12,2026-06-22T09:00:00,2026-06-22T09:00:00,18.6,119.5,shuttle,completed
T001554,R006,D0011,V2,S1,2026-06-22T08:15:00,2026-06-22T08:17:36,2026-06-22T09:00:00,2026-06-22T09:00:34.137032,18.7,124.6,shuttle,completed
T001555,R006,D0013,V5,S1,2026-06-22T08:15:00,2026-06-22T08:17:24,2026-06-22T09:00:00,2026-06-22T09:01:06.982751,18.2,107.3,shuttle,completed
T001556,R008,D0030,V2,S1,2026-06-22T08:15:00,2026-06-22T08:22:18,2026-06-22T09:00:00,2026-06-22T09:02:56.476381,9.5,132.5,nodal,completed
T001557,R008,D0078,V2,S1,2026-06-22T08:15:00,2026-06-22T08:34:00,2026-06-22T09:00:00,2026-06-22T09:18:29.960287,9.7,146.5,nodal,completed
T001558,R008,D0002,V2,S1,2026-06-22T08:15:00,2026-06-22T08:17:18,2026-06-22T09:00:00,2026-06-22T09:00:00,9.3,141.1,nodal,completed
T001559,R008,D0043,V1,S1,2026-06-22T08:15:00,2026-06-22T08:27:42,2026-06-22T09:00:00,2026-06-22T09:09:22.280647,9.2,137.4,nodal,completed
T001560,R008,D0051,V2,S1,2026-06-22T08:15:00,2026-06-22T08:16:18,2026-06-22T09:00:00,2026-06-22T09:01:11.138855,8.9,123.6,nodal,completed
T001561,R011,D0097,V2,S1,2026-06-22T08:15:00,2026-06-22T08:31:42,2026-06-22T09:00:00,2026-06-22T09:13:53.715574,7.6,113.7,nodal,completed
T001562,R011,D0033,V1,S1,2026-06-22T08:15:00,2026-06-22T08:25:30,2026-06-22T09:00:00,2026-06-22T09:10:28.095740,8.4,131.3,nodal,completed
T001563,R011,D0094,V2,S1,2026-06-22T08:15:00,2026-06-22T08:16:12,2026-06-22T09:00:00,2026-06-22T09:01:07.862486,8.5,130.3,nodal,completed
T001564,R011,D0053,V1,S1,2026-06-22T08:15:00,2026-06-22T08:23:54,2026-06-22T09:00:00,,8.1,129.7,nodal,cancelled
T001565,R011,D0045,V1,S1,2026-06-22T08:15:00,2026-06-22T08:25:00,2026-06-22T09:00:00,2026-06-22T09:08:31.036855,8.3,128.8,nodal,completed
T001566,R013,D0027,V3,S1,2026-06-22T08:15:00,2026-06-22T08:19:48,2026-06-22T09:00:00,2026-06-22T09:02:03.318645,11.4,253.4,cab,completed
T001567,R013,D0016,V5,S1,2026-06-22T08:15:00,2026-06-22T08:18:48,2026-06-22T09:00:00,2026-06-22T09:00:30.293599,11.7,262.0,cab,completed
T001568,R013,D0045,V1,S1,2026-06-22T08:15:00,2026-06-22T08:35:18,2026-06-22T09:00:00,2026-06-22T09:15:49.814393,11.5,241.4,cab,completed
T001569,R013,D0083,V3,S1,2026-06-22T08:15:00,2026-06-22T08:23:24,2026-06-22T09:00:00,2026-06-22T09:07:42.324045,10.9,253.9,cab,completed
T001570,R013,D0117,V1,S1,2026-06-22T08:15:00,2026-06-22T08:19:30,2026-06-22T09:00:00,2026-06-22T09:00:00,11.7,248.4,cab,completed
T001571,R013,D0013,V5,S1,2026-06-22T08:15:00,2026-06-22T08:15:48,2026-06-22T09:00:00,2026-06-22T09:00:00,11.4,245.0,cab,completed
T001572,R013,D0082,V1,S1,2026-06-22T08:15:00,2026-06-22T08:21:54,2026-06-22T09:00:00,2026-06-22T09:03:58.889301,10.5,241.1,cab,completed
T001573,R013,D0008,V1,S1,2026-06-22T08:15:00,2026-06-22T08:45:42,2026-06-22T09:00:00,2026-06-22T09:26:48.257192,11.0,240.0,cab,completed
T001574,R013,D0049,V3,S1,2026-06-22T08:15:00,2026-06-22T08:21:42,2026-06-22T09:00:00,2026-06-22T09:05:52.410037,10.9,246.3,cab,completed
T001575,R013,D0112,V1,S1,2026-06-22T08:15:00,2026-06-22T08:24:24,2026-06-22T09:00:00,2026-06-22T09:09:08.882022,11.9,247.6,cab,completed
T001576,R013,D0085,V3,S1,2026-06-22T08:15:00,2026-06-22T08:15:12,2026-06-22T09:00:00,2026-06-22T09:00:00,11.8,259.7,cab,completed
T001577,R018,D0106,V2,S1,2026-06-22T08:15:00,2026-06-22T08:15:06,2026-06-22T09:00:00,2026-06-22T09:00:00,15.9,99.5,shuttle,completed
T001578,R018,D0069,V5,S1,2026-06-22T08:15:00,2026-06-22T08:21:30,2026-06-22T09:00:00,2026-06-22T09:05:26.800685,15.5,115.9,shuttle,completed
T001579,R018,D0041,V4,S1,2026-06-22T08:15:00,2026-06-22T08:26:48,2026-06-22T09:00:00,2026-06-22T09:10:11.121200,14.7,103.2,shuttle,completed
T001580,R020,D0051,V2,S1,2026-06-22T08:15:00,2026-06-22T08:18:36,2026-06-22T09:00:00,2026-06-22T09:00:00,10.4,142.8,nodal,completed
T001581,R020,D0053,V1,S1,2026-06-22T08:15:00,2026-06-22T08:18:18,2026-06-22T09:00:00,2026-06-22T09:01:25.249336,9.7,146.8,nodal,completed
T001582,R020,D0043,V1,S1,2026-06-22T08:15:00,2026-06-22T08:21:18,2026-06-22T09:00:00,2026-06-22T09:04:07.701866,9.7,145.4,nodal,completed
T001583,R020,D0005,V1,S1,2026-06-22T08:15:00,2026-06-22T08:18:24,2026-06-22T09:00:00,2026-06-22T09:00:35.246211,9.7,142.5,nodal,completed
T001584,R020,D0011,V2,S1,2026-06-22T08:15:00,2026-06-22T08:16:06,2026-06-22T09:00:00,2026-06-22T09:00:02.064250,10.7,147.0,nodal,completed
T001585,R020,D0057,V2,S1,2026-06-22T08:15:00,2026-06-22T08:17:24,2026-06-22T09:00:00,2026-06-22T09:01:09.078531,9.6,152.8,nodal,completed
T001586,R020,D0020,V2,S1,2026-06-22T08:15:00,2026-06-22T08:16:36,2026-06-22T09:00:00,2026-06-22T09:00:54.242595,9.9,144.8,nodal,completed
T001587,R022,D0027,V3,S1,2026-06-22T08:15:00,2026-06-22T08:20:54,2026-06-22T09:00:00,2026-06-22T09:03:31.627952,17.9,335.9,cab,completed
T001588,R022,D0068,V1,S1,2026-06-22T08:15:00,2026-06-22T08:18:12,2026-06-22T09:00:00,2026-06-22T09:00:00,17.0,336.5,cab,completed
T001589,R022,D0079,V3,S1,2026-06-22T08:15:00,2026-06-22T08:17:24,2026-06-22T09:00:00,2026-06-22T09:00:00,17.2,332.8,cab,completed
T001590,R022,D0080,V1,S1,2026-06-22T08:15:00,2026-06-22T08:21:30,2026-06-22T09:00:00,2026-06-22T09:03:45.244339,17.3,331.1,cab,completed
T001591,R022,D0077,V5,S1,2026-06-22T08:15:00,2026-06-22T08:21:42,2026-06-22T09:00:00,2026-06-22T09:06:34.995589,17.9,346.5,cab,completed
T001592,R022,D0050,V5,S1,2026-06-22T08:15:00,,2026-06-22T09:00:00,,16.3,324.7,cab,no_show
T001593,R022,D0037,V3,S1,2026-06-22T08:15:00,2026-06-22T08:16:54,2026-06-22T09:00:00,2026-06-22T09:00:00,17.5,335.8,cab,completed
T001594,R022,D0027,V3,S1,2026-06-22T08:15:00,2026-06-22T08:15:06,2026-06-22T09:00:00,2026-06-22T09:00:00,17.6,337.7,cab,completed
T001595,R022,D0086,V1,S1,2026-06-22T08:15:00,2026-06-22T08:16:06,2026-06-22T09:00:00,2026-06-22T09:00:19.599849,17.3,340.8,cab,completed
T001596,R022,D0076,V3,S1,2026-06-22T08:15:00,2026-06-22T08:15:42,2026-06-22T09:00:00,2026-06-22T09:00:00,17.8,344.9,cab,completed
T001597,R022,D0083,V3,S1,2026-06-22T08:15:00,2026-06-22T08:22:36,2026-06-22T09:00:00,2026-06-22T09:07:32.076316,18.0,347.9,cab,completed
T001598,R022,D0023,V3,S1,2026-06-22T08:15:00,2026-06-22T08:15:00,2026-06-22T09:00:00,2026-06-22T09:00:00,17.8,347.9,cab,completed
T001599,R003,D0029,V2,S2,2026-06-22T10:15:00,2026-06-22T10:21:42,2026-06-22T11:00:00,2026-06-22T11:06:07.411628,22.9,135.0,shuttle,completed
T001600,R003,D0044,V4,S2,2026-06-22T10:15:00,2026-06-22T10:19:24,2026-06-22T11:00:00,2026-06-22T11:00:00,21.9,152.8,shuttle,completed
T001601,R006,D0071,V5,S2,2026-06-22T10:15:00,2026-06-22T10:17:48,2026-06-22T11:00:00,2026-06-22T11:00:00,20.1,119.2,shuttle,completed
T001602,R006,D0048,V5,S2,2026-06-22T10:15:00,2026-06-22T10:19:36,2026-06-22T11:00:00,2026-06-22T11:04:11.213569,19.6,114.1,shuttle,completed
T001603,R008,D0033,V1,S2,2026-06-22T10:15:00,2026-06-22T10:16:30,2026-06-22T11:00:00,2026-06-22T11:01:17.692390,9.0,121.4,nodal,completed
T001604,R008,D0096,V2,S2,2026-06-22T10:15:00,2026-06-22T10:15:42,2026-06-22T11:00:00,2026-06-22T11:00:00,8.9,139.5,nodal,completed
T001605,R008,D0058,V1,S2,2026-06-22T10:15:00,,2026-06-22T11:00:00,,9.3,132.7,nodal,no_show
T001606,R011,D0054,V2,S2,2026-06-22T10:15:00,2026-06-22T10:19:42,2026-06-22T11:00:00,2026-06-22T11:04:34.925052,7.7,123.6,nodal,completed
T001607,R011,D0001,V2,S2,2026-06-22T10:15:00,2026-06-22T10:19:24,2026-06-22T11:00:00,2026-06-22T11:00:16.904299,8.5,126.6,nodal,completed
T001608,R011,D0040,V1,S2,2026-06-22T10:15:00,2026-06-22T10:25:12,2026-06-22T11:00:00,2026-06-22T11:06:22.851610,8.5,132.2,nodal,completed
T001609,R013,D0032,V1,S2,2026-06-22T10:15:00,2026-06-22T10:15:30,2026-06-22T11:00:00,2026-06-22T11:00:00,10.5,233.8,cab,completed
T001610,R013,D0086,V1,S2,2026-06-22T10:15:00,2026-06-22T10:36:12,2026-06-22T11:00:00,2026-06-22T11:18:15.809628,11.2,239.0,cab,completed
T001611,R013,D0083,V3,S2,2026-06-22T10:15:00,2026-06-22T10:15:30,2026-06-22T11:00:00,2026-06-22T11:00:00,10.9,252.4,cab,completed
T001612,R013,D0065,V3,S2,2026-06-22T10:15:00,2026-06-22T10:17:48,2026-06-22T11:00:00,2026-06-22T11:00:00,10.7,241.6,cab,completed
T001613,R013,D0055,V3,S2,2026-06-22T10:15:00,2026-06-22T10:24:36,2026-06-22T11:00:00,2026-06-22T11:06:23.796523,11.6,259.4,cab,completed
T001614,R013,D0049,V3,S2,2026-06-22T10:15:00,2026-06-22T10:17:42,2026-06-22T11:00:00,2026-06-22T11:01:46.410465,11.9,253.4,cab,completed
T001615,R013,D0022,V5,S2,2026-06-22T10:15:00,2026-06-22T10:17:48,2026-06-22T11:00:00,2026-06-22T11:01:58.239526,11.7,261.2,cab,completed
T001616,R018,D0091,V4,S2,2026-06-22T10:15:00,2026-06-22T10:29:00,2026-06-22T11:00:00,2026-06-22T11:11:55.349433,15.7,101.6,shuttle,completed
T001617,R018,D0092,V4,S2,2026-06-22T10:15:00,2026-06-22T10:16:24,2026-06-22T11:00:00,2026-06-22T11:00:00,14.8,104.9,shuttle,completed
T001618,R020,D0012,V2,S2,2026-06-22T10:15:00,2026-06-22T10:19:18,2026-06-22T11:00:00,2026-06-22T11:02:44.322274,10.3,140.4,nodal,completed
T001619,R020,D0008,V1,S2,2026-06-22T10:15:00,2026-06-22T10:25:12,2026-06-22T11:00:00,2026-06-22T11:06:23.836690,10.0,143.2,nodal,completed
T001620,R020,D0030,V2,S2,2026-06-22T10:15:00,2026-06-22T10:22:00,2026-06-22T11:00:00,2026-06-22T11:02:48.861151,10.8,145.1,nodal,completed
T001621,R020,D0096,V2,S2,2026-06-22T10:15:00,2026-06-22T10:15:18,2026-06-22T11:00:00,2026-06-22T11:00:00,10.3,145.8,nodal,completed
T001622,R022,D0049,V3,S2,2026-06-22T10:15:00,2026-06-22T10:16:00,2026-06-22T11:00:00,2026-06-22T11:00:15.086668,16.5,328.0,cab,completed
T001623,R022,D0120,V5,S2,2026-06-22T10:15:00,2026-06-22T10:16:24,2026-06-22T11:00:00,2026-06-22T11:00:00,16.5,314.0,cab,completed
T001624,R022,D0099,V5,S2,2026-06-22T10:15:00,2026-06-22T10:15:18,2026-06-22T11:00:00,2026-06-22T11:00:00,17.2,338.7,cab,completed
T001625,R022,D0080,V1,S2,2026-06-22T10:15:00,2026-06-22T10:21:06,2026-06-22T11:00:00,2026-06-22T11:03:56.810421,16.7,325.3,cab,completed
T001626,R022,D0071,V5,S2,2026-06-22T10:15:00,2026-06-22T10:22:06,2026-06-22T11:00:00,2026-06-22T11:04:49.643988,17.3,328.9,cab,completed
T001627,R022,D0101,V5,S2,2026-06-22T10:15:00,2026-06-22T10:25:36,2026-06-22T11:00:00,2026-06-22T11:09:33.436491,16.2,322.5,cab,completed
T001628,R022,D0045,V1,S2,2026-06-22T10:15:00,2026-06-22T10:17:18,2026-06-22T11:00:00,2026-06-22T11:00:00,17.3,335.7,cab,completed
T001629,R022,D0016,V5,S2,2026-06-22T10:15:00,2026-06-22T10:16:54,2026-06-22T11:00:00,2026-06-22T11:01:42.206948,16.9,323.1,cab,completed
T001630,R003,D0116,V5,S3,2026-06-22T21:15:00,,2026-06-22T22:00:00,2026-06-22T22:00:00,23.4,133.4,shuttle,completed
T001631,R003,D0022,V5,S3,2026-06-22T21:15:00,2026-06-22T21:21:54,2026-06-22T22:00:00,2026-06-22T22:02:44.821202,23.0,144.9,shuttle,completed
T001632,R006,D0029,V2,S3,2026-06-22T21:15:00,2026-06-22T21:16:42,2026-06-22T22:00:00,2026-06-22T22:00:57.624323,19.7,131.1,shuttle,completed
T001633,R008,D0011,V2,S3,2026-06-22T21:15:00,2026-06-22T21:20:30,2026-06-22T22:00:00,2026-06-22T22:00:46.234116,9.5,141.3,nodal,completed
T001634,R008,D0005,V1,S3,2026-06-22T21:15:00,2026-06-22T21:16:18,2026-06-22T22:00:00,2026-06-22T22:00:00,9.6,127.7,nodal,completed
T001635,R011,D0032,V1,S3,2026-06-22T21:15:00,2026-06-22T21:17:24,2026-06-22T22:00:00,2026-06-22T22:00:00,8.3,131.9,nodal,completed
T001636,R011,D0072,V2,S3,2026-06-22T21:15:00,2026-06-22T21:19:18,2026-06-22T22:00:00,2026-06-22T22:00:00,8.6,134.9,nodal,completed
T001637,R011,D0035,V1,S3,2026-06-22T21:15:00,2026-06-22T21:17:12,2026-06-22T22:00:00,2026-06-22T22:00:00,8.1,118.6,nodal,completed
T001638,R013,D0086,V1,S3,2026-06-22T21:15:00,2026-06-22T21:16:18,2026-06-22T22:00:00,2026-06-22T22:00:00,11.2,242.7,cab,completed
T001639,R013,D0033,V1,S3,2026-06-22T21:15:00,2026-06-22T21:15:48,2026-06-22T22:00:00,2026-06-22T22:00:00,10.5,256.6,cab,completed
T001640,R013,D0006,V5,S3,2026-06-22T21:15:00,2026-06-22T21:17:12,2026-06-22T22:00:00,2026-06-22T22:01:42.001118,11.5,255.7,cab,completed
T001641,R013,D0077,V5,S3,2026-06-22T21:15:00,2026-06-22T21:27:18,2026-06-22T22:00:00,2026-06-22T22:07:58.887999,10.6,248.0,cab,completed
T001642,R013,D0105,V3,S3,2026-06-22T21:15:00,2026-06-22T21:22:48,2026-06-22T22:00:00,2026-06-22T22:06:07.765284,11.2,243.7,cab,completed
T001643,R018,D0022,V5,S3,2026-06-22T21:15:00,2026-06-22T21:28:48,2026-06-22T22:00:00,2026-06-22T22:10:06.963622,14.8,94.0,shuttle,completed
T001644,R018,D0059,V4,S3,2026-06-22T21:15:00,2026-06-22T21:18:54,2026-06-22T22:00:00,2026-06-22T22:00:00,14.8,94.2,shuttle,completed
T001645,R020,D0117,V1,S3,2026-06-22T21:15:00,2026-06-22T21:41:48,2026-06-22T22:00:00,2026-06-22T22:26:09.955933,10.3,137.5,nodal,completed
T001646,R020,D0040,V1,S3,2026-06-22T21:15:00,2026-06-22T21:16:06,2026-06-22T22:00:00,2026-06-22T22:00:00,9.8,141.4,nodal,completed
T001647,R020,D0035,V1,S3,2026-06-22T21:15:00,2026-06-22T21:19:36,2026-06-22T22:00:00,2026-06-22T22:00:48.108985,10.6,149.8,nodal,completed
T001648,R022,D0042,V5,S3,2026-06-22T21:15:00,2026-06-22T21:27:00,2026-06-22T22:00:00,2026-06-22T22:11:28.099213,17.8,347.6,cab,completed
T001649,R022,D0043,V1,S3,2026-06-22T21:15:00,2026-06-22T21:29:00,2026-06-22T22:00:00,2026-06-22T22:13:54.660226,16.6,316.9,cab,completed
T001650,R022,D0048,V5,S3,2026-06-22T21:15:00,2026-06-22T21:23:18,2026-06-22T22:00:00,2026-06-22T22:05:38.865920,16.7,329.2,cab,completed
T001651,R022,D0022,V5,S3,2026-06-22T21:15:00,2026-06-22T21:25:06,2026-06-22T22:00:00,2026-06-22T22:08:07.257200,16.9,319.5,cab,completed
T001652,R003,D0014,V5,S1,2026-06-23T08:15:00,2026-06-23T08:32:18,2026-06-23T09:00:00,2026-06-23T09:13:35.458916,22.7,145.7,shuttle,completed
T001653,R003,D0097,V2,S1,2026-06-23T08:15:00,2026-06-23T08:16:42,2026-06-23T09:00:00,2026-06-23T09:00:00,21.0,128.9,shuttle,completed
T001654,R003,D0107,V2,S1,2026-06-23T08:15:00,2026-06-23T08:26:54,2026-06-23T09:00:00,2026-06-23T09:06:58.324951,22.6,147.7,shuttle,completed
T001655,R006,D0018,V5,S1,2026-06-23T08:15:00,2026-06-23T08:16:24,2026-06-23T09:00:00,2026-06-23T09:00:43.051494,18.5,108.1,shuttle,completed
T001656,R006,D0113,V2,S1,2026-06-23T08:15:00,2026-06-23T08:15:12,2026-06-23T09:00:00,2026-06-23T09:00:00,19.1,120.7,shuttle,completed
T001657,R006,D0021,V4,S1,2026-06-23T08:15:00,2026-06-23T08:43:06,2026-06-23T09:00:00,2026-06-23T09:27:48.037925,18.2,107.9,shuttle,completed
T001658,R008,D0053,V1,S1,2026-06-23T08:15:00,2026-06-23T08:20:06,2026-06-23T09:00:00,2026-06-23T09:00:27.236269,8.8,123.7,nodal,completed
T001659,R008,D0012,V2,S1,2026-06-23T08:15:00,2026-06-23T08:26:18,2026-06-23T09:00:00,2026-06-23T09:07:01.247249,8.8,120.3,nodal,completed
T001660,R008,D0010,V1,S1,2026-06-23T08:15:00,2026-06-23T08:17:36,2026-06-23T09:00:00,2026-06-23T09:00:00,9.2,125.7,nodal,completed
T001661,R008,D0054,V2,S1,2026-06-23T08:15:00,2026-06-23T08:16:36,2026-06-23T09:00:00,2026-06-23T09:00:58.952356,9.5,137.8,nodal,completed
T001662,R008,D0113,V2,S1,2026-06-23T08:15:00,2026-06-23T08:18:42,2026-06-23T09:00:00,2026-06-23T09:01:36.238786,9.4,144.1,nodal,completed
T001663,R008,D0063,V2,S1,2026-06-23T08:15:00,2026-06-23T08:15:48,2026-06-23T09:00:00,2026-06-23T09:00:00,9.2,129.5,nodal,completed
T001664,R011,D0012,V2,S1,2026-06-23T08:15:00,2026-06-23T08:25:48,2026-06-23T09:00:00,2026-06-23T09:07:16.415634,8.5,125.5,nodal,completed
T001665,R011,D0008,V1,S1,2026-06-23T08:15:00,2026-06-23T08:30:42,2026-06-23T09:00:00,2026-06-23T09:11:58.675748,8.6,123.4,nodal,completed
T001666,R011,D0056,V1,S1,2026-06-23T08:15:00,2026-06-23T08:21:18,2026-06-23T09:00:00,2026-06-23T09:03:52.619011,8.4,120.2,nodal,completed
T001667,R011,D0015,V1,S1,2026-06-23T08:15:00,2026-06-23T08:18:42,2026-06-23T09:00:00,2026-06-23T09:03:19.403971,8.6,136.7,nodal,completed
T001668,R011,D0051,V2,S1,2026-06-23T08:15:00,2026-06-23T08:26:24,2026-06-23T09:00:00,2026-06-23T09:09:24.185732,8.4,125.6,nodal,completed
T001669,R011,D0002,V2,S1,2026-06-23T08:15:00,2026-06-23T08:20:12,2026-06-23T09:00:00,2026-06-23T09:01:16.793348,8.1,129.3,nodal,completed
T001670,R013,D0055,V3,S1,2026-06-23T08:15:00,2026-06-23T08:18:00,2026-06-23T09:00:00,2026-06-23T09:01:46.117191,10.5,230.2,cab,completed
T001671,R013,D0022,V5,S1,2026-06-23T08:15:00,2026-06-23T08:25:30,2026-06-23T09:00:00,2026-06-23T09:08:11.338285,11.0,248.4,cab,completed
T001672,R013,D0088,V5,S1,2026-06-23T08:15:00,2026-06-23T08:17:42,2026-06-23T09:00:00,2026-06-23T09:00:00,11.8,247.3,cab,completed
T001673,R013,D0089,V3,S1,2026-06-23T08:15:00,2026-06-23T08:15:18,2026-06-23T09:00:00,2026-06-23T09:00:00,11.4,256.2,cab,completed
T001674,R013,D0027,V3,S1,2026-06-23T08:15:00,2026-06-23T08:23:12,2026-06-23T09:00:00,2026-06-23T09:05:24.291720,11.9,249.5,cab,completed
T001675,R013,D0086,V1,S1,2026-06-23T08:15:00,2026-06-23T08:15:18,2026-06-23T09:00:00,2026-06-23T09:00:00,11.6,257.2,cab,completed
T001676,R013,D0067,V3,S1,2026-06-23T08:15:00,2026-06-23T08:16:06,2026-06-23T09:00:00,2026-06-23T09:00:00,11.1,247.0,cab,completed
T001677,R013,D0024,V1,S1,2026-06-23T08:15:00,2026-06-23T08:16:48,2026-06-23T09:00:00,2026-06-23T09:00:00,10.9,240.3,cab,completed
T001678,R013,D0071,V5,S1,2026-06-23T08:15:00,2026-06-23T08:34:54,2026-06-23T09:00:00,2026-06-23T09:18:48.282920,11.6,261.0,cab,completed
T001679,R013,D0069,V5,S1,2026-06-23T08:15:00,2026-06-23T08:17:30,2026-06-23T09:00:00,2026-06-23T09:00:00,10.5,253.1,cab,completed
T001680,R013,D0015,V1,S1,2026-06-23T08:15:00,2026-06-23T08:21:00,2026-06-23T09:00:00,2026-06-23T09:05:13.419442,11.1,238.8,cab,completed
T001681,R018,D0084,V4,S1,2026-06-23T08:15:00,2026-06-23T08:15:42,2026-06-23T09:00:00,2026-06-23T09:00:00,14.5,93.3,shuttle,completed
T001682,R018,D0119,V4,S1,2026-06-23T08:15:00,2026-06-23T08:15:48,2026-06-23T09:00:00,2026-06-23T09:00:08.688658,16.1,97.2,shuttle,completed
T001683,R018,D0030,V2,S1,2026-06-23T08:15:00,2026-06-23T08:17:12,2026-06-23T09:00:00,2026-06-23T09:02:00.311710,16.2,107.5,shuttle,completed
T001684,R020,D0008,V1,S1,2026-06-23T08:15:00,2026-06-23T08:41:00,2026-06-23T09:00:00,2026-06-23T09:23:27.720018,9.8,133.9,nodal,completed
T001685,R020,D0056,V1,S1,2026-06-23T08:15:00,2026-06-23T08:18:24,2026-06-23T09:00:00,2026-06-23T09:00:20.820457,9.6,135.1,nodal,completed
T001686,R020,D0032,V1,S1,2026-06-23T08:15:00,2026-06-23T08:20:54,2026-06-23T09:00:00,2026-06-23T09:03:47.423325,9.7,142.5,nodal,completed
T001687,R020,D0111,V1,S1,2026-06-23T08:15:00,2026-06-23T08:20:06,2026-06-23T09:00:00,2026-06-23T09:03:46.169826,10.4,148.7,nodal,completed
T001688,R020,D0020,V2,S1,2026-06-23T08:15:00,2026-06-23T08:22:54,2026-06-23T09:00:00,2026-06-23T09:07:27.732881,10.8,148.9,nodal,completed
T001689,R020,D0111,V1,S1,2026-06-23T08:15:00,2026-06-23T08:24:30,2026-06-23T09:00:00,2026-06-23T09:07:50.404180,9.6,130.9,nodal,completed
T001690,R022,D0004,V5,S1,2026-06-23T08:15:00,2026-06-23T08:17:06,2026-06-23T09:00:00,2026-06-23T09:00:00,16.6,316.9,cab,completed
T001691,R022,D0062,V3,S1,2026-06-23T08:15:00,2026-06-23T08:15:24,2026-06-23T09:00:00,2026-06-23T09:00:00,16.6,322.0,cab,completed
T001692,R022,D0008,V1,S1,2026-06-23T08:15:00,2026-06-23T08:15:12,2026-06-23T09:00:00,2026-06-23T09:00:00,16.3,328.0,cab,completed
T001693,R022,D0005,V1,S1,2026-06-23T08:15:00,2026-06-23T08:21:54,2026-06-23T09:00:00,2026-06-23T09:02:58.270182,16.4,335.3,cab,completed
T001694,R022,D0028,V3,S1,2026-06-23T08:15:00,2026-06-23T08:16:42,2026-06-23T09:00:00,2026-06-23T09:00:00,16.7,315.6,cab,completed
T001695,R022,D0058,V1,S1,2026-06-23T08:15:00,2026-06-23T08:22:12,2026-06-23T09:00:00,2026-06-23T09:04:56.872713,16.6,331.2,cab,completed
T001696,R022,D0100,V3,S1,2026-06-23T08:15:00,2026-06-23T08:15:54,2026-06-23T09:00:00,2026-06-23T09:00:00,16.8,329.6,cab,completed
T001697,R022,D0013,V5,S1,2026-06-23T08:15:00,2026-06-23T08:42:18,2026-06-23T09:00:00,2026-06-23T09:26:21.532350,18.0,351.0,cab,completed
T001698,R022,D0049,V3,S1,2026-06-23T08:15:00,2026-06-23T08:15:00,2026-06-23T09:00:00,2026-06-23T09:00:00,16.6,332.6,cab,completed
T001699,R022,D0053,V1,S1,2026-06-23T08:15:00,2026-06-23T08:19:36,2026-06-23T09:00:00,2026-06-23T09:04:07.198647,17.3,331.3,cab,completed
T001700,R022,D0049,V3,S1,2026-06-23T08:15:00,2026-06-23T08:23:18,2026-06-23T09:00:00,2026-06-23T09:05:48.174476,17.3,326.9,cab,completed
T001701,R003,D0092,V4,S2,2026-06-23T10:15:00,2026-06-23T10:15:06,2026-06-23T11:00:00,2026-06-23T11:00:00,22.7,130.8,shuttle,completed
T001702,R003,D0029,V2,S2,2026-06-23T10:15:00,2026-06-23T10:18:36,2026-06-23T11:00:00,2026-06-23T11:02:38.768110,22.9,137.7,shuttle,completed
T001703,R006,D0022,V5,S2,2026-06-23T10:15:00,2026-06-23T10:18:06,2026-06-23T11:00:00,2026-06-23T11:00:15.684295,19.9,147.9,shuttle,completed
T001704,R006,D0073,V2,S2,2026-06-23T10:15:00,2026-06-23T10:19:54,2026-06-23T11:00:00,2026-06-23T11:00:48.288676,19.6,131.2,shuttle,completed
T001705,R008,D0054,V2,S2,2026-06-23T10:15:00,2026-06-23T10:18:48,2026-06-23T11:00:00,2026-06-23T11:01:16.200935,8.9,136.9,nodal,completed
T001706,R008,D0086,V1,S2,2026-06-23T10:15:00,2026-06-23T10:19:00,2026-06-23T11:00:00,2026-06-23T11:01:22.107431,8.7,124.1,nodal,completed
T001707,R008,D0086,V1,S2,2026-06-23T10:15:00,2026-06-23T10:16:06,2026-06-23T11:00:00,2026-06-23T11:00:00,9.6,140.5,nodal,completed
T001708,R011,D0020,V2,S2,2026-06-23T10:15:00,2026-06-23T10:16:30,2026-06-23T11:00:00,2026-06-23T11:00:00,7.8,112.2,nodal,completed
T001709,R011,D0025,V2,S2,2026-06-23T10:15:00,2026-06-23T10:25:06,2026-06-23T11:00:00,2026-06-23T11:08:39.356327,7.8,119.1,nodal,completed
T001710,R011,D0020,V2,S2,2026-06-23T10:15:00,2026-06-23T10:19:42,2026-06-23T11:00:00,2026-06-23T11:03:05.718733,7.9,117.5,nodal,completed
T001711,R011,D0052,V1,S2,2026-06-23T10:15:00,2026-06-23T10:26:06,2026-06-23T11:00:00,2026-06-23T11:06:50.667834,8.6,123.4,nodal,completed
T001712,R013,D0027,V3,S2,2026-06-23T10:15:00,2026-06-23T10:17:54,2026-06-23T11:00:00,2026-06-23T11:02:07.621741,10.5,233.9,cab,completed
T001713,R013,D0039,V3,S2,2026-06-23T10:15:00,2026-06-23T10:16:24,2026-06-23T11:00:00,2026-06-23T11:00:00,11.0,235.1,cab,completed
T001714,R013,D0008,V1,S2,2026-06-23T10:15:00,2026-06-23T10:34:42,2026-06-23T11:00:00,2026-06-23T11:16:41.836836,11.6,243.9,cab,completed
T001715,R013,D0004,V5,S2,2026-06-23T10:15:00,2026-06-23T10:15:36,2026-06-23T11:00:00,2026-06-23T11:00:00,11.5,256.7,cab,completed
T001716,R013,D0064,V3,S2,2026-06-23T10:15:00,2026-06-23T10:18:42,2026-06-23T11:00:00,2026-06-23T11:00:00,11.2,255.4,cab,completed
T001717,R013,D0009,V1,S2,2026-06-23T10:15:00,2026-06-23T10:15:42,2026-06-23T11:00:00,2026-06-23T11:00:00,11.0,238.0,cab,completed
T001718,R013,D0043,V1,S2,2026-06-23T10:15:00,2026-06-23T10:17:36,2026-06-23T11:00:00,2026-06-23T11:00:00,11.6,249.1,cab,completed
T001719,R018,D0061,V4,S2,2026-06-23T10:15:00,2026-06-23T10:28:36,2026-06-23T11:00:00,2026-06-23T11:12:54.103036,14.9,93.8,shuttle,completed
T001720,R018,D0057,V2,S2,2026-06-23T10:15:00,2026-06-23T10:21:00,2026-06-23T11:00:00,2026-06-23T11:02:39.059177,15.7,104.4,shuttle,completed
T001721,R020,D0030,V2,S2,2026-06-23T10:15:00,2026-06-23T10:23:24,2026-06-23T11:00:00,2026-06-23T11:05:59.713755,10.6,146.8,nodal,completed
T001722,R020,D0063,V2,S2,2026-06-23T10:15:00,2026-06-23T10:21:42,2026-06-23T11:00:00,2026-06-23T11:06:32.072189,10.8,141.8,nodal,completed
T001723,R020,D0117,V1,S2,2026-06-23T10:15:00,2026-06-23T10:15:30,2026-06-23T11:00:00,2026-06-23T11:00:00,9.9,130.2,nodal,completed
T001724,R020,D0117,V1,S2,2026-06-23T10:15:00,2026-06-23T10:15:24,2026-06-23T11:00:00,2026-06-23T11:00:00,10.0,144.0,nodal,completed
T001725,R022,D0068,V1,S2,2026-06-23T10:15:00,2026-06-23T10:18:54,2026-06-23T11:00:00,2026-06-23T11:00:00,18.0,350.5,cab,completed
T001726,R022,D0110,V1,S2,2026-06-23T10:15:00,2026-06-23T10:15:30,2026-06-23T11:00:00,2026-06-23T11:00:00,17.1,335.6,cab,completed
T001727,R022,D0040,V1,S2,2026-06-23T10:15:00,2026-06-23T10:15:00,2026-06-23T11:00:00,2026-06-23T11:00:00,17.7,341.1,cab,completed
T001728,R022,D0088,V5,S2,2026-06-23T10:15:00,2026-06-23T10:22:00,2026-06-23T11:00:00,2026-06-23T11:06:00.087917,16.3,323.7,cab,completed
T001729,R022,D0117,V1,S2,2026-06-23T10:15:00,2026-06-23T10:23:06,2026-06-23T11:00:00,2026-06-23T11:04:26.387024,17.7,339.0,cab,completed
T001730,R022,D0009,V1,S2,2026-06-23T10:15:00,,2026-06-23T11:00:00,,16.9,329.1,cab,no_show
T001731,R022,D0022,V5,S2,2026-06-23T10:15:00,2026-06-23T10:21:06,2026-06-23T11:00:00,2026-06-23T11:05:52.727848,18.1,348.0,cab,completed
T001732,R022,D0120,V5,S2,2026-06-23T10:15:00,2026-06-23T10:16:24,2026-06-23T11:00:00,2026-06-23T11:00:00,16.5,328.1,cab,completed
T001733,R003,D0044,V4,S3,2026-06-23T21:15:00,2026-06-23T21:27:30,2026-06-23T22:00:00,2026-06-23T22:10:14.405790,23.1,131.1,shuttle,completed
T001734,R003,D0063,V2,S3,2026-06-23T21:15:00,2026-06-23T21:20:36,2026-06-23T22:00:00,2026-06-23T22:03:14.474708,23.2,131.7,shuttle,completed
T001735,R006,D0104,V4,S3,2026-06-23T21:15:00,2026-06-23T21:15:12,2026-06-23T22:00:00,2026-06-23T22:00:00,18.8,122.1,shuttle,completed
T001736,R008,D0020,V2,S3,2026-06-23T21:15:00,2026-06-23T21:19:06,2026-06-23T22:00:00,2026-06-23T22:00:26.656258,9.0,122.4,nodal,completed
T001737,R008,D0111,V1,S3,2026-06-23T21:15:00,2026-06-23T21:20:30,2026-06-23T22:00:00,2026-06-23T22:00:52.528650,8.9,140.1,nodal,completed
T001738,R011,D0096,V2,S3,2026-06-23T21:15:00,2026-06-23T21:15:12,2026-06-23T22:00:00,2026-06-23T22:00:00,7.7,123.8,nodal,completed
T001739,R011,D0066,V2,S3,2026-06-23T21:15:00,2026-06-23T21:19:12,2026-06-23T22:00:00,2026-06-23T22:00:00,8.1,144.2,nodal,completed
T001740,R011,D0094,V2,S3,2026-06-23T21:15:00,2026-06-23T21:15:54,2026-06-23T22:00:00,2026-06-23T22:00:00,8.6,133.5,nodal,completed
T001741,R013,D0039,V3,S3,2026-06-23T21:15:00,2026-06-23T21:17:42,2026-06-23T22:00:00,2026-06-23T22:00:00,10.5,233.4,cab,completed
T001742,R013,D0040,V1,S3,2026-06-23T21:15:00,2026-06-23T21:19:18,2026-06-23T22:00:00,2026-06-23T22:02:56.284187,10.6,246.6,cab,completed
T001743,R013,D0023,V3,S3,2026-06-23T21:15:00,2026-06-23T21:16:06,2026-06-23T22:00:00,,10.6,244.2,cab,cancelled
T001744,R013,D0018,V5,S3,2026-06-23T21:15:00,2026-06-23T21:22:06,2026-06-23T22:00:00,2026-06-23T22:02:32.096894,11.4,241.8,cab,completed
T001745,R013,D0111,V1,S3,2026-06-23T21:15:00,2026-06-23T21:17:42,2026-06-23T22:00:00,2026-06-23T22:00:55.459381,11.0,251.5,cab,completed
T001746,R018,D0113,V2,S3,2026-06-23T21:15:00,2026-06-23T21:17:54,2026-06-23T22:00:00,2026-06-23T22:00:00,16.0,111.1,shuttle,completed
T001747,R018,D0004,V5,S3,2026-06-23T21:15:00,2026-06-23T22:10:36,2026-06-23T22:00:00,2026-06-23T22:52:13.908930,14.9,96.9,shuttle,completed
T001748,R020,D0111,V1,S3,2026-06-23T21:15:00,2026-06-23T21:22:12,2026-06-23T22:00:00,2026-06-23T22:04:36.280173,10.2,141.0,nodal,completed
T001749,R020,D0068,V1,S3,2026-06-23T21:15:00,2026-06-23T21:17:18,2026-06-23T22:00:00,2026-06-23T22:00:00,10.0,138.3,nodal,completed
T001750,R022,D0016,V5,S3,2026-06-23T21:15:00,2026-06-23T21:15:18,2026-06-23T22:00:00,2026-06-23T22:00:00,17.7,337.8,cab,completed
T001751,R022,D0108,V5,S3,2026-06-23T21:15:00,2026-06-23T21:26:36,2026-06-23T22:00:00,2026-06-23T22:07:24.336024,17.3,338.7,cab,completed
T001752,R022,D0055,V3,S3,2026-06-23T21:15:00,,2026-06-23T22:00:00,,16.4,319.5,cab,no_show
T001753,R022,D0045,V1,S3,2026-06-23T21:15:00,2026-06-23T21:22:06,2026-06-23T22:00:00,2026-06-23T22:05:36.751166,17.2,332.4,cab,completed
T001754,R003,D0041,V4,S1,2026-06-24T08:15:00,2026-06-24T08:25:12,2026-06-24T09:00:00,2026-06-24T09:05:57.287264,22.6,152.7,shuttle,completed
T001755,R003,D0044,V4,S1,2026-06-24T08:15:00,2026-06-24T08:17:48,2026-06-24T09:00:00,2026-06-24T09:02:04.164347,22.7,137.3,shuttle,completed
T001756,R003,D0007,V4,S1,2026-06-24T08:15:00,2026-06-24T08:27:30,2026-06-24T09:00:00,2026-06-24T09:10:49.896888,21.1,133.0,shuttle,completed
T001757,R006,D0078,V2,S1,2026-06-24T08:15:00,2026-06-24T08:17:00,2026-06-24T09:00:00,2026-06-24T09:00:00,19.8,115.9,shuttle,completed
T001758,R006,D0120,V5,S1,2026-06-24T08:15:00,2026-06-24T08:16:30,2026-06-24T09:00:00,2026-06-24T09:00:24.256642,18.5,112.3,shuttle,completed
T001759,R006,D0042,V5,S1,2026-06-24T08:15:00,2026-06-24T08:23:00,2026-06-24T09:00:00,2026-06-24T09:03:38.832735,20.5,133.0,shuttle,completed
T001760,R008,D0070,V2,S1,2026-06-24T08:15:00,2026-06-24T08:19:00,2026-06-24T09:00:00,2026-06-24T09:03:10.331148,9.0,139.8,nodal,completed
T001761,R008,D0032,V1,S1,2026-06-24T08:15:00,2026-06-24T08:15:06,2026-06-24T09:00:00,2026-06-24T09:00:00,8.8,121.1,nodal,completed
T001762,R008,D0110,V1,S1,2026-06-24T08:15:00,2026-06-24T08:18:00,2026-06-24T09:00:00,2026-06-24T09:02:53.998981,9.5,142.9,nodal,completed
T001763,R008,D0054,V2,S1,2026-06-24T08:15:00,2026-06-24T08:17:48,2026-06-24T09:00:00,2026-06-24T09:00:07.380201,9.4,159.5,nodal,completed
T001764,R008,D0107,V2,S1,2026-06-24T08:15:00,2026-06-24T08:17:30,2026-06-24T09:00:00,2026-06-24T09:02:27.726112,9.1,141.0,nodal,completed
T001765,R011,D0112,V1,S1,2026-06-24T08:15:00,2026-06-24T08:18:24,2026-06-24T09:00:00,2026-06-24T09:00:36.250766,8.3,115.7,nodal,completed
T001766,R011,D0070,V2,S1,2026-06-24T08:15:00,2026-06-24T08:40:54,2026-06-24T09:00:00,2026-06-24T09:24:46.291240,8.5,126.9,nodal,completed
T001767,R011,D0009,V1,S1,2026-06-24T08:15:00,2026-06-24T08:18:30,2026-06-24T09:00:00,2026-06-24T09:02:47.105337,8.2,130.8,nodal,completed
T001768,R011,D0078,V2,S1,2026-06-24T08:15:00,2026-06-24T08:25:48,2026-06-24T09:00:00,2026-06-24T09:07:32.321594,7.9,112.7,nodal,completed
T001769,R011,D0110,V1,S1,2026-06-24T08:15:00,,2026-06-24T09:00:00,2026-06-24T09:00:00,8.3,126.7,nodal,completed
T001770,R011,D0080,V1,S1,2026-06-24T08:15:00,2026-06-24T08:16:54,2026-06-24T09:00:00,2026-06-24T09:00:09.732654,7.7,116.8,nodal,completed
T001771,R013,D0015,V1,S1,2026-06-24T08:15:00,2026-06-24T08:15:42,2026-06-24T09:00:00,,11.8,250.4,cab,cancelled
T001772,R013,D0022,V5,S1,2026-06-24T08:15:00,2026-06-24T08:22:12,2026-06-24T09:00:00,2026-06-24T09:07:08.762897,11.6,255.0,cab,completed
T001773,R013,D0120,V5,S1,2026-06-24T08:15:00,2026-06-24T08:16:48,2026-06-24T09:00:00,2026-06-24T09:00:00,11.5,243.5,cab,completed
T001774,R013,D0006,V5,S1,2026-06-24T08:15:00,2026-06-24T08:17:30,2026-06-24T09:00:00,2026-06-24T09:00:00,10.8,250.6,cab,completed
T001775,R013,D0023,V3,S1,2026-06-24T08:15:00,2026-06-24T08:24:12,2026-06-24T09:00:00,2026-06-24T09:08:23.483258,11.6,252.6,cab,completed
T001776,R013,D0071,V5,S1,2026-06-24T08:15:00,,2026-06-24T09:00:00,2026-06-24T09:01:18.228976,11.7,251.2,cab,completed
T001777,R013,D0053,V1,S1,2026-06-24T08:15:00,2026-06-24T08:30:48,2026-06-24T09:00:00,2026-06-24T09:13:45.643473,10.5,232.6,cab,completed
T001778,R013,D0101,V5,S1,2026-06-24T08:15:00,2026-06-24T08:24:24,2026-06-24T09:00:00,2026-06-24T09:08:28.270917,10.5,244.9,cab,completed
T001779,R013,D0006,V5,S1,2026-06-24T08:15:00,2026-06-24T08:17:00,2026-06-24T09:00:00,2026-06-24T09:01:32.808468,11.2,247.8,cab,completed
T001780,R013,D0100,V3,S1,2026-06-24T08:15:00,2026-06-24T08:15:18,2026-06-24T09:00:00,2026-06-24T09:00:00,10.8,246.8,cab,completed
T001781,R013,D0086,V1,S1,2026-06-24T08:15:00,2026-06-24T08:16:00,2026-06-24T09:00:00,2026-06-24T09:00:00,10.7,235.0,cab,completed
T001782,R018,D0088,V5,S1,2026-06-24T08:15:00,2026-06-24T08:19:18,2026-06-24T09:00:00,2026-06-24T09:00:48.108653,15.1,95.0,shuttle,completed
T001783,R018,D0018,V5,S1,2026-06-24T08:15:00,2026-06-24T08:20:24,2026-06-24T09:00:00,2026-06-24T09:03:03.028405,15.7,94.4,shuttle,completed
T001784,R018,D0120,V5,S1,2026-06-24T08:15:00,2026-06-24T08:22:54,2026-06-24T09:00:00,2026-06-24T09:03:52.109858,15.3,95.4,shuttle,completed
T001785,R020,D0114,V2,S1,2026-06-24T08:15:00,2026-06-24T08:15:12,2026-06-24T09:00:00,2026-06-24T09:00:00,10.4,137.5,nodal,completed
T001786,R020,D0081,V2,S1,2026-06-24T08:15:00,2026-06-24T08:25:24,2026-06-24T09:00:00,2026-06-24T09:08:44.628668,9.7,127.9,nodal,completed
T001787,R020,D0110,V1,S1,2026-06-24T08:15:00,2026-06-24T08:18:36,2026-06-24T09:00:00,2026-06-24T09:02:14.236230,10.2,152.7,nodal,completed
T001788,R020,D0107,V2,S1,2026-06-24T08:15:00,2026-06-24T08:15:24,2026-06-24T09:00:00,2026-06-24T09:00:00,10.7,157.9,nodal,completed
T001789,R020,D0080,V1,S1,2026-06-24T08:15:00,2026-06-24T08:19:36,2026-06-24T09:00:00,2026-06-24T09:00:29.710138,10.6,156.9,nodal,completed
T001790,R020,D0058,V1,S1,2026-06-24T08:15:00,2026-06-24T08:23:12,2026-06-24T09:00:00,2026-06-24T09:06:20.701618,10.1,136.5,nodal,completed
T001791,R022,D0036,V3,S1,2026-06-24T08:15:00,2026-06-24T08:16:00,2026-06-24T09:00:00,2026-06-24T09:00:00,16.2,317.7,cab,completed
T001792,R022,D0120,V5,S1,2026-06-24T08:15:00,2026-06-24T08:17:24,2026-06-24T09:00:00,2026-06-24T09:01:46.118277,17.6,334.0,cab,completed
T001793,R022,D0046,V5,S1,2026-06-24T08:15:00,2026-06-24T08:18:00,2026-06-24T09:00:00,2026-06-24T09:00:00,16.4,310.0,cab,completed
T001794,R022,D0053,V1,S1,2026-06-24T08:15:00,2026-06-24T08:15:42,2026-06-24T09:00:00,2026-06-24T09:00:00,17.4,340.9,cab,completed
T001795,R022,D0111,V1,S1,2026-06-24T08:15:00,2026-06-24T08:24:18,2026-06-24T09:00:00,2026-06-24T09:08:35.706431,16.8,320.6,cab,completed
T001796,R022,D0015,V1,S1,2026-06-24T08:15:00,,2026-06-24T09:00:00,2026-06-24T09:00:00,17.3,349.7,cab,completed
T001797,R022,D0071,V5,S1,2026-06-24T08:15:00,2026-06-24T08:17:42,2026-06-24T09:00:00,2026-06-24T09:01:11.665711,17.6,343.3,cab,completed
T001798,R022,D0082,V1,S1,2026-06-24T08:15:00,2026-06-24T08:16:00,2026-06-24T09:00:00,2026-06-24T09:00:00,17.2,331.0,cab,completed
T001799,R022,D0089,V3,S1,2026-06-24T08:15:00,,2026-06-24T09:00:00,,16.7,314.8,cab,no_show
T001800,R022,D0049,V3,S1,2026-06-24T08:15:00,2026-06-24T08:15:06,2026-06-24T09:00:00,2026-06-24T09:00:00,17.9,349.5,cab,completed
T001801,R022,D0004,V5,S1,2026-06-24T08:15:00,2026-06-24T08:19:12,2026-06-24T09:00:00,2026-06-24T09:01:14.113039,17.0,336.8,cab,completed
T001802,R022,D0058,V1,S1,2026-06-24T08:15:00,2026-06-24T08:16:42,2026-06-24T09:00:00,2026-06-24T09:00:31.022506,17.4,336.9,cab,completed
T001803,R003,D0059,V4,S2,2026-06-24T10:15:00,2026-06-24T10:21:36,2026-06-24T11:00:00,2026-06-24T11:02:08.710137,21.5,123.5,shuttle,completed
T001804,R003,D0102,V4,S2,2026-06-24T10:15:00,2026-06-24T10:20:06,2026-06-24T11:00:00,2026-06-24T11:00:44.964843,21.2,128.9,shuttle,completed
T001805,R006,D0118,V4,S2,2026-06-24T10:15:00,2026-06-24T10:17:48,2026-06-24T11:00:00,2026-06-24T11:00:00,20.3,117.6,shuttle,completed
T001806,R006,D0093,V4,S2,2026-06-24T10:15:00,2026-06-24T10:20:06,2026-06-24T11:00:00,2026-06-24T11:03:56.501083,19.0,123.6,shuttle,completed
T001807,R008,D0040,V1,S2,2026-06-24T10:15:00,2026-06-24T10:16:12,2026-06-24T11:00:00,2026-06-24T11:00:14.018630,9.7,140.7,nodal,completed
T001808,R008,D0005,V1,S2,2026-06-24T10:15:00,2026-06-24T10:42:12,2026-06-24T11:00:00,2026-06-24T11:22:59.267523,9.2,141.0,nodal,completed
T001809,R008,D0051,V2,S2,2026-06-24T10:15:00,2026-06-24T10:16:48,2026-06-24T11:00:00,2026-06-24T11:00:00,9.6,128.2,nodal,completed
T001810,R011,D0087,V2,S2,2026-06-24T10:15:00,2026-06-24T10:19:00,2026-06-24T11:00:00,2026-06-24T11:01:04.384910,7.7,118.5,nodal,completed
T001811,R011,D0094,V2,S2,2026-06-24T10:15:00,2026-06-24T10:16:06,2026-06-24T11:00:00,2026-06-24T11:00:55.835197,7.9,113.5,nodal,completed
T001812,R011,D0073,V2,S2,2026-06-24T10:15:00,2026-06-24T10:20:36,2026-06-24T11:00:00,2026-06-24T11:04:39.914347,8.4,131.4,nodal,completed
T001813,R011,D0117,V1,S2,2026-06-24T10:15:00,2026-06-24T10:39:24,2026-06-24T11:00:00,2026-06-24T11:19:35.958180,7.6,119.9,nodal,completed
T001814,R013,D0083,V3,S2,2026-06-24T10:15:00,2026-06-24T10:23:30,2026-06-24T11:00:00,2026-06-24T11:06:46.149611,10.7,245.9,cab,completed
T001815,R013,D0056,V1,S2,2026-06-24T10:15:00,2026-06-24T10:16:06,2026-06-24T11:00:00,2026-06-24T11:01:01.613922,11.8,261.1,cab,completed
T001816,R013,D0023,V3,S2,2026-06-24T10:15:00,2026-06-24T10:21:48,2026-06-24T11:00:00,2026-06-24T11:05:23.256772,11.5,256.6,cab,completed
T001817,R013,D0077,V5,S2,2026-06-24T10:15:00,2026-06-24T10:28:36,2026-06-24T11:00:00,2026-06-24T11:09:23.414015,11.5,255.9,cab,completed
T001818,R013,D0080,V1,S2,2026-06-24T10:15:00,2026-06-24T10:20:48,2026-06-24T11:00:00,2026-06-24T11:04:39.198977,11.3,255.6,cab,completed
T001819,R013,D0082,V1,S2,2026-06-24T10:15:00,2026-06-24T10:16:00,2026-06-24T11:00:00,2026-06-24T11:00:00,10.9,247.3,cab,completed
T001820,R013,D0052,V1,S2,2026-06-24T10:15:00,2026-06-24T10:17:24,2026-06-24T11:00:00,2026-06-24T11:01:14.607647,11.8,246.8,cab,completed
T001821,R018,D0044,V4,S2,2026-06-24T10:15:00,2026-06-24T10:18:18,2026-06-24T11:00:00,2026-06-24T11:00:00,14.6,93.5,shuttle,completed
T001822,R018,D0026,V4,S2,2026-06-24T10:15:00,2026-06-24T10:16:42,2026-06-24T11:00:00,2026-06-24T11:00:00,15.4,100.2,shuttle,completed
T001823,R020,D0090,V2,S2,2026-06-24T10:15:00,2026-06-24T10:17:24,2026-06-24T11:00:00,2026-06-24T11:00:00,10.2,149.9,nodal,completed
T001824,R020,D0090,V2,S2,2026-06-24T10:15:00,2026-06-24T10:29:12,2026-06-24T11:00:00,2026-06-24T11:12:56.687612,10.2,139.6,nodal,completed
T001825,R020,D0112,V1,S2,2026-06-24T10:15:00,2026-06-24T10:15:36,2026-06-24T11:00:00,2026-06-24T11:00:00,9.7,130.8,nodal,completed
T001826,R020,D0080,V1,S2,2026-06-24T10:15:00,2026-06-24T10:22:30,2026-06-24T11:00:00,2026-06-24T11:02:43.639144,10.1,144.3,nodal,completed
T001827,R022,D0108,V5,S2,2026-06-24T10:15:00,2026-06-24T10:20:24,2026-06-24T11:00:00,2026-06-24T11:03:22.958158,16.3,322.6,cab,completed
T001828,R022,D0036,V3,S2,2026-06-24T10:15:00,2026-06-24T10:15:48,2026-06-24T11:00:00,2026-06-24T11:00:00,17.3,323.3,cab,completed
T001829,R022,D0076,V3,S2,2026-06-24T10:15:00,2026-06-24T10:17:00,2026-06-24T11:00:00,2026-06-24T11:00:00,17.4,329.4,cab,completed
T001830,R022,D0035,V1,S2,2026-06-24T10:15:00,2026-06-24T10:16:18,2026-06-24T11:00:00,2026-06-24T11:00:00,16.3,311.0,cab,completed
T001831,R022,D0076,V3,S2,2026-06-24T10:15:00,2026-06-24T10:15:12,2026-06-24T11:00:00,2026-06-24T11:00:10.761626,16.5,324.7,cab,completed
T001832,R022,D0036,V3,S2,2026-06-24T10:15:00,2026-06-24T10:19:00,2026-06-24T11:00:00,2026-06-24T11:00:00,17.3,332.2,cab,completed
T001833,R022,D0043,V1,S2,2026-06-24T10:15:00,2026-06-24T10:15:06,2026-06-24T11:00:00,2026-06-24T11:00:00,16.9,326.7,cab,completed
T001834,R003,D0103,V5,S3,2026-06-24T21:15:00,2026-06-24T21:15:36,2026-06-24T22:00:00,2026-06-24T22:00:00,21.2,134.8,shuttle,completed
T001835,R003,D0048,V5,S3,2026-06-24T21:15:00,2026-06-24T21:18:30,2026-06-24T22:00:00,2026-06-24T22:00:00,23.4,149.9,shuttle,completed
T001836,R006,D0115,V4,S3,2026-06-24T21:15:00,2026-06-24T21:24:24,2026-06-24T22:00:00,2026-06-24T22:06:15.019790,18.3,124.7,shuttle,completed
T001837,R008,D0114,V2,S3,2026-06-24T21:15:00,2026-06-24T21:18:48,2026-06-24T22:00:00,2026-06-24T22:00:00,8.6,129.3,nodal,completed
T001838,R008,D0113,V2,S3,2026-06-24T21:15:00,2026-06-24T21:23:00,2026-06-24T22:00:00,2026-06-24T22:07:03.866959,8.8,132.9,nodal,completed
T001839,R011,D0070,V2,S3,2026-06-24T21:15:00,2026-06-24T21:15:36,2026-06-24T22:00:00,2026-06-24T22:00:00,8.3,121.6,nodal,completed
T001840,R011,D0008,V1,S3,2026-06-24T21:15:00,2026-06-24T21:15:30,2026-06-24T22:00:00,2026-06-24T22:00:00,7.7,121.8,nodal,completed
T001841,R011,D0040,V1,S3,2026-06-24T21:15:00,2026-06-24T21:20:48,2026-06-24T22:00:00,2026-06-24T22:03:16.665346,8.0,114.5,nodal,completed
T001842,R013,D0038,V5,S3,2026-06-24T21:15:00,2026-06-24T21:15:30,2026-06-24T22:00:00,2026-06-24T22:00:00,11.5,247.8,cab,completed
T001843,R013,D0006,V5,S3,2026-06-24T21:15:00,2026-06-24T21:15:12,2026-06-24T22:00:00,2026-06-24T22:00:00,11.4,258.4,cab,completed
T001844,R013,D0069,V5,S3,2026-06-24T21:15:00,2026-06-24T21:22:30,2026-06-24T22:00:00,2026-06-24T22:02:50.984578,10.5,239.6,cab,completed
T001845,R013,D0076,V3,S3,2026-06-24T21:15:00,2026-06-24T21:19:06,2026-06-24T22:00:00,2026-06-24T22:01:58.132471,11.8,264.9,cab,completed
T001846,R013,D0013,V5,S3,2026-06-24T21:15:00,2026-06-24T21:23:48,2026-06-24T22:00:00,2026-06-24T22:07:11.435957,11.1,235.8,cab,completed
T001847,R018,D0103,V5,S3,2026-06-24T21:15:00,2026-06-24T21:45:54,2026-06-24T22:00:00,2026-06-24T22:27:52.566632,15.1,108.8,shuttle,completed
T001848,R018,D0114,V2,S3,2026-06-24T21:15:00,2026-06-24T21:18:48,2026-06-24T22:00:00,2026-06-24T22:01:43.606672,14.9,101.2,shuttle,completed
T001849,R020,D0029,V2,S3,2026-06-24T21:15:00,2026-06-24T21:20:54,2026-06-24T22:00:00,2026-06-24T22:01:51.037685,9.6,139.9,nodal,completed
T001850,R020,D0012,V2,S3,2026-06-24T21:15:00,2026-06-24T21:27:30,2026-06-24T22:00:00,2026-06-24T22:08:13.483460,10.0,134.4,nodal,completed
T001851,R020,D0005,V1,S3,2026-06-24T21:15:00,2026-06-24T21:15:24,2026-06-24T22:00:00,2026-06-24T22:00:00,10.5,148.2,nodal,completed
T001852,R022,D0032,V1,S3,2026-06-24T21:15:00,2026-06-24T21:15:48,2026-06-24T22:00:00,2026-06-24T22:00:00,18.2,336.0,cab,completed
T001853,R022,D0038,V5,S3,2026-06-24T21:15:00,2026-06-24T21:15:48,2026-06-24T22:00:00,2026-06-24T22:00:00,18.3,344.6,cab,completed
T001854,R022,D0018,V5,S3,2026-06-24T21:15:00,2026-06-24T21:15:06,2026-06-24T22:00:00,2026-06-24T22:00:00,16.7,315.0,cab,completed
T001855,R022,D0103,V5,S3,2026-06-24T21:15:00,2026-06-24T21:23:42,2026-06-24T22:00:00,2026-06-24T22:03:53.992127,17.2,323.0,cab,completed
T001856,R003,D0038,V5,S1,2026-06-25T08:15:00,2026-06-25T08:18:48,2026-06-25T09:00:00,2026-06-25T09:00:00,23.4,135.4,shuttle,completed
T001857,R003,D0042,V5,S1,2026-06-25T08:15:00,2026-06-25T08:21:06,2026-06-25T09:00:00,,22.9,130.3,shuttle,cancelled
T001858,R003,D0011,V2,S1,2026-06-25T08:15:00,2026-06-25T08:16:42,2026-06-25T09:00:00,2026-06-25T09:00:00,21.0,135.8,shuttle,completed
T001859,R006,D0106,V2,S1,2026-06-25T08:15:00,2026-06-25T08:15:30,2026-06-25T09:00:00,2026-06-25T09:00:00,20.3,129.1,shuttle,completed
T001860,R006,D0061,V4,S1,2026-06-25T08:15:00,2026-06-25T08:20:24,2026-06-25T09:00:00,2026-06-25T09:02:02.561892,19.2,111.5,shuttle,completed
T001861,R006,D0021,V4,S1,2026-06-25T08:15:00,2026-06-25T08:20:48,2026-06-25T09:00:00,2026-06-25T09:04:25.323192,18.7,123.2,shuttle,completed
T001862,R008,D0080,V1,S1,2026-06-25T08:15:00,2026-06-25T08:15:54,2026-06-25T09:00:00,2026-06-25T09:00:03.283720,8.9,135.7,nodal,completed
T001863,R008,D0025,V2,S1,2026-06-25T08:15:00,2026-06-25T08:15:12,2026-06-25T09:00:00,2026-06-25T09:00:00,8.6,135.9,nodal,completed
T001864,R008,D0008,V1,S1,2026-06-25T08:15:00,2026-06-25T08:15:36,2026-06-25T09:00:00,,9.0,137.6,nodal,cancelled
T001865,R008,D0005,V1,S1,2026-06-25T08:15:00,2026-06-25T08:19:18,2026-06-25T09:00:00,2026-06-25T09:01:39.886353,9.1,125.9,nodal,completed
T001866,R008,D0043,V1,S1,2026-06-25T08:15:00,2026-06-25T08:20:06,2026-06-25T09:00:00,2026-06-25T09:04:02.199969,9.3,135.7,nodal,completed
T001867,R008,D0111,V1,S1,2026-06-25T08:15:00,2026-06-25T08:15:24,2026-06-25T09:00:00,2026-06-25T09:00:00,9.5,141.9,nodal,completed
T001868,R011,D0113,V2,S1,2026-06-25T08:15:00,,2026-06-25T09:00:00,2026-06-25T09:00:00,8.4,127.9,nodal,completed
T001869,R011,D0032,V1,S1,2026-06-25T08:15:00,2026-06-25T08:16:54,2026-06-25T09:00:00,2026-06-25T09:00:00,7.7,117.7,nodal,completed
T001870,R011,D0009,V1,S1,2026-06-25T08:15:00,2026-06-25T08:34:42,2026-06-25T09:00:00,2026-06-25T09:19:33.589020,8.6,128.1,nodal,completed
T001871,R011,D0051,V2,S1,2026-06-25T08:15:00,2026-06-25T08:18:00,2026-06-25T09:00:00,2026-06-25T09:00:00,8.3,116.8,nodal,completed
T001872,R011,D0107,V2,S1,2026-06-25T08:15:00,2026-06-25T08:17:54,2026-06-25T09:00:00,2026-06-25T09:00:45.651749,8.1,124.9,nodal,completed
T001873,R011,D0035,V1,S1,2026-06-25T08:15:00,2026-06-25T08:15:06,2026-06-25T09:00:00,2026-06-25T09:00:00,8.2,132.2,nodal,completed
T001874,R013,D0039,V3,S1,2026-06-25T08:15:00,2026-06-25T08:20:48,2026-06-25T09:00:00,2026-06-25T09:03:23.256826,11.6,243.7,cab,completed
T001875,R013,D0080,V1,S1,2026-06-25T08:15:00,2026-06-25T08:21:06,2026-06-25T09:00:00,2026-06-25T09:03:27.085056,10.9,240.7,cab,completed
T001876,R013,D0086,V1,S1,2026-06-25T08:15:00,2026-06-25T08:20:12,2026-06-25T09:00:00,2026-06-25T09:04:07.750360,11.0,234.1,cab,completed
T001877,R013,D0008,V1,S1,2026-06-25T08:15:00,,2026-06-25T09:00:00,2026-06-25T09:01:07.689487,11.1,235.7,cab,completed
T001878,R013,D0049,V3,S1,2026-06-25T08:15:00,2026-06-25T08:20:00,2026-06-25T09:00:00,2026-06-25T09:01:56.031531,11.4,247.4,cab,completed
T001879,R013,D0031,V3,S1,2026-06-25T08:15:00,2026-06-25T08:29:42,2026-06-25T09:00:00,2026-06-25T09:11:36.008933,10.9,245.3,cab,completed
T001880,R013,D0052,V1,S1,2026-06-25T08:15:00,2026-06-25T08:20:06,2026-06-25T09:00:00,2026-06-25T09:02:16.275055,11.8,262.5,cab,completed
T001881,R013,D0014,V5,S1,2026-06-25T08:15:00,2026-06-25T08:27:24,2026-06-25T09:00:00,2026-06-25T09:10:22.430930,10.8,249.4,cab,completed
T001882,R013,D0086,V1,S1,2026-06-25T08:15:00,2026-06-25T08:24:30,2026-06-25T09:00:00,2026-06-25T09:07:03.983982,10.8,233.1,cab,completed
T001883,R013,D0023,V3,S1,2026-06-25T08:15:00,2026-06-25T08:21:06,2026-06-25T09:00:00,2026-06-25T09:05:19.406760,11.5,260.0,cab,completed
T001884,R013,D0027,V3,S1,2026-06-25T08:15:00,2026-06-25T08:15:48,2026-06-25T09:00:00,2026-06-25T09:00:00,11.6,255.6,cab,completed
T001885,R018,D0087,V2,S1,2026-06-25T08:15:00,2026-06-25T08:17:30,2026-06-25T09:00:00,2026-06-25T09:01:24.528482,14.9,93.2,shuttle,completed
T001886,R018,D0084,V4,S1,2026-06-25T08:15:00,2026-06-25T08:18:06,2026-06-25T09:00:00,2026-06-25T09:00:00,14.5,99.4,shuttle,completed
T001887,R018,D0106,V2,S1,2026-06-25T08:15:00,2026-06-25T08:19:42,2026-06-25T09:00:00,2026-06-25T09:02:37.358866,16.1,104.8,shuttle,completed
T001888,R020,D0011,V2,S1,2026-06-25T08:15:00,2026-06-25T08:25:18,2026-06-25T09:00:00,2026-06-25T09:06:59.201785,10.3,152.1,nodal,completed
T001889,R020,D0015,V1,S1,2026-06-25T08:15:00,2026-06-25T08:27:30,2026-06-25T09:00:00,2026-06-25T09:12:12.639791,10.4,150.4,nodal,completed
T001890,R020,D0003,V1,S1,2026-06-25T08:15:00,2026-06-25T08:17:30,2026-06-25T09:00:00,2026-06-25T09:01:32.856552,10.0,139.3,nodal,completed
T001891,R020,D0024,V1,S1,2026-06-25T08:15:00,2026-06-25T08:15:06,2026-06-25T09:00:00,2026-06-25T09:00:00,10.0,135.8,nodal,completed
T001892,R020,D0051,V2,S1,2026-06-25T08:15:00,2026-06-25T08:16:54,2026-06-25T09:00:00,2026-06-25T09:00:00,9.9,147.8,nodal,completed
T001893,R020,D0078,V2,S1,2026-06-25T08:15:00,2026-06-25T08:15:42,2026-06-25T09:00:00,2026-06-25T09:00:00,10.0,147.2,nodal,completed
T001894,R020,D0010,V1,S1,2026-06-25T08:15:00,2026-06-25T08:15:30,2026-06-25T09:00:00,2026-06-25T09:00:00,10.3,136.6,nodal,completed
T001895,R022,D0009,V1,S1,2026-06-25T08:15:00,2026-06-25T08:20:42,2026-06-25T09:00:00,2026-06-25T09:04:40.347912,16.4,324.5,cab,completed
T001896,R022,D0058,V1,S1,2026-06-25T08:15:00,2026-06-25T08:15:00,2026-06-25T09:00:00,2026-06-25T09:00:00,18.2,343.6,cab,completed
T001897,R022,D0056,V1,S1,2026-06-25T08:15:00,2026-06-25T08:16:30,2026-06-25T09:00:00,2026-06-25T09:00:00,17.3,327.3,cab,completed
T001898,R022,D0022,V5,S1,2026-06-25T08:15:00,2026-06-25T08:22:06,2026-06-25T09:00:00,2026-06-25T09:02:15.402051,18.0,348.5,cab,completed
T001899,R022,D0120,V5,S1,2026-06-25T08:15:00,2026-06-25T08:19:48,2026-06-25T09:00:00,2026-06-25T09:01:07.097501,18.0,343.3,cab,completed
T001900,R022,D0120,V5,S1,2026-06-25T08:15:00,2026-06-25T08:24:30,2026-06-25T09:00:00,2026-06-25T09:07:28.523318,17.4,335.4,cab,completed
T001901,R022,D0085,V3,S1,2026-06-25T08:15:00,2026-06-25T08:15:30,2026-06-25T09:00:00,2026-06-25T09:00:00,16.6,315.6,cab,completed
T001902,R022,D0004,V5,S1,2026-06-25T08:15:00,2026-06-25T08:24:30,2026-06-25T09:00:00,2026-06-25T09:06:27.979469,16.5,315.4,cab,completed
T001903,R022,D0040,V1,S1,2026-06-25T08:15:00,2026-06-25T08:19:24,2026-06-25T09:00:00,2026-06-25T09:02:53.929355,18.3,353.5,cab,completed
T001904,R022,D0077,V5,S1,2026-06-25T08:15:00,2026-06-25T08:33:30,2026-06-25T09:00:00,2026-06-25T09:16:04.788100,17.7,338.3,cab,completed
T001905,R022,D0116,V5,S1,2026-06-25T08:15:00,2026-06-25T08:15:36,2026-06-25T09:00:00,2026-06-25T09:00:00,18.1,346.7,cab,completed
T001906,R022,D0080,V1,S1,2026-06-25T08:15:00,2026-06-25T08:26:42,2026-06-25T09:00:00,2026-06-25T09:08:02.358872,17.3,325.2,cab,completed
T001907,R022,D0108,V5,S1,2026-06-25T08:15:00,2026-06-25T08:15:48,2026-06-25T09:00:00,2026-06-25T09:00:00,16.5,326.1,cab,completed
T001908,R003,D0007,V4,S2,2026-06-25T10:15:00,2026-06-25T10:22:42,2026-06-25T11:00:00,2026-06-25T11:04:41.701895,22.8,159.9,shuttle,completed
T001909,R003,D0022,V5,S2,2026-06-25T10:15:00,2026-06-25T10:17:54,2026-06-25T11:00:00,2026-06-25T11:00:00,22.6,147.7,shuttle,completed
T001910,R006,D0059,V4,S2,2026-06-25T10:15:00,2026-06-25T10:23:12,2026-06-25T11:00:00,2026-06-25T11:03:55.137837,19.9,116.4,shuttle,completed
T001911,R006,D0020,V2,S2,2026-06-25T10:15:00,2026-06-25T10:25:30,2026-06-25T11:00:00,2026-06-25T11:06:55.763791,19.2,124.6,shuttle,completed
T001912,R008,D0086,V1,S2,2026-06-25T10:15:00,2026-06-25T10:23:24,2026-06-25T11:00:00,2026-06-25T11:07:02.111669,8.9,127.3,nodal,completed
T001913,R008,D0113,V2,S2,2026-06-25T10:15:00,2026-06-25T10:15:06,2026-06-25T11:00:00,2026-06-25T11:00:00,8.9,122.0,nodal,completed
T001914,R008,D0054,V2,S2,2026-06-25T10:15:00,2026-06-25T10:18:42,2026-06-25T11:00:00,2026-06-25T11:00:00,9.6,133.3,nodal,completed
T001915,R011,D0087,V2,S2,2026-06-25T10:15:00,,2026-06-25T11:00:00,,8.0,112.4,nodal,no_show
T001916,R011,D0066,V2,S2,2026-06-25T10:15:00,2026-06-25T10:26:06,2026-06-25T11:00:00,2026-06-25T11:08:40.785186,8.3,129.6,nodal,completed
T001917,R011,D0015,V1,S2,2026-06-25T10:15:00,,2026-06-25T11:00:00,,8.0,114.3,nodal,no_show
T001918,R011,D0040,V1,S2,2026-06-25T10:15:00,2026-06-25T10:27:54,2026-06-25T11:00:00,2026-06-25T11:08:29.247064,7.8,128.9,nodal,completed
T001919,R013,D0040,V1,S2,2026-06-25T10:15:00,2026-06-25T10:21:06,2026-06-25T11:00:00,2026-06-25T11:05:26.339311,11.6,254.0,cab,completed
T001920,R013,D0050,V5,S2,2026-06-25T10:15:00,2026-06-25T10:21:42,2026-06-25T11:00:00,2026-06-25T11:04:52.813342,10.5,231.8,cab,completed
T001921,R013,D0062,V3,S2,2026-06-25T10:15:00,2026-06-25T10:20:36,2026-06-25T11:00:00,2026-06-25T11:03:42.352869,10.9,241.9,cab,completed
T001922,R013,D0009,V1,S2,2026-06-25T10:15:00,2026-06-25T10:21:12,2026-06-25T11:00:00,2026-06-25T11:05:25.691637,11.9,252.6,cab,completed
T001923,R013,D0010,V1,S2,2026-06-25T10:15:00,2026-06-25T10:18:24,2026-06-25T11:00:00,2026-06-25T11:00:54.188760,10.7,242.4,cab,completed
T001924,R013,D0010,V1,S2,2026-06-25T10:15:00,2026-06-25T10:15:24,2026-06-25T11:00:00,2026-06-25T11:00:00,10.9,243.0,cab,completed
T001925,R013,D0112,V1,S2,2026-06-25T10:15:00,2026-06-25T10:16:42,2026-06-25T11:00:00,2026-06-25T11:00:00,10.8,239.7,cab,completed
T001926,R018,D0021,V4,S2,2026-06-25T10:15:00,2026-06-25T10:18:48,2026-06-25T11:00:00,2026-06-25T11:01:53.895779,14.7,95.4,shuttle,completed
T001927,R018,D0044,V4,S2,2026-06-25T10:15:00,2026-06-25T10:23:48,2026-06-25T11:00:00,2026-06-25T11:05:16.728568,15.8,96.5,shuttle,completed
T001928,R020,D0081,V2,S2,2026-06-25T10:15:00,2026-06-25T10:39:42,2026-06-25T11:00:00,2026-06-25T11:22:57.151162,9.9,147.6,nodal,completed
T001929,R020,D0052,V1,S2,2026-06-25T10:15:00,2026-06-25T10:20:06,2026-06-25T11:00:00,2026-06-25T11:02:04.195552,9.8,130.8,nodal,completed
T001930,R020,D0010,V1,S2,2026-06-25T10:15:00,2026-06-25T10:25:00,2026-06-25T11:00:00,2026-06-25T11:09:16.279040,9.9,135.5,nodal,completed
T001931,R020,D0110,V1,S2,2026-06-25T10:15:00,2026-06-25T10:15:36,2026-06-25T11:00:00,2026-06-25T11:00:00,10.3,136.5,nodal,completed
T001932,R022,D0003,V1,S2,2026-06-25T10:15:00,2026-06-25T10:22:48,2026-06-25T11:00:00,2026-06-25T11:04:00.254207,17.4,337.4,cab,completed
T001933,R022,D0010,V1,S2,2026-06-25T10:15:00,2026-06-25T10:17:18,2026-06-25T11:00:00,2026-06-25T11:00:00,17.6,343.9,cab,completed
T001934,R022,D0049,V3,S2,2026-06-25T10:15:00,2026-06-25T10:15:12,2026-06-25T11:00:00,2026-06-25T11:00:00,16.2,316.9,cab,completed
T001935,R022,D0027,V3,S2,2026-06-25T10:15:00,2026-06-25T10:16:30,2026-06-25T11:00:00,2026-06-25T11:00:00,18.3,355.7,cab,completed
T001936,R022,D0080,V1,S2,2026-06-25T10:15:00,2026-06-25T10:20:00,2026-06-25T11:00:00,,17.9,339.5,cab,cancelled
T001937,R022,D0005,V1,S2,2026-06-25T10:15:00,2026-06-25T10:19:30,2026-06-25T11:00:00,2026-06-25T11:00:00.492365,17.4,338.7,cab,completed
T001938,R022,D0099,V5,S2,2026-06-25T10:15:00,2026-06-25T10:19:36,2026-06-25T11:00:00,2026-06-25T11:02:03.346189,17.5,333.2,cab,completed
T001939,R022,D0116,V5,S2,2026-06-25T10:15:00,2026-06-25T10:19:48,2026-06-25T11:00:00,2026-06-25T11:03:37.005454,16.5,311.9,cab,completed
T001940,R003,D0017,V2,S3,2026-06-25T21:15:00,2026-06-25T21:16:36,2026-06-25T22:00:00,2026-06-25T22:00:00,23.2,143.2,shuttle,completed
T001941,R003,D0070,V2,S3,2026-06-25T21:15:00,2026-06-25T21:15:30,2026-06-25T22:00:00,2026-06-25T22:00:00,21.2,137.5,shuttle,completed
T001942,R006,D0114,V2,S3,2026-06-25T21:15:00,2026-06-25T21:15:30,2026-06-25T22:00:00,2026-06-25T22:00:00,18.2,125.9,shuttle,completed
T001943,R008,D0024,V1,S3,2026-06-25T21:15:00,2026-06-25T21:28:18,2026-06-25T22:00:00,2026-06-25T22:13:14.060665,8.7,129.4,nodal,completed
T001944,R008,D0030,V2,S3,2026-06-25T21:15:00,2026-06-25T21:29:18,2026-06-25T22:00:00,2026-06-25T22:09:35.898521,9.2,146.6,nodal,completed
T001945,R011,D0106,V2,S3,2026-06-25T21:15:00,2026-06-25T21:16:36,2026-06-25T22:00:00,2026-06-25T22:00:33.792661,7.7,119.7,nodal,completed
T001946,R011,D0082,V1,S3,2026-06-25T21:15:00,2026-06-25T21:26:00,2026-06-25T22:00:00,2026-06-25T22:10:41.882453,8.0,120.9,nodal,completed
T001947,R011,D0096,V2,S3,2026-06-25T21:15:00,2026-06-25T21:21:42,2026-06-25T22:00:00,2026-06-25T22:04:23.616313,8.4,125.1,nodal,completed
T001948,R013,D0006,V5,S3,2026-06-25T21:15:00,2026-06-25T21:18:30,2026-06-25T22:00:00,2026-06-25T22:00:00,11.0,237.6,cab,completed
T001949,R013,D0023,V3,S3,2026-06-25T21:15:00,2026-06-25T21:17:36,2026-06-25T22:00:00,2026-06-25T22:00:19.947268,10.8,234.3,cab,completed
T001950,R013,D0098,V5,S3,2026-06-25T21:15:00,2026-06-25T21:16:42,2026-06-25T22:00:00,2026-06-25T22:01:05.204024,11.7,244.0,cab,completed
T001951,R013,D0077,V5,S3,2026-06-25T21:15:00,2026-06-25T21:18:42,2026-06-25T22:00:00,2026-06-25T22:02:54.639628,11.7,253.3,cab,completed
T001952,R013,D0101,V5,S3,2026-06-25T21:15:00,2026-06-25T21:19:30,2026-06-25T22:00:00,2026-06-25T22:04:26.224413,10.5,234.9,cab,completed
T001953,R013,D0048,V5,S3,2026-06-25T21:15:00,2026-06-25T21:23:24,2026-06-25T22:00:00,2026-06-25T22:04:33.238237,11.3,257.0,cab,completed
T001954,R018,D0108,V5,S3,2026-06-25T21:15:00,2026-06-25T21:16:00,2026-06-25T22:00:00,2026-06-25T22:00:00,15.3,105.3,shuttle,completed
T001955,R018,D0101,V5,S3,2026-06-25T21:15:00,2026-06-25T21:26:42,2026-06-25T22:00:00,2026-06-25T22:07:17.125813,16.1,111.1,shuttle,completed
T001956,R020,D0066,V2,S3,2026-06-25T21:15:00,2026-06-25T21:19:00,2026-06-25T22:00:00,2026-06-25T22:00:00,9.5,141.4,nodal,completed
T001957,R020,D0086,V1,S3,2026-06-25T21:15:00,2026-06-25T21:18:54,2026-06-25T22:00:00,2026-06-25T22:03:42.367277,9.8,160.6,nodal,completed
T001958,R020,D0057,V2,S3,2026-06-25T21:15:00,2026-06-25T21:17:06,2026-06-25T22:00:00,2026-06-25T22:00:04.158797,9.8,141.5,nodal,completed
T001959,R022,D0117,V1,S3,2026-06-25T21:15:00,2026-06-25T21:18:00,2026-06-25T22:00:00,2026-06-25T22:00:00,16.9,318.7,cab,completed
T001960,R022,D0008,V1,S3,2026-06-25T21:15:00,2026-06-25T21:18:36,2026-06-25T22:00:00,2026-06-25T22:00:00,18.1,351.0,cab,completed
T001961,R022,D0046,V5,S3,2026-06-25T21:15:00,2026-06-25T21:22:06,2026-06-25T22:00:00,2026-06-25T22:05:59.823985,16.5,320.7,cab,completed
T001962,R022,D0003,V1,S3,2026-06-25T21:15:00,2026-06-25T21:17:42,2026-06-25T22:00:00,2026-06-25T22:00:34.940188,17.9,343.6,cab,completed
T001963,R003,D0108,V5,S1,2026-06-26T08:15:00,2026-06-26T08:16:12,2026-06-26T09:00:00,2026-06-26T09:00:00,22.2,127.2,shuttle,completed
T001964,R003,D0059,V4,S1,2026-06-26T08:15:00,2026-06-26T08:20:48,2026-06-26T09:00:00,2026-06-26T09:05:06.350072,23.1,135.1,shuttle,completed
T001965,R003,D0025,V2,S1,2026-06-26T08:15:00,2026-06-26T08:23:00,2026-06-26T09:00:00,2026-06-26T09:04:02.286753,23.8,143.4,shuttle,completed
T001966,R006,D0006,V5,S1,2026-06-26T08:15:00,2026-06-26T08:16:54,2026-06-26T09:00:00,2026-06-26T09:00:40.810547,18.6,122.4,shuttle,completed
T001967,R006,D0074,V4,S1,2026-06-26T08:15:00,2026-06-26T08:27:36,2026-06-26T09:00:00,2026-06-26T09:09:35.691760,20.0,130.4,shuttle,completed
T001968,R006,D0044,V4,S1,2026-06-26T08:15:00,2026-06-26T08:25:18,2026-06-26T09:00:00,2026-06-26T09:07:23.702999,19.4,117.6,shuttle,completed
T001969,R008,D0008,V1,S1,2026-06-26T08:15:00,2026-06-26T08:27:30,2026-06-26T09:00:00,2026-06-26T09:10:45.917872,9.0,136.9,nodal,completed
T001970,R008,D0078,V2,S1,2026-06-26T08:15:00,2026-06-26T08:17:00,2026-06-26T09:00:00,2026-06-26T09:00:04.076728,8.7,136.4,nodal,completed
T001971,R008,D0045,V1,S1,2026-06-26T08:15:00,2026-06-26T08:17:06,2026-06-26T09:00:00,2026-06-26T09:00:00,9.6,137.3,nodal,completed
T001972,R008,D0043,V1,S1,2026-06-26T08:15:00,2026-06-26T08:28:48,2026-06-26T09:00:00,2026-06-26T09:09:33.688786,8.9,133.4,nodal,completed
T001973,R008,D0025,V2,S1,2026-06-26T08:15:00,2026-06-26T08:16:54,2026-06-26T09:00:00,2026-06-26T09:00:00,9.2,128.1,nodal,completed
T001974,R008,D0113,V2,S1,2026-06-26T08:15:00,,2026-06-26T09:00:00,2026-06-26T09:00:00,9.4,134.6,nodal,completed
T001975,R011,D0096,V2,S1,2026-06-26T08:15:00,2026-06-26T08:20:12,2026-06-26T09:00:00,2026-06-26T09:02:13.028846,8.0,122.7,nodal,completed
T001976,R011,D0097,V2,S1,2026-06-26T08:15:00,2026-06-26T08:17:06,2026-06-26T09:00:00,2026-06-26T09:00:45.315887,8.5,117.0,nodal,completed
T001977,R011,D0090,V2,S1,2026-06-26T08:15:00,2026-06-26T08:19:30,2026-06-26T09:00:00,2026-06-26T09:02:07.045725,7.6,119.1,nodal,completed
T001978,R011,D0045,V1,S1,2026-06-26T08:15:00,2026-06-26T08:16:48,2026-06-26T09:00:00,2026-06-26T09:00:00,8.6,128.2,nodal,completed
T001979,R011,D0097,V2,S1,2026-06-26T08:15:00,2026-06-26T08:18:30,2026-06-26T09:00:00,2026-06-26T09:00:00,8.4,135.4,nodal,completed
T001980,R013,D0067,V3,S1,2026-06-26T08:15:00,2026-06-26T08:37:54,2026-06-26T09:00:00,2026-06-26T09:19:20.560868,10.6,242.0,cab,completed
T001981,R013,D0004,V5,S1,2026-06-26T08:15:00,2026-06-26T08:16:36,2026-06-26T09:00:00,2026-06-26T09:00:00,11.7,248.2,cab,completed
T001982,R013,D0058,V1,S1,2026-06-26T08:15:00,2026-06-26T08:19:18,2026-06-26T09:00:00,2026-06-26T09:02:45.498873,11.3,250.9,cab,completed
T001983,R013,D0101,V5,S1,2026-06-26T08:15:00,2026-06-26T08:16:06,2026-06-26T09:00:00,2026-06-26T09:00:45.614014,10.7,238.0,cab,completed
T001984,R013,D0037,V3,S1,2026-06-26T08:15:00,2026-06-26T08:20:24,2026-06-26T09:00:00,2026-06-26T09:04:20.458146,11.9,257.4,cab,completed
T001985,R013,D0105,V3,S1,2026-06-26T08:15:00,2026-06-26T08:15:54,2026-06-26T09:00:00,2026-06-26T09:00:37.404433,11.6,248.4,cab,completed
T001986,R013,D0112,V1,S1,2026-06-26T08:15:00,2026-06-26T08:19:00,2026-06-26T09:00:00,2026-06-26T09:01:30.479850,11.3,245.6,cab,completed
T001987,R013,D0037,V3,S1,2026-06-26T08:15:00,2026-06-26T08:15:24,2026-06-26T09:00:00,2026-06-26T09:00:00,11.5,255.1,cab,completed
T001988,R013,D0112,V1,S1,2026-06-26T08:15:00,2026-06-26T08:26:18,2026-06-26T09:00:00,2026-06-26T09:09:38.311859,10.5,245.0,cab,completed
T001989,R013,D0053,V1,S1,2026-06-26T08:15:00,2026-06-26T08:17:06,2026-06-26T09:00:00,2026-06-26T09:01:35.463919,11.0,251.6,cab,completed
T001990,R018,D0098,V5,S1,2026-06-26T08:15:00,2026-06-26T08:17:48,2026-06-26T09:00:00,2026-06-26T09:00:25.066156,14.5,105.1,shuttle,completed
T001991,R018,D0030,V2,S1,2026-06-26T08:15:00,2026-06-26T08:21:12,2026-06-26T09:00:00,2026-06-26T09:04:31.527061,15.5,110.5,shuttle,completed
T001992,R018,D0074,V4,S1,2026-06-26T08:15:00,2026-06-26T08:47:00,2026-06-26T09:00:00,2026-06-26T09:31:50.003150,14.9,104.8,shuttle,completed
T001993,R020,D0072,V2,S1,2026-06-26T08:15:00,2026-06-26T08:22:00,2026-06-26T09:00:00,2026-06-26T09:03:42.506152,9.8,140.8,nodal,completed
T001994,R020,D0043,V1,S1,2026-06-26T08:15:00,2026-06-26T08:15:30,2026-06-26T09:00:00,2026-06-26T09:00:00,10.6,138.1,nodal,completed
T001995,R020,D0086,V1,S1,2026-06-26T08:15:00,2026-06-26T08:22:36,2026-06-26T09:00:00,2026-06-26T09:04:03.445960,10.3,136.0,nodal,completed
T001996,R020,D0086,V1,S1,2026-06-26T08:15:00,2026-06-26T08:21:54,2026-06-26T09:00:00,2026-06-26T09:06:11.842034,10.3,133.2,nodal,completed
T001997,R020,D0029,V2,S1,2026-06-26T08:15:00,2026-06-26T08:18:54,2026-06-26T09:00:00,2026-06-26T09:03:17.175400,10.0,140.9,nodal,completed
T001998,R020,D0003,V1,S1,2026-06-26T08:15:00,2026-06-26T08:18:18,2026-06-26T09:00:00,2026-06-26T09:01:54.333362,10.2,134.5,nodal,completed
T001999,R022,D0053,V1,S1,2026-06-26T08:15:00,2026-06-26T08:17:42,2026-06-26T09:00:00,2026-06-26T09:02:39.357280,17.6,339.0,cab,completed
T002000,R022,D0086,V1,S1,2026-06-26T08:15:00,2026-06-26T08:15:24,2026-06-26T09:00:00,2026-06-26T09:00:00,16.3,309.3,cab,completed
T002001,R022,D0112,V1,S1,2026-06-26T08:15:00,2026-06-26T08:20:36,2026-06-26T09:00:00,2026-06-26T09:04:43.282973,18.4,350.3,cab,completed
T002002,R022,D0086,V1,S1,2026-06-26T08:15:00,2026-06-26T08:20:06,2026-06-26T09:00:00,2026-06-26T09:03:01.407075,16.9,318.7,cab,completed
T002003,R022,D0099,V5,S1,2026-06-26T08:15:00,2026-06-26T08:24:42,2026-06-26T09:00:00,2026-06-26T09:09:38.074923,16.3,314.4,cab,completed
T002004,R022,D0006,V5,S1,2026-06-26T08:15:00,2026-06-26T08:16:36,2026-06-26T09:00:00,2026-06-26T09:00:00,17.2,339.6,cab,completed
T002005,R022,D0079,V3,S1,2026-06-26T08:15:00,2026-06-26T08:18:00,2026-06-26T09:00:00,2026-06-26T09:02:29.926040,17.5,341.6,cab,completed
T002006,R022,D0112,V1,S1,2026-06-26T08:15:00,2026-06-26T08:15:36,2026-06-26T09:00:00,2026-06-26T09:00:00,17.1,321.5,cab,completed
T002007,R022,D0067,V3,S1,2026-06-26T08:15:00,2026-06-26T08:23:42,2026-06-26T09:00:00,2026-06-26T09:04:27.526784,16.2,307.1,cab,completed
T002008,R022,D0050,V5,S1,2026-06-26T08:15:00,2026-06-26T08:18:06,2026-06-26T09:00:00,2026-06-26T09:02:08.680408,16.2,326.0,cab,completed
T002009,R022,D0064,V3,S1,2026-06-26T08:15:00,2026-06-26T08:18:12,2026-06-26T09:00:00,2026-06-26T09:02:19.760097,17.8,331.7,cab,completed
T002010,R022,D0098,V5,S1,2026-06-26T08:15:00,2026-06-26T08:20:24,2026-06-26T09:00:00,2026-06-26T09:04:27.877972,17.0,318.7,cab,completed
T002011,R003,D0098,V5,S2,2026-06-26T10:15:00,2026-06-26T10:21:54,2026-06-26T11:00:00,2026-06-26T11:02:57.186311,21.2,127.1,shuttle,completed
T002012,R003,D0073,V2,S2,2026-06-26T10:15:00,,2026-06-26T11:00:00,2026-06-26T11:48:27.143353,21.4,131.0,shuttle,completed
T002013,R006,D0084,V4,S2,2026-06-26T10:15:00,2026-06-26T10:17:30,2026-06-26T11:00:00,2026-06-26T11:00:39.249517,19.1,130.5,shuttle,completed
T002014,R006,D0108,V5,S2,2026-06-26T10:15:00,2026-06-26T10:20:30,2026-06-26T11:00:00,2026-06-26T11:03:35.131582,18.3,125.1,shuttle,completed
T002015,R008,D0043,V1,S2,2026-06-26T10:15:00,2026-06-26T10:16:36,2026-06-26T11:00:00,2026-06-26T11:00:00,8.9,127.5,nodal,completed
T002016,R008,D0068,V1,S2,2026-06-26T10:15:00,2026-06-26T10:15:06,2026-06-26T11:00:00,2026-06-26T11:00:00,9.4,144.1,nodal,completed
T002017,R008,D0025,V2,S2,2026-06-26T10:15:00,2026-06-26T10:15:36,2026-06-26T11:00:00,2026-06-26T11:00:00,9.4,142.3,nodal,completed
T002018,R008,D0005,V1,S2,2026-06-26T10:15:00,2026-06-26T10:16:18,2026-06-26T11:00:00,2026-06-26T11:00:00,8.9,148.3,nodal,completed
T002019,R011,D0113,V2,S2,2026-06-26T10:15:00,2026-06-26T10:25:36,2026-06-26T11:00:00,2026-06-26T11:08:41.743890,8.0,131.7,nodal,completed
T002020,R011,D0045,V1,S2,2026-06-26T10:15:00,2026-06-26T10:21:48,2026-06-26T11:00:00,2026-06-26T11:05:44.231371,7.9,119.5,nodal,completed
T002021,R011,D0114,V2,S2,2026-06-26T10:15:00,2026-06-26T10:21:00,2026-06-26T11:00:00,2026-06-26T11:04:13.835604,8.3,119.4,nodal,completed
T002022,R011,D0001,V2,S2,2026-06-26T10:15:00,2026-06-26T10:37:48,2026-06-26T11:00:00,2026-06-26T11:22:08.983217,8.4,115.9,nodal,completed
T002023,R013,D0022,V5,S2,2026-06-26T10:15:00,,2026-06-26T11:00:00,,10.5,241.1,cab,no_show
T002024,R013,D0056,V1,S2,2026-06-26T10:15:00,2026-06-26T10:30:36,2026-06-26T11:00:00,2026-06-26T11:13:31.907112,11.5,260.8,cab,completed
T002025,R013,D0099,V5,S2,2026-06-26T10:15:00,2026-06-26T10:16:24,2026-06-26T11:00:00,2026-06-26T11:00:57.397169,10.6,246.3,cab,completed
T002026,R013,D0088,V5,S2,2026-06-26T10:15:00,2026-06-26T10:29:36,2026-06-26T11:00:00,2026-06-26T11:11:06.340001,11.8,252.6,cab,completed
T002027,R013,D0023,V3,S2,2026-06-26T10:15:00,2026-06-26T10:15:06,2026-06-26T11:00:00,2026-06-26T11:00:00,11.2,252.3,cab,completed
T002028,R013,D0049,V3,S2,2026-06-26T10:15:00,2026-06-26T10:15:36,2026-06-26T11:00:00,2026-06-26T11:00:00,11.5,255.2,cab,completed
T002029,R013,D0077,V5,S2,2026-06-26T10:15:00,2026-06-26T10:18:36,2026-06-26T11:00:00,2026-06-26T11:03:31.522865,11.5,255.5,cab,completed
T002030,R013,D0052,V1,S2,2026-06-26T10:15:00,2026-06-26T10:19:30,2026-06-26T11:00:00,2026-06-26T11:01:44.461163,11.3,242.3,cab,completed
T002031,R018,D0097,V2,S2,2026-06-26T10:15:00,2026-06-26T10:31:00,2026-06-26T11:00:00,2026-06-26T11:11:07.364115,14.4,87.5,shuttle,completed
T002032,R018,D0029,V2,S2,2026-06-26T10:15:00,2026-06-26T10:17:42,2026-06-26T11:00:00,2026-06-26T11:00:00,15.7,103.0,shuttle,completed
T002033,R020,D0096,V2,S2,2026-06-26T10:15:00,2026-06-26T10:18:18,2026-06-26T11:00:00,2026-06-26T11:00:12.851697,10.6,137.2,nodal,completed
T002034,R020,D0097,V2,S2,2026-06-26T10:15:00,2026-06-26T10:17:36,2026-06-26T11:00:00,2026-06-26T11:00:00,9.8,134.3,nodal,completed
T002035,R020,D0111,V1,S2,2026-06-26T10:15:00,2026-06-26T10:15:48,2026-06-26T11:00:00,2026-06-26T11:00:00,10.3,135.7,nodal,completed
T002036,R020,D0032,V1,S2,2026-06-26T10:15:00,2026-06-26T10:19:30,2026-06-26T11:00:00,2026-06-26T11:00:35.757356,9.7,131.8,nodal,completed
T002037,R022,D0022,V5,S2,2026-06-26T10:15:00,2026-06-26T10:26:18,2026-06-26T11:00:00,2026-06-26T11:06:43.454853,16.9,322.4,cab,completed
T002038,R022,D0080,V1,S2,2026-06-26T10:15:00,2026-06-26T10:21:18,2026-06-26T11:00:00,2026-06-26T11:02:34.332920,16.2,323.8,cab,completed
T002039,R022,D0015,V1,S2,2026-06-26T10:15:00,,2026-06-26T11:00:00,2026-06-26T11:11:49.173180,16.3,316.8,cab,completed
T002040,R022,D0023,V3,S2,2026-06-26T10:15:00,2026-06-26T10:17:54,2026-06-26T11:00:00,2026-06-26T11:00:59.037290,17.0,318.9,cab,completed
T002041,R022,D0028,V3,S2,2026-06-26T10:15:00,2026-06-26T10:16:06,2026-06-26T11:00:00,2026-06-26T11:00:00,18.2,351.6,cab,completed
T002042,R022,D0031,V3,S2,2026-06-26T10:15:00,2026-06-26T10:28:24,2026-06-26T11:00:00,2026-06-26T11:10:55.409258,17.3,323.1,cab,completed
T002043,R022,D0064,V3,S2,2026-06-26T10:15:00,2026-06-26T10:16:42,2026-06-26T11:00:00,2026-06-26T11:01:04.673444,16.7,322.4,cab,completed
T002044,R022,D0014,V5,S2,2026-06-26T10:15:00,2026-06-26T10:30:48,2026-06-26T11:00:00,2026-06-26T11:15:13.028618,17.3,325.0,cab,completed
T002045,R003,D0091,V4,S3,2026-06-26T21:15:00,2026-06-26T21:33:30,2026-06-26T22:00:00,2026-06-26T22:16:03.930529,23.4,142.9,shuttle,completed
T002046,R003,D0007,V4,S3,2026-06-26T21:15:00,2026-06-26T21:32:54,2026-06-26T22:00:00,2026-06-26T22:17:53.277598,23.2,148.6,shuttle,completed
T002047,R006,D0050,V5,S3,2026-06-26T21:15:00,2026-06-26T21:16:30,2026-06-26T22:00:00,2026-06-26T22:00:00,19.6,120.3,shuttle,completed
T002048,R008,D0009,V1,S3,2026-06-26T21:15:00,2026-06-26T21:18:12,2026-06-26T22:00:00,2026-06-26T22:00:00,9.1,143.6,nodal,completed
T002049,R008,D0073,V2,S3,2026-06-26T21:15:00,2026-06-26T21:20:54,2026-06-26T22:00:00,2026-06-26T22:03:17.347828,9.6,132.9,nodal,completed
T002050,R011,D0078,V2,S3,2026-06-26T21:15:00,2026-06-26T21:25:54,2026-06-26T22:00:00,2026-06-26T22:08:25.653520,7.6,111.4,nodal,completed
T002051,R011,D0106,V2,S3,2026-06-26T21:15:00,2026-06-26T21:17:12,2026-06-26T22:00:00,2026-06-26T22:00:00,8.0,112.8,nodal,completed
T002052,R011,D0082,V1,S3,2026-06-26T21:15:00,2026-06-26T21:18:18,2026-06-26T22:00:00,2026-06-26T22:00:00,8.1,125.3,nodal,completed
T002053,R013,D0108,V5,S3,2026-06-26T21:15:00,,2026-06-26T22:00:00,,11.8,249.2,cab,no_show
T002054,R013,D0108,V5,S3,2026-06-26T21:15:00,2026-06-26T21:18:42,2026-06-26T22:00:00,2026-06-26T22:03:36.290799,11.5,250.9,cab,completed
T002055,R013,D0098,V5,S3,2026-06-26T21:15:00,2026-06-26T21:19:30,2026-06-26T22:00:00,2026-06-26T22:00:11.211922,11.6,252.7,cab,completed
T002056,R013,D0023,V3,S3,2026-06-26T21:15:00,2026-06-26T21:20:00,2026-06-26T22:00:00,2026-06-26T22:00:52.379189,11.3,248.6,cab,completed
T002057,R013,D0014,V5,S3,2026-06-26T21:15:00,2026-06-26T21:22:42,2026-06-26T22:00:00,2026-06-26T22:03:24.886661,11.5,248.0,cab,completed
T002058,R018,D0012,V2,S3,2026-06-26T21:15:00,2026-06-26T21:21:00,2026-06-26T22:00:00,2026-06-26T22:03:22.659792,15.7,124.4,shuttle,completed
T002059,R018,D0026,V4,S3,2026-06-26T21:15:00,2026-06-26T21:23:42,2026-06-26T22:00:00,2026-06-26T22:05:23.129221,14.7,93.8,shuttle,completed
T002060,R020,D0043,V1,S3,2026-06-26T21:15:00,2026-06-26T21:15:18,2026-06-26T22:00:00,2026-06-26T22:00:00,10.3,147.4,nodal,completed
T002061,R020,D0072,V2,S3,2026-06-26T21:15:00,2026-06-26T21:26:36,2026-06-26T22:00:00,2026-06-26T22:06:52.748671,10.4,146.9,nodal,completed
T002062,R020,D0032,V1,S3,2026-06-26T21:15:00,2026-06-26T21:17:00,2026-06-26T22:00:00,2026-06-26T22:01:06.937398,10.3,147.9,nodal,completed
T002063,R022,D0100,V3,S3,2026-06-26T21:15:00,2026-06-26T21:28:48,2026-06-26T22:00:00,2026-06-26T22:09:59.408941,18.1,341.7,cab,completed
T002064,R022,D0058,V1,S3,2026-06-26T21:15:00,2026-06-26T21:22:48,2026-06-26T22:00:00,2026-06-26T22:07:31.011292,17.9,334.9,cab,completed
T002065,R022,D0069,V5,S3,2026-06-26T21:15:00,2026-06-26T21:19:30,2026-06-26T22:00:00,2026-06-26T22:01:23.442496,18.2,338.5,cab,completed
T002066,R022,D0053,V1,S3,2026-06-26T21:15:00,2026-06-26T21:21:00,2026-06-26T22:00:00,2026-06-26T22:03:39.048591,17.4,337.4,cab,completed
T002067,R003,D0017,V2,S1,2026-06-29T08:15:00,2026-06-29T08:18:42,2026-06-29T09:00:00,2026-06-29T09:01:29.975828,22.1,132.5,shuttle,completed
T002068,R003,D0119,V4,S1,2026-06-29T08:15:00,2026-06-29T08:16:54,2026-06-29T09:00:00,2026-06-29T09:00:33.983019,23.0,141.2,shuttle,completed
T002069,R003,D0029,V2,S1,2026-06-29T08:15:00,2026-06-29T08:15:00,2026-06-29T09:00:00,2026-06-29T09:00:00,21.2,123.8,shuttle,completed
T002070,R006,D0051,V2,S1,2026-06-29T08:15:00,,2026-06-29T09:00:00,,19.3,128.2,shuttle,no_show
T002071,R006,D0034,V4,S1,2026-06-29T08:15:00,2026-06-29T08:19:36,2026-06-29T09:00:00,2026-06-29T09:02:32.137342,20.0,124.4,shuttle,completed
T002072,R006,D0050,V5,S1,2026-06-29T08:15:00,2026-06-29T08:22:24,2026-06-29T09:00:00,2026-06-29T09:04:24.757095,19.4,131.4,shuttle,completed
T002073,R008,D0008,V1,S1,2026-06-29T08:15:00,2026-06-29T08:25:12,2026-06-29T09:00:00,2026-06-29T09:06:32.426820,9.3,126.0,nodal,completed
T002074,R008,D0111,V1,S1,2026-06-29T08:15:00,2026-06-29T08:17:12,2026-06-29T09:00:00,2026-06-29T09:00:00,9.6,135.7,nodal,completed
T002075,R008,D0096,V2,S1,2026-06-29T08:15:00,2026-06-29T08:15:18,2026-06-29T09:00:00,2026-06-29T09:00:00,8.9,126.9,nodal,completed
T002076,R008,D0081,V2,S1,2026-06-29T08:15:00,2026-06-29T08:15:48,2026-06-29T09:00:00,2026-06-29T09:00:00,9.3,142.1,nodal,completed
T002077,R008,D0003,V1,S1,2026-06-29T08:15:00,2026-06-29T08:17:42,2026-06-29T09:00:00,2026-06-29T09:02:04.368759,9.3,132.6,nodal,completed
T002078,R011,D0024,V1,S1,2026-06-29T08:15:00,2026-06-29T08:16:42,2026-06-29T09:00:00,2026-06-29T09:00:00,8.1,114.3,nodal,completed
T002079,R011,D0106,V2,S1,2026-06-29T08:15:00,2026-06-29T08:17:18,2026-06-29T09:00:00,2026-06-29T09:00:00,7.7,114.5,nodal,completed
T002080,R011,D0033,V1,S1,2026-06-29T08:15:00,,2026-06-29T09:00:00,,8.5,118.1,nodal,no_show
T002081,R011,D0097,V2,S1,2026-06-29T08:15:00,2026-06-29T08:16:42,2026-06-29T09:00:00,2026-06-29T09:00:00,8.3,130.2,nodal,completed
T002082,R011,D0051,V2,S1,2026-06-29T08:15:00,2026-06-29T08:24:54,2026-06-29T09:00:00,2026-06-29T09:05:18.083956,8.1,131.9,nodal,completed
T002083,R011,D0068,V1,S1,2026-06-29T08:15:00,2026-06-29T08:29:48,2026-06-29T09:00:00,2026-06-29T09:12:19.728008,7.9,120.3,nodal,completed
T002084,R013,D0048,V5,S1,2026-06-29T08:15:00,2026-06-29T08:16:12,2026-06-29T09:00:00,2026-06-29T09:00:00,11.7,259.4,cab,completed
T002085,R013,D0079,V3,S1,2026-06-29T08:15:00,2026-06-29T08:21:12,2026-06-29T09:00:00,2026-06-29T09:02:04.095993,10.8,235.6,cab,completed
T002086,R013,D0047,V3,S1,2026-06-29T08:15:00,2026-06-29T08:22:42,2026-06-29T09:00:00,2026-06-29T09:06:18.802213,11.6,245.7,cab,completed
T002087,R013,D0053,V1,S1,2026-06-29T08:15:00,2026-06-29T08:17:24,2026-06-29T09:00:00,2026-06-29T09:00:00,11.1,250.3,cab,completed
T002088,R013,D0046,V5,S1,2026-06-29T08:15:00,2026-06-29T08:24:12,2026-06-29T09:00:00,2026-06-29T09:09:09.238242,11.7,258.7,cab,completed
T002089,R013,D0048,V5,S1,2026-06-29T08:15:00,2026-06-29T08:18:42,2026-06-29T09:00:00,2026-06-29T09:00:00,10.6,231.0,cab,completed
T002090,R013,D0032,V1,S1,2026-06-29T08:15:00,2026-06-29T08:15:18,2026-06-29T09:00:00,2026-06-29T09:00:03.841945,11.8,255.3,cab,completed
T002091,R013,D0006,V5,S1,2026-06-29T08:15:00,2026-06-29T08:15:36,2026-06-29T09:00:00,2026-06-29T09:00:00,11.3,238.6,cab,completed
T002092,R013,D0010,V1,S1,2026-06-29T08:15:00,2026-06-29T08:21:48,2026-06-29T09:00:00,2026-06-29T09:04:10.277955,11.6,254.0,cab,completed
T002093,R013,D0082,V1,S1,2026-06-29T08:15:00,2026-06-29T08:21:06,2026-06-29T09:00:00,2026-06-29T09:02:42.553663,11.2,240.7,cab,completed
T002094,R013,D0076,V3,S1,2026-06-29T08:15:00,2026-06-29T08:15:54,2026-06-29T09:00:00,2026-06-29T09:00:00,11.8,253.8,cab,completed
T002095,R018,D0025,V2,S1,2026-06-29T08:15:00,2026-06-29T08:26:00,2026-06-29T09:00:00,2026-06-29T09:09:26.738840,15.5,122.7,shuttle,completed
T002096,R018,D0119,V4,S1,2026-06-29T08:15:00,2026-06-29T08:16:06,2026-06-29T09:00:00,2026-06-29T09:00:00,14.8,94.2,shuttle,completed
T002097,R018,D0038,V5,S1,2026-06-29T08:15:00,2026-06-29T08:16:24,2026-06-29T09:00:00,2026-06-29T09:00:00,16.2,100.4,shuttle,completed
T002098,R020,D0020,V2,S1,2026-06-29T08:15:00,2026-06-29T08:23:18,2026-06-29T09:00:00,2026-06-29T09:04:43.024911,10.7,137.4,nodal,completed
T002099,R020,D0058,V1,S1,2026-06-29T08:15:00,2026-06-29T08:37:42,2026-06-29T09:00:00,2026-06-29T09:18:06.092686,10.5,146.9,nodal,completed
T002100,R020,D0068,V1,S1,2026-06-29T08:15:00,2026-06-29T08:16:24,2026-06-29T09:00:00,2026-06-29T09:00:56.888518,9.7,134.0,nodal,completed
T002101,R020,D0008,V1,S1,2026-06-29T08:15:00,2026-06-29T08:28:42,2026-06-29T09:00:00,2026-06-29T09:11:38.871871,9.7,130.9,nodal,completed
T002102,R020,D0058,V1,S1,2026-06-29T08:15:00,2026-06-29T08:16:48,2026-06-29T09:00:00,2026-06-29T09:00:00,10.1,131.5,nodal,completed
T002103,R020,D0040,V1,S1,2026-06-29T08:15:00,2026-06-29T08:16:18,2026-06-29T09:00:00,2026-06-29T09:00:04.797740,10.6,137.8,nodal,completed
T002104,R020,D0090,V2,S1,2026-06-29T08:15:00,2026-06-29T08:21:54,2026-06-29T09:00:00,2026-06-29T09:06:49.071323,9.9,133.1,nodal,completed
T002105,R022,D0071,V5,S1,2026-06-29T08:15:00,2026-06-29T08:16:12,2026-06-29T09:00:00,2026-06-29T09:00:00,17.7,335.3,cab,completed
T002106,R022,D0047,V3,S1,2026-06-29T08:15:00,2026-06-29T08:19:18,2026-06-29T09:00:00,2026-06-29T09:00:18.240783,17.8,329.4,cab,completed
T002107,R022,D0028,V3,S1,2026-06-29T08:15:00,2026-06-29T08:15:54,2026-06-29T09:00:00,2026-06-29T09:00:00,17.5,327.5,cab,completed
T002108,R022,D0027,V3,S1,2026-06-29T08:15:00,2026-06-29T08:26:18,2026-06-29T09:00:00,2026-06-29T09:07:58.782441,17.8,342.6,cab,completed
T002109,R022,D0031,V3,S1,2026-06-29T08:15:00,2026-06-29T08:17:30,2026-06-29T09:00:00,2026-06-29T09:00:00,17.0,323.8,cab,completed
T002110,R022,D0042,V5,S1,2026-06-29T08:15:00,2026-06-29T08:39:42,2026-06-29T09:00:00,2026-06-29T09:22:54.885407,16.5,318.4,cab,completed
T002111,R022,D0065,V3,S1,2026-06-29T08:15:00,2026-06-29T08:17:54,2026-06-29T09:00:00,2026-06-29T09:00:00,16.3,319.8,cab,completed
T002112,R022,D0110,V1,S1,2026-06-29T08:15:00,2026-06-29T08:16:06,2026-06-29T09:00:00,2026-06-29T09:00:00,17.0,325.6,cab,completed
T002113,R022,D0080,V1,S1,2026-06-29T08:15:00,2026-06-29T08:16:06,2026-06-29T09:00:00,2026-06-29T09:00:00,17.6,330.4,cab,completed
T002114,R022,D0008,V1,S1,2026-06-29T08:15:00,2026-06-29T08:17:12,2026-06-29T09:00:00,2026-06-29T09:00:00,17.3,329.8,cab,completed
T002115,R022,D0085,V3,S1,2026-06-29T08:15:00,2026-06-29T08:22:30,2026-06-29T09:00:00,2026-06-29T09:06:11.957041,17.5,330.5,cab,completed
T002116,R022,D0016,V5,S1,2026-06-29T08:15:00,,2026-06-29T09:00:00,2026-06-29T09:04:47.996004,18.3,353.1,cab,completed
T002117,R003,D0094,V2,S2,2026-06-29T10:15:00,2026-06-29T10:15:18,2026-06-29T11:00:00,2026-06-29T11:00:00,22.5,132.6,shuttle,completed
T002118,R003,D0106,V2,S2,2026-06-29T10:15:00,2026-06-29T10:17:36,2026-06-29T11:00:00,2026-06-29T11:00:00,23.7,151.0,shuttle,completed
T002119,R006,D0022,V5,S2,2026-06-29T10:15:00,2026-06-29T10:22:06,2026-06-29T11:00:00,2026-06-29T11:02:54.323262,18.2,114.7,shuttle,completed
T002120,R006,D0044,V4,S2,2026-06-29T10:15:00,2026-06-29T10:24:06,2026-06-29T11:00:00,2026-06-29T11:08:24.468388,19.8,115.7,shuttle,completed
T002121,R008,D0058,V1,S2,2026-06-29T10:15:00,2026-06-29T10:19:18,2026-06-29T11:00:00,2026-06-29T11:03:29.933154,8.8,121.0,nodal,completed
T002122,R008,D0063,V2,S2,2026-06-29T10:15:00,2026-06-29T10:15:18,2026-06-29T11:00:00,2026-06-29T11:00:00,9.2,127.7,nodal,completed
T002123,R008,D0078,V2,S2,2026-06-29T10:15:00,2026-06-29T10:16:24,2026-06-29T11:00:00,2026-06-29T11:00:00,9.6,135.8,nodal,completed
T002124,R008,D0040,V1,S2,2026-06-29T10:15:00,2026-06-29T10:21:00,2026-06-29T11:00:00,2026-06-29T11:02:17.028629,8.8,121.2,nodal,completed
T002125,R011,D0078,V2,S2,2026-06-29T10:15:00,2026-06-29T10:22:54,2026-06-29T11:00:00,2026-06-29T11:04:01.378442,8.5,130.5,nodal,completed
T002126,R011,D0002,V2,S2,2026-06-29T10:15:00,2026-06-29T10:16:06,2026-06-29T11:00:00,2026-06-29T11:00:00,8.1,114.8,nodal,completed
T002127,R011,D0024,V1,S2,2026-06-29T10:15:00,2026-06-29T10:25:42,2026-06-29T11:00:00,2026-06-29T11:09:16.365857,8.1,129.8,nodal,completed
T002128,R011,D0063,V2,S2,2026-06-29T10:15:00,2026-06-29T10:16:12,2026-06-29T11:00:00,2026-06-29T11:00:00,7.8,127.8,nodal,completed
T002129,R013,D0009,V1,S2,2026-06-29T10:15:00,2026-06-29T10:15:30,2026-06-29T11:00:00,2026-06-29T11:00:00,11.5,251.8,cab,completed
T002130,R013,D0010,V1,S2,2026-06-29T10:15:00,2026-06-29T10:18:30,2026-06-29T11:00:00,2026-06-29T11:01:53.793875,11.4,257.4,cab,completed
T002131,R013,D0068,V1,S2,2026-06-29T10:15:00,2026-06-29T10:16:42,2026-06-29T11:00:00,2026-06-29T11:00:00,11.3,243.6,cab,completed
T002132,R013,D0043,V1,S2,2026-06-29T10:15:00,2026-06-29T10:15:36,2026-06-29T11:00:00,2026-06-29T11:00:06.043754,11.1,245.7,cab,completed
T002133,R013,D0031,V3,S2,2026-06-29T10:15:00,2026-06-29T10:15:12,2026-06-29T11:00:00,2026-06-29T11:00:00,11.0,249.9,cab,completed
T002134,R013,D0101,V5,S2,2026-06-29T10:15:00,2026-06-29T10:23:36,2026-06-29T11:00:00,2026-06-29T11:07:46.688621,11.4,255.4,cab,completed
T002135,R013,D0053,V1,S2,2026-06-29T10:15:00,2026-06-29T10:16:06,2026-06-29T11:00:00,2026-06-29T11:00:00,10.5,245.3,cab,completed
T002136,R013,D0009,V1,S2,2026-06-29T10:15:00,2026-06-29T10:18:36,2026-06-29T11:00:00,2026-06-29T11:02:42.530268,10.5,228.0,cab,completed
T002137,R018,D0017,V2,S2,2026-06-29T10:15:00,2026-06-29T10:30:06,2026-06-29T11:00:00,2026-06-29T11:13:37.010075,14.8,101.1,shuttle,completed
T002138,R018,D0001,V2,S2,2026-06-29T10:15:00,2026-06-29T10:17:18,2026-06-29T11:00:00,2026-06-29T11:00:54.979808,15.2,108.7,shuttle,completed
T002139,R020,D0054,V2,S2,2026-06-29T10:15:00,2026-06-29T10:29:06,2026-06-29T11:00:00,2026-06-29T11:10:52.629325,10.5,153.2,nodal,completed
T002140,R020,D0056,V1,S2,2026-06-29T10:15:00,2026-06-29T10:23:00,2026-06-29T11:00:00,2026-06-29T11:03:51.237196,9.6,140.2,nodal,completed
T002141,R020,D0058,V1,S2,2026-06-29T10:15:00,2026-06-29T10:23:00,2026-06-29T11:00:00,2026-06-29T11:06:11.760300,9.7,135.6,nodal,completed
T002142,R020,D0058,V1,S2,2026-06-29T10:15:00,2026-06-29T10:27:12,2026-06-29T11:00:00,2026-06-29T11:11:18.552059,9.6,146.3,nodal,completed
T002143,R022,D0043,V1,S2,2026-06-29T10:15:00,2026-06-29T10:20:42,2026-06-29T11:00:00,2026-06-29T11:00:58.517023,17.6,338.9,cab,completed
T002144,R022,D0100,V3,S2,2026-06-29T10:15:00,2026-06-29T10:15:42,2026-06-29T11:00:00,2026-06-29T11:00:28.305229,16.9,324.1,cab,completed
T002145,R022,D0035,V1,S2,2026-06-29T10:15:00,2026-06-29T10:19:54,2026-06-29T11:00:00,2026-06-29T11:03:22.251968,18.0,359.6,cab,completed
T002146,R022,D0117,V1,S2,2026-06-29T10:15:00,2026-06-29T10:17:48,2026-06-29T11:00:00,2026-06-29T11:00:55.067136,17.3,323.9,cab,completed
T002147,R022,D0024,V1,S2,2026-06-29T10:15:00,2026-06-29T10:19:18,2026-06-29T11:00:00,2026-06-29T11:00:00,17.1,328.8,cab,completed
T002148,R022,D0013,V5,S2,2026-06-29T10:15:00,2026-06-29T10:20:18,2026-06-29T11:00:00,2026-06-29T11:02:55.859562,17.1,336.1,cab,completed
T002149,R022,D0005,V1,S2,2026-06-29T10:15:00,2026-06-29T10:16:36,2026-06-29T11:00:00,2026-06-29T11:01:17.202761,17.1,319.5,cab,completed
T002150,R022,D0103,V5,S2,2026-06-29T10:15:00,2026-06-29T10:15:18,2026-06-29T11:00:00,2026-06-29T11:00:05.960640,16.8,320.1,cab,completed
T002151,R003,D0048,V5,S3,2026-06-29T21:15:00,2026-06-29T21:21:00,2026-06-29T22:00:00,2026-06-29T22:02:21.991588,22.8,139.3,shuttle,completed
T002152,R003,D0044,V4,S3,2026-06-29T21:15:00,2026-06-29T21:19:24,2026-06-29T22:00:00,2026-06-29T22:01:11.731796,22.6,129.8,shuttle,completed
T002153,R006,D0116,V5,S3,2026-06-29T21:15:00,2026-06-29T21:22:54,2026-06-29T22:00:00,2026-06-29T22:06:29.905253,19.4,112.2,shuttle,completed
T002154,R008,D0002,V2,S3,2026-06-29T21:15:00,,2026-06-29T22:00:00,,9.2,140.9,nodal,no_show
T002155,R008,D0053,V1,S3,2026-06-29T21:15:00,2026-06-29T21:20:42,2026-06-29T22:00:00,2026-06-29T22:02:49.460053,8.6,124.5,nodal,completed
T002156,R011,D0090,V2,S3,2026-06-29T21:15:00,2026-06-29T21:25:54,2026-06-29T22:00:00,2026-06-29T22:10:02.166428,7.7,121.8,nodal,completed
T002157,R011,D0090,V2,S3,2026-06-29T21:15:00,2026-06-29T21:22:30,2026-06-29T22:00:00,2026-06-29T22:05:42.360561,8.4,117.0,nodal,completed
T002158,R011,D0066,V2,S3,2026-06-29T21:15:00,,2026-06-29T22:00:00,,8.4,121.1,nodal,no_show
T002159,R013,D0028,V3,S3,2026-06-29T21:15:00,2026-06-29T21:16:12,2026-06-29T22:00:00,2026-06-29T22:00:00,11.7,245.5,cab,completed
T002160,R013,D0082,V1,S3,2026-06-29T21:15:00,2026-06-29T21:15:18,2026-06-29T22:00:00,2026-06-29T22:00:00,10.7,248.4,cab,completed
T002161,R013,D0083,V3,S3,2026-06-29T21:15:00,2026-06-29T21:15:12,2026-06-29T22:00:00,2026-06-29T22:00:00,11.1,249.4,cab,completed
T002162,R013,D0112,V1,S3,2026-06-29T21:15:00,2026-06-29T21:20:30,2026-06-29T22:00:00,2026-06-29T22:04:19.595885,10.7,242.2,cab,completed
T002163,R013,D0018,V5,S3,2026-06-29T21:15:00,2026-06-29T21:39:36,2026-06-29T22:00:00,2026-06-29T22:22:42.863295,11.6,247.8,cab,completed
T002164,R018,D0004,V5,S3,2026-06-29T21:15:00,2026-06-29T21:15:36,2026-06-29T22:00:00,2026-06-29T22:00:00,15.1,107.0,shuttle,completed
T002165,R018,D0099,V5,S3,2026-06-29T21:15:00,2026-06-29T21:17:00,2026-06-29T22:00:00,2026-06-29T22:00:13.733018,15.2,108.9,shuttle,completed
T002166,R020,D0112,V1,S3,2026-06-29T21:15:00,2026-06-29T21:17:30,2026-06-29T22:00:00,2026-06-29T22:00:00,10.2,138.6,nodal,completed
T002167,R020,D0003,V1,S3,2026-06-29T21:15:00,2026-06-29T21:26:00,2026-06-29T22:00:00,2026-06-29T22:10:25.792174,10.7,154.9,nodal,completed
T002168,R020,D0056,V1,S3,2026-06-29T21:15:00,2026-06-29T21:18:24,2026-06-29T22:00:00,2026-06-29T22:02:16.292476,10.4,146.0,nodal,completed
T002169,R022,D0009,V1,S3,2026-06-29T21:15:00,2026-06-29T21:28:54,2026-06-29T22:00:00,2026-06-29T22:12:22.240319,17.8,330.1,cab,completed
T002170,R022,D0037,V3,S3,2026-06-29T21:15:00,2026-06-29T21:15:54,2026-06-29T22:00:00,2026-06-29T22:00:00,18.0,338.2,cab,completed
T002171,R022,D0022,V5,S3,2026-06-29T21:15:00,2026-06-29T21:17:24,2026-06-29T22:00:00,2026-06-29T22:00:42.930096,16.6,322.1,cab,completed
T002172,R022,D0111,V1,S3,2026-06-29T21:15:00,2026-06-29T21:31:48,2026-06-29T22:00:00,2026-06-29T22:15:49.216937,17.6,346.4,cab,completed
T002173,R003,D0026,V4,S1,2026-06-30T08:15:00,2026-06-30T08:17:18,2026-06-30T09:00:00,2026-06-30T09:00:00,21.5,123.5,shuttle,completed
T002174,R003,D0102,V4,S1,2026-06-30T08:15:00,2026-06-30T08:29:06,2026-06-30T09:00:00,2026-06-30T09:12:54.116609,21.3,141.5,shuttle,completed
T002175,R003,D0102,V4,S1,2026-06-30T08:15:00,2026-06-30T08:30:42,2026-06-30T09:00:00,2026-06-30T09:15:09.587740,21.4,130.7,shuttle,completed
T002176,R006,D0006,V5,S1,2026-06-30T08:15:00,,2026-06-30T09:00:00,,19.5,113.3,shuttle,no_show
T002177,R006,D0096,V2,S1,2026-06-30T08:15:00,2026-06-30T08:21:42,2026-06-30T09:00:00,2026-06-30T09:01:43.038375,19.8,123.0,shuttle,completed
T002178,R006,D0059,V4,S1,2026-06-30T08:15:00,2026-06-30T08:20:24,2026-06-30T09:00:00,2026-06-30T09:02:09.449058,20.2,128.0,shuttle,completed
T002179,R008,D0005,V1,S1,2026-06-30T08:15:00,2026-06-30T08:16:30,2026-06-30T09:00:00,2026-06-30T09:01:07.947290,8.6,117.9,nodal,completed
T002180,R008,D0110,V1,S1,2026-06-30T08:15:00,2026-06-30T08:20:12,2026-06-30T09:00:00,2026-06-30T09:00:41.311625,8.6,133.6,nodal,completed
T002181,R008,D0086,V1,S1,2026-06-30T08:15:00,2026-06-30T08:21:00,2026-06-30T09:00:00,2026-06-30T09:01:40.826042,8.6,132.1,nodal,completed
T002182,R008,D0053,V1,S1,2026-06-30T08:15:00,2026-06-30T08:30:12,2026-06-30T09:00:00,2026-06-30T09:12:26.680981,9.3,126.9,nodal,completed
T002183,R008,D0066,V2,S1,2026-06-30T08:15:00,2026-06-30T08:15:18,2026-06-30T09:00:00,2026-06-30T09:00:00,8.6,133.2,nodal,completed
T002184,R011,D0009,V1,S1,2026-06-30T08:15:00,2026-06-30T08:16:06,2026-06-30T09:00:00,2026-06-30T09:00:47.679049,8.2,117.3,nodal,completed
T002185,R011,D0002,V2,S1,2026-06-30T08:15:00,2026-06-30T08:15:06,2026-06-30T09:00:00,2026-06-30T09:00:00,8.5,120.0,nodal,completed
T002186,R011,D0078,V2,S1,2026-06-30T08:15:00,2026-06-30T08:20:54,2026-06-30T09:00:00,2026-06-30T09:02:35.411819,8.3,119.2,nodal,completed
T002187,R011,D0003,V1,S1,2026-06-30T08:15:00,2026-06-30T08:22:30,2026-06-30T09:00:00,2026-06-30T09:06:58.044140,8.4,132.6,nodal,completed
T002188,R011,D0043,V1,S1,2026-06-30T08:15:00,2026-06-30T08:18:06,2026-06-30T09:00:00,2026-06-30T09:02:29.708816,8.4,133.4,nodal,completed
T002189,R011,D0111,V1,S1,2026-06-30T08:15:00,2026-06-30T08:18:00,2026-06-30T09:00:00,2026-06-30T09:01:16.291826,8.5,119.5,nodal,completed
T002190,R013,D0047,V3,S1,2026-06-30T08:15:00,2026-06-30T08:21:36,2026-06-30T09:00:00,2026-06-30T09:03:34.769351,10.8,250.8,cab,completed
T002191,R013,D0018,V5,S1,2026-06-30T08:15:00,2026-06-30T08:16:48,2026-06-30T09:00:00,2026-06-30T09:00:00,10.6,246.5,cab,completed
T002192,R013,D0071,V5,S1,2026-06-30T08:15:00,2026-06-30T08:27:18,2026-06-30T09:00:00,2026-06-30T09:08:36.794938,10.6,242.1,cab,completed
T002193,R013,D0055,V3,S1,2026-06-30T08:15:00,2026-06-30T08:17:12,2026-06-30T09:00:00,2026-06-30T09:00:00,11.8,247.6,cab,completed
T002194,R013,D0004,V5,S1,2026-06-30T08:15:00,2026-06-30T08:16:54,2026-06-30T09:00:00,2026-06-30T09:00:00,11.0,236.3,cab,completed
T002195,R013,D0095,V3,S1,2026-06-30T08:15:00,,2026-06-30T09:00:00,,11.4,241.1,cab,no_show
T002196,R013,D0068,V1,S1,2026-06-30T08:15:00,2026-06-30T08:16:42,2026-06-30T09:00:00,2026-06-30T09:00:00,11.2,238.1,cab,completed
T002197,R013,D0101,V5,S1,2026-06-30T08:15:00,2026-06-30T08:16:18,2026-06-30T09:00:00,2026-06-30T09:00:00,10.7,247.5,cab,completed
T002198,R013,D0069,V5,S1,2026-06-30T08:15:00,2026-06-30T08:22:00,2026-06-30T09:00:00,2026-06-30T09:05:43.108226,11.5,248.6,cab,completed
T002199,R013,D0024,V1,S1,2026-06-30T08:15:00,2026-06-30T08:31:54,2026-06-30T09:00:00,2026-06-30T09:15:20.235639,11.3,248.5,cab,completed
T002200,R018,D0025,V2,S1,2026-06-30T08:15:00,2026-06-30T08:20:12,2026-06-30T09:00:00,2026-06-30T09:00:21.548406,14.8,105.4,shuttle,completed
T002201,R018,D0034,V4,S1,2026-06-30T08:15:00,2026-06-30T08:16:48,2026-06-30T09:00:00,2026-06-30T09:00:00,15.2,93.9,shuttle,completed
T002202,R018,D0106,V2,S1,2026-06-30T08:15:00,2026-06-30T08:25:24,2026-06-30T09:00:00,2026-06-30T09:10:03.657133,15.0,102.4,shuttle,completed
T002203,R020,D0029,V2,S1,2026-06-30T08:15:00,2026-06-30T08:19:36,2026-06-30T09:00:00,2026-06-30T09:01:40.956293,10.2,132.6,nodal,completed
T002204,R020,D0094,V2,S1,2026-06-30T08:15:00,2026-06-30T08:24:18,2026-06-30T09:00:00,2026-06-30T09:04:53.514702,10.5,140.8,nodal,completed
T002205,R020,D0068,V1,S1,2026-06-30T08:15:00,2026-06-30T08:20:48,2026-06-30T09:00:00,2026-06-30T09:01:50.750734,10.2,145.2,nodal,completed
T002206,R020,D0058,V1,S1,2026-06-30T08:15:00,2026-06-30T08:26:42,2026-06-30T09:00:00,2026-06-30T09:08:47.747499,9.8,130.0,nodal,completed
T002207,R020,D0008,V1,S1,2026-06-30T08:15:00,2026-06-30T08:20:12,2026-06-30T09:00:00,2026-06-30T09:01:45.438073,10.0,132.3,nodal,completed
T002208,R020,D0024,V1,S1,2026-06-30T08:15:00,2026-06-30T08:35:54,2026-06-30T09:00:00,2026-06-30T09:19:58.022959,9.5,130.0,nodal,completed
T002209,R020,D0056,V1,S1,2026-06-30T08:15:00,2026-06-30T08:16:48,2026-06-30T09:00:00,2026-06-30T09:00:00,9.7,128.3,nodal,completed
T002210,R022,D0079,V3,S1,2026-06-30T08:15:00,2026-06-30T08:16:54,2026-06-30T09:00:00,2026-06-30T09:01:36.983288,17.5,328.3,cab,completed
T002211,R022,D0069,V5,S1,2026-06-30T08:15:00,2026-06-30T08:15:42,2026-06-30T09:00:00,2026-06-30T09:00:00,18.1,351.2,cab,completed
T002212,R022,D0079,V3,S1,2026-06-30T08:15:00,2026-06-30T08:21:30,2026-06-30T09:00:00,2026-06-30T09:03:03.850193,17.5,326.6,cab,completed
T002213,R022,D0052,V1,S1,2026-06-30T08:15:00,2026-06-30T08:24:54,2026-06-30T09:00:00,2026-06-30T09:06:55.194341,17.3,324.2,cab,completed
T002214,R022,D0050,V5,S1,2026-06-30T08:15:00,2026-06-30T08:17:48,2026-06-30T09:00:00,2026-06-30T09:02:29.041766,17.3,338.6,cab,completed
T002215,R022,D0008,V1,S1,2026-06-30T08:15:00,2026-06-30T08:17:54,2026-06-30T09:00:00,2026-06-30T09:00:00,17.4,331.8,cab,completed
T002216,R022,D0014,V5,S1,2026-06-30T08:15:00,2026-06-30T08:15:36,2026-06-30T09:00:00,2026-06-30T09:00:00,18.3,338.2,cab,completed
T002217,R022,D0024,V1,S1,2026-06-30T08:15:00,2026-06-30T08:19:54,2026-06-30T09:00:00,2026-06-30T09:00:13.787612,17.1,331.1,cab,completed
T002218,R022,D0083,V3,S1,2026-06-30T08:15:00,2026-06-30T08:15:36,2026-06-30T09:00:00,2026-06-30T09:00:00,17.1,327.8,cab,completed
T002219,R022,D0089,V3,S1,2026-06-30T08:15:00,2026-06-30T08:17:36,2026-06-30T09:00:00,2026-06-30T09:00:00,17.0,336.5,cab,completed
T002220,R022,D0005,V1,S1,2026-06-30T08:15:00,2026-06-30T08:16:18,2026-06-30T09:00:00,2026-06-30T09:00:06.844240,16.2,311.1,cab,completed
T002221,R022,D0088,V5,S1,2026-06-30T08:15:00,2026-06-30T08:18:06,2026-06-30T09:00:00,2026-06-30T09:02:07.969054,17.2,329.4,cab,completed
T002222,R003,D0104,V4,S2,2026-06-30T10:15:00,2026-06-30T10:37:54,2026-06-30T11:00:00,2026-06-30T11:18:32.898700,23.5,132.6,shuttle,completed
T002223,R003,D0022,V5,S2,2026-06-30T10:15:00,2026-06-30T10:20:00,2026-06-30T11:00:00,2026-06-30T11:03:15.017778,22.3,129.3,shuttle,completed
T002224,R006,D0054,V2,S2,2026-06-30T10:15:00,2026-06-30T10:16:48,2026-06-30T11:00:00,2026-06-30T11:00:00,19.5,115.1,shuttle,completed
T002225,R006,D0050,V5,S2,2026-06-30T10:15:00,2026-06-30T10:22:36,2026-06-30T11:00:00,2026-06-30T11:05:19.661246,18.7,122.4,shuttle,completed
T002226,R008,D0111,V1,S2,2026-06-30T10:15:00,2026-06-30T10:17:24,2026-06-30T11:00:00,2026-06-30T11:00:00,8.7,131.6,nodal,completed
T002227,R008,D0097,V2,S2,2026-06-30T10:15:00,2026-06-30T10:15:42,2026-06-30T11:00:00,2026-06-30T11:00:00,9.4,142.6,nodal,completed
T002228,R008,D0030,V2,S2,2026-06-30T10:15:00,2026-06-30T10:21:42,2026-06-30T11:00:00,2026-06-30T11:03:04.685428,9.5,140.6,nodal,completed
T002229,R011,D0001,V2,S2,2026-06-30T10:15:00,2026-06-30T10:17:48,2026-06-30T11:00:00,2026-06-30T11:00:00,8.1,127.1,nodal,completed
T002230,R011,D0117,V1,S2,2026-06-30T10:15:00,2026-06-30T10:16:42,2026-06-30T11:00:00,2026-06-30T11:00:37.534468,7.7,112.0,nodal,completed
T002231,R011,D0025,V2,S2,2026-06-30T10:15:00,2026-06-30T10:24:54,2026-06-30T11:00:00,2026-06-30T11:07:49.270084,8.0,112.6,nodal,completed
T002232,R013,D0018,V5,S2,2026-06-30T10:15:00,2026-06-30T10:16:06,2026-06-30T11:00:00,2026-06-30T11:00:00,11.0,253.5,cab,completed
T002233,R013,D0003,V1,S2,2026-06-30T10:15:00,2026-06-30T10:26:18,2026-06-30T11:00:00,2026-06-30T11:10:06.484918,10.6,235.5,cab,completed
T002234,R013,D0018,V5,S2,2026-06-30T10:15:00,2026-06-30T10:15:18,2026-06-30T11:00:00,,11.0,247.7,cab,cancelled
T002235,R013,D0080,V1,S2,2026-06-30T10:15:00,2026-06-30T10:25:36,2026-06-30T11:00:00,2026-06-30T11:06:45.393169,10.9,233.6,cab,completed
T002236,R013,D0009,V1,S2,2026-06-30T10:15:00,2026-06-30T10:31:00,2026-06-30T11:00:00,2026-06-30T11:13:01.258735,11.5,247.3,cab,completed
T002237,R013,D0069,V5,S2,2026-06-30T10:15:00,2026-06-30T10:15:36,2026-06-30T11:00:00,2026-06-30T11:00:00,11.9,254.8,cab,completed
T002238,R013,D0048,V5,S2,2026-06-30T10:15:00,2026-06-30T10:15:12,2026-06-30T11:00:00,2026-06-30T11:00:00,11.6,242.9,cab,completed
T002239,R018,D0054,V2,S2,2026-06-30T10:15:00,2026-06-30T10:27:00,2026-06-30T11:00:00,2026-06-30T11:11:14.911859,16.0,105.9,shuttle,completed
T002240,R018,D0026,V4,S2,2026-06-30T10:15:00,2026-06-30T10:18:48,2026-06-30T11:00:00,2026-06-30T11:00:00,14.3,88.1,shuttle,completed
T002241,R020,D0113,V2,S2,2026-06-30T10:15:00,2026-06-30T10:29:12,2026-06-30T11:00:00,2026-06-30T11:13:46.354436,10.3,144.7,nodal,completed
T002242,R020,D0003,V1,S2,2026-06-30T10:15:00,2026-06-30T10:23:18,2026-06-30T11:00:00,2026-06-30T11:04:48.625895,9.7,144.1,nodal,completed
T002243,R020,D0032,V1,S2,2026-06-30T10:15:00,2026-06-30T10:19:00,2026-06-30T11:00:00,2026-06-30T11:00:28.684016,10.2,143.2,nodal,completed
T002244,R020,D0005,V1,S2,2026-06-30T10:15:00,2026-06-30T10:18:36,2026-06-30T11:00:00,2026-06-30T11:01:02.767076,10.7,152.4,nodal,completed
T002245,R020,D0073,V2,S2,2026-06-30T10:15:00,2026-06-30T10:20:48,2026-06-30T11:00:00,2026-06-30T11:02:20.378926,9.6,131.7,nodal,completed
T002246,R022,D0065,V3,S2,2026-06-30T10:15:00,2026-06-30T10:17:12,2026-06-30T11:00:00,2026-06-30T11:02:03.934185,17.8,344.4,cab,completed
T002247,R022,D0022,V5,S2,2026-06-30T10:15:00,2026-06-30T10:15:12,2026-06-30T11:00:00,2026-06-30T11:00:00,16.5,326.4,cab,completed
T002248,R022,D0049,V3,S2,2026-06-30T10:15:00,2026-06-30T10:22:24,2026-06-30T11:00:00,2026-06-30T11:05:13.415477,18.0,351.2,cab,completed
T002249,R022,D0055,V3,S2,2026-06-30T10:15:00,2026-06-30T10:16:18,2026-06-30T11:00:00,2026-06-30T11:00:00,16.2,312.3,cab,completed
T002250,R022,D0013,V5,S2,2026-06-30T10:15:00,2026-06-30T10:15:12,2026-06-30T11:00:00,2026-06-30T11:00:00,16.8,320.0,cab,completed
T002251,R022,D0036,V3,S2,2026-06-30T10:15:00,2026-06-30T10:18:00,2026-06-30T11:00:00,2026-06-30T11:00:00,16.9,324.0,cab,completed
T002252,R022,D0088,V5,S2,2026-06-30T10:15:00,2026-06-30T10:19:30,2026-06-30T11:00:00,2026-06-30T11:02:19.911211,17.5,343.8,cab,completed
T002253,R022,D0089,V3,S2,2026-06-30T10:15:00,2026-06-30T10:22:36,2026-06-30T11:00:00,2026-06-30T11:04:21.632964,16.6,314.6,cab,completed
T002254,R003,D0046,V5,S3,2026-06-30T21:15:00,,2026-06-30T22:00:00,2026-06-30T22:00:00,21.8,135.9,shuttle,completed
T002255,R003,D0071,V5,S3,2026-06-30T21:15:00,2026-06-30T21:24:24,2026-06-30T22:00:00,2026-06-30T22:04:42.800375,21.0,133.3,shuttle,completed
T002256,R006,D0059,V4,S3,2026-06-30T21:15:00,2026-06-30T21:22:42,2026-06-30T22:00:00,2026-06-30T22:03:57.435982,19.6,125.8,shuttle,completed
T002257,R008,D0113,V2,S3,2026-06-30T21:15:00,2026-06-30T21:17:18,2026-06-30T22:00:00,2026-06-30T22:00:00,8.6,123.8,nodal,completed
T002258,R008,D0078,V2,S3,2026-06-30T21:15:00,2026-06-30T21:15:54,2026-06-30T22:00:00,2026-06-30T22:00:00,8.6,136.3,nodal,completed
T002259,R011,D0081,V2,S3,2026-06-30T21:15:00,2026-06-30T21:15:18,2026-06-30T22:00:00,2026-06-30T22:00:00,8.1,136.0,nodal,completed
T002260,R011,D0043,V1,S3,2026-06-30T21:15:00,,2026-06-30T22:00:00,,8.6,132.8,nodal,no_show
T002261,R011,D0096,V2,S3,2026-06-30T21:15:00,2026-06-30T21:19:06,2026-06-30T22:00:00,2026-06-30T22:00:20.528513,8.3,116.4,nodal,completed
T002262,R013,D0120,V5,S3,2026-06-30T21:15:00,2026-06-30T21:16:06,2026-06-30T22:00:00,2026-06-30T22:00:00,11.4,270.6,cab,completed
T002263,R013,D0048,V5,S3,2026-06-30T21:15:00,2026-06-30T21:23:48,2026-06-30T22:00:00,2026-06-30T22:06:09.411065,10.5,241.9,cab,completed
T002264,R013,D0065,V3,S3,2026-06-30T21:15:00,2026-06-30T21:20:42,2026-06-30T22:00:00,2026-06-30T22:00:43.246436,11.7,251.0,cab,completed
T002265,R013,D0088,V5,S3,2026-06-30T21:15:00,2026-06-30T21:20:06,2026-06-30T22:00:00,2026-06-30T22:01:25.141705,10.9,248.0,cab,completed
T002266,R013,D0085,V3,S3,2026-06-30T21:15:00,2026-06-30T21:25:24,2026-06-30T22:00:00,2026-06-30T22:05:34.886981,10.5,231.9,cab,completed
T002267,R018,D0114,V2,S3,2026-06-30T21:15:00,2026-06-30T21:19:42,2026-06-30T22:00:00,2026-06-30T22:04:07.306616,16.0,108.0,shuttle,completed
T002268,R018,D0094,V2,S3,2026-06-30T21:15:00,2026-06-30T21:23:18,2026-06-30T22:00:00,2026-06-30T22:07:40.211511,15.3,91.9,shuttle,completed
T002269,R020,D0029,V2,S3,2026-06-30T21:15:00,2026-06-30T21:18:54,2026-06-30T22:00:00,2026-06-30T22:00:48.692249,10.2,136.0,nodal,completed
T002270,R020,D0005,V1,S3,2026-06-30T21:15:00,2026-06-30T21:22:00,2026-06-30T22:00:00,2026-06-30T22:05:12.873840,10.4,140.3,nodal,completed
T002271,R020,D0009,V1,S3,2026-06-30T21:15:00,2026-06-30T21:24:24,2026-06-30T22:00:00,2026-06-30T22:05:40.721853,10.7,155.9,nodal,completed
T002272,R022,D0023,V3,S3,2026-06-30T21:15:00,,2026-06-30T22:00:00,,18.1,351.0,cab,no_show
T002273,R022,D0035,V1,S3,2026-06-30T21:15:00,2026-06-30T21:21:54,2026-06-30T22:00:00,2026-06-30T22:02:37.984200,17.4,349.2,cab,completed
T002274,R022,D0043,V1,S3,2026-06-30T21:15:00,2026-06-30T21:15:42,2026-06-30T22:00:00,2026-06-30T22:00:00,16.3,317.7,cab,completed
T002275,R022,D0083,V3,S3,2026-06-30T21:15:00,2026-06-30T21:21:30,2026-06-30T22:00:00,2026-06-30T22:05:10.546752,17.6,330.0,cab,completed
T002276,R003,D0025,V2,S1,2026-07-01T08:15:00,2026-07-01T08:19:48,2026-07-01T09:00:00,2026-07-01T09:04:00.655340,21.4,139.6,shuttle,completed
T002277,R003,D0048,V5,S1,2026-07-01T08:15:00,2026-07-01T08:22:18,2026-07-01T09:00:00,2026-07-01T09:03:39.681546,23.7,143.5,shuttle,completed
T002278,R003,D0090,V2,S1,2026-07-01T08:15:00,2026-07-01T08:15:42,2026-07-01T09:00:00,2026-07-01T09:00:10.619258,21.7,137.4,shuttle,completed
T002279,R006,D0071,V5,S1,2026-07-01T08:15:00,2026-07-01T08:18:00,2026-07-01T09:00:00,2026-07-01T09:01:44.887941,18.4,126.9,shuttle,completed
T002280,R006,D0014,V5,S1,2026-07-01T08:15:00,2026-07-01T08:18:48,2026-07-01T09:00:00,2026-07-01T09:00:00,20.0,124.7,shuttle,completed
T002281,R006,D0102,V4,S1,2026-07-01T08:15:00,,2026-07-01T09:00:00,2026-07-01T09:08:41.391809,18.6,121.8,shuttle,completed
T002282,R008,D0086,V1,S1,2026-07-01T08:15:00,2026-07-01T08:20:12,2026-07-01T09:00:00,2026-07-01T09:02:33.014307,9.4,128.4,nodal,completed
T002283,R008,D0010,V1,S1,2026-07-01T08:15:00,2026-07-01T08:33:24,2026-07-01T09:00:00,2026-07-01T09:15:44.084125,9.4,147.9,nodal,completed
T002284,R008,D0058,V1,S1,2026-07-01T08:15:00,2026-07-01T08:15:12,2026-07-01T09:00:00,2026-07-01T09:00:00,9.1,140.8,nodal,completed
T002285,R008,D0003,V1,S1,2026-07-01T08:15:00,2026-07-01T08:16:48,2026-07-01T09:00:00,2026-07-01T09:00:00,9.6,139.2,nodal,completed
T002286,R008,D0107,V2,S1,2026-07-01T08:15:00,2026-07-01T08:19:18,2026-07-01T09:00:00,2026-07-01T09:00:12.150870,9.4,128.3,nodal,completed
T002287,R011,D0081,V2,S1,2026-07-01T08:15:00,2026-07-01T08:21:30,2026-07-01T09:00:00,2026-07-01T09:04:48.737472,8.5,118.0,nodal,completed
T002288,R011,D0087,V2,S1,2026-07-01T08:15:00,2026-07-01T08:17:00,2026-07-01T09:00:00,2026-07-01T09:00:00,7.6,121.2,nodal,completed
T002289,R011,D0073,V2,S1,2026-07-01T08:15:00,2026-07-01T08:24:24,2026-07-01T09:00:00,2026-07-01T09:05:13.132912,8.0,127.4,nodal,completed
T002290,R011,D0020,V2,S1,2026-07-01T08:15:00,2026-07-01T08:19:18,2026-07-01T09:00:00,2026-07-01T09:00:00,7.9,125.2,nodal,completed
T002291,R011,D0015,V1,S1,2026-07-01T08:15:00,2026-07-01T08:28:54,2026-07-01T09:00:00,2026-07-01T09:13:34.816935,7.9,124.0,nodal,completed
T002292,R013,D0077,V5,S1,2026-07-01T08:15:00,2026-07-01T08:16:54,2026-07-01T09:00:00,2026-07-01T09:00:00,10.8,246.2,cab,completed
T002293,R013,D0088,V5,S1,2026-07-01T08:15:00,2026-07-01T08:16:48,2026-07-01T09:00:00,2026-07-01T09:00:00,11.6,243.2,cab,completed
T002294,R013,D0079,V3,S1,2026-07-01T08:15:00,2026-07-01T08:16:42,2026-07-01T09:00:00,2026-07-01T09:00:00,10.5,238.6,cab,completed
T002295,R013,D0076,V3,S1,2026-07-01T08:15:00,2026-07-01T08:25:42,2026-07-01T09:00:00,2026-07-01T09:09:38.692757,11.4,243.6,cab,completed
T002296,R013,D0108,V5,S1,2026-07-01T08:15:00,2026-07-01T08:18:24,2026-07-01T09:00:00,2026-07-01T09:00:43.005369,10.9,243.4,cab,completed
T002297,R013,D0056,V1,S1,2026-07-01T08:15:00,2026-07-01T08:16:06,2026-07-01T09:00:00,2026-07-01T09:00:00,11.5,252.9,cab,completed
T002298,R013,D0098,V5,S1,2026-07-01T08:15:00,2026-07-01T08:23:48,2026-07-01T09:00:00,2026-07-01T09:08:05.848252,11.7,251.2,cab,completed
T002299,R013,D0022,V5,S1,2026-07-01T08:15:00,2026-07-01T08:18:18,2026-07-01T09:00:00,2026-07-01T09:00:17.173213,10.9,247.8,cab,completed
T002300,R013,D0101,V5,S1,2026-07-01T08:15:00,2026-07-01T08:33:54,2026-07-01T09:00:00,2026-07-01T09:17:03.784724,11.3,255.2,cab,completed
T002301,R013,D0077,V5,S1,2026-07-01T08:15:00,2026-07-01T08:21:18,2026-07-01T09:00:00,2026-07-01T09:02:37.131792,10.9,236.0,cab,completed
T002302,R018,D0071,V5,S1,2026-07-01T08:15:00,2026-07-01T08:24:48,2026-07-01T09:00:00,2026-07-01T09:05:28.407241,14.7,100.5,shuttle,completed
T002303,R018,D0026,V4,S1,2026-07-01T08:15:00,2026-07-01T08:15:24,2026-07-01T09:00:00,2026-07-01T09:00:00,14.8,101.3,shuttle,completed
T002304,R018,D0019,V4,S1,2026-07-01T08:15:00,2026-07-01T08:27:36,2026-07-01T09:00:00,2026-07-01T09:11:24.383890,14.6,109.6,shuttle,completed
T002305,R020,D0080,V1,S1,2026-07-01T08:15:00,2026-07-01T08:19:30,2026-07-01T09:00:00,2026-07-01T09:00:29.471393,10.4,143.6,nodal,completed
T002306,R020,D0112,V1,S1,2026-07-01T08:15:00,2026-07-01T08:16:30,2026-07-01T09:00:00,2026-07-01T09:00:00,10.2,135.4,nodal,completed
T002307,R020,D0009,V1,S1,2026-07-01T08:15:00,2026-07-01T08:16:24,2026-07-01T09:00:00,2026-07-01T09:00:00,9.8,132.6,nodal,completed
T002308,R020,D0054,V2,S1,2026-07-01T08:15:00,2026-07-01T08:15:36,2026-07-01T09:00:00,2026-07-01T09:00:00,9.7,143.8,nodal,completed
T002309,R020,D0057,V2,S1,2026-07-01T08:15:00,2026-07-01T08:18:54,2026-07-01T09:00:00,2026-07-01T09:03:45.095260,10.7,145.5,nodal,completed
T002310,R020,D0070,V2,S1,2026-07-01T08:15:00,2026-07-01T08:16:24,2026-07-01T09:00:00,2026-07-01T09:00:00,10.1,138.5,nodal,completed
T002311,R022,D0064,V3,S1,2026-07-01T08:15:00,2026-07-01T08:18:06,2026-07-01T09:00:00,2026-07-01T09:02:49.710666,17.2,329.6,cab,completed
T002312,R022,D0049,V3,S1,2026-07-01T08:15:00,2026-07-01T08:17:42,2026-07-01T09:00:00,2026-07-01T09:00:00,17.7,347.3,cab,completed
T002313,R022,D0047,V3,S1,2026-07-01T08:15:00,2026-07-01T08:16:06,2026-07-01T09:00:00,2026-07-01T09:00:00,16.9,331.1,cab,completed
T002314,R022,D0117,V1,S1,2026-07-01T08:15:00,2026-07-01T08:24:54,2026-07-01T09:00:00,2026-07-01T09:08:52.752611,17.0,333.6,cab,completed
T002315,R022,D0060,V3,S1,2026-07-01T08:15:00,2026-07-01T08:18:00,2026-07-01T09:00:00,2026-07-01T09:02:46.521627,16.2,311.7,cab,completed
T002316,R022,D0071,V5,S1,2026-07-01T08:15:00,2026-07-01T08:17:54,2026-07-01T09:00:00,2026-07-01T09:01:20.270955,16.3,327.8,cab,completed
T002317,R022,D0037,V3,S1,2026-07-01T08:15:00,2026-07-01T08:15:42,2026-07-01T09:00:00,2026-07-01T09:00:00,17.1,334.0,cab,completed
T002318,R022,D0028,V3,S1,2026-07-01T08:15:00,2026-07-01T08:17:30,2026-07-01T09:00:00,2026-07-01T09:02:07.674615,18.1,347.0,cab,completed
T002319,R022,D0039,V3,S1,2026-07-01T08:15:00,2026-07-01T08:15:06,2026-07-01T09:00:00,2026-07-01T09:00:00,17.1,337.0,cab,completed
T002320,R022,D0067,V3,S1,2026-07-01T08:15:00,2026-07-01T08:18:00,2026-07-01T09:00:00,2026-07-01T09:00:00,16.2,317.6,cab,completed
T002321,R022,D0022,V5,S1,2026-07-01T08:15:00,2026-07-01T08:19:48,2026-07-01T09:00:00,2026-07-01T09:04:26.864147,17.3,334.5,cab,completed
T002322,R022,D0018,V5,S1,2026-07-01T08:15:00,2026-07-01T08:17:30,2026-07-01T09:00:00,2026-07-01T09:00:40.397057,16.8,319.6,cab,completed
T002323,R003,D0020,V2,S2,2026-07-01T10:15:00,2026-07-01T10:22:48,2026-07-01T11:00:00,2026-07-01T11:07:19.405517,21.3,126.6,shuttle,completed
T002324,R003,D0019,V4,S2,2026-07-01T10:15:00,2026-07-01T10:56:24,2026-07-01T11:00:00,2026-07-01T11:36:30.468686,21.2,128.7,shuttle,completed
T002325,R006,D0020,V2,S2,2026-07-01T10:15:00,2026-07-01T10:20:06,2026-07-01T11:00:00,2026-07-01T11:04:47.901581,20.0,118.1,shuttle,completed
T002326,R006,D0075,V4,S2,2026-07-01T10:15:00,2026-07-01T10:25:54,2026-07-01T11:00:00,2026-07-01T11:07:29.500447,20.0,124.5,shuttle,completed
T002327,R008,D0001,V2,S2,2026-07-01T10:15:00,2026-07-01T10:22:30,2026-07-01T11:00:00,2026-07-01T11:04:32.295117,9.0,128.6,nodal,completed
T002328,R008,D0081,V2,S2,2026-07-01T10:15:00,2026-07-01T10:25:18,2026-07-01T11:00:00,2026-07-01T11:10:14.303917,9.6,141.3,nodal,completed
T002329,R008,D0097,V2,S2,2026-07-01T10:15:00,2026-07-01T10:15:12,2026-07-01T11:00:00,2026-07-01T11:00:00,9.2,134.6,nodal,completed
T002330,R011,D0024,V1,S2,2026-07-01T10:15:00,2026-07-01T10:18:00,2026-07-01T11:00:00,2026-07-01T11:00:00,8.1,124.9,nodal,completed
T002331,R011,D0009,V1,S2,2026-07-01T10:15:00,2026-07-01T10:18:06,2026-07-01T11:00:00,2026-07-01T11:00:00,8.6,132.5,nodal,completed
T002332,R011,D0043,V1,S2,2026-07-01T10:15:00,2026-07-01T10:22:30,2026-07-01T11:00:00,2026-07-01T11:04:58.027946,7.7,113.0,nodal,completed
T002333,R011,D0009,V1,S2,2026-07-01T10:15:00,2026-07-01T10:27:48,2026-07-01T11:00:00,2026-07-01T11:11:39.128744,7.7,116.8,nodal,completed
T002334,R013,D0049,V3,S2,2026-07-01T10:15:00,2026-07-01T10:18:12,2026-07-01T11:00:00,2026-07-01T11:02:18.962811,11.3,246.9,cab,completed
T002335,R013,D0053,V1,S2,2026-07-01T10:15:00,2026-07-01T10:21:00,2026-07-01T11:00:00,2026-07-01T11:03:18.870317,11.8,265.2,cab,completed
T002336,R013,D0116,V5,S2,2026-07-01T10:15:00,2026-07-01T10:16:18,2026-07-01T11:00:00,2026-07-01T11:00:00,10.8,247.0,cab,completed
T002337,R013,D0003,V1,S2,2026-07-01T10:15:00,2026-07-01T10:18:18,2026-07-01T11:00:00,2026-07-01T11:00:12.432079,11.6,249.7,cab,completed
T002338,R013,D0065,V3,S2,2026-07-01T10:15:00,2026-07-01T10:20:12,2026-07-01T11:00:00,2026-07-01T11:02:15.535180,10.8,233.3,cab,completed
T002339,R013,D0004,V5,S2,2026-07-01T10:15:00,2026-07-01T10:16:30,2026-07-01T11:00:00,2026-07-01T11:00:00,11.0,247.3,cab,completed
T002340,R013,D0018,V5,S2,2026-07-01T10:15:00,2026-07-01T10:15:24,2026-07-01T11:00:00,2026-07-01T11:00:00,11.4,241.3,cab,completed
T002341,R013,D0076,V3,S2,2026-07-01T10:15:00,2026-07-01T10:15:42,2026-07-01T11:00:00,2026-07-01T11:00:00,11.8,247.1,cab,completed
T002342,R018,D0109,V4,S2,2026-07-01T10:15:00,2026-07-01T10:18:18,2026-07-01T11:00:00,2026-07-01T11:00:35.795987,16.0,106.8,shuttle,completed
T002343,R018,D0012,V2,S2,2026-07-01T10:15:00,2026-07-01T10:24:24,2026-07-01T11:00:00,2026-07-01T11:04:36.430552,15.9,113.1,shuttle,completed
T002344,R020,D0114,V2,S2,2026-07-01T10:15:00,2026-07-01T10:15:18,2026-07-01T11:00:00,2026-07-01T11:00:00,10.1,139.8,nodal,completed
T002345,R020,D0045,V1,S2,2026-07-01T10:15:00,2026-07-01T10:16:42,2026-07-01T11:00:00,2026-07-01T11:00:00,9.8,128.4,nodal,completed
T002346,R020,D0106,V2,S2,2026-07-01T10:15:00,2026-07-01T10:15:48,2026-07-01T11:00:00,2026-07-01T11:00:00,10.2,136.9,nodal,completed
T002347,R020,D0096,V2,S2,2026-07-01T10:15:00,2026-07-01T10:17:54,2026-07-01T11:00:00,2026-07-01T11:01:09.717969,10.0,139.0,nodal,completed
T002348,R022,D0027,V3,S2,2026-07-01T10:15:00,2026-07-01T10:22:12,2026-07-01T11:00:00,2026-07-01T11:03:18.919837,17.9,332.2,cab,completed
T002349,R022,D0067,V3,S2,2026-07-01T10:15:00,2026-07-01T10:19:54,2026-07-01T11:00:00,2026-07-01T11:04:28.037857,17.8,343.0,cab,completed
T002350,R022,D0008,V1,S2,2026-07-01T10:15:00,2026-07-01T10:15:06,2026-07-01T11:00:00,2026-07-01T11:00:00,18.3,336.5,cab,completed
T002351,R022,D0065,V3,S2,2026-07-01T10:15:00,2026-07-01T10:17:24,2026-07-01T11:00:00,2026-07-01T11:00:00,16.7,315.8,cab,completed
T002352,R022,D0080,V1,S2,2026-07-01T10:15:00,2026-07-01T10:23:54,2026-07-01T11:00:00,2026-07-01T11:08:42.381565,17.6,345.8,cab,completed
T002353,R022,D0071,V5,S2,2026-07-01T10:15:00,2026-07-01T10:19:24,2026-07-01T11:00:00,2026-07-01T11:00:00,17.4,336.9,cab,completed
T002354,R022,D0008,V1,S2,2026-07-01T10:15:00,2026-07-01T10:17:24,2026-07-01T11:00:00,2026-07-01T11:01:32.586139,17.8,329.5,cab,completed
T002355,R022,D0069,V5,S2,2026-07-01T10:15:00,2026-07-01T10:15:54,2026-07-01T11:00:00,2026-07-01T11:00:00,16.2,325.4,cab,completed
T002356,R003,D0061,V4,S3,2026-07-01T21:15:00,2026-07-01T21:19:12,2026-07-01T22:00:00,2026-07-01T22:00:07.388319,23.7,164.8,shuttle,completed
T002357,R003,D0077,V5,S3,2026-07-01T21:15:00,2026-07-01T21:20:48,2026-07-01T22:00:00,2026-07-01T22:02:39.912046,21.1,138.3,shuttle,completed
T002358,R006,D0094,V2,S3,2026-07-01T21:15:00,2026-07-01T21:28:18,2026-07-01T22:00:00,2026-07-01T22:13:15.723862,18.6,115.0,shuttle,completed
T002359,R008,D0054,V2,S3,2026-07-01T21:15:00,2026-07-01T21:22:30,2026-07-01T22:00:00,2026-07-01T22:05:43.150366,9.1,137.2,nodal,completed
T002360,R008,D0081,V2,S3,2026-07-01T21:15:00,2026-07-01T21:30:48,2026-07-01T22:00:00,2026-07-01T22:15:06.569036,9.6,135.6,nodal,completed
T002361,R011,D0009,V1,S3,2026-07-01T21:15:00,2026-07-01T21:31:42,2026-07-01T22:00:00,2026-07-01T22:13:54.017541,8.5,124.0,nodal,completed
T002362,R011,D0068,V1,S3,2026-07-01T21:15:00,2026-07-01T21:25:48,2026-07-01T22:00:00,2026-07-01T22:07:14.981533,8.2,125.6,nodal,completed
T002363,R011,D0015,V1,S3,2026-07-01T21:15:00,2026-07-01T21:17:18,2026-07-01T22:00:00,2026-07-01T22:00:00,8.4,129.1,nodal,completed
T002364,R013,D0077,V5,S3,2026-07-01T21:15:00,2026-07-01T21:25:30,2026-07-01T22:00:00,2026-07-01T22:07:56.522718,11.2,238.5,cab,completed
T002365,R013,D0028,V3,S3,2026-07-01T21:15:00,2026-07-01T21:20:24,2026-07-01T22:00:00,2026-07-01T22:03:06.683249,11.2,244.9,cab,completed
T002366,R013,D0015,V1,S3,2026-07-01T21:15:00,2026-07-01T21:18:48,2026-07-01T22:00:00,2026-07-01T22:01:22.541193,10.8,237.8,cab,completed
T002367,R013,D0080,V1,S3,2026-07-01T21:15:00,2026-07-01T21:25:24,2026-07-01T22:00:00,2026-07-01T22:06:15.227930,10.9,235.0,cab,completed
T002368,R013,D0024,V1,S3,2026-07-01T21:15:00,2026-07-01T21:25:42,2026-07-01T22:00:00,2026-07-01T22:06:53.837895,11.7,255.8,cab,completed
T002369,R013,D0033,V1,S3,2026-07-01T21:15:00,2026-07-01T21:18:54,2026-07-01T22:00:00,2026-07-01T22:00:00,10.9,251.7,cab,completed
T002370,R018,D0048,V5,S3,2026-07-01T21:15:00,2026-07-01T21:18:48,2026-07-01T22:00:00,2026-07-01T22:03:05.779694,15.4,108.9,shuttle,completed
T002371,R018,D0104,V4,S3,2026-07-01T21:15:00,2026-07-01T21:15:54,2026-07-01T22:00:00,2026-07-01T22:00:00,15.8,112.0,shuttle,completed
T002372,R020,D0010,V1,S3,2026-07-01T21:15:00,2026-07-01T21:23:06,2026-07-01T22:00:00,2026-07-01T22:04:56.098267,10.2,142.9,nodal,completed
T002373,R020,D0030,V2,S3,2026-07-01T21:15:00,2026-07-01T21:15:54,2026-07-01T22:00:00,2026-07-01T22:00:00,9.6,134.4,nodal,completed
T002374,R022,D0014,V5,S3,2026-07-01T21:15:00,2026-07-01T21:22:54,2026-07-01T22:00:00,2026-07-01T22:06:38.947929,17.9,348.7,cab,completed
T002375,R022,D0099,V5,S3,2026-07-01T21:15:00,2026-07-01T21:19:06,2026-07-01T22:00:00,2026-07-01T22:04:04.907674,17.6,331.5,cab,completed
T002376,R022,D0077,V5,S3,2026-07-01T21:15:00,2026-07-01T21:17:36,2026-07-01T22:00:00,2026-07-01T22:01:46.198333,16.9,336.3,cab,completed
T002377,R022,D0049,V3,S3,2026-07-01T21:15:00,2026-07-01T21:15:18,2026-07-01T22:00:00,2026-07-01T22:00:00,17.3,342.8,cab,completed
T002378,R003,D0019,V4,S1,2026-07-02T08:15:00,2026-07-02T08:18:12,2026-07-02T09:00:00,2026-07-02T09:02:43.743503,22.3,126.5,shuttle,completed
T002379,R003,D0050,V5,S1,2026-07-02T08:15:00,2026-07-02T08:26:00,2026-07-02T09:00:00,2026-07-02T09:07:07.111668,22.7,147.1,shuttle,completed
T002380,R003,D0113,V2,S1,2026-07-02T08:15:00,2026-07-02T08:18:12,2026-07-02T09:00:00,2026-07-02T09:01:27.272899,23.2,132.6,shuttle,completed
T002381,R006,D0048,V5,S1,2026-07-02T08:15:00,2026-07-02T08:15:00,2026-07-02T09:00:00,2026-07-02T09:00:00,19.4,140.0,shuttle,completed
T002382,R006,D0025,V2,S1,2026-07-02T08:15:00,2026-07-02T08:17:24,2026-07-02T09:00:00,2026-07-02T09:00:49.151831,20.2,144.6,shuttle,completed
T002383,R006,D0066,V2,S1,2026-07-02T08:15:00,2026-07-02T08:15:12,2026-07-02T09:00:00,2026-07-02T09:00:00,18.7,117.7,shuttle,completed
T002384,R008,D0054,V2,S1,2026-07-02T08:15:00,2026-07-02T08:20:24,2026-07-02T09:00:00,2026-07-02T09:05:00.987091,9.3,135.1,nodal,completed
T002385,R008,D0082,V1,S1,2026-07-02T08:15:00,2026-07-02T08:18:54,2026-07-02T09:00:00,2026-07-02T09:00:00,9.1,124.7,nodal,completed
T002386,R008,D0005,V1,S1,2026-07-02T08:15:00,2026-07-02T08:17:00,2026-07-02T09:00:00,2026-07-02T09:00:00,9.3,143.5,nodal,completed
T002387,R008,D0066,V2,S1,2026-07-02T08:15:00,2026-07-02T08:29:18,2026-07-02T09:00:00,2026-07-02T09:12:23.810215,9.5,129.5,nodal,completed
T002388,R008,D0043,V1,S1,2026-07-02T08:15:00,2026-07-02T08:37:48,2026-07-02T09:00:00,2026-07-02T09:17:50.619693,8.6,127.4,nodal,completed
T002389,R011,D0111,V1,S1,2026-07-02T08:15:00,2026-07-02T08:21:54,2026-07-02T09:00:00,2026-07-02T09:03:48.439374,8.4,120.9,nodal,completed
T002390,R011,D0096,V2,S1,2026-07-02T08:15:00,2026-07-02T08:17:54,2026-07-02T09:00:00,2026-07-02T09:01:22.093365,8.1,121.6,nodal,completed
T002391,R011,D0111,V1,S1,2026-07-02T08:15:00,2026-07-02T08:31:24,2026-07-02T09:00:00,2026-07-02T09:13:15.794403,8.5,120.3,nodal,completed
T002392,R011,D0056,V1,S1,2026-07-02T08:15:00,2026-07-02T08:21:48,2026-07-02T09:00:00,2026-07-02T09:06:11.204903,8.0,118.3,nodal,completed
T002393,R011,D0032,V1,S1,2026-07-02T08:15:00,2026-07-02T08:15:54,2026-07-02T09:00:00,2026-07-02T09:00:00,7.9,113.5,nodal,completed
T002394,R013,D0005,V1,S1,2026-07-02T08:15:00,2026-07-02T08:15:42,2026-07-02T09:00:00,2026-07-02T09:00:00,11.0,247.0,cab,completed
T002395,R013,D0003,V1,S1,2026-07-02T08:15:00,2026-07-02T08:15:18,2026-07-02T09:00:00,2026-07-02T09:00:00,10.8,246.3,cab,completed
T002396,R013,D0043,V1,S1,2026-07-02T08:15:00,2026-07-02T08:16:06,2026-07-02T09:00:00,2026-07-02T09:00:00,11.6,254.2,cab,completed
T002397,R013,D0010,V1,S1,2026-07-02T08:15:00,2026-07-02T08:16:24,2026-07-02T09:00:00,2026-07-02T09:01:20.570270,10.9,243.9,cab,completed
T002398,R013,D0010,V1,S1,2026-07-02T08:15:00,2026-07-02T08:20:30,2026-07-02T09:00:00,2026-07-02T09:00:33.213884,11.6,245.7,cab,completed
T002399,R013,D0040,V1,S1,2026-07-02T08:15:00,2026-07-02T08:19:30,2026-07-02T09:00:00,2026-07-02T09:02:51.023522,11.0,251.6,cab,completed
T002400,R013,D0040,V1,S1,2026-07-02T08:15:00,2026-07-02T08:15:42,2026-07-02T09:00:00,2026-07-02T09:00:00,11.6,261.5,cab,completed
T002401,R013,D0083,V3,S1,2026-07-02T08:15:00,2026-07-02T08:17:36,2026-07-02T09:00:00,2026-07-02T09:01:32.345994,11.5,255.7,cab,completed
T002402,R013,D0053,V1,S1,2026-07-02T08:15:00,2026-07-02T08:39:54,2026-07-02T09:00:00,2026-07-02T09:24:22.281551,11.3,243.8,cab,completed
T002403,R013,D0069,V5,S1,2026-07-02T08:15:00,2026-07-02T08:21:36,2026-07-02T09:00:00,2026-07-02T09:06:23.253663,11.8,258.4,cab,completed
T002404,R018,D0050,V5,S1,2026-07-02T08:15:00,2026-07-02T08:15:18,2026-07-02T09:00:00,2026-07-02T09:00:00,14.6,100.6,shuttle,completed
T002405,R018,D0091,V4,S1,2026-07-02T08:15:00,2026-07-02T08:27:42,2026-07-02T09:00:00,2026-07-02T09:11:00.151003,15.1,92.1,shuttle,completed
T002406,R018,D0098,V5,S1,2026-07-02T08:15:00,2026-07-02T08:21:36,2026-07-02T09:00:00,2026-07-02T09:03:51.881609,16.2,109.3,shuttle,completed
T002407,R020,D0032,V1,S1,2026-07-02T08:15:00,2026-07-02T08:25:30,2026-07-02T09:00:00,2026-07-02T09:08:28.790278,10.3,149.3,nodal,completed
T002408,R020,D0010,V1,S1,2026-07-02T08:15:00,2026-07-02T08:32:12,2026-07-02T09:00:00,2026-07-02T09:12:36.936151,10.6,135.4,nodal,completed
T002409,R020,D0068,V1,S1,2026-07-02T08:15:00,2026-07-02T08:22:48,2026-07-02T09:00:00,2026-07-02T09:07:26.906670,9.5,131.6,nodal,completed
T002410,R020,D0068,V1,S1,2026-07-02T08:15:00,2026-07-02T08:17:54,2026-07-02T09:00:00,2026-07-02T09:00:00,10.3,138.6,nodal,completed
T002411,R020,D0020,V2,S1,2026-07-02T08:15:00,2026-07-02T08:35:48,2026-07-02T09:00:00,2026-07-02T09:16:19.772760,10.1,132.7,nodal,completed
T002412,R020,D0078,V2,S1,2026-07-02T08:15:00,2026-07-02T08:24:06,2026-07-02T09:00:00,2026-07-02T09:07:20.925221,10.0,140.2,nodal,completed
T002413,R022,D0052,V1,S1,2026-07-02T08:15:00,2026-07-02T08:15:42,2026-07-02T09:00:00,2026-07-02T09:00:00,17.6,331.8,cab,completed
T002414,R022,D0016,V5,S1,2026-07-02T08:15:00,2026-07-02T08:18:48,2026-07-02T09:00:00,2026-07-02T09:01:25.810770,16.7,315.1,cab,completed
T002415,R022,D0108,V5,S1,2026-07-02T08:15:00,2026-07-02T08:15:54,2026-07-02T09:00:00,2026-07-02T09:00:00,17.9,335.7,cab,completed
T002416,R022,D0085,V3,S1,2026-07-02T08:15:00,2026-07-02T08:16:12,2026-07-02T09:00:00,2026-07-02T09:00:00,16.3,316.2,cab,completed
T002417,R022,D0077,V5,S1,2026-07-02T08:15:00,2026-07-02T08:19:54,2026-07-02T09:00:00,2026-07-02T09:01:37.226707,16.7,322.8,cab,completed
T002418,R022,D0117,V1,S1,2026-07-02T08:15:00,2026-07-02T08:27:30,2026-07-02T09:00:00,2026-07-02T09:12:25.521027,16.4,325.2,cab,completed
T002419,R022,D0076,V3,S1,2026-07-02T08:15:00,2026-07-02T08:18:36,2026-07-02T09:00:00,2026-07-02T09:02:09.012322,18.0,339.6,cab,completed
T002420,R022,D0058,V1,S1,2026-07-02T08:15:00,2026-07-02T08:29:42,2026-07-02T09:00:00,2026-07-02T09:09:47.461176,17.7,346.1,cab,completed
T002421,R022,D0038,V5,S1,2026-07-02T08:15:00,2026-07-02T08:15:42,2026-07-02T09:00:00,2026-07-02T09:00:00,17.3,339.7,cab,completed
T002422,R022,D0064,V3,S1,2026-07-02T08:15:00,2026-07-02T08:21:30,2026-07-02T09:00:00,2026-07-02T09:05:34.821286,18.4,338.4,cab,completed
T002423,R022,D0101,V5,S1,2026-07-02T08:15:00,2026-07-02T08:22:00,2026-07-02T09:00:00,2026-07-02T09:04:30.674940,16.4,329.0,cab,completed
T002424,R022,D0050,V5,S1,2026-07-02T08:15:00,2026-07-02T08:16:30,2026-07-02T09:00:00,2026-07-02T09:01:11.156891,17.5,330.3,cab,completed
T002425,R003,D0098,V5,S2,2026-07-02T10:15:00,2026-07-02T10:23:48,2026-07-02T11:00:00,2026-07-02T11:04:13.225569,22.7,133.5,shuttle,completed
T002426,R003,D0091,V4,S2,2026-07-02T10:15:00,2026-07-02T10:16:48,2026-07-02T11:00:00,2026-07-02T11:00:00,21.3,127.2,shuttle,completed
T002427,R006,D0091,V4,S2,2026-07-02T10:15:00,2026-07-02T10:42:18,2026-07-02T11:00:00,2026-07-02T11:24:57.184961,19.4,123.0,shuttle,completed
T002428,R006,D0020,V2,S2,2026-07-02T10:15:00,2026-07-02T10:22:36,2026-07-02T11:00:00,2026-07-02T11:05:46.062447,19.9,116.2,shuttle,completed
T002429,R008,D0002,V2,S2,2026-07-02T10:15:00,2026-07-02T10:17:06,2026-07-02T11:00:00,2026-07-02T11:00:15.794089,8.7,133.8,nodal,completed
T002430,R008,D0094,V2,S2,2026-07-02T10:15:00,2026-07-02T10:17:36,2026-07-02T11:00:00,2026-07-02T11:02:12.347299,9.2,125.4,nodal,completed
T002431,R008,D0040,V1,S2,2026-07-02T10:15:00,2026-07-02T10:15:06,2026-07-02T11:00:00,2026-07-02T11:00:00,9.1,138.6,nodal,completed
T002432,R011,D0009,V1,S2,2026-07-02T10:15:00,2026-07-02T10:15:54,2026-07-02T11:00:00,2026-07-02T11:00:00,8.4,126.4,nodal,completed
T002433,R011,D0054,V2,S2,2026-07-02T10:15:00,2026-07-02T10:22:18,2026-07-02T11:00:00,2026-07-02T11:06:02.163174,7.7,125.4,nodal,completed
T002434,R011,D0054,V2,S2,2026-07-02T10:15:00,2026-07-02T10:17:06,2026-07-02T11:00:00,2026-07-02T11:00:16.587060,7.9,118.0,nodal,completed
T002435,R011,D0057,V2,S2,2026-07-02T10:15:00,2026-07-02T10:15:12,2026-07-02T11:00:00,,8.6,132.3,nodal,cancelled
T002436,R013,D0069,V5,S2,2026-07-02T10:15:00,2026-07-02T10:16:12,2026-07-02T11:00:00,2026-07-02T11:00:00,10.7,245.4,cab,completed
T002437,R013,D0015,V1,S2,2026-07-02T10:15:00,2026-07-02T10:15:06,2026-07-02T11:00:00,2026-07-02T11:00:00,11.7,257.0,cab,completed
T002438,R013,D0053,V1,S2,2026-07-02T10:15:00,,2026-07-02T11:00:00,2026-07-02T11:28:03.930296,11.5,249.1,cab,completed
T002439,R013,D0067,V3,S2,2026-07-02T10:15:00,2026-07-02T10:15:24,2026-07-02T11:00:00,2026-07-02T11:00:00,11.0,238.8,cab,completed
T002440,R013,D0108,V5,S2,2026-07-02T10:15:00,2026-07-02T10:20:42,2026-07-02T11:00:00,2026-07-02T11:04:36.810855,11.6,256.3,cab,completed
T002441,R013,D0013,V5,S2,2026-07-02T10:15:00,2026-07-02T10:16:36,2026-07-02T11:00:00,,10.7,248.7,cab,cancelled
T002442,R013,D0069,V5,S2,2026-07-02T10:15:00,2026-07-02T10:21:24,2026-07-02T11:00:00,2026-07-02T11:03:24.830795,11.4,254.7,cab,completed
T002443,R013,D0103,V5,S2,2026-07-02T10:15:00,2026-07-02T10:18:42,2026-07-02T11:00:00,2026-07-02T11:02:03.747530,10.5,227.5,cab,completed
T002444,R018,D0098,V5,S2,2026-07-02T10:15:00,2026-07-02T10:15:54,2026-07-02T11:00:00,2026-07-02T11:00:00,15.5,111.5,shuttle,completed
T002445,R018,D0026,V4,S2,2026-07-02T10:15:00,2026-07-02T10:18:00,2026-07-02T11:00:00,2026-07-02T11:00:00,15.9,100.4,shuttle,completed
T002446,R020,D0025,V2,S2,2026-07-02T10:15:00,,2026-07-02T11:00:00,,10.0,133.3,nodal,no_show
T002447,R020,D0030,V2,S2,2026-07-02T10:15:00,2026-07-02T10:16:00,2026-07-02T11:00:00,2026-07-02T11:00:00,10.1,138.8,nodal,completed
T002448,R020,D0030,V2,S2,2026-07-02T10:15:00,2026-07-02T10:15:12,2026-07-02T11:00:00,2026-07-02T11:00:00,10.6,144.5,nodal,completed
T002449,R020,D0056,V1,S2,2026-07-02T10:15:00,2026-07-02T10:17:54,2026-07-02T11:00:00,2026-07-02T11:00:00,10.3,133.5,nodal,completed
T002450,R022,D0055,V3,S2,2026-07-02T10:15:00,2026-07-02T10:18:30,2026-07-02T11:00:00,2026-07-02T11:01:16.012918,17.5,325.5,cab,completed
T002451,R022,D0071,V5,S2,2026-07-02T10:15:00,2026-07-02T10:17:18,2026-07-02T11:00:00,2026-07-02T11:02:05.780555,18.1,339.4,cab,completed
T002452,R022,D0116,V5,S2,2026-07-02T10:15:00,2026-07-02T10:20:00,2026-07-02T11:00:00,2026-07-02T11:04:53.466986,18.3,353.8,cab,completed
T002453,R022,D0006,V5,S2,2026-07-02T10:15:00,,2026-07-02T11:00:00,,17.1,319.5,cab,no_show
T002454,R022,D0032,V1,S2,2026-07-02T10:15:00,2026-07-02T10:15:24,2026-07-02T11:00:00,2026-07-02T11:00:11.922437,18.3,356.6,cab,completed
T002455,R022,D0045,V1,S2,2026-07-02T10:15:00,2026-07-02T10:32:12,2026-07-02T11:00:00,2026-07-02T11:15:23.506972,16.4,314.6,cab,completed
T002456,R022,D0035,V1,S2,2026-07-02T10:15:00,2026-07-02T10:28:24,2026-07-02T11:00:00,2026-07-02T11:11:09.224004,17.8,347.5,cab,completed
T002457,R022,D0050,V5,S2,2026-07-02T10:15:00,2026-07-02T10:24:54,2026-07-02T11:00:00,2026-07-02T11:09:17.143370,17.7,333.2,cab,completed
T002458,R003,D0077,V5,S3,2026-07-02T21:15:00,2026-07-02T21:20:06,2026-07-02T22:00:00,2026-07-02T22:03:40.095695,21.9,142.7,shuttle,completed
T002459,R003,D0088,V5,S3,2026-07-02T21:15:00,2026-07-02T21:16:30,2026-07-02T22:00:00,2026-07-02T22:00:00,21.6,139.7,shuttle,completed
T002460,R006,D0021,V4,S3,2026-07-02T21:15:00,2026-07-02T21:30:54,2026-07-02T22:00:00,2026-07-02T22:12:55.286224,20.1,123.5,shuttle,completed
T002461,R008,D0045,V1,S3,2026-07-02T21:15:00,2026-07-02T21:27:12,2026-07-02T22:00:00,2026-07-02T22:11:18.274767,8.8,120.9,nodal,completed
T002462,R008,D0058,V1,S3,2026-07-02T21:15:00,2026-07-02T21:18:06,2026-07-02T22:00:00,2026-07-02T22:00:00,9.0,132.1,nodal,completed
T002463,R011,D0078,V2,S3,2026-07-02T21:15:00,2026-07-02T21:24:06,2026-07-02T22:00:00,2026-07-02T22:04:33.808362,7.6,123.3,nodal,completed
T002464,R011,D0054,V2,S3,2026-07-02T21:15:00,2026-07-02T21:20:00,2026-07-02T22:00:00,2026-07-02T22:02:09.457521,8.4,116.2,nodal,completed
T002465,R011,D0012,V2,S3,2026-07-02T21:15:00,2026-07-02T21:19:42,2026-07-02T22:00:00,2026-07-02T22:00:38.242394,8.0,130.2,nodal,completed
T002466,R013,D0108,V5,S3,2026-07-02T21:15:00,2026-07-02T21:19:36,2026-07-02T22:00:00,2026-07-02T22:03:33.107108,11.3,240.6,cab,completed
T002467,R013,D0040,V1,S3,2026-07-02T21:15:00,2026-07-02T21:16:18,2026-07-02T22:00:00,2026-07-02T22:00:13.875029,10.8,248.0,cab,completed
T002468,R013,D0117,V1,S3,2026-07-02T21:15:00,2026-07-02T21:18:00,2026-07-02T22:00:00,2026-07-02T22:01:32.353816,11.7,252.0,cab,completed
T002469,R013,D0039,V3,S3,2026-07-02T21:15:00,2026-07-02T21:18:42,2026-07-02T22:00:00,2026-07-02T22:00:14.354147,11.4,241.6,cab,completed
T002470,R013,D0069,V5,S3,2026-07-02T21:15:00,2026-07-02T21:17:42,2026-07-02T22:00:00,2026-07-02T22:02:23.500636,11.7,256.0,cab,completed
T002471,R018,D0038,V5,S3,2026-07-02T21:15:00,2026-07-02T21:15:30,2026-07-02T22:00:00,2026-07-02T22:00:00,15.2,99.7,shuttle,completed
T002472,R018,D0021,V4,S3,2026-07-02T21:15:00,2026-07-02T21:15:36,2026-07-02T22:00:00,2026-07-02T22:00:00,15.0,90.3,shuttle,completed
T002473,R020,D0081,V2,S3,2026-07-02T21:15:00,2026-07-02T21:18:48,2026-07-02T22:00:00,2026-07-02T22:01:39.032580,10.6,148.6,nodal,completed
T002474,R020,D0010,V1,S3,2026-07-02T21:15:00,2026-07-02T21:23:24,2026-07-02T22:00:00,2026-07-02T22:06:03.740711,10.4,141.1,nodal,completed
T002475,R022,D0068,V1,S3,2026-07-02T21:15:00,,2026-07-02T22:00:00,2026-07-02T22:07:23.247773,17.1,338.1,cab,completed
T002476,R022,D0027,V3,S3,2026-07-02T21:15:00,,2026-07-02T22:00:00,,17.4,325.5,cab,no_show
T002477,R022,D0110,V1,S3,2026-07-02T21:15:00,2026-07-02T21:26:36,2026-07-02T22:00:00,2026-07-02T22:07:35.597749,16.8,334.4,cab,completed
T002478,R022,D0006,V5,S3,2026-07-02T21:15:00,2026-07-02T21:19:54,2026-07-02T22:00:00,2026-07-02T22:02:40.824624,16.6,327.3,cab,completed
T002479,R003,D0108,V5,S1,2026-07-03T08:15:00,2026-07-03T08:19:36,2026-07-03T09:00:00,2026-07-03T09:01:45.398575,22.6,132.1,shuttle,completed
T002480,R003,D0097,V2,S1,2026-07-03T08:15:00,2026-07-03T08:20:12,2026-07-03T09:00:00,2026-07-03T09:04:34.849956,23.6,145.1,shuttle,completed
T002481,R003,D0081,V2,S1,2026-07-03T08:15:00,2026-07-03T08:18:00,2026-07-03T09:00:00,2026-07-03T09:00:00,22.5,158.1,shuttle,completed
T002482,R006,D0016,V5,S1,2026-07-03T08:15:00,2026-07-03T08:16:36,2026-07-03T09:00:00,2026-07-03T09:00:00,20.4,135.8,shuttle,completed
T002483,R006,D0070,V2,S1,2026-07-03T08:15:00,2026-07-03T08:19:00,2026-07-03T09:00:00,2026-07-03T09:02:32.068008,18.3,108.6,shuttle,completed
T002484,R006,D0004,V5,S1,2026-07-03T08:15:00,2026-07-03T08:17:42,2026-07-03T09:00:00,2026-07-03T09:00:48.089023,19.8,126.0,shuttle,completed
T002485,R008,D0008,V1,S1,2026-07-03T08:15:00,2026-07-03T08:24:30,2026-07-03T09:00:00,2026-07-03T09:08:41.728268,9.2,125.0,nodal,completed
T002486,R008,D0082,V1,S1,2026-07-03T08:15:00,2026-07-03T08:15:12,2026-07-03T09:00:00,2026-07-03T09:00:00,9.0,139.4,nodal,completed
T002487,R008,D0078,V2,S1,2026-07-03T08:15:00,2026-07-03T08:16:30,2026-07-03T09:00:00,2026-07-03T09:00:00,9.6,145.9,nodal,completed
T002488,R008,D0056,V1,S1,2026-07-03T08:15:00,2026-07-03T08:30:06,2026-07-03T09:00:00,2026-07-03T09:13:44.235834,9.3,138.4,nodal,completed
T002489,R008,D0010,V1,S1,2026-07-03T08:15:00,2026-07-03T08:15:54,2026-07-03T09:00:00,2026-07-03T09:00:00,9.6,128.9,nodal,completed
T002490,R008,D0029,V2,S1,2026-07-03T08:15:00,2026-07-03T08:18:42,2026-07-03T09:00:00,2026-07-03T09:03:14.127552,9.2,135.6,nodal,completed
T002491,R011,D0003,V1,S1,2026-07-03T08:15:00,2026-07-03T08:16:42,2026-07-03T09:00:00,2026-07-03T09:01:38.400508,8.2,125.8,nodal,completed
T002492,R011,D0073,V2,S1,2026-07-03T08:15:00,2026-07-03T08:15:24,2026-07-03T09:00:00,2026-07-03T09:00:00,8.1,126.8,nodal,completed
T002493,R011,D0035,V1,S1,2026-07-03T08:15:00,2026-07-03T08:18:54,2026-07-03T09:00:00,2026-07-03T09:02:16.905031,8.1,120.8,nodal,completed
T002494,R011,D0040,V1,S1,2026-07-03T08:15:00,2026-07-03T08:16:18,2026-07-03T09:00:00,2026-07-03T09:00:08.377615,7.7,118.1,nodal,completed
T002495,R011,D0078,V2,S1,2026-07-03T08:15:00,2026-07-03T08:36:00,2026-07-03T09:00:00,2026-07-03T09:18:02.234015,7.7,113.1,nodal,completed
T002496,R013,D0076,V3,S1,2026-07-03T08:15:00,2026-07-03T08:17:30,2026-07-03T09:00:00,2026-07-03T09:00:45.760288,11.4,254.8,cab,completed
T002497,R013,D0006,V5,S1,2026-07-03T08:15:00,2026-07-03T08:19:18,2026-07-03T09:00:00,2026-07-03T09:03:26.593699,11.8,260.7,cab,completed
T002498,R013,D0016,V5,S1,2026-07-03T08:15:00,2026-07-03T08:20:18,2026-07-03T09:00:00,2026-07-03T09:00:46.896097,11.4,257.8,cab,completed
T002499,R013,D0004,V5,S1,2026-07-03T08:15:00,2026-07-03T08:29:36,2026-07-03T09:00:00,2026-07-03T09:14:09.400139,11.3,249.4,cab,completed
T002500,R013,D0089,V3,S1,2026-07-03T08:15:00,2026-07-03T08:17:30,2026-07-03T09:00:00,2026-07-03T09:00:50.191472,10.5,229.0,cab,completed
T002501,R013,D0103,V5,S1,2026-07-03T08:15:00,2026-07-03T08:26:18,2026-07-03T09:00:00,2026-07-03T09:10:47.368306,11.1,244.9,cab,completed
T002502,R013,D0050,V5,S1,2026-07-03T08:15:00,2026-07-03T08:16:06,2026-07-03T09:00:00,2026-07-03T09:00:00,11.8,259.5,cab,completed
T002503,R013,D0069,V5,S1,2026-07-03T08:15:00,2026-07-03T08:18:36,2026-07-03T09:00:00,2026-07-03T09:00:51.328864,11.3,247.3,cab,completed
T002504,R013,D0077,V5,S1,2026-07-03T08:15:00,2026-07-03T08:17:48,2026-07-03T09:00:00,2026-07-03T09:00:20.797137,10.9,251.4,cab,completed
T002505,R013,D0108,V5,S1,2026-07-03T08:15:00,2026-07-03T08:23:48,2026-07-03T09:00:00,2026-07-03T09:06:23.523029,10.8,235.3,cab,completed
T002506,R018,D0020,V2,S1,2026-07-03T08:15:00,2026-07-03T08:24:36,2026-07-03T09:00:00,2026-07-03T09:09:14.134999,16.0,105.6,shuttle,completed
T002507,R018,D0019,V4,S1,2026-07-03T08:15:00,2026-07-03T08:20:30,2026-07-03T09:00:00,2026-07-03T09:04:13.583057,15.0,98.9,shuttle,completed
T002508,R018,D0074,V4,S1,2026-07-03T08:15:00,2026-07-03T08:16:18,2026-07-03T09:00:00,2026-07-03T09:00:13.384698,15.6,112.4,shuttle,completed
T002509,R020,D0117,V1,S1,2026-07-03T08:15:00,2026-07-03T08:21:54,2026-07-03T09:00:00,2026-07-03T09:05:07.280056,10.4,147.7,nodal,completed
T002510,R020,D0056,V1,S1,2026-07-03T08:15:00,2026-07-03T08:15:06,2026-07-03T09:00:00,2026-07-03T09:00:00,10.3,138.3,nodal,completed
T002511,R020,D0001,V2,S1,2026-07-03T08:15:00,2026-07-03T08:16:24,2026-07-03T09:00:00,2026-07-03T09:00:00,9.9,156.8,nodal,completed
T002512,R020,D0009,V1,S1,2026-07-03T08:15:00,2026-07-03T08:16:06,2026-07-03T09:00:00,2026-07-03T09:00:00,9.7,145.8,nodal,completed
T002513,R020,D0113,V2,S1,2026-07-03T08:15:00,2026-07-03T08:19:24,2026-07-03T09:00:00,2026-07-03T09:02:07.529148,10.5,145.6,nodal,completed
T002514,R022,D0116,V5,S1,2026-07-03T08:15:00,2026-07-03T08:21:12,2026-07-03T09:00:00,2026-07-03T09:02:25.384726,17.4,326.7,cab,completed
T002515,R022,D0045,V1,S1,2026-07-03T08:15:00,2026-07-03T08:15:06,2026-07-03T09:00:00,2026-07-03T09:00:00,17.2,338.6,cab,completed
T002516,R022,D0047,V3,S1,2026-07-03T08:15:00,2026-07-03T08:15:06,2026-07-03T09:00:00,2026-07-03T09:00:00,17.5,332.2,cab,completed
T002517,R022,D0027,V3,S1,2026-07-03T08:15:00,2026-07-03T08:19:00,2026-07-03T09:00:00,2026-07-03T09:00:04.276184,18.1,346.9,cab,completed
T002518,R022,D0036,V3,S1,2026-07-03T08:15:00,2026-07-03T08:19:06,2026-07-03T09:00:00,2026-07-03T09:02:46.773063,16.9,326.2,cab,completed
T002519,R022,D0062,V3,S1,2026-07-03T08:15:00,2026-07-03T08:20:06,2026-07-03T09:00:00,2026-07-03T09:03:50.945882,17.3,348.8,cab,completed
T002520,R022,D0039,V3,S1,2026-07-03T08:15:00,2026-07-03T08:20:18,2026-07-03T09:00:00,2026-07-03T09:00:56.997080,16.2,314.7,cab,completed
T002521,R022,D0039,V3,S1,2026-07-03T08:15:00,2026-07-03T08:32:54,2026-07-03T09:00:00,2026-07-03T09:17:09.668192,17.7,339.9,cab,completed
T002522,R022,D0027,V3,S1,2026-07-03T08:15:00,2026-07-03T08:20:24,2026-07-03T09:00:00,2026-07-03T09:00:28.127626,17.4,339.3,cab,completed
T002523,R022,D0067,V3,S1,2026-07-03T08:15:00,2026-07-03T08:15:36,2026-07-03T09:00:00,2026-07-03T09:00:00,18.1,347.7,cab,completed
T002524,R022,D0046,V5,S1,2026-07-03T08:15:00,2026-07-03T08:15:12,2026-07-03T09:00:00,2026-07-03T09:00:00,18.1,335.6,cab,completed
T002525,R022,D0024,V1,S1,2026-07-03T08:15:00,2026-07-03T08:15:48,2026-07-03T09:00:00,2026-07-03T09:00:00,16.4,319.5,cab,completed
T002526,R003,D0048,V5,S2,2026-07-03T10:15:00,2026-07-03T10:17:00,2026-07-03T11:00:00,2026-07-03T11:01:21.649664,21.2,122.0,shuttle,completed
T002527,R003,D0069,V5,S2,2026-07-03T10:15:00,2026-07-03T10:23:12,2026-07-03T11:00:00,2026-07-03T11:04:41.700308,22.7,133.0,shuttle,completed
T002528,R006,D0104,V4,S2,2026-07-03T10:15:00,2026-07-03T10:25:36,2026-07-03T11:00:00,2026-07-03T11:06:09.250468,19.0,126.0,shuttle,completed
T002529,R006,D0017,V2,S2,2026-07-03T10:15:00,2026-07-03T10:19:48,2026-07-03T11:00:00,2026-07-03T11:01:29.410076,19.4,123.2,shuttle,completed
T002530,R008,D0106,V2,S2,2026-07-03T10:15:00,2026-07-03T10:18:48,2026-07-03T11:00:00,2026-07-03T11:02:17.080860,9.0,121.7,nodal,completed
T002531,R008,D0008,V1,S2,2026-07-03T10:15:00,2026-07-03T10:19:30,2026-07-03T11:00:00,2026-07-03T11:03:07.175207,9.3,128.3,nodal,completed
T002532,R008,D0003,V1,S2,2026-07-03T10:15:00,2026-07-03T10:17:12,2026-07-03T11:00:00,2026-07-03T11:00:00,8.7,120.2,nodal,completed
T002533,R008,D0068,V1,S2,2026-07-03T10:15:00,2026-07-03T10:17:48,2026-07-03T11:00:00,2026-07-03T11:00:00,9.6,143.0,nodal,completed
T002534,R011,D0017,V2,S2,2026-07-03T10:15:00,2026-07-03T10:25:48,2026-07-03T11:00:00,2026-07-03T11:07:16.477273,8.6,128.9,nodal,completed
T002535,R011,D0114,V2,S2,2026-07-03T10:15:00,2026-07-03T10:15:12,2026-07-03T11:00:00,2026-07-03T11:00:00,7.7,114.8,nodal,completed
T002536,R011,D0057,V2,S2,2026-07-03T10:15:00,2026-07-03T10:17:30,2026-07-03T11:00:00,2026-07-03T11:00:00,8.6,127.2,nodal,completed
T002537,R011,D0030,V2,S2,2026-07-03T10:15:00,2026-07-03T10:22:54,2026-07-03T11:00:00,2026-07-03T11:04:34.428886,8.5,125.6,nodal,completed
T002538,R013,D0027,V3,S2,2026-07-03T10:15:00,2026-07-03T10:16:42,2026-07-03T11:00:00,2026-07-03T11:00:05.437021,10.8,249.7,cab,completed
T002539,R013,D0080,V1,S2,2026-07-03T10:15:00,2026-07-03T10:27:54,2026-07-03T11:00:00,2026-07-03T11:10:29.247624,11.8,262.9,cab,completed
T002540,R013,D0071,V5,S2,2026-07-03T10:15:00,,2026-07-03T11:00:00,,11.7,244.0,cab,no_show
T002541,R013,D0009,V1,S2,2026-07-03T10:15:00,2026-07-03T10:15:42,2026-07-03T11:00:00,2026-07-03T11:00:00,11.7,246.7,cab,completed
T002542,R013,D0037,V3,S2,2026-07-03T10:15:00,2026-07-03T10:20:18,2026-07-03T11:00:00,2026-07-03T11:00:20.284315,11.4,247.8,cab,completed
T002543,R013,D0013,V5,S2,2026-07-03T10:15:00,2026-07-03T10:32:42,2026-07-03T11:00:00,2026-07-03T11:14:39.649482,11.8,255.4,cab,completed
T002544,R013,D0016,V5,S2,2026-07-03T10:15:00,2026-07-03T10:15:18,2026-07-03T11:00:00,2026-07-03T11:00:00,10.9,239.5,cab,completed
T002545,R013,D0089,V3,S2,2026-07-03T10:15:00,2026-07-03T10:17:36,2026-07-03T11:00:00,2026-07-03T11:00:00,11.8,252.0,cab,completed
T002546,R018,D0084,V4,S2,2026-07-03T10:15:00,2026-07-03T10:35:06,2026-07-03T11:00:00,2026-07-03T11:18:28.872091,14.7,103.9,shuttle,completed
T002547,R018,D0030,V2,S2,2026-07-03T10:15:00,2026-07-03T10:24:36,2026-07-03T11:00:00,2026-07-03T11:05:11.413650,14.8,105.9,shuttle,completed
T002548,R020,D0033,V1,S2,2026-07-03T10:15:00,2026-07-03T10:15:18,2026-07-03T11:00:00,2026-07-03T11:00:00,9.6,143.0,nodal,completed
T002549,R020,D0015,V1,S2,2026-07-03T10:15:00,2026-07-03T10:16:54,2026-07-03T11:00:00,2026-07-03T11:00:00,10.8,143.9,nodal,completed
T002550,R020,D0033,V1,S2,2026-07-03T10:15:00,2026-07-03T10:20:30,2026-07-03T11:00:00,2026-07-03T11:01:12.103168,10.6,141.7,nodal,completed
T002551,R020,D0073,V2,S2,2026-07-03T10:15:00,2026-07-03T10:17:30,2026-07-03T11:00:00,2026-07-03T11:00:00,10.1,148.8,nodal,completed
T002552,R022,D0038,V5,S2,2026-07-03T10:15:00,2026-07-03T10:28:48,2026-07-03T11:00:00,2026-07-03T11:13:01.078857,17.1,323.3,cab,completed
T002553,R022,D0052,V1,S2,2026-07-03T10:15:00,2026-07-03T10:15:18,2026-07-03T11:00:00,2026-07-03T11:00:00,17.0,329.6,cab,completed
T002554,R022,D0100,V3,S2,2026-07-03T10:15:00,2026-07-03T10:21:24,2026-07-03T11:00:00,2026-07-03T11:02:21.049785,17.5,341.8,cab,completed
T002555,R022,D0052,V1,S2,2026-07-03T10:15:00,2026-07-03T10:18:30,2026-07-03T11:00:00,2026-07-03T11:03:13.671992,17.3,331.6,cab,completed
T002556,R022,D0058,V1,S2,2026-07-03T10:15:00,2026-07-03T10:18:00,2026-07-03T11:00:00,2026-07-03T11:00:00,17.6,340.6,cab,completed
T002557,R022,D0079,V3,S2,2026-07-03T10:15:00,2026-07-03T10:25:24,2026-07-03T11:00:00,2026-07-03T11:06:17.078356,18.0,338.6,cab,completed
T002558,R022,D0009,V1,S2,2026-07-03T10:15:00,2026-07-03T10:18:06,2026-07-03T11:00:00,2026-07-03T11:00:01.596305,17.5,343.2,cab,completed
T002559,R022,D0005,V1,S2,2026-07-03T10:15:00,2026-07-03T10:23:54,2026-07-03T11:00:00,2026-07-03T11:06:58.723437,17.8,332.3,cab,completed
T002560,R003,D0077,V5,S3,2026-07-03T21:15:00,2026-07-03T21:28:30,2026-07-03T22:00:00,2026-07-03T22:11:51.626046,22.8,144.8,shuttle,completed
T002561,R003,D0034,V4,S3,2026-07-03T21:15:00,2026-07-03T21:17:42,2026-07-03T22:00:00,2026-07-03T22:01:04.036815,22.0,132.6,shuttle,completed
T002562,R006,D0022,V5,S3,2026-07-03T21:15:00,2026-07-03T21:24:42,2026-07-03T22:00:00,2026-07-03T22:09:11.456721,19.9,116.9,shuttle,completed
T002563,R008,D0117,V1,S3,2026-07-03T21:15:00,2026-07-03T21:16:54,2026-07-03T22:00:00,2026-07-03T22:00:00,9.4,141.6,nodal,completed
T002564,R008,D0117,V1,S3,2026-07-03T21:15:00,2026-07-03T21:21:30,2026-07-03T22:00:00,2026-07-03T22:04:08.603139,9.0,140.9,nodal,completed
T002565,R011,D0051,V2,S3,2026-07-03T21:15:00,2026-07-03T21:22:42,2026-07-03T22:00:00,2026-07-03T22:02:55.760960,7.8,116.5,nodal,completed
T002566,R011,D0001,V2,S3,2026-07-03T21:15:00,2026-07-03T21:20:24,2026-07-03T22:00:00,2026-07-03T22:05:16.290646,7.8,123.3,nodal,completed
T002567,R011,D0045,V1,S3,2026-07-03T21:15:00,2026-07-03T21:17:24,2026-07-03T22:00:00,2026-07-03T22:01:34.940565,8.2,124.0,nodal,completed
T002568,R013,D0005,V1,S3,2026-07-03T21:15:00,2026-07-03T21:23:00,2026-07-03T22:00:00,2026-07-03T22:03:54.521512,10.6,245.5,cab,completed
T002569,R013,D0005,V1,S3,2026-07-03T21:15:00,2026-07-03T21:17:18,2026-07-03T22:00:00,2026-07-03T22:00:00,10.7,246.9,cab,completed
T002570,R013,D0014,V5,S3,2026-07-03T21:15:00,2026-07-03T21:25:36,2026-07-03T22:00:00,2026-07-03T22:10:14.754453,10.6,246.4,cab,completed
T002571,R013,D0046,V5,S3,2026-07-03T21:15:00,2026-07-03T21:17:54,2026-07-03T22:00:00,2026-07-03T22:01:50.917273,11.2,256.4,cab,completed
T002572,R013,D0083,V3,S3,2026-07-03T21:15:00,2026-07-03T21:21:06,2026-07-03T22:00:00,2026-07-03T22:04:13.399616,10.9,240.6,cab,completed
T002573,R013,D0083,V3,S3,2026-07-03T21:15:00,2026-07-03T21:16:06,2026-07-03T22:00:00,2026-07-03T22:00:00,11.1,242.1,cab,completed
T002574,R018,D0103,V5,S3,2026-07-03T21:15:00,2026-07-03T21:33:24,2026-07-03T22:00:00,2026-07-03T22:16:05.640516,14.9,102.3,shuttle,completed
T002575,R018,D0084,V4,S3,2026-07-03T21:15:00,2026-07-03T21:17:54,2026-07-03T22:00:00,2026-07-03T22:02:13.637468,14.4,87.9,shuttle,completed
T002576,R020,D0017,V2,S3,2026-07-03T21:15:00,2026-07-03T21:17:42,2026-07-03T22:00:00,2026-07-03T22:00:00,10.3,148.8,nodal,completed
T002577,R020,D0073,V2,S3,2026-07-03T21:15:00,2026-07-03T21:15:24,2026-07-03T22:00:00,2026-07-03T22:00:00,10.4,134.8,nodal,completed
T002578,R020,D0030,V2,S3,2026-07-03T21:15:00,2026-07-03T21:24:54,2026-07-03T22:00:00,2026-07-03T22:06:42.076699,10.7,152.5,nodal,completed
T002579,R022,D0027,V3,S3,2026-07-03T21:15:00,2026-07-03T21:16:06,2026-07-03T22:00:00,2026-07-03T22:00:00,18.2,351.8,cab,completed
T002580,R022,D0014,V5,S3,2026-07-03T21:15:00,2026-07-03T21:18:12,2026-07-03T22:00:00,2026-07-03T22:00:00,17.9,350.4,cab,completed
T002581,R022,D0067,V3,S3,2026-07-03T21:15:00,2026-07-03T21:17:12,2026-07-03T22:00:00,2026-07-03T22:00:00,16.7,326.9,cab,completed
T002582,R022,D0100,V3,S3,2026-07-03T21:15:00,2026-07-03T21:20:42,2026-07-03T22:00:00,2026-07-03T22:01:27.354362,18.0,339.8,cab,completed
T002583,R003,D0092,V4,S1,2026-07-06T08:15:00,2026-07-06T08:19:36,2026-07-06T09:00:00,2026-07-06T09:01:54.149472,22.6,144.5,shuttle,completed
T002584,R003,D0108,V5,S1,2026-07-06T08:15:00,2026-07-06T08:25:54,2026-07-06T09:00:00,2026-07-06T09:10:53.703554,22.4,145.0,shuttle,completed
T002585,R003,D0087,V2,S1,2026-07-06T08:15:00,2026-07-06T08:17:42,2026-07-06T09:00:00,2026-07-06T09:00:00,21.7,142.0,shuttle,completed
T002586,R006,D0059,V4,S1,2026-07-06T08:15:00,2026-07-06T08:20:36,2026-07-06T09:00:00,2026-07-06T09:02:05.348746,20.2,137.6,shuttle,completed
T002587,R006,D0061,V4,S1,2026-07-06T08:15:00,2026-07-06T08:22:06,2026-07-06T09:00:00,2026-07-06T09:03:13.921406,20.1,124.8,shuttle,completed
T002588,R006,D0120,V5,S1,2026-07-06T08:15:00,2026-07-06T08:21:54,2026-07-06T09:00:00,2026-07-06T09:06:15.045405,19.4,121.3,shuttle,completed
T002589,R008,D0015,V1,S1,2026-07-06T08:15:00,2026-07-06T08:26:06,2026-07-06T09:00:00,2026-07-06T09:11:00.638587,9.6,136.7,nodal,completed
T002590,R008,D0011,V2,S1,2026-07-06T08:15:00,2026-07-06T08:22:12,2026-07-06T09:00:00,2026-07-06T09:05:58.722427,8.9,128.0,nodal,completed
T002591,R008,D0051,V2,S1,2026-07-06T08:15:00,2026-07-06T08:20:42,2026-07-06T09:00:00,2026-07-06T09:02:52.528632,9.5,135.9,nodal,completed
T002592,R008,D0035,V1,S1,2026-07-06T08:15:00,2026-07-06T08:17:48,2026-07-06T09:00:00,2026-07-06T09:00:00,8.8,122.5,nodal,completed
T002593,R008,D0114,V2,S1,2026-07-06T08:15:00,2026-07-06T08:22:42,2026-07-06T09:00:00,2026-07-06T09:05:19.696716,9.6,137.9,nodal,completed
T002594,R008,D0015,V1,S1,2026-07-06T08:15:00,2026-07-06T08:18:42,2026-07-06T09:00:00,2026-07-06T09:00:20.413664,8.9,127.4,nodal,completed
T002595,R011,D0096,V2,S1,2026-07-06T08:15:00,2026-07-06T08:16:54,2026-07-06T09:00:00,2026-07-06T09:00:22.981254,7.9,123.5,nodal,completed
T002596,R011,D0073,V2,S1,2026-07-06T08:15:00,2026-07-06T08:17:06,2026-07-06T09:00:00,2026-07-06T09:00:58.177974,8.2,125.4,nodal,completed
T002597,R011,D0053,V1,S1,2026-07-06T08:15:00,2026-07-06T08:16:48,2026-07-06T09:00:00,2026-07-06T09:00:00,8.4,122.6,nodal,completed
T002598,R011,D0113,V2,S1,2026-07-06T08:15:00,2026-07-06T08:15:00,2026-07-06T09:00:00,2026-07-06T09:00:00,8.6,121.6,nodal,completed
T002599,R011,D0002,V2,S1,2026-07-06T08:15:00,2026-07-06T08:26:36,2026-07-06T09:00:00,2026-07-06T09:07:48.796189,7.8,119.4,nodal,completed
T002600,R011,D0078,V2,S1,2026-07-06T08:15:00,2026-07-06T08:34:24,2026-07-06T09:00:00,2026-07-06T09:19:21.680501,8.1,118.2,nodal,completed
T002601,R013,D0022,V5,S1,2026-07-06T08:15:00,2026-07-06T08:16:36,2026-07-06T09:00:00,2026-07-06T09:00:00,10.5,244.7,cab,completed
T002602,R013,D0037,V3,S1,2026-07-06T08:15:00,2026-07-06T08:18:48,2026-07-06T09:00:00,2026-07-06T09:02:03.758614,11.0,252.6,cab,completed
T002603,R013,D0027,V3,S1,2026-07-06T08:15:00,2026-07-06T08:18:18,2026-07-06T09:00:00,2026-07-06T09:00:00,11.6,242.7,cab,completed
T002604,R013,D0098,V5,S1,2026-07-06T08:15:00,2026-07-06T08:15:54,2026-07-06T09:00:00,2026-07-06T09:00:00,10.8,242.3,cab,completed
T002605,R013,D0014,V5,S1,2026-07-06T08:15:00,,2026-07-06T09:00:00,2026-07-06T09:08:05.702215,11.5,260.2,cab,completed
T002606,R013,D0103,V5,S1,2026-07-06T08:15:00,2026-07-06T08:20:42,2026-07-06T09:00:00,2026-07-06T09:04:51.863822,10.6,246.3,cab,completed
T002607,R013,D0010,V1,S1,2026-07-06T08:15:00,2026-07-06T08:16:48,2026-07-06T09:00:00,2026-07-06T09:00:00,11.5,246.0,cab,completed
T002608,R013,D0015,V1,S1,2026-07-06T08:15:00,2026-07-06T08:21:42,2026-07-06T09:00:00,2026-07-06T09:02:39.218094,10.7,241.6,cab,completed
T002609,R013,D0062,V3,S1,2026-07-06T08:15:00,2026-07-06T08:15:24,2026-07-06T09:00:00,2026-07-06T09:00:00,10.7,233.7,cab,completed
T002610,R013,D0105,V3,S1,2026-07-06T08:15:00,2026-07-06T08:21:30,2026-07-06T09:00:00,2026-07-06T09:05:05.718207,11.1,242.5,cab,completed
T002611,R013,D0004,V5,S1,2026-07-06T08:15:00,2026-07-06T08:25:00,2026-07-06T09:00:00,2026-07-06T09:09:05.284309,10.7,241.5,cab,completed
T002612,R018,D0004,V5,S1,2026-07-06T08:15:00,2026-07-06T08:24:30,2026-07-06T09:00:00,2026-07-06T09:08:22.537923,15.8,108.4,shuttle,completed
T002613,R018,D0042,V5,S1,2026-07-06T08:15:00,2026-07-06T08:17:00,2026-07-06T09:00:00,2026-07-06T09:01:03.938584,15.3,101.9,shuttle,completed
T002614,R018,D0050,V5,S1,2026-07-06T08:15:00,2026-07-06T08:24:00,2026-07-06T09:00:00,2026-07-06T09:07:45.899008,15.9,99.1,shuttle,completed
T002615,R020,D0052,V1,S1,2026-07-06T08:15:00,2026-07-06T08:26:12,2026-07-06T09:00:00,2026-07-06T09:10:41.638412,9.8,158.5,nodal,completed
T002616,R020,D0029,V2,S1,2026-07-06T08:15:00,2026-07-06T08:24:30,2026-07-06T09:00:00,2026-07-06T09:07:39.643579,10.3,137.3,nodal,completed
T002617,R020,D0045,V1,S1,2026-07-06T08:15:00,2026-07-06T08:17:48,2026-07-06T09:00:00,2026-07-06T09:00:00,10.2,135.7,nodal,completed
T002618,R020,D0005,V1,S1,2026-07-06T08:15:00,2026-07-06T08:20:06,2026-07-06T09:00:00,2026-07-06T09:04:35.457853,10.4,139.7,nodal,completed
T002619,R020,D0068,V1,S1,2026-07-06T08:15:00,2026-07-06T08:15:12,2026-07-06T09:00:00,2026-07-06T09:00:00,9.6,143.1,nodal,completed
T002620,R020,D0008,V1,S1,2026-07-06T08:15:00,2026-07-06T08:21:54,2026-07-06T09:00:00,2026-07-06T09:05:34.781294,9.6,140.6,nodal,completed
T002621,R022,D0022,V5,S1,2026-07-06T08:15:00,2026-07-06T08:27:42,2026-07-06T09:00:00,2026-07-06T09:09:16.717757,18.2,340.7,cab,completed
T002622,R022,D0009,V1,S1,2026-07-06T08:15:00,2026-07-06T08:18:24,2026-07-06T09:00:00,2026-07-06T09:02:15.937163,16.2,311.6,cab,completed
T002623,R022,D0058,V1,S1,2026-07-06T08:15:00,2026-07-06T08:27:36,2026-07-06T09:00:00,2026-07-06T09:07:42.870363,16.9,333.4,cab,completed
T002624,R022,D0036,V3,S1,2026-07-06T08:15:00,2026-07-06T08:15:24,2026-07-06T09:00:00,2026-07-06T09:00:00,17.8,340.8,cab,completed
T002625,R022,D0037,V3,S1,2026-07-06T08:15:00,2026-07-06T08:16:06,2026-07-06T09:00:00,2026-07-06T09:00:00,16.9,330.8,cab,completed
T002626,R022,D0112,V1,S1,2026-07-06T08:15:00,2026-07-06T08:15:00,2026-07-06T09:00:00,2026-07-06T09:00:00,17.3,323.7,cab,completed
T002627,R022,D0085,V3,S1,2026-07-06T08:15:00,2026-07-06T08:17:06,2026-07-06T09:00:00,2026-07-06T09:00:00,18.3,343.0,cab,completed
T002628,R022,D0083,V3,S1,2026-07-06T08:15:00,2026-07-06T08:20:24,2026-07-06T09:00:00,2026-07-06T09:00:33.695451,17.9,335.0,cab,completed
T002629,R022,D0108,V5,S1,2026-07-06T08:15:00,2026-07-06T08:15:00,2026-07-06T09:00:00,2026-07-06T09:00:00,18.2,354.3,cab,completed
T002630,R022,D0014,V5,S1,2026-07-06T08:15:00,2026-07-06T08:23:30,2026-07-06T09:00:00,2026-07-06T09:04:40.264452,18.1,337.3,cab,completed
T002631,R022,D0101,V5,S1,2026-07-06T08:15:00,2026-07-06T08:15:54,2026-07-06T09:00:00,2026-07-06T09:00:00,18.3,336.5,cab,completed
T002632,R003,D0094,V2,S2,2026-07-06T10:15:00,2026-07-06T10:19:18,2026-07-06T11:00:00,2026-07-06T11:00:00,22.9,143.0,shuttle,completed
T002633,R003,D0019,V4,S2,2026-07-06T10:15:00,2026-07-06T10:19:36,2026-07-06T11:00:00,2026-07-06T11:03:33.104647,22.1,127.0,shuttle,completed
T002634,R006,D0004,V5,S2,2026-07-06T10:15:00,,2026-07-06T11:00:00,2026-07-06T11:07:54.393044,20.4,127.2,shuttle,completed
T002635,R006,D0113,V2,S2,2026-07-06T10:15:00,2026-07-06T10:17:36,2026-07-06T11:00:00,2026-07-06T11:00:00,19.4,113.7,shuttle,completed
T002636,R008,D0063,V2,S2,2026-07-06T10:15:00,2026-07-06T10:15:48,2026-07-06T11:00:00,2026-07-06T11:00:00,9.5,142.5,nodal,completed
T002637,R008,D0070,V2,S2,2026-07-06T10:15:00,2026-07-06T10:21:06,2026-07-06T11:00:00,2026-07-06T11:05:21.062860,9.2,128.6,nodal,completed
T002638,R008,D0072,V2,S2,2026-07-06T10:15:00,2026-07-06T10:15:12,2026-07-06T11:00:00,2026-07-06T11:00:00,8.6,118.8,nodal,completed
T002639,R011,D0053,V1,S2,2026-07-06T10:15:00,2026-07-06T10:32:00,2026-07-06T11:00:00,2026-07-06T11:12:17.386424,8.3,123.7,nodal,completed
T002640,R011,D0063,V2,S2,2026-07-06T10:15:00,2026-07-06T10:23:00,2026-07-06T11:00:00,2026-07-06T11:07:38.417171,8.5,133.4,nodal,completed
T002641,R011,D0033,V1,S2,2026-07-06T10:15:00,2026-07-06T10:17:36,2026-07-06T11:00:00,2026-07-06T11:00:00,8.4,134.0,nodal,completed
T002642,R011,D0053,V1,S2,2026-07-06T10:15:00,2026-07-06T10:25:24,2026-07-06T11:00:00,2026-07-06T11:09:31.304590,8.6,131.2,nodal,completed
T002643,R013,D0116,V5,S2,2026-07-06T10:15:00,2026-07-06T10:18:18,2026-07-06T11:00:00,2026-07-06T11:01:39.735231,11.3,244.8,cab,completed
T002644,R013,D0009,V1,S2,2026-07-06T10:15:00,2026-07-06T10:22:06,2026-07-06T11:00:00,2026-07-06T11:04:12.825058,10.5,233.8,cab,completed
T002645,R013,D0088,V5,S2,2026-07-06T10:15:00,2026-07-06T10:15:18,2026-07-06T11:00:00,2026-07-06T11:00:00,10.9,252.3,cab,completed
T002646,R013,D0037,V3,S2,2026-07-06T10:15:00,2026-07-06T10:17:48,2026-07-06T11:00:00,2026-07-06T11:00:54.676702,11.1,255.0,cab,completed
T002647,R013,D0042,V5,S2,2026-07-06T10:15:00,2026-07-06T10:16:00,2026-07-06T11:00:00,2026-07-06T11:00:00,10.7,239.4,cab,completed
T002648,R013,D0083,V3,S2,2026-07-06T10:15:00,2026-07-06T10:25:54,2026-07-06T11:00:00,2026-07-06T11:10:23.755447,11.8,250.8,cab,completed
T002649,R013,D0028,V3,S2,2026-07-06T10:15:00,2026-07-06T10:19:06,2026-07-06T11:00:00,2026-07-06T11:02:52.501878,11.5,256.5,cab,completed
T002650,R013,D0022,V5,S2,2026-07-06T10:15:00,2026-07-06T10:19:30,2026-07-06T11:00:00,2026-07-06T11:02:02.101920,10.6,239.5,cab,completed
T002651,R018,D0116,V5,S2,2026-07-06T10:15:00,2026-07-06T10:28:42,2026-07-06T11:00:00,2026-07-06T11:10:20.832275,14.4,89.9,shuttle,completed
T002652,R018,D0077,V5,S2,2026-07-06T10:15:00,2026-07-06T10:26:12,2026-07-06T11:00:00,2026-07-06T11:10:21.391062,14.3,88.7,shuttle,completed
T002653,R020,D0025,V2,S2,2026-07-06T10:15:00,2026-07-06T10:20:00,2026-07-06T11:00:00,2026-07-06T11:01:35.739466,10.5,144.4,nodal,completed
T002654,R020,D0053,V1,S2,2026-07-06T10:15:00,2026-07-06T10:32:00,2026-07-06T11:00:00,2026-07-06T11:13:26.599675,10.4,142.5,nodal,completed
T002655,R020,D0113,V2,S2,2026-07-06T10:15:00,2026-07-06T10:21:42,2026-07-06T11:00:00,2026-07-06T11:01:48.875381,10.7,145.0,nodal,completed
T002656,R020,D0008,V1,S2,2026-07-06T10:15:00,2026-07-06T10:15:30,2026-07-06T11:00:00,2026-07-06T11:00:00,10.6,153.8,nodal,completed
T002657,R022,D0058,V1,S2,2026-07-06T10:15:00,2026-07-06T10:19:00,2026-07-06T11:00:00,2026-07-06T11:01:14.681329,17.2,332.7,cab,completed
T002658,R022,D0077,V5,S2,2026-07-06T10:15:00,2026-07-06T10:21:12,2026-07-06T11:00:00,2026-07-06T11:04:26.953660,17.1,329.9,cab,completed
T002659,R022,D0039,V3,S2,2026-07-06T10:15:00,2026-07-06T10:20:24,2026-07-06T11:00:00,2026-07-06T11:01:03.971570,18.0,338.7,cab,completed
T002660,R022,D0099,V5,S2,2026-07-06T10:15:00,2026-07-06T10:22:42,2026-07-06T11:00:00,2026-07-06T11:05:12.534459,17.1,328.0,cab,completed
T002661,R022,D0058,V1,S2,2026-07-06T10:15:00,2026-07-06T10:20:36,2026-07-06T11:00:00,2026-07-06T11:01:12.125323,17.4,343.3,cab,completed
T002662,R022,D0035,V1,S2,2026-07-06T10:15:00,2026-07-06T10:17:48,2026-07-06T11:00:00,2026-07-06T11:01:03.328543,18.2,341.1,cab,completed
T002663,R022,D0079,V3,S2,2026-07-06T10:15:00,,2026-07-06T11:00:00,2026-07-06T11:02:14.465639,17.0,341.2,cab,completed
T002664,R022,D0038,V5,S2,2026-07-06T10:15:00,2026-07-06T10:18:24,2026-07-06T11:00:00,2026-07-06T11:00:19.920958,16.8,331.8,cab,completed
T002665,R003,D0084,V4,S3,2026-07-06T21:15:00,2026-07-06T21:52:48,2026-07-06T22:00:00,2026-07-06T22:36:02.939884,23.7,137.1,shuttle,completed
T002666,R003,D0017,V2,S3,2026-07-06T21:15:00,2026-07-06T21:38:54,2026-07-06T22:00:00,2026-07-06T22:22:51.665646,22.8,133.8,shuttle,completed
T002667,R006,D0026,V4,S3,2026-07-06T21:15:00,2026-07-06T21:16:42,2026-07-06T22:00:00,2026-07-06T22:00:08.471039,18.6,117.5,shuttle,completed
T002668,R008,D0112,V1,S3,2026-07-06T21:15:00,2026-07-06T21:25:12,2026-07-06T22:00:00,2026-07-06T22:07:57.607914,8.6,123.8,nodal,completed
T002669,R008,D0001,V2,S3,2026-07-06T21:15:00,2026-07-06T21:16:12,2026-07-06T22:00:00,2026-07-06T22:00:00,8.9,133.7,nodal,completed
T002670,R011,D0066,V2,S3,2026-07-06T21:15:00,2026-07-06T21:15:54,2026-07-06T22:00:00,2026-07-06T22:00:00,8.4,116.6,nodal,completed
T002671,R011,D0117,V1,S3,2026-07-06T21:15:00,2026-07-06T21:15:18,2026-07-06T22:00:00,2026-07-06T22:00:00,8.5,117.1,nodal,completed
T002672,R011,D0068,V1,S3,2026-07-06T21:15:00,2026-07-06T21:22:18,2026-07-06T22:00:00,2026-07-06T22:03:53.218401,8.3,128.6,nodal,completed
T002673,R013,D0101,V5,S3,2026-07-06T21:15:00,2026-07-06T21:16:12,2026-07-06T22:00:00,2026-07-06T22:00:00,11.9,262.3,cab,completed
T002674,R013,D0014,V5,S3,2026-07-06T21:15:00,2026-07-06T21:17:42,2026-07-06T22:00:00,2026-07-06T22:00:00,11.5,271.9,cab,completed
T002675,R013,D0042,V5,S3,2026-07-06T21:15:00,2026-07-06T21:18:48,2026-07-06T22:00:00,2026-07-06T22:01:02.073481,11.8,246.5,cab,completed
T002676,R013,D0076,V3,S3,2026-07-06T21:15:00,2026-07-06T21:19:12,2026-07-06T22:00:00,2026-07-06T22:02:57.156219,11.5,259.2,cab,completed
T002677,R013,D0015,V1,S3,2026-07-06T21:15:00,2026-07-06T21:16:00,2026-07-06T22:00:00,2026-07-06T22:00:00,10.9,243.5,cab,completed
T002678,R013,D0052,V1,S3,2026-07-06T21:15:00,2026-07-06T21:18:12,2026-07-06T22:00:00,2026-07-06T22:00:00,11.6,272.1,cab,completed
T002679,R018,D0119,V4,S3,2026-07-06T21:15:00,2026-07-06T21:16:54,2026-07-06T22:00:00,2026-07-06T22:00:56.864430,14.5,88.8,shuttle,completed
T002680,R018,D0093,V4,S3,2026-07-06T21:15:00,2026-07-06T21:34:06,2026-07-06T22:00:00,2026-07-06T22:15:57.702727,15.5,112.2,shuttle,completed
T002681,R020,D0010,V1,S3,2026-07-06T21:15:00,2026-07-06T21:16:36,2026-07-06T22:00:00,2026-07-06T22:01:32.664070,9.5,133.1,nodal,completed
T002682,R020,D0017,V2,S3,2026-07-06T21:15:00,2026-07-06T21:18:18,2026-07-06T22:00:00,2026-07-06T22:00:00,9.9,137.1,nodal,completed
T002683,R020,D0011,V2,S3,2026-07-06T21:15:00,2026-07-06T21:18:06,2026-07-06T22:00:00,2026-07-06T22:00:00,10.2,142.2,nodal,completed
T002684,R022,D0071,V5,S3,2026-07-06T21:15:00,2026-07-06T21:22:24,2026-07-06T22:00:00,2026-07-06T22:02:51.169795,17.0,318.8,cab,completed
T002685,R022,D0095,V3,S3,2026-07-06T21:15:00,2026-07-06T21:21:36,2026-07-06T22:00:00,2026-07-06T22:03:12.693992,16.7,324.4,cab,completed
T002686,R022,D0046,V5,S3,2026-07-06T21:15:00,2026-07-06T21:16:42,2026-07-06T22:00:00,2026-07-06T22:00:51.329274,17.8,343.6,cab,completed
T002687,R022,D0065,V3,S3,2026-07-06T21:15:00,2026-07-06T21:21:12,2026-07-06T22:00:00,2026-07-06T22:03:21.242778,17.0,330.1,cab,completed
T002688,R003,D0090,V2,S1,2026-07-07T08:15:00,2026-07-07T08:16:06,2026-07-07T09:00:00,2026-07-07T09:00:00,23.4,133.2,shuttle,completed
T002689,R003,D0092,V4,S1,2026-07-07T08:15:00,2026-07-07T08:19:48,2026-07-07T09:00:00,2026-07-07T09:03:56.282698,21.3,131.8,shuttle,completed
T002690,R003,D0088,V5,S1,2026-07-07T08:15:00,2026-07-07T08:16:30,2026-07-07T09:00:00,2026-07-07T09:00:00,22.8,132.7,shuttle,completed
T002691,R006,D0114,V2,S1,2026-07-07T08:15:00,2026-07-07T08:16:24,2026-07-07T09:00:00,2026-07-07T09:00:00,19.5,120.2,shuttle,completed
T002692,R006,D0099,V5,S1,2026-07-07T08:15:00,2026-07-07T08:22:06,2026-07-07T09:00:00,2026-07-07T09:05:18.358750,19.6,123.2,shuttle,completed
T002693,R006,D0090,V2,S1,2026-07-07T08:15:00,2026-07-07T08:17:36,2026-07-07T09:00:00,2026-07-07T09:00:00,18.3,115.6,shuttle,completed
T002694,R008,D0033,V1,S1,2026-07-07T08:15:00,2026-07-07T08:15:24,2026-07-07T09:00:00,2026-07-07T09:00:00,9.0,132.6,nodal,completed
T002695,R008,D0086,V1,S1,2026-07-07T08:15:00,2026-07-07T08:17:30,2026-07-07T09:00:00,2026-07-07T09:00:36.032080,9.3,127.4,nodal,completed
T002696,R008,D0081,V2,S1,2026-07-07T08:15:00,2026-07-07T08:15:06,2026-07-07T09:00:00,2026-07-07T09:00:00,9.5,130.3,nodal,completed
T002697,R008,D0001,V2,S1,2026-07-07T08:15:00,2026-07-07T08:19:06,2026-07-07T09:00:00,2026-07-07T09:00:59.073267,8.7,120.6,nodal,completed
T002698,R008,D0051,V2,S1,2026-07-07T08:15:00,2026-07-07T08:17:36,2026-07-07T09:00:00,2026-07-07T09:01:30.900222,9.5,128.1,nodal,completed
T002699,R011,D0086,V1,S1,2026-07-07T08:15:00,,2026-07-07T09:00:00,2026-07-07T09:00:00,8.1,131.5,nodal,completed
T002700,R011,D0010,V1,S1,2026-07-07T08:15:00,2026-07-07T08:57:06,2026-07-07T09:00:00,2026-07-07T09:41:49.638527,8.0,114.9,nodal,completed
T002701,R011,D0011,V2,S1,2026-07-07T08:15:00,2026-07-07T08:21:18,2026-07-07T09:00:00,2026-07-07T09:04:40.683166,8.2,132.9,nodal,completed
T002702,R011,D0003,V1,S1,2026-07-07T08:15:00,2026-07-07T08:20:24,2026-07-07T09:00:00,2026-07-07T09:01:36.413017,8.3,129.1,nodal,completed
T002703,R011,D0066,V2,S1,2026-07-07T08:15:00,2026-07-07T08:16:12,2026-07-07T09:00:00,2026-07-07T09:01:03.562653,7.7,126.1,nodal,completed
T002704,R013,D0018,V5,S1,2026-07-07T08:15:00,2026-07-07T08:18:24,2026-07-07T09:00:00,2026-07-07T09:02:58.249186,10.5,235.0,cab,completed
T002705,R013,D0108,V5,S1,2026-07-07T08:15:00,2026-07-07T08:20:18,2026-07-07T09:00:00,2026-07-07T09:00:44.171035,11.5,245.7,cab,completed
T002706,R013,D0024,V1,S1,2026-07-07T08:15:00,2026-07-07T08:35:30,2026-07-07T09:00:00,2026-07-07T09:18:06.215664,10.6,245.1,cab,completed
T002707,R013,D0032,V1,S1,2026-07-07T08:15:00,2026-07-07T08:18:48,2026-07-07T09:00:00,2026-07-07T09:00:58.962231,11.4,255.1,cab,completed
T002708,R013,D0009,V1,S1,2026-07-07T08:15:00,2026-07-07T08:15:12,2026-07-07T09:00:00,2026-07-07T09:00:00,11.9,256.1,cab,completed
T002709,R013,D0008,V1,S1,2026-07-07T08:15:00,2026-07-07T08:28:36,2026-07-07T09:00:00,2026-07-07T09:13:16.100857,10.7,246.9,cab,completed
T002710,R013,D0046,V5,S1,2026-07-07T08:15:00,2026-07-07T08:15:48,2026-07-07T09:00:00,2026-07-07T09:00:00,10.8,232.1,cab,completed
T002711,R013,D0014,V5,S1,2026-07-07T08:15:00,2026-07-07T08:17:24,2026-07-07T09:00:00,2026-07-07T09:00:27.519182,11.4,243.9,cab,completed
T002712,R013,D0110,V1,S1,2026-07-07T08:15:00,2026-07-07T08:20:42,2026-07-07T09:00:00,2026-07-07T09:05:23.690808,10.7,230.6,cab,completed
T002713,R013,D0018,V5,S1,2026-07-07T08:15:00,2026-07-07T08:20:30,2026-07-07T09:00:00,2026-07-07T09:04:22.057346,11.4,255.2,cab,completed
T002714,R013,D0067,V3,S1,2026-07-07T08:15:00,2026-07-07T08:17:00,2026-07-07T09:00:00,2026-07-07T09:00:36.701818,10.5,245.9,cab,completed
T002715,R018,D0012,V2,S1,2026-07-07T08:15:00,2026-07-07T08:18:36,2026-07-07T09:00:00,2026-07-07T09:01:14.639586,14.8,94.6,shuttle,completed
T002716,R018,D0054,V2,S1,2026-07-07T08:15:00,2026-07-07T08:18:54,2026-07-07T09:00:00,2026-07-07T09:02:31.541011,14.4,93.4,shuttle,completed
T002717,R018,D0030,V2,S1,2026-07-07T08:15:00,2026-07-07T08:23:00,2026-07-07T09:00:00,2026-07-07T09:06:13.641596,15.7,107.8,shuttle,completed
T002718,R020,D0015,V1,S1,2026-07-07T08:15:00,2026-07-07T08:17:18,2026-07-07T09:00:00,2026-07-07T09:00:00,10.2,151.1,nodal,completed
T002719,R020,D0029,V2,S1,2026-07-07T08:15:00,2026-07-07T08:22:06,2026-07-07T09:00:00,2026-07-07T09:04:13.427681,10.7,141.8,nodal,completed
T002720,R020,D0003,V1,S1,2026-07-07T08:15:00,2026-07-07T08:17:42,2026-07-07T09:00:00,2026-07-07T09:00:00,10.7,136.9,nodal,completed
T002721,R020,D0078,V2,S1,2026-07-07T08:15:00,2026-07-07T08:16:12,2026-07-07T09:00:00,2026-07-07T09:00:00,9.8,134.8,nodal,completed
T002722,R020,D0020,V2,S1,2026-07-07T08:15:00,2026-07-07T08:22:12,2026-07-07T09:00:00,2026-07-07T09:04:43.621567,10.0,135.6,nodal,completed
T002723,R020,D0025,V2,S1,2026-07-07T08:15:00,2026-07-07T08:18:42,2026-07-07T09:00:00,2026-07-07T09:00:17.771370,9.7,141.9,nodal,completed
T002724,R020,D0029,V2,S1,2026-07-07T08:15:00,2026-07-07T08:16:18,2026-07-07T09:00:00,2026-07-07T09:00:00,10.6,143.3,nodal,completed
T002725,R022,D0042,V5,S1,2026-07-07T08:15:00,,2026-07-07T09:00:00,2026-07-07T09:07:34.944751,17.7,330.8,cab,completed
T002726,R022,D0111,V1,S1,2026-07-07T08:15:00,2026-07-07T08:17:42,2026-07-07T09:00:00,2026-07-07T09:00:56.945505,18.0,334.7,cab,completed
T002727,R022,D0080,V1,S1,2026-07-07T08:15:00,2026-07-07T08:28:12,2026-07-07T09:00:00,2026-07-07T09:10:25.403337,17.0,328.4,cab,completed
T002728,R022,D0031,V3,S1,2026-07-07T08:15:00,2026-07-07T08:16:00,2026-07-07T09:00:00,2026-07-07T09:00:00,17.1,320.7,cab,completed
T002729,R022,D0080,V1,S1,2026-07-07T08:15:00,2026-07-07T08:19:24,2026-07-07T09:00:00,2026-07-07T09:00:00,17.8,334.5,cab,completed
T002730,R022,D0028,V3,S1,2026-07-07T08:15:00,2026-07-07T08:22:36,2026-07-07T09:00:00,2026-07-07T09:04:10.154766,17.7,337.6,cab,completed
T002731,R022,D0040,V1,S1,2026-07-07T08:15:00,2026-07-07T08:24:06,2026-07-07T09:00:00,2026-07-07T09:08:08.359578,16.7,333.2,cab,completed
T002732,R022,D0010,V1,S1,2026-07-07T08:15:00,2026-07-07T08:22:36,2026-07-07T09:00:00,2026-07-07T09:04:48.401372,16.3,313.3,cab,completed
T002733,R022,D0064,V3,S1,2026-07-07T08:15:00,2026-07-07T08:22:24,2026-07-07T09:00:00,2026-07-07T09:03:48.700719,16.7,318.7,cab,completed
T002734,R022,D0101,V5,S1,2026-07-07T08:15:00,,2026-07-07T09:00:00,2026-07-07T09:05:11.183899,17.1,320.2,cab,completed
T002735,R022,D0064,V3,S1,2026-07-07T08:15:00,2026-07-07T08:18:00,2026-07-07T09:00:00,2026-07-07T09:01:01.236385,18.1,343.6,cab,completed
T002736,R003,D0044,V4,S2,2026-07-07T10:15:00,2026-07-07T10:18:42,2026-07-07T11:00:00,2026-07-07T11:02:43.141622,22.8,136.4,shuttle,completed
T002737,R006,D0120,V5,S2,2026-07-07T10:15:00,2026-07-07T10:27:12,2026-07-07T11:00:00,2026-07-07T11:08:01.851081,18.5,110.1,shuttle,completed
T002738,R006,D0029,V2,S2,2026-07-07T10:15:00,2026-07-07T10:17:18,2026-07-07T11:00:00,2026-07-07T11:02:15.608907,20.0,133.4,shuttle,completed
T002739,R008,D0097,V2,S2,2026-07-07T10:15:00,2026-07-07T10:20:06,2026-07-07T11:00:00,2026-07-07T11:01:00.326688,8.7,136.4,nodal,completed
T002740,R008,D0015,V1,S2,2026-07-07T10:15:00,2026-07-07T10:18:48,2026-07-07T11:00:00,2026-07-07T11:01:35.887700,9.2,139.9,nodal,completed
T002741,R008,D0045,V1,S2,2026-07-07T10:15:00,2026-07-07T10:15:24,2026-07-07T11:00:00,2026-07-07T11:00:00,8.7,135.7,nodal,completed
T002742,R011,D0051,V2,S2,2026-07-07T10:15:00,2026-07-07T10:25:12,2026-07-07T11:00:00,2026-07-07T11:05:46.427779,8.2,127.1,nodal,completed
T002743,R011,D0070,V2,S2,2026-07-07T10:15:00,2026-07-07T10:21:00,2026-07-07T11:00:00,2026-07-07T11:04:37.377853,8.3,125.4,nodal,completed
T002744,R011,D0033,V1,S2,2026-07-07T10:15:00,2026-07-07T10:29:42,2026-07-07T11:00:00,2026-07-07T11:12:10.467344,8.0,127.5,nodal,completed
T002745,R011,D0113,V2,S2,2026-07-07T10:15:00,,2026-07-07T11:00:00,2026-07-07T11:03:58.679701,8.6,135.8,nodal,completed
T002746,R013,D0067,V3,S2,2026-07-07T10:15:00,2026-07-07T10:19:54,2026-07-07T11:00:00,2026-07-07T11:03:21.829613,11.7,245.9,cab,completed
T002747,R013,D0103,V5,S2,2026-07-07T10:15:00,2026-07-07T10:27:12,2026-07-07T11:00:00,2026-07-07T11:08:04.123730,10.7,244.0,cab,completed
T002748,R013,D0062,V3,S2,2026-07-07T10:15:00,2026-07-07T10:15:36,2026-07-07T11:00:00,2026-07-07T11:00:00,10.8,242.8,cab,completed
T002749,R013,D0069,V5,S2,2026-07-07T10:15:00,2026-07-07T10:21:54,2026-07-07T11:00:00,2026-07-07T11:02:48.816881,10.5,231.4,cab,completed
T002750,R013,D0065,V3,S2,2026-07-07T10:15:00,2026-07-07T10:26:36,2026-07-07T11:00:00,2026-07-07T11:09:05.957151,11.3,254.6,cab,completed
T002751,R013,D0038,V5,S2,2026-07-07T10:15:00,2026-07-07T10:34:30,2026-07-07T11:00:00,2026-07-07T11:16:57.257604,10.8,239.3,cab,completed
T002752,R013,D0085,V3,S2,2026-07-07T10:15:00,2026-07-07T10:15:12,2026-07-07T11:00:00,2026-07-07T11:00:00,11.2,242.5,cab,completed
T002753,R018,D0081,V2,S2,2026-07-07T10:15:00,2026-07-07T10:15:18,2026-07-07T11:00:00,2026-07-07T11:00:00,14.7,91.7,shuttle,completed
T002754,R018,D0004,V5,S2,2026-07-07T10:15:00,2026-07-07T10:15:18,2026-07-07T11:00:00,2026-07-07T11:00:00,15.0,93.6,shuttle,completed
T002755,R020,D0002,V2,S2,2026-07-07T10:15:00,2026-07-07T10:18:54,2026-07-07T11:00:00,2026-07-07T11:00:26.354462,9.6,134.4,nodal,completed
T002756,R020,D0011,V2,S2,2026-07-07T10:15:00,2026-07-07T10:16:24,2026-07-07T11:00:00,2026-07-07T11:00:02.906517,10.4,151.2,nodal,completed
T002757,R020,D0015,V1,S2,2026-07-07T10:15:00,2026-07-07T10:16:24,2026-07-07T11:00:00,2026-07-07T11:00:00,9.7,135.3,nodal,completed
T002758,R020,D0111,V1,S2,2026-07-07T10:15:00,2026-07-07T10:23:30,2026-07-07T11:00:00,2026-07-07T11:08:12.440012,10.8,147.2,nodal,completed
T002759,R022,D0060,V3,S2,2026-07-07T10:15:00,,2026-07-07T11:00:00,2026-07-07T11:00:00,16.7,314.7,cab,completed
T002760,R022,D0112,V1,S2,2026-07-07T10:15:00,2026-07-07T10:15:48,2026-07-07T11:00:00,2026-07-07T11:00:00,16.8,323.2,cab,completed
T002761,R022,D0008,V1,S2,2026-07-07T10:15:00,2026-07-07T10:19:12,2026-07-07T11:00:00,2026-07-07T11:00:51.132278,16.9,325.3,cab,completed
T002762,R022,D0116,V5,S2,2026-07-07T10:15:00,2026-07-07T10:16:06,2026-07-07T11:00:00,2026-07-07T11:00:00,18.1,341.2,cab,completed
T002763,R022,D0088,V5,S2,2026-07-07T10:15:00,2026-07-07T10:16:00,2026-07-07T11:00:00,2026-07-07T11:00:00,17.3,345.2,cab,completed
T002764,R022,D0027,V3,S2,2026-07-07T10:15:00,2026-07-07T10:16:48,2026-07-07T11:00:00,2026-07-07T11:00:00,18.0,333.4,cab,completed
T002765,R022,D0116,V5,S2,2026-07-07T10:15:00,2026-07-07T10:17:36,2026-07-07T11:00:00,2026-07-07T11:02:23.609809,17.6,330.2,cab,completed
T002766,R003,D0014,V5,S3,2026-07-07T21:15:00,2026-07-07T21:21:18,2026-07-07T22:00:00,2026-07-07T22:02:42.455063,21.5,137.2,shuttle,completed
T002767,R003,D0118,V4,S3,2026-07-07T21:15:00,2026-07-07T21:22:36,2026-07-07T22:00:00,2026-07-07T22:07:06.701846,21.4,134.5,shuttle,completed
T002768,R006,D0091,V4,S3,2026-07-07T21:15:00,2026-07-07T21:20:54,2026-07-07T22:00:00,2026-07-07T22:04:09.703307,19.8,127.6,shuttle,completed
T002769,R008,D0078,V2,S3,2026-07-07T21:15:00,2026-07-07T21:15:06,2026-07-07T22:00:00,2026-07-07T22:00:00,9.5,129.2,nodal,completed
T002770,R008,D0010,V1,S3,2026-07-07T21:15:00,2026-07-07T21:16:42,2026-07-07T22:00:00,2026-07-07T22:00:00,9.0,136.0,nodal,completed
T002771,R011,D0057,V2,S3,2026-07-07T21:15:00,2026-07-07T21:25:42,2026-07-07T22:00:00,2026-07-07T22:08:35.872271,7.7,116.9,nodal,completed
T002772,R011,D0053,V1,S3,2026-07-07T21:15:00,2026-07-07T21:17:24,2026-07-07T22:00:00,2026-07-07T22:00:00,8.2,130.1,nodal,completed
T002773,R011,D0003,V1,S3,2026-07-07T21:15:00,2026-07-07T21:33:18,2026-07-07T22:00:00,2026-07-07T22:14:59.894915,8.5,131.7,nodal,completed
T002774,R013,D0013,V5,S3,2026-07-07T21:15:00,2026-07-07T21:15:18,2026-07-07T22:00:00,2026-07-07T22:00:00,11.2,244.4,cab,completed
T002775,R013,D0077,V5,S3,2026-07-07T21:15:00,2026-07-07T21:19:12,2026-07-07T22:00:00,2026-07-07T22:01:38.551892,11.0,258.1,cab,completed
T002776,R013,D0071,V5,S3,2026-07-07T21:15:00,2026-07-07T21:18:12,2026-07-07T22:00:00,2026-07-07T22:03:10.609628,10.7,249.1,cab,completed
T002777,R013,D0065,V3,S3,2026-07-07T21:15:00,2026-07-07T21:17:30,2026-07-07T22:00:00,2026-07-07T22:00:08.063363,11.1,252.7,cab,completed
T002778,R013,D0056,V1,S3,2026-07-07T21:15:00,2026-07-07T21:15:24,2026-07-07T22:00:00,2026-07-07T22:00:00,11.0,237.5,cab,completed
T002779,R013,D0067,V3,S3,2026-07-07T21:15:00,2026-07-07T21:17:36,2026-07-07T22:00:00,2026-07-07T22:00:00,11.6,246.1,cab,completed
T002780,R018,D0069,V5,S3,2026-07-07T21:15:00,2026-07-07T21:24:24,2026-07-07T22:00:00,2026-07-07T22:07:11.375622,14.9,96.4,shuttle,completed
T002781,R020,D0110,V1,S3,2026-07-07T21:15:00,2026-07-07T21:16:36,2026-07-07T22:00:00,2026-07-07T22:00:06.129704,10.4,149.6,nodal,completed
T002782,R020,D0030,V2,S3,2026-07-07T21:15:00,2026-07-07T21:16:00,2026-07-07T22:00:00,2026-07-07T22:00:15.432062,9.9,155.7,nodal,completed
T002783,R020,D0087,V2,S3,2026-07-07T21:15:00,2026-07-07T21:30:36,2026-07-07T22:00:00,2026-07-07T22:11:15.694765,9.9,146.0,nodal,completed
T002784,R022,D0089,V3,S3,2026-07-07T21:15:00,2026-07-07T21:15:48,2026-07-07T22:00:00,2026-07-07T22:00:00,17.5,334.0,cab,completed
T002785,R022,D0015,V1,S3,2026-07-07T21:15:00,2026-07-07T21:17:48,2026-07-07T22:00:00,2026-07-07T22:02:39.336109,17.3,323.4,cab,completed
T002786,R022,D0050,V5,S3,2026-07-07T21:15:00,2026-07-07T21:16:36,2026-07-07T22:00:00,2026-07-07T22:00:00,18.0,348.8,cab,completed
T002787,R022,D0103,V5,S3,2026-07-07T21:15:00,2026-07-07T21:19:54,2026-07-07T22:00:00,2026-07-07T22:01:33.954034,16.7,318.4,cab,completed
T002788,R003,D0018,V5,S1,2026-07-08T08:15:00,2026-07-08T08:32:54,2026-07-08T09:00:00,2026-07-08T09:13:02.828301,22.4,135.8,shuttle,completed
T002789,R003,D0002,V2,S1,2026-07-08T08:15:00,2026-07-08T08:29:42,2026-07-08T09:00:00,2026-07-08T09:09:55.444707,21.0,128.0,shuttle,completed
T002790,R003,D0021,V4,S1,2026-07-08T08:15:00,2026-07-08T08:15:24,2026-07-08T09:00:00,2026-07-08T09:00:00,20.9,131.5,shuttle,completed
T002791,R006,D0104,V4,S1,2026-07-08T08:15:00,2026-07-08T08:15:54,2026-07-08T09:00:00,2026-07-08T09:00:52.525178,20.5,128.5,shuttle,completed
T002792,R006,D0029,V2,S1,2026-07-08T08:15:00,2026-07-08T08:16:36,2026-07-08T09:00:00,,19.1,119.6,shuttle,cancelled
T002793,R006,D0094,V2,S1,2026-07-08T08:15:00,,2026-07-08T09:00:00,,18.7,122.8,shuttle,no_show
T002794,R008,D0040,V1,S1,2026-07-08T08:15:00,2026-07-08T08:22:18,2026-07-08T09:00:00,2026-07-08T09:03:54.473499,8.9,134.7,nodal,completed
T002795,R008,D0009,V1,S1,2026-07-08T08:15:00,2026-07-08T08:15:24,2026-07-08T09:00:00,2026-07-08T09:00:09.595260,9.5,136.2,nodal,completed
T002796,R008,D0052,V1,S1,2026-07-08T08:15:00,2026-07-08T08:18:06,2026-07-08T09:00:00,2026-07-08T09:00:00,8.8,128.9,nodal,completed
T002797,R008,D0106,V2,S1,2026-07-08T08:15:00,2026-07-08T08:30:06,2026-07-08T09:00:00,2026-07-08T09:10:24.146557,9.1,138.9,nodal,completed
T002798,R008,D0078,V2,S1,2026-07-08T08:15:00,2026-07-08T08:22:06,2026-07-08T09:00:00,2026-07-08T09:06:02.181970,8.7,118.4,nodal,completed
T002799,R008,D0045,V1,S1,2026-07-08T08:15:00,2026-07-08T08:23:48,2026-07-08T09:00:00,2026-07-08T09:05:20.142441,9.6,137.4,nodal,completed
T002800,R011,D0066,V2,S1,2026-07-08T08:15:00,2026-07-08T08:22:06,2026-07-08T09:00:00,2026-07-08T09:05:00.949910,8.4,125.1,nodal,completed
T002801,R011,D0081,V2,S1,2026-07-08T08:15:00,2026-07-08T08:18:24,2026-07-08T09:00:00,2026-07-08T09:01:11.799679,8.0,113.3,nodal,completed
T002802,R011,D0080,V1,S1,2026-07-08T08:15:00,2026-07-08T08:15:54,2026-07-08T09:00:00,2026-07-08T09:00:00,8.6,121.1,nodal,completed
T002803,R011,D0058,V1,S1,2026-07-08T08:15:00,2026-07-08T08:17:54,2026-07-08T09:00:00,2026-07-08T09:00:22.261923,8.1,119.3,nodal,completed
T002804,R011,D0056,V1,S1,2026-07-08T08:15:00,2026-07-08T08:23:24,2026-07-08T09:00:00,2026-07-08T09:06:09.964780,8.2,132.0,nodal,completed
T002805,R013,D0082,V1,S1,2026-07-08T08:15:00,2026-07-08T08:17:24,2026-07-08T09:00:00,2026-07-08T09:00:00,11.7,247.0,cab,completed
T002806,R013,D0060,V3,S1,2026-07-08T08:15:00,2026-07-08T08:16:24,2026-07-08T09:00:00,2026-07-08T09:01:08.256870,11.3,255.1,cab,completed
T002807,R013,D0016,V5,S1,2026-07-08T08:15:00,2026-07-08T08:16:18,2026-07-08T09:00:00,,11.6,250.1,cab,cancelled
T002808,R013,D0028,V3,S1,2026-07-08T08:15:00,2026-07-08T08:15:36,2026-07-08T09:00:00,2026-07-08T09:00:00,11.6,247.8,cab,completed
T002809,R013,D0089,V3,S1,2026-07-08T08:15:00,2026-07-08T08:15:24,2026-07-08T09:00:00,,11.1,248.3,cab,cancelled
T002810,R013,D0056,V1,S1,2026-07-08T08:15:00,2026-07-08T08:26:24,2026-07-08T09:00:00,2026-07-08T09:09:25.287163,11.4,245.6,cab,completed
T002811,R013,D0015,V1,S1,2026-07-08T08:15:00,2026-07-08T08:22:00,2026-07-08T09:00:00,2026-07-08T09:04:51.411945,11.1,236.3,cab,completed
T002812,R013,D0040,V1,S1,2026-07-08T08:15:00,2026-07-08T08:19:36,2026-07-08T09:00:00,2026-07-08T09:01:04.363796,10.6,233.3,cab,completed
T002813,R013,D0101,V5,S1,2026-07-08T08:15:00,2026-07-08T08:20:48,2026-07-08T09:00:00,2026-07-08T09:05:28.457770,11.7,252.3,cab,completed
T002814,R013,D0100,V3,S1,2026-07-08T08:15:00,2026-07-08T08:15:54,2026-07-08T09:00:00,2026-07-08T09:00:00,10.7,234.8,cab,completed
T002815,R018,D0034,V4,S1,2026-07-08T08:15:00,2026-07-08T08:15:36,2026-07-08T09:00:00,2026-07-08T09:00:00,15.5,93.4,shuttle,completed
T002816,R018,D0069,V5,S1,2026-07-08T08:15:00,2026-07-08T08:17:54,2026-07-08T09:00:00,2026-07-08T09:01:04.317163,14.7,107.7,shuttle,completed
T002817,R018,D0002,V2,S1,2026-07-08T08:15:00,2026-07-08T08:17:48,2026-07-08T09:00:00,2026-07-08T09:00:00,15.1,100.7,shuttle,completed
T002818,R020,D0017,V2,S1,2026-07-08T08:15:00,2026-07-08T08:19:36,2026-07-08T09:00:00,2026-07-08T09:00:00,9.9,132.7,nodal,completed
T002819,R020,D0096,V2,S1,2026-07-08T08:15:00,2026-07-08T08:16:48,2026-07-08T09:00:00,2026-07-08T09:00:00,10.4,148.2,nodal,completed
T002820,R020,D0029,V2,S1,2026-07-08T08:15:00,2026-07-08T08:21:36,2026-07-08T09:00:00,2026-07-08T09:03:12.226139,10.3,151.5,nodal,completed
T002821,R020,D0112,V1,S1,2026-07-08T08:15:00,2026-07-08T08:16:30,2026-07-08T09:00:00,2026-07-08T09:00:00,10.8,147.7,nodal,completed
T002822,R020,D0111,V1,S1,2026-07-08T08:15:00,2026-07-08T08:17:06,2026-07-08T09:00:00,2026-07-08T09:00:00,10.5,140.7,nodal,completed
T002823,R020,D0029,V2,S1,2026-07-08T08:15:00,2026-07-08T08:25:36,2026-07-08T09:00:00,2026-07-08T09:07:21.555247,10.7,147.1,nodal,completed
T002824,R022,D0112,V1,S1,2026-07-08T08:15:00,2026-07-08T08:25:36,2026-07-08T09:00:00,2026-07-08T09:08:25.163589,18.0,349.0,cab,completed
T002825,R022,D0071,V5,S1,2026-07-08T08:15:00,2026-07-08T08:29:06,2026-07-08T09:00:00,2026-07-08T09:11:26.666195,17.1,328.5,cab,completed
T002826,R022,D0038,V5,S1,2026-07-08T08:15:00,2026-07-08T08:16:30,2026-07-08T09:00:00,2026-07-08T09:00:00,18.1,349.3,cab,completed
T002827,R022,D0098,V5,S1,2026-07-08T08:15:00,2026-07-08T08:28:24,2026-07-08T09:00:00,2026-07-08T09:09:28.885482,17.8,337.0,cab,completed
T002828,R022,D0058,V1,S1,2026-07-08T08:15:00,2026-07-08T08:30:24,2026-07-08T09:00:00,2026-07-08T09:12:56.574489,17.9,343.4,cab,completed
T002829,R022,D0065,V3,S1,2026-07-08T08:15:00,2026-07-08T08:16:06,2026-07-08T09:00:00,2026-07-08T09:00:33.344468,17.8,331.5,cab,completed
T002830,R022,D0032,V1,S1,2026-07-08T08:15:00,2026-07-08T08:19:24,2026-07-08T09:00:00,2026-07-08T09:02:01.862780,17.2,334.5,cab,completed
T002831,R022,D0005,V1,S1,2026-07-08T08:15:00,2026-07-08T08:19:42,2026-07-08T09:00:00,2026-07-08T09:03:43.600313,17.0,335.9,cab,completed
T002832,R022,D0035,V1,S1,2026-07-08T08:15:00,2026-07-08T08:28:24,2026-07-08T09:00:00,2026-07-08T09:09:50.934862,18.0,334.4,cab,completed
T002833,R022,D0039,V3,S1,2026-07-08T08:15:00,2026-07-08T08:15:30,2026-07-08T09:00:00,2026-07-08T09:00:00,16.9,327.2,cab,completed
T002834,R022,D0045,V1,S1,2026-07-08T08:15:00,2026-07-08T08:28:12,2026-07-08T09:00:00,2026-07-08T09:12:28.385156,17.9,350.0,cab,completed
T002835,R022,D0108,V5,S1,2026-07-08T08:15:00,2026-07-08T08:27:36,2026-07-08T09:00:00,2026-07-08T09:12:10.858900,16.8,319.0,cab,completed
T002836,R003,D0106,V2,S2,2026-07-08T10:15:00,2026-07-08T10:16:00,2026-07-08T11:00:00,2026-07-08T11:00:00,23.3,150.2,shuttle,completed
T002837,R003,D0070,V2,S2,2026-07-08T10:15:00,2026-07-08T10:16:06,2026-07-08T11:00:00,2026-07-08T11:00:00,22.9,148.7,shuttle,completed
T002838,R006,D0078,V2,S2,2026-07-08T10:15:00,2026-07-08T10:28:06,2026-07-08T11:00:00,2026-07-08T11:08:56.213703,18.3,121.0,shuttle,completed
T002839,R006,D0115,V4,S2,2026-07-08T10:15:00,2026-07-08T10:20:36,2026-07-08T11:00:00,2026-07-08T11:02:02.781352,18.2,125.0,shuttle,completed
T002840,R008,D0008,V1,S2,2026-07-08T10:15:00,2026-07-08T10:17:30,2026-07-08T11:00:00,2026-07-08T11:00:00,9.3,140.3,nodal,completed
T002841,R008,D0030,V2,S2,2026-07-08T10:15:00,2026-07-08T10:15:48,2026-07-08T11:00:00,2026-07-08T11:00:11.323203,9.4,125.1,nodal,completed
T002842,R008,D0043,V1,S2,2026-07-08T10:15:00,2026-07-08T10:20:18,2026-07-08T11:00:00,2026-07-08T11:02:05.091962,9.7,134.7,nodal,completed
T002843,R011,D0053,V1,S2,2026-07-08T10:15:00,2026-07-08T10:26:30,2026-07-08T11:00:00,2026-07-08T11:10:28.561061,8.1,122.5,nodal,completed
T002844,R011,D0117,V1,S2,2026-07-08T10:15:00,2026-07-08T10:17:36,2026-07-08T11:00:00,2026-07-08T11:01:37.555884,7.9,116.2,nodal,completed
T002845,R011,D0040,V1,S2,2026-07-08T10:15:00,2026-07-08T10:20:00,2026-07-08T11:00:00,2026-07-08T11:00:49.414936,8.4,121.9,nodal,completed
T002846,R011,D0017,V2,S2,2026-07-08T10:15:00,2026-07-08T10:18:12,2026-07-08T11:00:00,2026-07-08T11:00:00,8.4,126.8,nodal,completed
T002847,R013,D0076,V3,S2,2026-07-08T10:15:00,2026-07-08T10:15:54,2026-07-08T11:00:00,2026-07-08T11:00:00,10.5,236.9,cab,completed
T002848,R013,D0080,V1,S2,2026-07-08T10:15:00,2026-07-08T10:35:12,2026-07-08T11:00:00,2026-07-08T11:19:23.840033,10.5,238.4,cab,completed
T002849,R013,D0040,V1,S2,2026-07-08T10:15:00,2026-07-08T10:15:24,2026-07-08T11:00:00,2026-07-08T11:00:00,11.5,259.1,cab,completed
T002850,R013,D0045,V1,S2,2026-07-08T10:15:00,2026-07-08T10:15:12,2026-07-08T11:00:00,2026-07-08T11:00:01.581935,11.2,244.9,cab,completed
T002851,R013,D0089,V3,S2,2026-07-08T10:15:00,2026-07-08T10:21:12,2026-07-08T11:00:00,2026-07-08T11:05:35.290437,10.7,246.4,cab,completed
T002852,R013,D0023,V3,S2,2026-07-08T10:15:00,2026-07-08T10:18:42,2026-07-08T11:00:00,2026-07-08T11:03:10.423870,10.8,244.7,cab,completed
T002853,R013,D0088,V5,S2,2026-07-08T10:15:00,2026-07-08T10:15:48,2026-07-08T11:00:00,2026-07-08T11:00:26.932045,11.7,251.5,cab,completed
T002854,R013,D0004,V5,S2,2026-07-08T10:15:00,2026-07-08T10:29:48,2026-07-08T11:00:00,2026-07-08T11:14:04.132578,11.6,243.3,cab,completed
T002855,R018,D0118,V4,S2,2026-07-08T10:15:00,2026-07-08T10:27:06,2026-07-08T11:00:00,2026-07-08T11:07:51.971817,15.8,106.7,shuttle,completed
T002856,R018,D0070,V2,S2,2026-07-08T10:15:00,2026-07-08T10:21:12,2026-07-08T11:00:00,2026-07-08T11:05:07.574254,15.7,107.8,shuttle,completed
T002857,R020,D0112,V1,S2,2026-07-08T10:15:00,2026-07-08T10:20:18,2026-07-08T11:00:00,2026-07-08T11:05:06.794083,10.6,141.4,nodal,completed
T002858,R020,D0051,V2,S2,2026-07-08T10:15:00,2026-07-08T10:34:00,2026-07-08T11:00:00,2026-07-08T11:18:00.279111,9.7,135.3,nodal,completed
T002859,R020,D0020,V2,S2,2026-07-08T10:15:00,2026-07-08T10:15:54,2026-07-08T11:00:00,2026-07-08T11:00:00,10.3,141.6,nodal,completed
T002860,R020,D0086,V1,S2,2026-07-08T10:15:00,2026-07-08T10:16:30,2026-07-08T11:00:00,2026-07-08T11:00:00,10.7,141.6,nodal,completed
T002861,R022,D0027,V3,S2,2026-07-08T10:15:00,2026-07-08T10:15:18,2026-07-08T11:00:00,2026-07-08T11:00:00,17.8,329.8,cab,completed
T002862,R022,D0048,V5,S2,2026-07-08T10:15:00,2026-07-08T10:20:12,2026-07-08T11:00:00,2026-07-08T11:01:18.740170,16.5,312.3,cab,completed
T002863,R022,D0103,V5,S2,2026-07-08T10:15:00,2026-07-08T10:18:18,2026-07-08T11:00:00,2026-07-08T11:00:29.393203,16.6,313.3,cab,completed
T002864,R022,D0049,V3,S2,2026-07-08T10:15:00,2026-07-08T10:15:36,2026-07-08T11:00:00,2026-07-08T11:00:00.649620,18.0,349.6,cab,completed
T002865,R022,D0098,V5,S2,2026-07-08T10:15:00,2026-07-08T10:27:42,2026-07-08T11:00:00,2026-07-08T11:08:38.947740,17.1,338.6,cab,completed
T002866,R022,D0028,V3,S2,2026-07-08T10:15:00,2026-07-08T10:18:00,2026-07-08T11:00:00,2026-07-08T11:00:00,17.2,335.8,cab,completed
T002867,R022,D0022,V5,S2,2026-07-08T10:15:00,2026-07-08T10:35:42,2026-07-08T11:00:00,2026-07-08T11:18:00.032474,17.1,321.8,cab,completed
T002868,R022,D0071,V5,S2,2026-07-08T10:15:00,2026-07-08T10:22:48,2026-07-08T11:00:00,2026-07-08T11:06:43.300842,17.6,351.3,cab,completed
T002869,R003,D0029,V2,S3,2026-07-08T21:15:00,2026-07-08T21:19:48,2026-07-08T22:00:00,2026-07-08T22:01:15.417468,21.2,136.6,shuttle,completed
T002870,R003,D0034,V4,S3,2026-07-08T21:15:00,2026-07-08T21:21:12,2026-07-08T22:00:00,2026-07-08T22:04:24.565157,23.1,136.1,shuttle,completed
T002871,R006,D0011,V2,S3,2026-07-08T21:15:00,2026-07-08T21:16:12,2026-07-08T22:00:00,2026-07-08T22:00:00,19.4,130.2,shuttle,completed
T002872,R008,D0008,V1,S3,2026-07-08T21:15:00,2026-07-08T21:22:42,2026-07-08T22:00:00,2026-07-08T22:04:11.144424,8.9,140.0,nodal,completed
T002873,R008,D0003,V1,S3,2026-07-08T21:15:00,2026-07-08T21:21:00,2026-07-08T22:00:00,2026-07-08T22:02:24.786741,8.8,128.0,nodal,completed
T002874,R011,D0056,V1,S3,2026-07-08T21:15:00,2026-07-08T21:26:30,2026-07-08T22:00:00,2026-07-08T22:08:13.707595,7.7,125.1,nodal,completed
T002875,R011,D0029,V2,S3,2026-07-08T21:15:00,,2026-07-08T22:00:00,2026-07-08T22:00:51.504196,8.4,119.8,nodal,completed
T002876,R011,D0080,V1,S3,2026-07-08T21:15:00,2026-07-08T21:26:30,2026-07-08T22:00:00,2026-07-08T22:08:58.629761,7.8,112.4,nodal,completed
T002877,R013,D0101,V5,S3,2026-07-08T21:15:00,2026-07-08T21:22:18,2026-07-08T22:00:00,2026-07-08T22:06:09.332034,11.4,252.6,cab,completed
T002878,R013,D0022,V5,S3,2026-07-08T21:15:00,2026-07-08T21:20:00,2026-07-08T22:00:00,2026-07-08T22:01:52.760639,11.3,248.8,cab,completed
T002879,R013,D0062,V3,S3,2026-07-08T21:15:00,2026-07-08T21:15:30,2026-07-08T22:00:00,2026-07-08T22:00:00,11.8,251.3,cab,completed
T002880,R013,D0088,V5,S3,2026-07-08T21:15:00,,2026-07-08T22:00:00,,10.5,227.2,cab,no_show
T002881,R013,D0055,V3,S3,2026-07-08T21:15:00,2026-07-08T21:16:00,2026-07-08T22:00:00,2026-07-08T22:00:00,10.6,229.7,cab,completed
T002882,R018,D0091,V4,S3,2026-07-08T21:15:00,2026-07-08T21:39:42,2026-07-08T22:00:00,2026-07-08T22:23:01.137373,15.0,90.5,shuttle,completed
T002883,R018,D0115,V4,S3,2026-07-08T21:15:00,2026-07-08T21:16:12,2026-07-08T22:00:00,2026-07-08T22:00:00,15.3,100.4,shuttle,completed
T002884,R020,D0025,V2,S3,2026-07-08T21:15:00,2026-07-08T21:33:18,2026-07-08T22:00:00,2026-07-08T22:17:44.309609,9.7,146.9,nodal,completed
T002885,R020,D0045,V1,S3,2026-07-08T21:15:00,2026-07-08T21:19:24,2026-07-08T22:00:00,2026-07-08T22:01:45.481754,9.9,144.5,nodal,completed
T002886,R020,D0030,V2,S3,2026-07-08T21:15:00,2026-07-08T21:17:12,2026-07-08T22:00:00,2026-07-08T22:01:45.058092,9.7,146.6,nodal,completed
T002887,R022,D0009,V1,S3,2026-07-08T21:15:00,2026-07-08T21:18:24,2026-07-08T22:00:00,2026-07-08T22:02:33.750510,17.6,331.2,cab,completed
T002888,R022,D0013,V5,S3,2026-07-08T21:15:00,2026-07-08T21:24:12,2026-07-08T22:00:00,2026-07-08T22:05:00.387348,16.3,322.2,cab,completed
T002889,R022,D0018,V5,S3,2026-07-08T21:15:00,2026-07-08T21:16:24,2026-07-08T22:00:00,2026-07-08T22:00:00,18.2,346.5,cab,completed
T002890,R022,D0103,V5,S3,2026-07-08T21:15:00,2026-07-08T21:20:48,2026-07-08T22:00:00,2026-07-08T22:01:13.123429,16.3,332.3,cab,completed
T002891,R003,D0007,V4,S1,2026-07-09T08:15:00,,2026-07-09T09:00:00,,22.7,142.7,shuttle,no_show
T002892,R003,D0059,V4,S1,2026-07-09T08:15:00,2026-07-09T08:15:54,2026-07-09T09:00:00,2026-07-09T09:00:00,22.3,139.7,shuttle,completed
T002893,R003,D0119,V4,S1,2026-07-09T08:15:00,2026-07-09T08:16:54,2026-07-09T09:00:00,2026-07-09T09:00:00,23.1,131.9,shuttle,completed
T002894,R006,D0029,V2,S1,2026-07-09T08:15:00,2026-07-09T08:19:36,2026-07-09T09:00:00,2026-07-09T09:00:37.938689,18.1,107.0,shuttle,completed
T002895,R006,D0041,V4,S1,2026-07-09T08:15:00,2026-07-09T08:19:36,2026-07-09T09:00:00,2026-07-09T09:04:07.403125,18.1,108.7,shuttle,completed
T002896,R006,D0026,V4,S1,2026-07-09T08:15:00,2026-07-09T08:33:24,2026-07-09T09:00:00,2026-07-09T09:16:01.414427,19.4,126.7,shuttle,completed
T002897,R008,D0024,V1,S1,2026-07-09T08:15:00,2026-07-09T08:17:12,2026-07-09T09:00:00,2026-07-09T09:00:46.962179,9.6,141.8,nodal,completed
T002898,R008,D0045,V1,S1,2026-07-09T08:15:00,2026-07-09T08:15:18,2026-07-09T09:00:00,2026-07-09T09:00:00,9.5,142.3,nodal,completed
T002899,R008,D0087,V2,S1,2026-07-09T08:15:00,2026-07-09T08:17:06,2026-07-09T09:00:00,2026-07-09T09:00:00,8.7,134.1,nodal,completed
T002900,R008,D0009,V1,S1,2026-07-09T08:15:00,2026-07-09T08:24:06,2026-07-09T09:00:00,2026-07-09T09:06:01.801573,9.5,142.4,nodal,completed
T002901,R008,D0070,V2,S1,2026-07-09T08:15:00,2026-07-09T08:22:00,2026-07-09T09:00:00,2026-07-09T09:03:08.389218,9.4,130.2,nodal,completed
T002902,R008,D0096,V2,S1,2026-07-09T08:15:00,2026-07-09T08:16:18,2026-07-09T09:00:00,2026-07-09T09:00:00,9.6,134.9,nodal,completed
T002903,R011,D0063,V2,S1,2026-07-09T08:15:00,2026-07-09T08:19:30,2026-07-09T09:00:00,2026-07-09T09:01:05.431806,8.5,135.1,nodal,completed
T002904,R011,D0063,V2,S1,2026-07-09T08:15:00,2026-07-09T08:28:12,2026-07-09T09:00:00,2026-07-09T09:11:12.906441,7.6,118.7,nodal,completed
T002905,R011,D0081,V2,S1,2026-07-09T08:15:00,2026-07-09T08:19:12,2026-07-09T09:00:00,2026-07-09T09:02:16.804270,7.7,121.3,nodal,completed
T002906,R011,D0025,V2,S1,2026-07-09T08:15:00,2026-07-09T08:16:48,2026-07-09T09:00:00,2026-07-09T09:00:00,8.1,137.4,nodal,completed
T002907,R011,D0110,V1,S1,2026-07-09T08:15:00,2026-07-09T08:19:12,2026-07-09T09:00:00,2026-07-09T09:00:00,8.5,123.3,nodal,completed
T002908,R011,D0073,V2,S1,2026-07-09T08:15:00,2026-07-09T08:26:42,2026-07-09T09:00:00,2026-07-09T09:09:29.686656,7.7,109.8,nodal,completed
T002909,R013,D0018,V5,S1,2026-07-09T08:15:00,2026-07-09T08:21:30,2026-07-09T09:00:00,2026-07-09T09:03:18.419476,11.0,243.2,cab,completed
T002910,R013,D0088,V5,S1,2026-07-09T08:15:00,2026-07-09T08:25:18,2026-07-09T09:00:00,2026-07-09T09:06:57.398319,10.5,234.6,cab,completed
T002911,R013,D0024,V1,S1,2026-07-09T08:15:00,2026-07-09T08:16:48,2026-07-09T09:00:00,2026-07-09T09:00:53.050218,11.8,262.2,cab,completed
T002912,R013,D0010,V1,S1,2026-07-09T08:15:00,2026-07-09T08:15:24,2026-07-09T09:00:00,2026-07-09T09:00:00,11.1,245.3,cab,completed
T002913,R013,D0103,V5,S1,2026-07-09T08:15:00,2026-07-09T08:33:42,2026-07-09T09:00:00,2026-07-09T09:15:03.438122,11.5,241.8,cab,completed
T002914,R013,D0112,V1,S1,2026-07-09T08:15:00,2026-07-09T08:24:00,2026-07-09T09:00:00,2026-07-09T09:04:01.514615,11.6,243.6,cab,completed
T002915,R013,D0022,V5,S1,2026-07-09T08:15:00,2026-07-09T08:18:42,2026-07-09T09:00:00,2026-07-09T09:00:22.766913,10.7,241.3,cab,completed
T002916,R013,D0088,V5,S1,2026-07-09T08:15:00,2026-07-09T08:15:42,2026-07-09T09:00:00,2026-07-09T09:00:00,10.8,231.3,cab,completed
T002917,R013,D0103,V5,S1,2026-07-09T08:15:00,2026-07-09T08:19:30,2026-07-09T09:00:00,2026-07-09T09:01:47.008058,11.2,240.9,cab,completed
T002918,R013,D0079,V3,S1,2026-07-09T08:15:00,2026-07-09T08:18:48,2026-07-09T09:00:00,2026-07-09T09:01:06.563802,11.4,253.5,cab,completed
T002919,R013,D0042,V5,S1,2026-07-09T08:15:00,2026-07-09T08:21:54,2026-07-09T09:00:00,2026-07-09T09:03:28.961896,11.4,242.7,cab,completed
T002920,R018,D0022,V5,S1,2026-07-09T08:15:00,2026-07-09T08:24:36,2026-07-09T09:00:00,2026-07-09T09:08:15.405653,14.3,94.4,shuttle,completed
T002921,R018,D0084,V4,S1,2026-07-09T08:15:00,2026-07-09T08:27:42,2026-07-09T09:00:00,2026-07-09T09:09:00.047072,14.5,89.0,shuttle,completed
T002922,R018,D0088,V5,S1,2026-07-09T08:15:00,2026-07-09T08:24:06,2026-07-09T09:00:00,2026-07-09T09:08:32.169225,15.8,97.5,shuttle,completed
T002923,R020,D0005,V1,S1,2026-07-09T08:15:00,2026-07-09T08:24:18,2026-07-09T09:00:00,2026-07-09T09:04:36.765527,9.8,158.9,nodal,completed
T002924,R020,D0106,V2,S1,2026-07-09T08:15:00,2026-07-09T08:21:12,2026-07-09T09:00:00,2026-07-09T09:02:46.478722,10.3,151.2,nodal,completed
T002925,R020,D0020,V2,S1,2026-07-09T08:15:00,2026-07-09T08:30:12,2026-07-09T09:00:00,2026-07-09T09:11:24.027128,10.2,143.2,nodal,completed
T002926,R020,D0024,V1,S1,2026-07-09T08:15:00,2026-07-09T08:15:06,2026-07-09T09:00:00,2026-07-09T09:00:00,10.8,156.0,nodal,completed
T002927,R020,D0111,V1,S1,2026-07-09T08:15:00,2026-07-09T08:18:00,2026-07-09T09:00:00,2026-07-09T09:02:27.270662,10.0,132.5,nodal,completed
T002928,R020,D0057,V2,S1,2026-07-09T08:15:00,2026-07-09T08:35:54,2026-07-09T09:00:00,2026-07-09T09:17:48.964788,9.6,128.2,nodal,completed
T002929,R022,D0098,V5,S1,2026-07-09T08:15:00,2026-07-09T08:21:42,2026-07-09T09:00:00,2026-07-09T09:02:01.220374,16.6,313.7,cab,completed
T002930,R022,D0050,V5,S1,2026-07-09T08:15:00,2026-07-09T08:25:36,2026-07-09T09:00:00,2026-07-09T09:09:05.631101,16.4,322.3,cab,completed
T002931,R022,D0033,V1,S1,2026-07-09T08:15:00,2026-07-09T08:17:48,2026-07-09T09:00:00,2026-07-09T09:01:02.706160,17.6,329.3,cab,completed
T002932,R022,D0010,V1,S1,2026-07-09T08:15:00,2026-07-09T08:23:12,2026-07-09T09:00:00,2026-07-09T09:08:01.666913,16.3,318.8,cab,completed
T002933,R022,D0031,V3,S1,2026-07-09T08:15:00,2026-07-09T08:24:12,2026-07-09T09:00:00,2026-07-09T09:04:15.389925,17.4,326.1,cab,completed
T002934,R022,D0095,V3,S1,2026-07-09T08:15:00,2026-07-09T08:15:18,2026-07-09T09:00:00,2026-07-09T09:00:00,16.8,341.4,cab,completed
T002935,R022,D0116,V5,S1,2026-07-09T08:15:00,2026-07-09T08:16:06,2026-07-09T09:00:00,2026-07-09T09:01:05.542492,17.2,333.2,cab,completed
T002936,R022,D0027,V3,S1,2026-07-09T08:15:00,2026-07-09T08:16:18,2026-07-09T09:00:00,2026-07-09T09:00:00,18.2,338.7,cab,completed
T002937,R022,D0095,V3,S1,2026-07-09T08:15:00,2026-07-09T08:15:36,2026-07-09T09:00:00,2026-07-09T09:00:00,16.5,321.0,cab,completed
T002938,R022,D0052,V1,S1,2026-07-09T08:15:00,2026-07-09T08:23:30,2026-07-09T09:00:00,2026-07-09T09:04:39.652973,17.2,322.2,cab,completed
T002939,R022,D0069,V5,S1,2026-07-09T08:15:00,2026-07-09T08:18:24,2026-07-09T09:00:00,2026-07-09T09:00:49.496016,17.2,331.7,cab,completed
T002940,R022,D0079,V3,S1,2026-07-09T08:15:00,2026-07-09T08:18:00,2026-07-09T09:00:00,2026-07-09T09:00:00,16.9,323.7,cab,completed
T002941,R003,D0087,V2,S2,2026-07-09T10:15:00,2026-07-09T10:19:54,2026-07-09T11:00:00,2026-07-09T11:04:05.852300,23.6,138.0,shuttle,completed
T002942,R003,D0001,V2,S2,2026-07-09T10:15:00,2026-07-09T10:26:36,2026-07-09T11:00:00,2026-07-09T11:09:15.238707,21.8,138.4,shuttle,completed
T002943,R006,D0078,V2,S2,2026-07-09T10:15:00,2026-07-09T10:16:48,2026-07-09T11:00:00,2026-07-09T11:00:00,19.7,132.6,shuttle,completed
T002944,R006,D0041,V4,S2,2026-07-09T10:15:00,2026-07-09T10:23:06,2026-07-09T11:00:00,2026-07-09T11:06:41.540117,18.2,112.4,shuttle,completed
T002945,R008,D0017,V2,S2,2026-07-09T10:15:00,2026-07-09T10:24:00,2026-07-09T11:00:00,2026-07-09T11:06:21.300884,9.1,135.5,nodal,completed
T002946,R008,D0080,V1,S2,2026-07-09T10:15:00,,2026-07-09T11:00:00,2026-07-09T11:00:00,8.7,133.6,nodal,completed
T002947,R008,D0086,V1,S2,2026-07-09T10:15:00,2026-07-09T10:24:18,2026-07-09T11:00:00,2026-07-09T11:06:56.594220,9.2,141.1,nodal,completed
T002948,R011,D0111,V1,S2,2026-07-09T10:15:00,2026-07-09T10:33:48,2026-07-09T11:00:00,2026-07-09T11:16:59.115252,8.0,128.8,nodal,completed
T002949,R011,D0005,V1,S2,2026-07-09T10:15:00,2026-07-09T10:17:54,2026-07-09T11:00:00,2026-07-09T11:00:00,8.6,124.7,nodal,completed
T002950,R011,D0024,V1,S2,2026-07-09T10:15:00,2026-07-09T10:23:00,2026-07-09T11:00:00,2026-07-09T11:07:32.100003,8.1,114.7,nodal,completed
T002951,R011,D0072,V2,S2,2026-07-09T10:15:00,2026-07-09T10:22:36,2026-07-09T11:00:00,2026-07-09T11:03:36.496426,8.2,126.3,nodal,completed
T002952,R013,D0056,V1,S2,2026-07-09T10:15:00,2026-07-09T10:16:36,2026-07-09T11:00:00,2026-07-09T11:00:00,11.7,254.0,cab,completed
T002953,R013,D0088,V5,S2,2026-07-09T10:15:00,2026-07-09T10:18:48,2026-07-09T11:00:00,2026-07-09T11:01:20.247359,10.9,236.8,cab,completed
T002954,R013,D0071,V5,S2,2026-07-09T10:15:00,2026-07-09T10:19:18,2026-07-09T11:00:00,2026-07-09T11:01:55.691822,10.5,239.5,cab,completed
T002955,R013,D0060,V3,S2,2026-07-09T10:15:00,2026-07-09T10:16:12,2026-07-09T11:00:00,2026-07-09T11:01:03.521730,10.5,230.8,cab,completed
T002956,R013,D0103,V5,S2,2026-07-09T10:15:00,2026-07-09T10:16:24,2026-07-09T11:00:00,2026-07-09T11:00:00,11.0,238.8,cab,completed
T002957,R013,D0045,V1,S2,2026-07-09T10:15:00,2026-07-09T10:16:12,2026-07-09T11:00:00,2026-07-09T11:00:06.239959,10.9,233.5,cab,completed
T002958,R013,D0015,V1,S2,2026-07-09T10:15:00,2026-07-09T10:21:12,2026-07-09T11:00:00,2026-07-09T11:03:06.250602,11.3,244.3,cab,completed
T002959,R013,D0069,V5,S2,2026-07-09T10:15:00,2026-07-09T10:18:36,2026-07-09T11:00:00,2026-07-09T11:01:47.157448,11.8,246.8,cab,completed
T002960,R018,D0109,V4,S2,2026-07-09T10:15:00,2026-07-09T10:28:06,2026-07-09T11:00:00,2026-07-09T11:11:15.163574,14.4,102.8,shuttle,completed
T002961,R018,D0120,V5,S2,2026-07-09T10:15:00,2026-07-09T10:15:06,2026-07-09T11:00:00,2026-07-09T11:00:00,15.7,117.3,shuttle,completed
T002962,R020,D0005,V1,S2,2026-07-09T10:15:00,2026-07-09T10:22:06,2026-07-09T11:00:00,2026-07-09T11:06:51.411484,10.3,149.4,nodal,completed
T002963,R020,D0033,V1,S2,2026-07-09T10:15:00,2026-07-09T10:39:06,2026-07-09T11:00:00,2026-07-09T11:19:07.859656,10.4,141.5,nodal,completed
T002964,R020,D0002,V2,S2,2026-07-09T10:15:00,2026-07-09T10:24:36,2026-07-09T11:00:00,2026-07-09T11:06:09.453834,9.5,129.6,nodal,completed
T002965,R020,D0043,V1,S2,2026-07-09T10:15:00,2026-07-09T10:25:00,2026-07-09T11:00:00,2026-07-09T11:08:45.644550,10.8,144.4,nodal,completed
T002966,R022,D0018,V5,S2,2026-07-09T10:15:00,2026-07-09T10:21:42,2026-07-09T11:00:00,2026-07-09T11:04:39.129419,18.3,356.0,cab,completed
T002967,R022,D0027,V3,S2,2026-07-09T10:15:00,2026-07-09T10:17:42,2026-07-09T11:00:00,2026-07-09T11:00:00,16.5,314.0,cab,completed
T002968,R022,D0098,V5,S2,2026-07-09T10:15:00,2026-07-09T10:17:30,2026-07-09T11:00:00,2026-07-09T11:00:00,18.2,349.7,cab,completed
T002969,R022,D0058,V1,S2,2026-07-09T10:15:00,2026-07-09T10:16:18,2026-07-09T11:00:00,2026-07-09T11:00:00,17.6,344.2,cab,completed
T002970,R022,D0110,V1,S2,2026-07-09T10:15:00,2026-07-09T10:15:06,2026-07-09T11:00:00,2026-07-09T11:00:00,16.3,324.0,cab,completed
T002971,R022,D0082,V1,S2,2026-07-09T10:15:00,2026-07-09T10:40:06,2026-07-09T11:00:00,2026-07-09T11:20:13.140265,16.5,315.0,cab,completed
T002972,R022,D0065,V3,S2,2026-07-09T10:15:00,2026-07-09T10:20:00,2026-07-09T11:00:00,2026-07-09T11:01:13.675424,17.7,335.8,cab,completed
T002973,R022,D0095,V3,S2,2026-07-09T10:15:00,2026-07-09T10:16:42,2026-07-09T11:00:00,2026-07-09T11:00:00,16.9,323.3,cab,completed
T002974,R003,D0048,V5,S3,2026-07-09T21:15:00,2026-07-09T21:18:42,2026-07-09T22:00:00,2026-07-09T22:01:33.775986,21.8,128.7,shuttle,completed
T002975,R003,D0081,V2,S3,2026-07-09T21:15:00,2026-07-09T21:19:54,2026-07-09T22:00:00,2026-07-09T22:03:52.679428,23.4,139.7,shuttle,completed
T002976,R006,D0041,V4,S3,2026-07-09T21:15:00,2026-07-09T21:50:24,2026-07-09T22:00:00,2026-07-09T22:31:25.280681,19.3,127.2,shuttle,completed
T002977,R008,D0112,V1,S3,2026-07-09T21:15:00,2026-07-09T21:22:18,2026-07-09T22:00:00,2026-07-09T22:04:27.927283,9.4,142.7,nodal,completed
T002978,R008,D0058,V1,S3,2026-07-09T21:15:00,2026-07-09T21:20:42,2026-07-09T22:00:00,2026-07-09T22:01:03.638823,8.8,122.1,nodal,completed
T002979,R011,D0017,V2,S3,2026-07-09T21:15:00,2026-07-09T21:17:24,2026-07-09T22:00:00,2026-07-09T22:00:00,7.7,115.0,nodal,completed
T002980,R011,D0029,V2,S3,2026-07-09T21:15:00,2026-07-09T21:20:12,2026-07-09T22:00:00,2026-07-09T22:02:03.398926,8.5,116.9,nodal,completed
T002981,R011,D0035,V1,S3,2026-07-09T21:15:00,2026-07-09T21:21:48,2026-07-09T22:00:00,2026-07-09T22:04:46.313652,7.7,112.1,nodal,completed
T002982,R013,D0082,V1,S3,2026-07-09T21:15:00,2026-07-09T21:25:00,2026-07-09T22:00:00,2026-07-09T22:08:51.149104,10.6,236.7,cab,completed
T002983,R013,D0046,V5,S3,2026-07-09T21:15:00,2026-07-09T21:15:06,2026-07-09T22:00:00,2026-07-09T22:00:00,10.9,249.4,cab,completed
T002984,R013,D0085,V3,S3,2026-07-09T21:15:00,2026-07-09T21:19:12,2026-07-09T22:00:00,2026-07-09T22:02:34.621223,11.9,259.1,cab,completed
T002985,R013,D0043,V1,S3,2026-07-09T21:15:00,2026-07-09T21:21:06,2026-07-09T22:00:00,2026-07-09T22:03:19.512467,11.4,249.2,cab,completed
T002986,R013,D0060,V3,S3,2026-07-09T21:15:00,2026-07-09T21:21:42,2026-07-09T22:00:00,2026-07-09T22:06:20.292654,11.4,258.1,cab,completed
T002987,R018,D0018,V5,S3,2026-07-09T21:15:00,2026-07-09T21:16:54,2026-07-09T22:00:00,2026-07-09T22:00:00,14.4,94.9,shuttle,completed
T002988,R018,D0090,V2,S3,2026-07-09T21:15:00,2026-07-09T21:25:36,2026-07-09T22:00:00,2026-07-09T22:06:44.483406,15.4,99.7,shuttle,completed
T002989,R020,D0107,V2,S3,2026-07-09T21:15:00,2026-07-09T21:15:00,2026-07-09T22:00:00,2026-07-09T22:00:00,10.2,143.4,nodal,completed
T002990,R020,D0035,V1,S3,2026-07-09T21:15:00,2026-07-09T21:19:00,2026-07-09T22:00:00,2026-07-09T22:01:31.486463,10.6,140.3,nodal,completed
T002991,R020,D0070,V2,S3,2026-07-09T21:15:00,2026-07-09T21:17:12,2026-07-09T22:00:00,2026-07-09T22:00:00,9.6,145.1,nodal,completed
T002992,R022,D0083,V3,S3,2026-07-09T21:15:00,2026-07-09T21:15:18,2026-07-09T22:00:00,2026-07-09T22:00:00,18.2,337.3,cab,completed
T002993,R022,D0016,V5,S3,2026-07-09T21:15:00,2026-07-09T21:15:24,2026-07-09T22:00:00,2026-07-09T22:00:00,16.2,326.5,cab,completed
T002994,R022,D0055,V3,S3,2026-07-09T21:15:00,2026-07-09T21:16:24,2026-07-09T22:00:00,2026-07-09T22:00:00,18.4,345.1,cab,completed
T002995,R022,D0031,V3,S3,2026-07-09T21:15:00,2026-07-09T21:15:30,2026-07-09T22:00:00,2026-07-09T22:00:00,17.0,324.7,cab,completed
T002996,R003,D0088,V5,S1,2026-07-10T08:15:00,2026-07-10T08:23:06,2026-07-10T09:00:00,2026-07-10T09:06:27.919264,23.7,135.2,shuttle,completed
T002997,R003,D0030,V2,S1,2026-07-10T08:15:00,,2026-07-10T09:00:00,,22.8,149.3,shuttle,no_show
T002998,R003,D0096,V2,S1,2026-07-10T08:15:00,2026-07-10T08:30:06,2026-07-10T09:00:00,2026-07-10T09:12:11.869890,23.4,150.9,shuttle,completed
T002999,R006,D0012,V2,S1,2026-07-10T08:15:00,2026-07-10T08:16:54,2026-07-10T09:00:00,2026-07-10T09:00:00,20.4,127.7,shuttle,completed
T003000,R006,D0044,V4,S1,2026-07-10T08:15:00,2026-07-10T08:15:30,2026-07-10T09:00:00,2026-07-10T09:00:00,19.5,127.5,shuttle,completed
T003001,R006,D0038,V5,S1,2026-07-10T08:15:00,2026-07-10T08:17:36,2026-07-10T09:00:00,2026-07-10T09:00:00,18.2,116.4,shuttle,completed
T003002,R008,D0080,V1,S1,2026-07-10T08:15:00,2026-07-10T08:17:06,2026-07-10T09:00:00,2026-07-10T09:01:18.147688,9.6,130.6,nodal,completed
T003003,R008,D0051,V2,S1,2026-07-10T08:15:00,2026-07-10T08:15:36,2026-07-10T09:00:00,2026-07-10T09:00:00,8.6,117.8,nodal,completed
T003004,R008,D0056,V1,S1,2026-07-10T08:15:00,2026-07-10T08:15:30,2026-07-10T09:00:00,2026-07-10T09:00:00,8.6,123.1,nodal,completed
T003005,R008,D0030,V2,S1,2026-07-10T08:15:00,2026-07-10T08:19:54,2026-07-10T09:00:00,2026-07-10T09:00:17.624823,8.7,134.4,nodal,completed
T003006,R008,D0012,V2,S1,2026-07-10T08:15:00,2026-07-10T08:16:00,2026-07-10T09:00:00,2026-07-10T09:00:41.897472,9.1,124.4,nodal,completed
T003007,R011,D0090,V2,S1,2026-07-10T08:15:00,,2026-07-10T09:00:00,2026-07-10T09:00:00,8.6,127.3,nodal,completed
T003008,R011,D0001,V2,S1,2026-07-10T08:15:00,2026-07-10T08:15:42,2026-07-10T09:00:00,2026-07-10T09:00:00,8.5,121.5,nodal,completed
T003009,R011,D0094,V2,S1,2026-07-10T08:15:00,2026-07-10T08:17:06,2026-07-10T09:00:00,2026-07-10T09:00:26.913238,7.8,111.8,nodal,completed
T003010,R011,D0005,V1,S1,2026-07-10T08:15:00,2026-07-10T08:17:12,2026-07-10T09:00:00,2026-07-10T09:00:00,7.6,109.4,nodal,completed
T003011,R011,D0081,V2,S1,2026-07-10T08:15:00,2026-07-10T08:23:18,2026-07-10T09:00:00,2026-07-10T09:08:13.923763,8.0,127.6,nodal,completed
T003012,R011,D0015,V1,S1,2026-07-10T08:15:00,2026-07-10T08:31:00,2026-07-10T09:00:00,2026-07-10T09:13:29.057587,8.3,130.5,nodal,completed
T003013,R013,D0085,V3,S1,2026-07-10T08:15:00,,2026-07-10T09:00:00,,11.6,272.7,cab,no_show
T003014,R013,D0060,V3,S1,2026-07-10T08:15:00,2026-07-10T08:21:54,2026-07-10T09:00:00,2026-07-10T09:05:14.370447,10.9,235.5,cab,completed
T003015,R013,D0052,V1,S1,2026-07-10T08:15:00,2026-07-10T08:28:06,2026-07-10T09:00:00,2026-07-10T09:10:02.475755,10.9,234.6,cab,completed
T003016,R013,D0083,V3,S1,2026-07-10T08:15:00,2026-07-10T08:18:48,2026-07-10T09:00:00,2026-07-10T09:01:35.802769,10.8,249.6,cab,completed
T003017,R013,D0047,V3,S1,2026-07-10T08:15:00,2026-07-10T08:18:48,2026-07-10T09:00:00,2026-07-10T09:00:00,11.2,268.4,cab,completed
T003018,R013,D0043,V1,S1,2026-07-10T08:15:00,2026-07-10T08:18:24,2026-07-10T09:00:00,2026-07-10T09:00:10.201514,11.6,247.0,cab,completed
T003019,R013,D0058,V1,S1,2026-07-10T08:15:00,2026-07-10T08:20:18,2026-07-10T09:00:00,2026-07-10T09:04:11.205224,10.7,230.2,cab,completed
T003020,R013,D0071,V5,S1,2026-07-10T08:15:00,,2026-07-10T09:00:00,2026-07-10T09:17:40.502911,11.4,252.8,cab,completed
T003021,R013,D0060,V3,S1,2026-07-10T08:15:00,2026-07-10T08:17:42,2026-07-10T09:00:00,2026-07-10T09:00:00,11.4,239.9,cab,completed
T003022,R013,D0103,V5,S1,2026-07-10T08:15:00,2026-07-10T08:24:12,2026-07-10T09:00:00,2026-07-10T09:06:56.570531,11.7,246.4,cab,completed
T003023,R013,D0003,V1,S1,2026-07-10T08:15:00,2026-07-10T08:24:06,2026-07-10T09:00:00,2026-07-10T09:04:25.042021,11.1,239.9,cab,completed
T003024,R018,D0013,V5,S1,2026-07-10T08:15:00,2026-07-10T08:17:48,2026-07-10T09:00:00,2026-07-10T09:02:43.433988,15.5,106.9,shuttle,completed
T003025,R018,D0030,V2,S1,2026-07-10T08:15:00,2026-07-10T08:15:18,2026-07-10T09:00:00,2026-07-10T09:00:00,15.0,92.5,shuttle,completed
T003026,R018,D0004,V5,S1,2026-07-10T08:15:00,2026-07-10T08:25:48,2026-07-10T09:00:00,2026-07-10T09:10:32.115388,14.7,97.2,shuttle,completed
T003027,R020,D0035,V1,S1,2026-07-10T08:15:00,2026-07-10T08:18:06,2026-07-10T09:00:00,2026-07-10T09:00:19.620395,10.7,150.5,nodal,completed
T003028,R020,D0045,V1,S1,2026-07-10T08:15:00,2026-07-10T08:22:24,2026-07-10T09:00:00,2026-07-10T09:02:55.561785,9.6,154.2,nodal,completed
T003029,R020,D0094,V2,S1,2026-07-10T08:15:00,2026-07-10T08:20:30,2026-07-10T09:00:00,2026-07-10T09:02:52.801533,10.7,153.5,nodal,completed
T003030,R020,D0113,V2,S1,2026-07-10T08:15:00,2026-07-10T08:17:54,2026-07-10T09:00:00,2026-07-10T09:00:00,10.7,154.6,nodal,completed
T003031,R020,D0058,V1,S1,2026-07-10T08:15:00,,2026-07-10T09:00:00,,10.5,146.7,nodal,no_show
T003032,R020,D0024,V1,S1,2026-07-10T08:15:00,2026-07-10T08:17:18,2026-07-10T09:00:00,2026-07-10T09:01:58.309313,9.8,146.3,nodal,completed
T003033,R022,D0049,V3,S1,2026-07-10T08:15:00,2026-07-10T08:18:06,2026-07-10T09:00:00,2026-07-10T09:03:00.232534,17.1,320.3,cab,completed
T003034,R022,D0065,V3,S1,2026-07-10T08:15:00,2026-07-10T08:15:42,2026-07-10T09:00:00,2026-07-10T09:00:00,17.6,338.7,cab,completed
T003035,R022,D0046,V5,S1,2026-07-10T08:15:00,2026-07-10T08:17:42,2026-07-10T09:00:00,2026-07-10T09:00:00,17.3,325.4,cab,completed
T003036,R022,D0111,V1,S1,2026-07-10T08:15:00,2026-07-10T08:15:42,2026-07-10T09:00:00,2026-07-10T09:00:00,17.5,337.4,cab,completed
T003037,R022,D0013,V5,S1,2026-07-10T08:15:00,2026-07-10T08:21:00,2026-07-10T09:00:00,2026-07-10T09:02:41.084350,16.3,313.4,cab,completed
T003038,R022,D0009,V1,S1,2026-07-10T08:15:00,2026-07-10T08:21:42,2026-07-10T09:00:00,2026-07-10T09:06:05.927473,16.4,327.6,cab,completed
T003039,R022,D0098,V5,S1,2026-07-10T08:15:00,2026-07-10T08:24:54,2026-07-10T09:00:00,2026-07-10T09:08:54.321260,17.2,339.9,cab,completed
T003040,R022,D0071,V5,S1,2026-07-10T08:15:00,,2026-07-10T09:00:00,,16.9,325.5,cab,no_show
T003041,R022,D0015,V1,S1,2026-07-10T08:15:00,2026-07-10T08:16:30,2026-07-10T09:00:00,2026-07-10T09:01:16.931745,17.5,339.4,cab,completed
T003042,R022,D0032,V1,S1,2026-07-10T08:15:00,2026-07-10T08:26:54,2026-07-10T09:00:00,2026-07-10T09:08:34.668856,16.8,334.3,cab,completed
T003043,R022,D0116,V5,S1,2026-07-10T08:15:00,2026-07-10T08:21:24,2026-07-10T09:00:00,2026-07-10T09:06:12.823195,18.3,346.3,cab,completed
T003044,R022,D0068,V1,S1,2026-07-10T08:15:00,2026-07-10T08:15:18,2026-07-10T09:00:00,2026-07-10T09:00:00,17.2,337.6,cab,completed
T003045,R003,D0104,V4,S2,2026-07-10T10:15:00,2026-07-10T10:20:36,2026-07-10T11:00:00,2026-07-10T11:03:23.011997,23.5,140.0,shuttle,completed
T003046,R003,D0042,V5,S2,2026-07-10T10:15:00,2026-07-10T10:27:06,2026-07-10T11:00:00,2026-07-10T11:09:59.473034,23.1,140.5,shuttle,completed
T003047,R006,D0007,V4,S2,2026-07-10T10:15:00,2026-07-10T10:15:18,2026-07-10T11:00:00,2026-07-10T11:00:00,19.1,120.4,shuttle,completed
T003048,R006,D0050,V5,S2,2026-07-10T10:15:00,2026-07-10T10:23:54,2026-07-10T11:00:00,2026-07-10T11:07:16.963327,20.4,119.6,shuttle,completed
T003049,R008,D0080,V1,S2,2026-07-10T10:15:00,2026-07-10T10:25:30,2026-07-10T11:00:00,2026-07-10T11:06:22.181527,9.3,125.2,nodal,completed
T003050,R008,D0117,V1,S2,2026-07-10T10:15:00,2026-07-10T10:20:48,2026-07-10T11:00:00,2026-07-10T11:05:45.569586,8.9,127.6,nodal,completed
T003051,R008,D0063,V2,S2,2026-07-10T10:15:00,2026-07-10T10:22:54,2026-07-10T11:00:00,2026-07-10T11:07:29.971036,9.1,137.0,nodal,completed
T003052,R011,D0057,V2,S2,2026-07-10T10:15:00,2026-07-10T10:19:36,2026-07-10T11:00:00,2026-07-10T11:02:23.221608,8.2,125.9,nodal,completed
T003053,R011,D0087,V2,S2,2026-07-10T10:15:00,2026-07-10T10:17:00,2026-07-10T11:00:00,2026-07-10T11:01:38.824829,8.0,123.0,nodal,completed
T003054,R011,D0040,V1,S2,2026-07-10T10:15:00,2026-07-10T10:15:06,2026-07-10T11:00:00,2026-07-10T11:00:00,7.6,127.5,nodal,completed
T003055,R011,D0040,V1,S2,2026-07-10T10:15:00,2026-07-10T10:15:30,2026-07-10T11:00:00,2026-07-10T11:00:28.330398,7.7,116.5,nodal,completed
T003056,R013,D0018,V5,S2,2026-07-10T10:15:00,2026-07-10T10:19:48,2026-07-10T11:00:00,2026-07-10T11:01:13.109528,11.2,254.2,cab,completed
T003057,R013,D0079,V3,S2,2026-07-10T10:15:00,2026-07-10T10:19:06,2026-07-10T11:00:00,2026-07-10T11:00:57.273930,10.7,230.8,cab,completed
T003058,R013,D0082,V1,S2,2026-07-10T10:15:00,2026-07-10T10:19:48,2026-07-10T11:00:00,2026-07-10T11:02:13.571183,11.4,246.6,cab,completed
T003059,R013,D0065,V3,S2,2026-07-10T10:15:00,2026-07-10T10:17:48,2026-07-10T11:00:00,2026-07-10T11:00:00,11.0,248.3,cab,completed
T003060,R013,D0053,V1,S2,2026-07-10T10:15:00,2026-07-10T10:18:42,2026-07-10T11:00:00,2026-07-10T11:00:00,11.3,240.7,cab,completed
T003061,R013,D0085,V3,S2,2026-07-10T10:15:00,2026-07-10T10:23:12,2026-07-10T11:00:00,2026-07-10T11:03:14.374146,10.6,239.9,cab,completed
T003062,R013,D0068,V1,S2,2026-07-10T10:15:00,2026-07-10T10:17:36,2026-07-10T11:00:00,2026-07-10T11:01:29.590137,11.2,241.4,cab,completed
T003063,R018,D0075,V4,S2,2026-07-10T10:15:00,2026-07-10T10:15:48,2026-07-10T11:00:00,2026-07-10T11:00:00,15.6,110.1,shuttle,completed
T003064,R018,D0081,V2,S2,2026-07-10T10:15:00,2026-07-10T10:25:42,2026-07-10T11:00:00,2026-07-10T11:05:44.282602,15.0,101.9,shuttle,completed
T003065,R020,D0045,V1,S2,2026-07-10T10:15:00,2026-07-10T10:21:18,2026-07-10T11:00:00,2026-07-10T11:01:57.458913,10.4,135.7,nodal,completed
T003066,R020,D0082,V1,S2,2026-07-10T10:15:00,2026-07-10T10:16:12,2026-07-10T11:00:00,2026-07-10T11:00:00,10.5,150.9,nodal,completed
T003067,R020,D0080,V1,S2,2026-07-10T10:15:00,2026-07-10T10:17:18,2026-07-10T11:00:00,2026-07-10T11:01:49.932649,10.2,145.1,nodal,completed
T003068,R020,D0110,V1,S2,2026-07-10T10:15:00,2026-07-10T10:20:12,2026-07-10T11:00:00,2026-07-10T11:04:29.723209,10.6,136.0,nodal,completed
T003069,R022,D0006,V5,S2,2026-07-10T10:15:00,2026-07-10T10:28:24,2026-07-10T11:00:00,2026-07-10T11:10:37.348864,17.8,341.2,cab,completed
T003070,R022,D0095,V3,S2,2026-07-10T10:15:00,2026-07-10T10:16:18,2026-07-10T11:00:00,2026-07-10T11:00:00,16.3,315.9,cab,completed
T003071,R022,D0100,V3,S2,2026-07-10T10:15:00,2026-07-10T10:17:12,2026-07-10T11:00:00,2026-07-10T11:02:02.231237,18.1,350.3,cab,completed
T003072,R022,D0052,V1,S2,2026-07-10T10:15:00,2026-07-10T10:20:00,2026-07-10T11:00:00,2026-07-10T11:04:16.771499,16.5,312.8,cab,completed
T003073,R022,D0105,V3,S2,2026-07-10T10:15:00,2026-07-10T10:22:06,2026-07-10T11:00:00,2026-07-10T11:02:20.739160,17.0,327.3,cab,completed
T003074,R022,D0112,V1,S2,2026-07-10T10:15:00,2026-07-10T10:25:24,2026-07-10T11:00:00,2026-07-10T11:06:05.701896,16.5,323.7,cab,completed
T003075,R022,D0049,V3,S2,2026-07-10T10:15:00,2026-07-10T10:18:54,2026-07-10T11:00:00,2026-07-10T11:00:34.127501,16.8,334.4,cab,completed
T003076,R022,D0009,V1,S2,2026-07-10T10:15:00,2026-07-10T10:24:06,2026-07-10T11:00:00,2026-07-10T11:06:18.008275,16.5,327.1,cab,completed
T003077,R003,D0022,V5,S3,2026-07-10T21:15:00,2026-07-10T21:16:06,2026-07-10T22:00:00,2026-07-10T22:01:03.741716,21.4,140.5,shuttle,completed
T003078,R003,D0038,V5,S3,2026-07-10T21:15:00,2026-07-10T21:15:12,2026-07-10T22:00:00,2026-07-10T22:00:00,21.1,136.2,shuttle,completed
T003079,R006,D0004,V5,S3,2026-07-10T21:15:00,2026-07-10T21:20:30,2026-07-10T22:00:00,2026-07-10T22:02:08.364246,18.7,110.8,shuttle,completed
T003080,R008,D0086,V1,S3,2026-07-10T21:15:00,2026-07-10T21:19:12,2026-07-10T22:00:00,2026-07-10T22:00:00,8.8,132.9,nodal,completed
T003081,R008,D0001,V2,S3,2026-07-10T21:15:00,2026-07-10T21:19:30,2026-07-10T22:00:00,2026-07-10T22:01:19.043540,8.7,132.5,nodal,completed
T003082,R011,D0025,V2,S3,2026-07-10T21:15:00,2026-07-10T21:15:06,2026-07-10T22:00:00,2026-07-10T22:00:00,7.8,127.4,nodal,completed
T003083,R011,D0056,V1,S3,2026-07-10T21:15:00,2026-07-10T21:15:06,2026-07-10T22:00:00,2026-07-10T22:00:00,8.3,127.2,nodal,completed
T003084,R011,D0087,V2,S3,2026-07-10T21:15:00,2026-07-10T21:23:06,2026-07-10T22:00:00,2026-07-10T22:07:14.890810,8.2,130.9,nodal,completed
T003085,R013,D0035,V1,S3,2026-07-10T21:15:00,2026-07-10T21:23:42,2026-07-10T22:00:00,2026-07-10T22:06:54.778854,10.8,247.5,cab,completed
T003086,R013,D0065,V3,S3,2026-07-10T21:15:00,2026-07-10T21:15:36,2026-07-10T22:00:00,2026-07-10T22:00:00,11.9,258.8,cab,completed
T003087,R013,D0060,V3,S3,2026-07-10T21:15:00,2026-07-10T21:19:12,2026-07-10T22:00:00,2026-07-10T22:00:00,11.2,252.5,cab,completed
T003088,R013,D0043,V1,S3,2026-07-10T21:15:00,2026-07-10T21:15:12,2026-07-10T22:00:00,2026-07-10T22:00:00,11.7,259.0,cab,completed
T003089,R013,D0120,V5,S3,2026-07-10T21:15:00,2026-07-10T21:18:24,2026-07-10T22:00:00,2026-07-10T22:02:44.254082,11.2,253.1,cab,completed
T003090,R013,D0014,V5,S3,2026-07-10T21:15:00,2026-07-10T21:17:00,2026-07-10T22:00:00,2026-07-10T22:00:54.495202,11.7,248.7,cab,completed
T003091,R018,D0020,V2,S3,2026-07-10T21:15:00,2026-07-10T21:18:24,2026-07-10T22:00:00,2026-07-10T22:02:24.600659,15.4,107.7,shuttle,completed
T003092,R018,D0004,V5,S3,2026-07-10T21:15:00,2026-07-10T21:18:54,2026-07-10T22:00:00,2026-07-10T22:00:00,14.9,100.4,shuttle,completed
T003093,R020,D0035,V1,S3,2026-07-10T21:15:00,2026-07-10T21:17:24,2026-07-10T22:00:00,2026-07-10T22:00:00,10.6,137.0,nodal,completed
T003094,R020,D0086,V1,S3,2026-07-10T21:15:00,2026-07-10T21:16:12,2026-07-10T22:00:00,2026-07-10T22:00:33.528163,9.8,136.4,nodal,completed
T003095,R022,D0085,V3,S3,2026-07-10T21:15:00,2026-07-10T21:17:00,2026-07-10T22:00:00,2026-07-10T22:00:00,16.2,316.9,cab,completed
T003096,R022,D0050,V5,S3,2026-07-10T21:15:00,2026-07-10T21:30:54,2026-07-10T22:00:00,2026-07-10T22:12:09.102149,18.0,337.1,cab,completed
T003097,R022,D0039,V3,S3,2026-07-10T21:15:00,2026-07-10T21:18:54,2026-07-10T22:00:00,2026-07-10T22:00:00,16.2,307.3,cab,completed
T003098,R022,D0010,V1,S3,2026-07-10T21:15:00,2026-07-10T21:19:18,2026-07-10T22:00:00,2026-07-10T22:02:21.615454,17.9,337.4,cab,completed
T003099,R003,D0050,V5,S1,2026-07-13T08:15:00,2026-07-13T08:22:42,2026-07-13T09:00:00,2026-07-13T09:07:10.200463,21.1,134.1,shuttle,completed
T003100,R003,D0091,V4,S1,2026-07-13T08:15:00,2026-07-13T08:31:00,2026-07-13T09:00:00,2026-07-13T09:13:01.453050,20.9,125.9,shuttle,completed
T003101,R003,D0046,V5,S1,2026-07-13T08:15:00,2026-07-13T08:15:30,2026-07-13T09:00:00,2026-07-13T09:00:00,23.2,134.8,shuttle,completed
T003102,R006,D0048,V5,S1,2026-07-13T08:15:00,2026-07-13T08:24:30,2026-07-13T09:00:00,2026-07-13T09:04:30.039002,18.4,113.0,shuttle,completed
T003103,R006,D0098,V5,S1,2026-07-13T08:15:00,2026-07-13T08:19:42,2026-07-13T09:00:00,2026-07-13T09:02:21.712030,18.5,115.2,shuttle,completed
T003104,R006,D0054,V2,S1,2026-07-13T08:15:00,,2026-07-13T09:00:00,,20.0,116.4,shuttle,no_show
T003105,R008,D0090,V2,S1,2026-07-13T08:15:00,2026-07-13T08:18:06,2026-07-13T09:00:00,2026-07-13T09:00:00,8.9,136.3,nodal,completed
T003106,R008,D0010,V1,S1,2026-07-13T08:15:00,2026-07-13T08:20:00,2026-07-13T09:00:00,2026-07-13T09:02:01.865372,9.0,125.8,nodal,completed
T003107,R008,D0087,V2,S1,2026-07-13T08:15:00,2026-07-13T08:23:12,2026-07-13T09:00:00,2026-07-13T09:06:44.583304,8.7,121.8,nodal,completed
T003108,R008,D0112,V1,S1,2026-07-13T08:15:00,2026-07-13T08:21:36,2026-07-13T09:00:00,2026-07-13T09:05:16.759981,9.4,132.3,nodal,completed
T003109,R008,D0045,V1,S1,2026-07-13T08:15:00,2026-07-13T08:24:42,2026-07-13T09:00:00,2026-07-13T09:07:28.996388,9.5,142.7,nodal,completed
T003110,R008,D0113,V2,S1,2026-07-13T08:15:00,,2026-07-13T09:00:00,2026-07-13T09:00:00,9.5,131.7,nodal,completed
T003111,R011,D0113,V2,S1,2026-07-13T08:15:00,,2026-07-13T09:00:00,2026-07-13T09:07:55.839754,7.7,111.2,nodal,completed
T003112,R011,D0029,V2,S1,2026-07-13T08:15:00,2026-07-13T08:21:06,2026-07-13T09:00:00,2026-07-13T09:03:53.411831,8.5,124.9,nodal,completed
T003113,R011,D0052,V1,S1,2026-07-13T08:15:00,2026-07-13T08:37:18,2026-07-13T09:00:00,2026-07-13T09:21:16.172609,8.5,135.2,nodal,completed
T003114,R011,D0051,V2,S1,2026-07-13T08:15:00,2026-07-13T08:19:24,2026-07-13T09:00:00,2026-07-13T09:00:00,8.0,131.3,nodal,completed
T003115,R011,D0003,V1,S1,2026-07-13T08:15:00,2026-07-13T08:16:48,2026-07-13T09:00:00,2026-07-13T09:00:18.067183,8.0,127.5,nodal,completed
T003116,R011,D0053,V1,S1,2026-07-13T08:15:00,2026-07-13T08:25:24,2026-07-13T09:00:00,2026-07-13T09:10:03.116329,8.2,127.9,nodal,completed
T003117,R013,D0031,V3,S1,2026-07-13T08:15:00,2026-07-13T08:17:54,2026-07-13T09:00:00,2026-07-13T09:00:00,11.7,259.6,cab,completed
T003118,R013,D0031,V3,S1,2026-07-13T08:15:00,2026-07-13T08:24:18,2026-07-13T09:00:00,2026-07-13T09:05:13.734810,11.4,242.4,cab,completed
T003119,R013,D0056,V1,S1,2026-07-13T08:15:00,2026-07-13T08:15:12,2026-07-13T09:00:00,2026-07-13T09:00:00,11.0,234.8,cab,completed
T003120,R013,D0111,V1,S1,2026-07-13T08:15:00,2026-07-13T08:16:06,2026-07-13T09:00:00,2026-07-13T09:00:56.497288,11.9,250.9,cab,completed
T003121,R013,D0112,V1,S1,2026-07-13T08:15:00,,2026-07-13T09:00:00,,10.5,243.9,cab,no_show
T003122,R013,D0022,V5,S1,2026-07-13T08:15:00,2026-07-13T08:19:24,2026-07-13T09:00:00,2026-07-13T09:00:00,10.5,241.5,cab,completed
T003123,R013,D0047,V3,S1,2026-07-13T08:15:00,2026-07-13T08:19:30,2026-07-13T09:00:00,2026-07-13T09:01:31.018114,10.5,228.8,cab,completed
T003124,R013,D0068,V1,S1,2026-07-13T08:15:00,2026-07-13T08:15:12,2026-07-13T09:00:00,2026-07-13T09:00:00,10.6,231.9,cab,completed
T003125,R013,D0076,V3,S1,2026-07-13T08:15:00,2026-07-13T08:15:18,2026-07-13T09:00:00,2026-07-13T09:00:00,10.7,237.1,cab,completed
T003126,R013,D0100,V3,S1,2026-07-13T08:15:00,2026-07-13T08:15:18,2026-07-13T09:00:00,2026-07-13T09:00:00,10.7,238.0,cab,completed
T003127,R013,D0009,V1,S1,2026-07-13T08:15:00,2026-07-13T08:19:06,2026-07-13T09:00:00,2026-07-13T09:00:00,11.0,234.7,cab,completed
T003128,R018,D0016,V5,S1,2026-07-13T08:15:00,2026-07-13T08:18:18,2026-07-13T09:00:00,2026-07-13T09:01:10.224692,15.1,102.8,shuttle,completed
T003129,R018,D0007,V4,S1,2026-07-13T08:15:00,2026-07-13T08:34:30,2026-07-13T09:00:00,2026-07-13T09:18:04.677749,16.2,98.7,shuttle,completed
T003130,R018,D0092,V4,S1,2026-07-13T08:15:00,2026-07-13T08:17:30,2026-07-13T09:00:00,2026-07-13T09:00:00,14.9,96.6,shuttle,completed
T003131,R020,D0117,V1,S1,2026-07-13T08:15:00,2026-07-13T08:16:06,2026-07-13T09:00:00,2026-07-13T09:00:00,10.2,150.3,nodal,completed
T003132,R020,D0066,V2,S1,2026-07-13T08:15:00,2026-07-13T08:17:30,2026-07-13T09:00:00,2026-07-13T09:00:00,9.7,135.8,nodal,completed
T003133,R020,D0086,V1,S1,2026-07-13T08:15:00,2026-07-13T08:24:18,2026-07-13T09:00:00,2026-07-13T09:05:54.180617,10.6,153.8,nodal,completed
T003134,R020,D0112,V1,S1,2026-07-13T08:15:00,2026-07-13T08:19:12,2026-07-13T09:00:00,2026-07-13T09:00:49.039642,10.3,139.1,nodal,completed
T003135,R020,D0025,V2,S1,2026-07-13T08:15:00,2026-07-13T08:16:12,2026-07-13T09:00:00,2026-07-13T09:01:00.690972,10.1,135.8,nodal,completed
T003136,R020,D0054,V2,S1,2026-07-13T08:15:00,2026-07-13T08:17:24,2026-07-13T09:00:00,2026-07-13T09:00:40.037291,10.0,138.9,nodal,completed
T003137,R020,D0110,V1,S1,2026-07-13T08:15:00,2026-07-13T08:17:00,2026-07-13T09:00:00,2026-07-13T09:00:00,9.9,134.3,nodal,completed
T003138,R022,D0037,V3,S1,2026-07-13T08:15:00,2026-07-13T08:19:24,2026-07-13T09:00:00,2026-07-13T09:00:21.051914,17.2,325.7,cab,completed
T003139,R022,D0047,V3,S1,2026-07-13T08:15:00,2026-07-13T08:16:48,2026-07-13T09:00:00,2026-07-13T09:00:46.910195,16.8,316.3,cab,completed
T003140,R022,D0046,V5,S1,2026-07-13T08:15:00,2026-07-13T08:22:12,2026-07-13T09:00:00,2026-07-13T09:03:10.050344,16.6,323.3,cab,completed
T003141,R022,D0056,V1,S1,2026-07-13T08:15:00,2026-07-13T08:17:30,2026-07-13T09:00:00,2026-07-13T09:00:00,18.1,344.5,cab,completed
T003142,R022,D0099,V5,S1,2026-07-13T08:15:00,2026-07-13T08:37:24,2026-07-13T09:00:00,2026-07-13T09:20:27.901836,17.4,337.2,cab,completed
T003143,R022,D0049,V3,S1,2026-07-13T08:15:00,2026-07-13T08:17:48,2026-07-13T09:00:00,2026-07-13T09:00:00,16.7,328.3,cab,completed
T003144,R022,D0050,V5,S1,2026-07-13T08:15:00,2026-07-13T08:28:12,2026-07-13T09:00:00,2026-07-13T09:09:39.148266,17.0,324.9,cab,completed
T003145,R022,D0027,V3,S1,2026-07-13T08:15:00,2026-07-13T08:16:06,2026-07-13T09:00:00,2026-07-13T09:00:06.446738,17.9,340.1,cab,completed
T003146,R022,D0018,V5,S1,2026-07-13T08:15:00,2026-07-13T08:20:12,2026-07-13T09:00:00,2026-07-13T09:04:30.057022,17.5,334.9,cab,completed
T003147,R022,D0022,V5,S1,2026-07-13T08:15:00,2026-07-13T08:45:06,2026-07-13T09:00:00,2026-07-13T09:29:07.541549,18.2,344.9,cab,completed
T003148,R022,D0049,V3,S1,2026-07-13T08:15:00,2026-07-13T08:15:42,2026-07-13T09:00:00,2026-07-13T09:00:00,17.8,338.6,cab,completed
T003149,R003,D0042,V5,S2,2026-07-13T10:15:00,2026-07-13T10:17:18,2026-07-13T11:00:00,2026-07-13T11:02:17.827756,21.9,129.2,shuttle,completed
T003150,R003,D0061,V4,S2,2026-07-13T10:15:00,2026-07-13T10:20:48,2026-07-13T11:00:00,2026-07-13T11:01:08.396312,22.9,147.2,shuttle,completed
T003151,R006,D0114,V2,S2,2026-07-13T10:15:00,2026-07-13T10:22:00,2026-07-13T11:00:00,2026-07-13T11:04:11.451443,18.1,113.6,shuttle,completed
T003152,R006,D0018,V5,S2,2026-07-13T10:15:00,2026-07-13T10:17:18,2026-07-13T11:00:00,2026-07-13T11:00:03.091610,18.5,107.8,shuttle,completed
T003153,R008,D0080,V1,S2,2026-07-13T10:15:00,2026-07-13T10:17:36,2026-07-13T11:00:00,2026-07-13T11:00:10.651799,8.6,135.8,nodal,completed
T003154,R008,D0024,V1,S2,2026-07-13T10:15:00,2026-07-13T10:17:54,2026-07-13T11:00:00,2026-07-13T11:00:00,8.8,147.2,nodal,completed
T003155,R008,D0078,V2,S2,2026-07-13T10:15:00,2026-07-13T10:16:18,2026-07-13T11:00:00,2026-07-13T11:00:00,9.1,123.4,nodal,completed
T003156,R011,D0086,V1,S2,2026-07-13T10:15:00,,2026-07-13T11:00:00,,7.7,120.4,nodal,no_show
T003157,R011,D0073,V2,S2,2026-07-13T10:15:00,2026-07-13T10:15:12,2026-07-13T11:00:00,2026-07-13T11:00:00,8.4,127.4,nodal,completed
T003158,R011,D0114,V2,S2,2026-07-13T10:15:00,2026-07-13T10:22:06,2026-07-13T11:00:00,2026-07-13T11:02:13.917730,7.8,122.0,nodal,completed
T003159,R011,D0087,V2,S2,2026-07-13T10:15:00,2026-07-13T10:15:00,2026-07-13T11:00:00,2026-07-13T11:00:00,8.1,120.3,nodal,completed
T003160,R013,D0004,V5,S2,2026-07-13T10:15:00,2026-07-13T10:16:36,2026-07-13T11:00:00,2026-07-13T11:00:00,10.8,232.5,cab,completed
T003161,R013,D0056,V1,S2,2026-07-13T10:15:00,,2026-07-13T11:00:00,,11.2,253.2,cab,no_show
T003162,R013,D0006,V5,S2,2026-07-13T10:15:00,2026-07-13T10:35:00,2026-07-13T11:00:00,2026-07-13T11:17:07.480382,11.0,247.0,cab,completed
T003163,R013,D0046,V5,S2,2026-07-13T10:15:00,2026-07-13T10:15:06,2026-07-13T11:00:00,2026-07-13T11:00:00,11.9,255.8,cab,completed
T003164,R013,D0005,V1,S2,2026-07-13T10:15:00,2026-07-13T10:23:24,2026-07-13T11:00:00,2026-07-13T11:04:10.698665,10.8,241.1,cab,completed
T003165,R013,D0079,V3,S2,2026-07-13T10:15:00,2026-07-13T10:15:06,2026-07-13T11:00:00,2026-07-13T11:00:00,11.0,249.0,cab,completed
T003166,R013,D0048,V5,S2,2026-07-13T10:15:00,2026-07-13T10:16:18,2026-07-13T11:00:00,2026-07-13T11:00:46.885852,11.0,250.2,cab,completed
T003167,R018,D0057,V2,S2,2026-07-13T10:15:00,2026-07-13T10:16:18,2026-07-13T11:00:00,2026-07-13T11:00:00,14.5,92.1,shuttle,completed
T003168,R018,D0007,V4,S2,2026-07-13T10:15:00,2026-07-13T10:25:18,2026-07-13T11:00:00,2026-07-13T11:09:35.062987,16.1,99.3,shuttle,completed
T003169,R020,D0043,V1,S2,2026-07-13T10:15:00,2026-07-13T10:17:54,2026-07-13T11:00:00,2026-07-13T11:00:00,10.0,138.3,nodal,completed
T003170,R020,D0009,V1,S2,2026-07-13T10:15:00,2026-07-13T10:15:36,2026-07-13T11:00:00,2026-07-13T11:00:26.117338,10.5,137.5,nodal,completed
T003171,R020,D0011,V2,S2,2026-07-13T10:15:00,2026-07-13T10:27:18,2026-07-13T11:00:00,2026-07-13T11:10:22.435523,10.7,156.2,nodal,completed
T003172,R020,D0012,V2,S2,2026-07-13T10:15:00,2026-07-13T10:21:42,2026-07-13T11:00:00,2026-07-13T11:02:54.264733,10.0,133.7,nodal,completed
T003173,R022,D0009,V1,S2,2026-07-13T10:15:00,2026-07-13T10:27:12,2026-07-13T11:00:00,2026-07-13T11:08:49.309048,16.4,336.2,cab,completed
T003174,R022,D0065,V3,S2,2026-07-13T10:15:00,2026-07-13T10:18:54,2026-07-13T11:00:00,2026-07-13T11:00:00,16.6,324.2,cab,completed
T003175,R022,D0003,V1,S2,2026-07-13T10:15:00,2026-07-13T10:18:30,2026-07-13T11:00:00,2026-07-13T11:00:29.311595,16.9,325.1,cab,completed
T003176,R022,D0031,V3,S2,2026-07-13T10:15:00,2026-07-13T10:18:18,2026-07-13T11:00:00,2026-07-13T11:03:03.104089,16.2,316.4,cab,completed
T003177,R022,D0024,V1,S2,2026-07-13T10:15:00,2026-07-13T10:15:24,2026-07-13T11:00:00,2026-07-13T11:00:00,16.3,317.3,cab,completed
T003178,R022,D0040,V1,S2,2026-07-13T10:15:00,2026-07-13T10:20:30,2026-07-13T11:00:00,2026-07-13T11:03:37.455779,18.3,350.0,cab,completed
T003179,R022,D0080,V1,S2,2026-07-13T10:15:00,2026-07-13T10:41:00,2026-07-13T11:00:00,2026-07-13T11:23:20.395852,18.3,336.5,cab,completed
T003180,R022,D0120,V5,S2,2026-07-13T10:15:00,2026-07-13T10:16:42,2026-07-13T11:00:00,2026-07-13T11:01:26.456149,17.1,326.9,cab,completed
T003181,R003,D0113,V2,S3,2026-07-13T21:15:00,2026-07-13T21:18:54,2026-07-13T22:00:00,2026-07-13T22:02:07.496076,22.0,146.1,shuttle,completed
T003182,R003,D0013,V5,S3,2026-07-13T21:15:00,2026-07-13T21:28:00,2026-07-13T22:00:00,2026-07-13T22:08:23.234568,22.3,140.6,shuttle,completed
T003183,R006,D0094,V2,S3,2026-07-13T21:15:00,2026-07-13T21:21:48,2026-07-13T22:00:00,2026-07-13T22:03:53.359901,18.2,116.5,shuttle,completed
T003184,R008,D0030,V2,S3,2026-07-13T21:15:00,2026-07-13T21:17:24,2026-07-13T22:00:00,2026-07-13T22:00:00,9.1,140.1,nodal,completed
T003185,R008,D0056,V1,S3,2026-07-13T21:15:00,2026-07-13T21:21:24,2026-07-13T22:00:00,2026-07-13T22:02:59.115302,8.8,131.7,nodal,completed
T003186,R011,D0003,V1,S3,2026-07-13T21:15:00,2026-07-13T21:24:48,2026-07-13T22:00:00,2026-07-13T22:05:29.418468,8.2,133.3,nodal,completed
T003187,R011,D0003,V1,S3,2026-07-13T21:15:00,2026-07-13T21:16:30,2026-07-13T22:00:00,2026-07-13T22:00:11.415785,8.3,133.2,nodal,completed
T003188,R011,D0106,V2,S3,2026-07-13T21:15:00,2026-07-13T21:22:42,2026-07-13T22:00:00,2026-07-13T22:04:41.937150,7.9,123.7,nodal,completed
T003189,R013,D0088,V5,S3,2026-07-13T21:15:00,2026-07-13T21:15:18,2026-07-13T22:00:00,2026-07-13T22:00:00,11.7,252.8,cab,completed
T003190,R013,D0101,V5,S3,2026-07-13T21:15:00,2026-07-13T21:17:30,2026-07-13T22:00:00,2026-07-13T22:00:56.685190,10.6,236.1,cab,completed
T003191,R013,D0055,V3,S3,2026-07-13T21:15:00,,2026-07-13T22:00:00,,11.9,255.7,cab,no_show
T003192,R013,D0023,V3,S3,2026-07-13T21:15:00,2026-07-13T21:18:12,2026-07-13T22:00:00,2026-07-13T22:00:00,11.6,252.4,cab,completed
T003193,R013,D0110,V1,S3,2026-07-13T21:15:00,2026-07-13T21:16:48,2026-07-13T22:00:00,2026-07-13T22:00:00,11.4,240.7,cab,completed
T003194,R013,D0100,V3,S3,2026-07-13T21:15:00,2026-07-13T21:30:18,2026-07-13T22:00:00,2026-07-13T22:12:01.172184,11.6,258.3,cab,completed
T003195,R018,D0012,V2,S3,2026-07-13T21:15:00,2026-07-13T21:27:36,2026-07-13T22:00:00,2026-07-13T22:08:00.093390,15.5,103.9,shuttle,completed
T003196,R018,D0029,V2,S3,2026-07-13T21:15:00,2026-07-13T21:15:36,2026-07-13T22:00:00,2026-07-13T22:00:00,16.0,103.9,shuttle,completed
T003197,R020,D0072,V2,S3,2026-07-13T21:15:00,2026-07-13T21:16:42,2026-07-13T22:00:00,2026-07-13T22:00:00,9.7,128.2,nodal,completed
T003198,R020,D0040,V1,S3,2026-07-13T21:15:00,2026-07-13T21:15:18,2026-07-13T22:00:00,2026-07-13T22:00:03.254988,10.0,142.1,nodal,completed
T003199,R022,D0098,V5,S3,2026-07-13T21:15:00,2026-07-13T21:16:30,2026-07-13T22:00:00,2026-07-13T22:00:00,17.9,336.4,cab,completed
T003200,R022,D0062,V3,S3,2026-07-13T21:15:00,2026-07-13T21:16:24,2026-07-13T22:00:00,2026-07-13T22:00:00,17.8,344.1,cab,completed
T003201,R022,D0014,V5,S3,2026-07-13T21:15:00,2026-07-13T21:26:06,2026-07-13T22:00:00,2026-07-13T22:09:32.069818,16.7,324.2,cab,completed
T003202,R022,D0040,V1,S3,2026-07-13T21:15:00,2026-07-13T21:17:54,2026-07-13T22:00:00,2026-07-13T22:00:00,17.9,336.0,cab,completed
T003203,R003,D0001,V2,S1,2026-07-14T08:15:00,2026-07-14T08:25:18,2026-07-14T09:00:00,2026-07-14T09:10:16.149578,23.1,145.2,shuttle,completed
T003204,R003,D0021,V4,S1,2026-07-14T08:15:00,2026-07-14T08:23:18,2026-07-14T09:00:00,2026-07-14T09:04:05.500058,22.1,134.8,shuttle,completed
T003205,R003,D0007,V4,S1,2026-07-14T08:15:00,2026-07-14T08:18:00,2026-07-14T09:00:00,2026-07-14T09:00:00,22.6,132.4,shuttle,completed
T003206,R006,D0113,V2,S1,2026-07-14T08:15:00,2026-07-14T08:22:12,2026-07-14T09:00:00,2026-07-14T09:05:34.225224,20.1,128.8,shuttle,completed
T003207,R006,D0072,V2,S1,2026-07-14T08:15:00,,2026-07-14T09:00:00,,18.6,113.9,shuttle,no_show
T003208,R006,D0007,V4,S1,2026-07-14T08:15:00,2026-07-14T08:19:24,2026-07-14T09:00:00,2026-07-14T09:02:45.731906,18.8,128.2,shuttle,completed
T003209,R008,D0051,V2,S1,2026-07-14T08:15:00,2026-07-14T08:15:48,2026-07-14T09:00:00,2026-07-14T09:00:00,9.5,140.7,nodal,completed
T003210,R008,D0056,V1,S1,2026-07-14T08:15:00,2026-07-14T08:16:24,2026-07-14T09:00:00,2026-07-14T09:00:00,9.5,140.0,nodal,completed
T003211,R008,D0024,V1,S1,2026-07-14T08:15:00,2026-07-14T08:33:12,2026-07-14T09:00:00,2026-07-14T09:16:03.597196,9.0,134.4,nodal,completed
T003212,R008,D0025,V2,S1,2026-07-14T08:15:00,2026-07-14T08:15:48,2026-07-14T09:00:00,2026-07-14T09:00:00,8.7,121.8,nodal,completed
T003213,R008,D0033,V1,S1,2026-07-14T08:15:00,2026-07-14T08:22:18,2026-07-14T09:00:00,2026-07-14T09:05:20.081089,9.3,134.2,nodal,completed
T003214,R008,D0053,V1,S1,2026-07-14T08:15:00,2026-07-14T08:21:24,2026-07-14T09:00:00,2026-07-14T09:02:45.096614,9.6,128.2,nodal,completed
T003215,R011,D0110,V1,S1,2026-07-14T08:15:00,2026-07-14T08:23:48,2026-07-14T09:00:00,2026-07-14T09:07:36.329018,7.9,120.5,nodal,completed
T003216,R011,D0097,V2,S1,2026-07-14T08:15:00,2026-07-14T08:16:06,2026-07-14T09:00:00,2026-07-14T09:00:25.562334,8.6,120.7,nodal,completed
T003217,R011,D0017,V2,S1,2026-07-14T08:15:00,2026-07-14T08:18:42,2026-07-14T09:00:00,2026-07-14T09:00:00,7.7,137.5,nodal,completed
T003218,R011,D0003,V1,S1,2026-07-14T08:15:00,2026-07-14T08:23:12,2026-07-14T09:00:00,2026-07-14T09:06:48.999096,8.1,117.0,nodal,completed
T003219,R011,D0011,V2,S1,2026-07-14T08:15:00,2026-07-14T08:20:00,2026-07-14T09:00:00,2026-07-14T09:02:06.998567,8.2,133.7,nodal,completed
T003220,R011,D0035,V1,S1,2026-07-14T08:15:00,2026-07-14T08:21:12,2026-07-14T09:00:00,2026-07-14T09:03:14.749668,8.5,126.7,nodal,completed
T003221,R013,D0010,V1,S1,2026-07-14T08:15:00,,2026-07-14T09:00:00,,11.2,251.6,cab,no_show
T003222,R013,D0071,V5,S1,2026-07-14T08:15:00,2026-07-14T08:24:48,2026-07-14T09:00:00,2026-07-14T09:08:19.388539,10.6,238.3,cab,completed
T003223,R013,D0016,V5,S1,2026-07-14T08:15:00,2026-07-14T08:23:30,2026-07-14T09:00:00,2026-07-14T09:08:25.106886,11.4,246.6,cab,completed
T003224,R013,D0095,V3,S1,2026-07-14T08:15:00,2026-07-14T08:23:00,2026-07-14T09:00:00,2026-07-14T09:03:01.916009,11.3,240.6,cab,completed
T003225,R013,D0023,V3,S1,2026-07-14T08:15:00,2026-07-14T08:44:36,2026-07-14T09:00:00,2026-07-14T09:29:11.620001,11.5,249.5,cab,completed
T003226,R013,D0033,V1,S1,2026-07-14T08:15:00,2026-07-14T08:16:30,2026-07-14T09:00:00,2026-07-14T09:00:00,10.8,249.0,cab,completed
T003227,R013,D0103,V5,S1,2026-07-14T08:15:00,2026-07-14T08:17:06,2026-07-14T09:00:00,2026-07-14T09:00:00,11.8,257.8,cab,completed
T003228,R013,D0064,V3,S1,2026-07-14T08:15:00,2026-07-14T08:23:42,2026-07-14T09:00:00,2026-07-14T09:07:17.685400,10.7,245.6,cab,completed
T003229,R013,D0015,V1,S1,2026-07-14T08:15:00,2026-07-14T08:15:36,2026-07-14T09:00:00,,11.5,257.0,cab,cancelled
T003230,R013,D0046,V5,S1,2026-07-14T08:15:00,2026-07-14T08:19:24,2026-07-14T09:00:00,2026-07-14T09:02:41.745879,11.4,252.1,cab,completed
T003231,R013,D0062,V3,S1,2026-07-14T08:15:00,2026-07-14T08:18:54,2026-07-14T09:00:00,2026-07-14T09:03:43.416670,11.6,259.6,cab,completed
T003232,R018,D0048,V5,S1,2026-07-14T08:15:00,2026-07-14T08:15:48,2026-07-14T09:00:00,2026-07-14T09:00:00,15.8,101.9,shuttle,completed
T003233,R018,D0101,V5,S1,2026-07-14T08:15:00,2026-07-14T08:21:06,2026-07-14T09:00:00,2026-07-14T09:03:35.909126,16.0,113.4,shuttle,completed
T003234,R018,D0007,V4,S1,2026-07-14T08:15:00,2026-07-14T08:21:24,2026-07-14T09:00:00,2026-07-14T09:02:22.012599,14.6,97.2,shuttle,completed
T003235,R020,D0032,V1,S1,2026-07-14T08:15:00,2026-07-14T08:28:42,2026-07-14T09:00:00,2026-07-14T09:13:14.514582,10.5,137.0,nodal,completed
T003236,R020,D0005,V1,S1,2026-07-14T08:15:00,2026-07-14T08:15:12,2026-07-14T09:00:00,2026-07-14T09:00:00,10.1,140.1,nodal,completed
T003237,R020,D0033,V1,S1,2026-07-14T08:15:00,2026-07-14T08:28:48,2026-07-14T09:00:00,2026-07-14T09:08:55.783565,9.7,144.2,nodal,completed
T003238,R020,D0053,V1,S1,2026-07-14T08:15:00,2026-07-14T08:53:36,2026-07-14T09:00:00,2026-07-14T09:36:41.932373,9.6,142.3,nodal,completed
T003239,R020,D0043,V1,S1,2026-07-14T08:15:00,2026-07-14T08:24:42,2026-07-14T09:00:00,2026-07-14T09:06:27.037218,10.0,132.6,nodal,completed
T003240,R020,D0002,V2,S1,2026-07-14T08:15:00,2026-07-14T08:24:12,2026-07-14T09:00:00,2026-07-14T09:04:59.258519,9.7,127.6,nodal,completed
T003241,R022,D0116,V5,S1,2026-07-14T08:15:00,2026-07-14T08:15:54,2026-07-14T09:00:00,2026-07-14T09:00:00,18.3,352.7,cab,completed
T003242,R022,D0052,V1,S1,2026-07-14T08:15:00,2026-07-14T08:17:30,2026-07-14T09:00:00,2026-07-14T09:00:00,18.1,335.4,cab,completed
T003243,R022,D0089,V3,S1,2026-07-14T08:15:00,2026-07-14T08:17:36,2026-07-14T09:00:00,2026-07-14T09:00:05.972304,16.8,331.3,cab,completed
T003244,R022,D0013,V5,S1,2026-07-14T08:15:00,2026-07-14T08:18:12,2026-07-14T09:00:00,2026-07-14T09:01:12.026285,17.7,336.5,cab,completed
T003245,R022,D0015,V1,S1,2026-07-14T08:15:00,2026-07-14T08:18:06,2026-07-14T09:00:00,2026-07-14T09:00:28.033266,16.6,331.4,cab,completed
T003246,R022,D0117,V1,S1,2026-07-14T08:15:00,2026-07-14T08:19:42,2026-07-14T09:00:00,2026-07-14T09:01:34.588183,17.2,331.8,cab,completed
T003247,R022,D0033,V1,S1,2026-07-14T08:15:00,2026-07-14T08:15:30,2026-07-14T09:00:00,2026-07-14T09:00:00,17.2,331.5,cab,completed
T003248,R022,D0080,V1,S1,2026-07-14T08:15:00,2026-07-14T08:21:00,2026-07-14T09:00:00,2026-07-14T09:04:21.652093,17.5,332.2,cab,completed
T003249,R022,D0065,V3,S1,2026-07-14T08:15:00,2026-07-14T08:15:30,2026-07-14T09:00:00,2026-07-14T09:00:28.725272,17.7,346.3,cab,completed
T003250,R022,D0055,V3,S1,2026-07-14T08:15:00,2026-07-14T08:15:36,2026-07-14T09:00:00,2026-07-14T09:00:00,16.9,326.2,cab,completed
T003251,R022,D0052,V1,S1,2026-07-14T08:15:00,2026-07-14T08:22:42,2026-07-14T09:00:00,2026-07-14T09:02:57.386594,16.7,329.2,cab,completed
T003252,R003,D0116,V5,S2,2026-07-14T10:15:00,2026-07-14T10:19:30,2026-07-14T11:00:00,2026-07-14T11:00:41.648832,22.1,137.3,shuttle,completed
T003253,R003,D0066,V2,S2,2026-07-14T10:15:00,2026-07-14T10:15:30,2026-07-14T11:00:00,2026-07-14T11:00:00,23.5,162.3,shuttle,completed
T003254,R006,D0034,V4,S2,2026-07-14T10:15:00,2026-07-14T10:19:30,2026-07-14T11:00:00,2026-07-14T11:00:55.480629,18.8,127.9,shuttle,completed
T003255,R006,D0120,V5,S2,2026-07-14T10:15:00,2026-07-14T10:17:42,2026-07-14T11:00:00,2026-07-14T11:00:00,20.1,128.0,shuttle,completed
T003256,R008,D0011,V2,S2,2026-07-14T10:15:00,2026-07-14T10:16:30,2026-07-14T11:00:00,2026-07-14T11:01:24.286391,8.8,133.9,nodal,completed
T003257,R008,D0072,V2,S2,2026-07-14T10:15:00,,2026-07-14T11:00:00,2026-07-14T11:00:00,8.6,126.2,nodal,completed
T003258,R008,D0054,V2,S2,2026-07-14T10:15:00,2026-07-14T10:16:42,2026-07-14T11:00:00,2026-07-14T11:00:00,9.6,130.3,nodal,completed
T003259,R011,D0057,V2,S2,2026-07-14T10:15:00,,2026-07-14T11:00:00,,7.8,117.6,nodal,no_show
T003260,R011,D0082,V1,S2,2026-07-14T10:15:00,2026-07-14T10:17:06,2026-07-14T11:00:00,2026-07-14T11:01:33.312648,8.5,120.7,nodal,completed
T003261,R011,D0111,V1,S2,2026-07-14T10:15:00,2026-07-14T10:16:18,2026-07-14T11:00:00,2026-07-14T11:00:00,8.0,129.6,nodal,completed
T003262,R011,D0005,V1,S2,2026-07-14T10:15:00,2026-07-14T10:27:30,2026-07-14T11:00:00,2026-07-14T11:07:41.728865,7.9,119.5,nodal,completed
T003263,R013,D0077,V5,S2,2026-07-14T10:15:00,2026-07-14T10:18:18,2026-07-14T11:00:00,2026-07-14T11:01:20.249997,11.0,236.3,cab,completed
T003264,R013,D0060,V3,S2,2026-07-14T10:15:00,2026-07-14T10:15:42,2026-07-14T11:00:00,2026-07-14T11:00:00,11.0,248.4,cab,completed
T003265,R013,D0013,V5,S2,2026-07-14T10:15:00,2026-07-14T10:31:00,2026-07-14T11:00:00,2026-07-14T11:15:27.433274,10.6,260.7,cab,completed
T003266,R013,D0018,V5,S2,2026-07-14T10:15:00,,2026-07-14T11:00:00,,10.9,251.8,cab,no_show
T003267,R013,D0067,V3,S2,2026-07-14T10:15:00,2026-07-14T10:15:24,2026-07-14T11:00:00,2026-07-14T11:00:00,10.9,242.7,cab,completed
T003268,R013,D0042,V5,S2,2026-07-14T10:15:00,2026-07-14T10:22:00,2026-07-14T11:00:00,2026-07-14T11:05:14.975290,11.7,255.8,cab,completed
T003269,R013,D0032,V1,S2,2026-07-14T10:15:00,2026-07-14T10:26:48,2026-07-14T11:00:00,2026-07-14T11:07:17.930838,11.4,255.5,cab,completed
T003270,R013,D0103,V5,S2,2026-07-14T10:15:00,2026-07-14T10:17:54,2026-07-14T11:00:00,2026-07-14T11:00:00,10.8,262.3,cab,completed
T003271,R018,D0116,V5,S2,2026-07-14T10:15:00,2026-07-14T10:21:12,2026-07-14T11:00:00,2026-07-14T11:02:28.352440,15.3,94.0,shuttle,completed
T003272,R018,D0007,V4,S2,2026-07-14T10:15:00,2026-07-14T10:20:36,2026-07-14T11:00:00,2026-07-14T11:01:40.714869,15.4,96.2,shuttle,completed
T003273,R020,D0110,V1,S2,2026-07-14T10:15:00,2026-07-14T10:21:30,2026-07-14T11:00:00,2026-07-14T11:04:53.962605,9.7,142.0,nodal,completed
T003274,R020,D0097,V2,S2,2026-07-14T10:15:00,2026-07-14T10:15:54,2026-07-14T11:00:00,2026-07-14T11:00:00,10.5,139.4,nodal,completed
T003275,R020,D0043,V1,S2,2026-07-14T10:15:00,2026-07-14T10:26:12,2026-07-14T11:00:00,2026-07-14T11:08:39.734608,10.3,152.1,nodal,completed
T003276,R020,D0094,V2,S2,2026-07-14T10:15:00,2026-07-14T10:15:36,2026-07-14T11:00:00,2026-07-14T11:00:00,10.5,151.8,nodal,completed
T003277,R022,D0083,V3,S2,2026-07-14T10:15:00,2026-07-14T10:16:30,2026-07-14T11:00:00,2026-07-14T11:00:43.412445,16.9,335.1,cab,completed
T003278,R022,D0009,V1,S2,2026-07-14T10:15:00,2026-07-14T10:16:24,2026-07-14T11:00:00,2026-07-14T11:01:02.803945,18.3,338.1,cab,completed
T003279,R022,D0036,V3,S2,2026-07-14T10:15:00,2026-07-14T10:16:36,2026-07-14T11:00:00,2026-07-14T11:00:24.427525,16.3,314.9,cab,completed
T003280,R022,D0068,V1,S2,2026-07-14T10:15:00,2026-07-14T10:15:42,2026-07-14T11:00:00,2026-07-14T11:00:03.439180,17.2,328.7,cab,completed
T003281,R022,D0083,V3,S2,2026-07-14T10:15:00,2026-07-14T10:23:36,2026-07-14T11:00:00,2026-07-14T11:07:30.616152,16.5,330.4,cab,completed
T003282,R022,D0065,V3,S2,2026-07-14T10:15:00,2026-07-14T10:17:06,2026-07-14T11:00:00,2026-07-14T11:01:18.413058,18.2,335.2,cab,completed
T003283,R022,D0033,V1,S2,2026-07-14T10:15:00,2026-07-14T10:16:12,2026-07-14T11:00:00,2026-07-14T11:00:00.441701,16.7,325.4,cab,completed
T003284,R022,D0065,V3,S2,2026-07-14T10:15:00,2026-07-14T10:32:48,2026-07-14T11:00:00,2026-07-14T11:15:18.252446,16.7,317.3,cab,completed
T003285,R003,D0007,V4,S3,2026-07-14T21:15:00,,2026-07-14T22:00:00,2026-07-14T22:00:00,23.0,140.2,shuttle,completed
T003286,R003,D0012,V2,S3,2026-07-14T21:15:00,2026-07-14T21:20:30,2026-07-14T22:00:00,2026-07-14T22:01:10.754440,22.6,131.5,shuttle,completed
T003287,R006,D0018,V5,S3,2026-07-14T21:15:00,2026-07-14T21:15:00,2026-07-14T22:00:00,2026-07-14T22:00:00,18.2,114.6,shuttle,completed
T003288,R008,D0015,V1,S3,2026-07-14T21:15:00,2026-07-14T21:25:18,2026-07-14T22:00:00,2026-07-14T22:07:26.199994,9.5,144.5,nodal,completed
T003289,R008,D0107,V2,S3,2026-07-14T21:15:00,2026-07-14T21:17:18,2026-07-14T22:00:00,2026-07-14T22:00:00,8.8,128.6,nodal,completed
T003290,R011,D0081,V2,S3,2026-07-14T21:15:00,2026-07-14T21:17:36,2026-07-14T22:00:00,2026-07-14T22:00:00,8.4,125.8,nodal,completed
T003291,R011,D0070,V2,S3,2026-07-14T21:15:00,2026-07-14T21:16:06,2026-07-14T22:00:00,2026-07-14T22:00:00,8.0,113.8,nodal,completed
T003292,R011,D0113,V2,S3,2026-07-14T21:15:00,2026-07-14T21:17:00,2026-07-14T22:00:00,2026-07-14T22:00:22.169112,8.5,126.9,nodal,completed
T003293,R013,D0062,V3,S3,2026-07-14T21:15:00,2026-07-14T21:17:48,2026-07-14T22:00:00,2026-07-14T22:02:30.842407,11.3,253.8,cab,completed
T003294,R013,D0031,V3,S3,2026-07-14T21:15:00,2026-07-14T21:33:12,2026-07-14T22:00:00,2026-07-14T22:15:24.068459,11.5,256.5,cab,completed
T003295,R013,D0083,V3,S3,2026-07-14T21:15:00,2026-07-14T21:15:48,2026-07-14T22:00:00,2026-07-14T22:00:24.876073,11.1,241.4,cab,completed
T003296,R013,D0015,V1,S3,2026-07-14T21:15:00,2026-07-14T21:21:18,2026-07-14T22:00:00,2026-07-14T22:06:06.212290,11.2,260.4,cab,completed
T003297,R013,D0103,V5,S3,2026-07-14T21:15:00,2026-07-14T21:19:06,2026-07-14T22:00:00,2026-07-14T22:00:00,11.3,238.3,cab,completed
T003298,R013,D0080,V1,S3,2026-07-14T21:15:00,2026-07-14T21:16:12,2026-07-14T22:00:00,2026-07-14T22:00:00,10.5,243.7,cab,completed
T003299,R018,D0119,V4,S3,2026-07-14T21:15:00,2026-07-14T21:15:48,2026-07-14T22:00:00,2026-07-14T22:00:00,15.1,93.7,shuttle,completed
T003300,R018,D0057,V2,S3,2026-07-14T21:15:00,2026-07-14T21:18:00,2026-07-14T22:00:00,2026-07-14T22:00:19.487867,15.4,104.4,shuttle,completed
T003301,R020,D0020,V2,S3,2026-07-14T21:15:00,2026-07-14T21:17:24,2026-07-14T22:00:00,2026-07-14T22:00:00,9.5,133.3,nodal,completed
T003302,R020,D0024,V1,S3,2026-07-14T21:15:00,2026-07-14T21:18:12,2026-07-14T22:00:00,2026-07-14T22:00:00,10.2,132.1,nodal,completed
T003303,R020,D0081,V2,S3,2026-07-14T21:15:00,2026-07-14T21:30:12,2026-07-14T22:00:00,2026-07-14T22:13:37.257132,9.6,137.1,nodal,completed
T003304,R022,D0101,V5,S3,2026-07-14T21:15:00,2026-07-14T21:21:48,2026-07-14T22:00:00,2026-07-14T22:02:25.405260,18.0,337.0,cab,completed
T003305,R022,D0064,V3,S3,2026-07-14T21:15:00,2026-07-14T21:27:18,2026-07-14T22:00:00,2026-07-14T22:08:00.909494,16.2,321.1,cab,completed
T003306,R022,D0053,V1,S3,2026-07-14T21:15:00,2026-07-14T21:39:24,2026-07-14T22:00:00,2026-07-14T22:20:15.958040,17.4,325.3,cab,completed
T003307,R022,D0082,V1,S3,2026-07-14T21:15:00,2026-07-14T21:21:36,2026-07-14T22:00:00,2026-07-14T22:03:27.839099,16.9,334.9,cab,completed
T003308,R003,D0073,V2,S1,2026-07-15T08:15:00,2026-07-15T08:16:36,2026-07-15T09:00:00,2026-07-15T09:00:00,22.7,135.6,shuttle,completed
T003309,R003,D0007,V4,S1,2026-07-15T08:15:00,2026-07-15T08:18:54,2026-07-15T09:00:00,2026-07-15T09:00:47.408036,21.8,127.3,shuttle,completed
T003310,R003,D0011,V2,S1,2026-07-15T08:15:00,2026-07-15T08:15:24,2026-07-15T09:00:00,2026-07-15T09:00:00,22.6,132.6,shuttle,completed
T003311,R006,D0011,V2,S1,2026-07-15T08:15:00,2026-07-15T08:16:48,2026-07-15T09:00:00,2026-07-15T09:00:00,20.1,130.1,shuttle,completed
T003312,R006,D0099,V5,S1,2026-07-15T08:15:00,2026-07-15T08:23:24,2026-07-15T09:00:00,2026-07-15T09:03:34.163751,18.6,124.4,shuttle,completed
T003313,R006,D0099,V5,S1,2026-07-15T08:15:00,2026-07-15T08:15:36,2026-07-15T09:00:00,2026-07-15T09:00:29.176958,20.2,127.0,shuttle,completed
T003314,R008,D0107,V2,S1,2026-07-15T08:15:00,2026-07-15T08:17:36,2026-07-15T09:00:00,2026-07-15T09:00:00,9.7,128.1,nodal,completed
T003315,R008,D0030,V2,S1,2026-07-15T08:15:00,2026-07-15T08:16:06,2026-07-15T09:00:00,2026-07-15T09:00:12.893235,9.2,133.0,nodal,completed
T003316,R008,D0081,V2,S1,2026-07-15T08:15:00,2026-07-15T08:16:30,2026-07-15T09:00:00,2026-07-15T09:00:00,9.5,126.4,nodal,completed
T003317,R008,D0087,V2,S1,2026-07-15T08:15:00,2026-07-15T08:15:24,2026-07-15T09:00:00,2026-07-15T09:00:00,9.5,127.3,nodal,completed
T003318,R008,D0090,V2,S1,2026-07-15T08:15:00,2026-07-15T08:22:54,2026-07-15T09:00:00,2026-07-15T09:04:25.890078,9.6,131.2,nodal,completed
T003319,R008,D0081,V2,S1,2026-07-15T08:15:00,2026-07-15T08:15:24,2026-07-15T09:00:00,2026-07-15T09:00:00,9.5,130.7,nodal,completed
T003320,R011,D0087,V2,S1,2026-07-15T08:15:00,2026-07-15T08:25:24,2026-07-15T09:00:00,2026-07-15T09:09:18.538075,8.3,127.9,nodal,completed
T003321,R011,D0032,V1,S1,2026-07-15T08:15:00,,2026-07-15T09:00:00,,8.3,117.2,nodal,no_show
T003322,R011,D0015,V1,S1,2026-07-15T08:15:00,2026-07-15T08:20:54,2026-07-15T09:00:00,2026-07-15T09:05:47.207865,7.8,114.0,nodal,completed
T003323,R011,D0015,V1,S1,2026-07-15T08:15:00,2026-07-15T08:16:54,2026-07-15T09:00:00,2026-07-15T09:00:00,8.5,130.4,nodal,completed
T003324,R011,D0012,V2,S1,2026-07-15T08:15:00,2026-07-15T08:18:12,2026-07-15T09:00:00,2026-07-15T09:00:00,8.0,128.9,nodal,completed
T003325,R013,D0089,V3,S1,2026-07-15T08:15:00,2026-07-15T08:17:54,2026-07-15T09:00:00,2026-07-15T09:00:00,11.7,261.7,cab,completed
T003326,R013,D0060,V3,S1,2026-07-15T08:15:00,2026-07-15T08:15:42,2026-07-15T09:00:00,2026-07-15T09:00:23.434993,11.5,252.8,cab,completed
T003327,R013,D0047,V3,S1,2026-07-15T08:15:00,2026-07-15T08:18:54,2026-07-15T09:00:00,2026-07-15T09:01:43.092097,10.9,236.6,cab,completed
T003328,R013,D0062,V3,S1,2026-07-15T08:15:00,2026-07-15T08:15:12,2026-07-15T09:00:00,2026-07-15T09:00:00,11.1,246.5,cab,completed
T003329,R013,D0095,V3,S1,2026-07-15T08:15:00,2026-07-15T08:16:48,2026-07-15T09:00:00,2026-07-15T09:00:03.366144,11.1,252.7,cab,completed
T003330,R013,D0062,V3,S1,2026-07-15T08:15:00,2026-07-15T08:19:00,2026-07-15T09:00:00,2026-07-15T09:00:00,10.5,240.7,cab,completed
T003331,R013,D0040,V1,S1,2026-07-15T08:15:00,2026-07-15T08:17:36,2026-07-15T09:00:00,2026-07-15T09:00:00,11.7,251.2,cab,completed
T003332,R013,D0085,V3,S1,2026-07-15T08:15:00,2026-07-15T08:16:30,2026-07-15T09:00:00,2026-07-15T09:00:00,11.7,247.4,cab,completed
T003333,R013,D0080,V1,S1,2026-07-15T08:15:00,2026-07-15T08:25:48,2026-07-15T09:00:00,2026-07-15T09:08:40.060905,11.0,238.7,cab,completed
T003334,R013,D0086,V1,S1,2026-07-15T08:15:00,2026-07-15T08:16:24,2026-07-15T09:00:00,2026-07-15T09:01:23.781250,10.9,234.9,cab,completed
T003335,R013,D0009,V1,S1,2026-07-15T08:15:00,,2026-07-15T09:00:00,2026-07-15T09:00:00,11.6,255.7,cab,completed
T003336,R018,D0102,V4,S1,2026-07-15T08:15:00,2026-07-15T08:15:18,2026-07-15T09:00:00,2026-07-15T09:00:00,15.0,93.4,shuttle,completed
T003337,R018,D0001,V2,S1,2026-07-15T08:15:00,2026-07-15T08:23:30,2026-07-15T09:00:00,2026-07-15T09:06:46.507379,15.6,112.7,shuttle,completed
T003338,R018,D0106,V2,S1,2026-07-15T08:15:00,2026-07-15T08:19:06,2026-07-15T09:00:00,2026-07-15T09:02:15.883485,14.6,101.3,shuttle,completed
T003339,R020,D0070,V2,S1,2026-07-15T08:15:00,2026-07-15T08:16:48,2026-07-15T09:00:00,2026-07-15T09:00:00,10.7,158.5,nodal,completed
T003340,R020,D0040,V1,S1,2026-07-15T08:15:00,2026-07-15T08:21:00,2026-07-15T09:00:00,2026-07-15T09:03:40.052502,10.8,152.0,nodal,completed
T003341,R020,D0063,V2,S1,2026-07-15T08:15:00,2026-07-15T08:16:42,2026-07-15T09:00:00,2026-07-15T09:00:42.835535,10.8,139.9,nodal,completed
T003342,R020,D0008,V1,S1,2026-07-15T08:15:00,2026-07-15T08:16:18,2026-07-15T09:00:00,2026-07-15T09:00:00,10.1,143.8,nodal,completed
T003343,R020,D0032,V1,S1,2026-07-15T08:15:00,2026-07-15T08:19:30,2026-07-15T09:00:00,2026-07-15T09:03:09.663107,9.6,133.1,nodal,completed
T003344,R020,D0111,V1,S1,2026-07-15T08:15:00,2026-07-15T08:15:48,2026-07-15T09:00:00,2026-07-15T09:00:00,10.0,134.4,nodal,completed
T003345,R022,D0035,V1,S1,2026-07-15T08:15:00,2026-07-15T08:21:12,2026-07-15T09:00:00,2026-07-15T09:01:47.104805,16.7,316.1,cab,completed
T003346,R022,D0052,V1,S1,2026-07-15T08:15:00,2026-07-15T08:17:30,2026-07-15T09:00:00,2026-07-15T09:02:08.868276,17.2,347.6,cab,completed
T003347,R022,D0046,V5,S1,2026-07-15T08:15:00,2026-07-15T08:23:36,2026-07-15T09:00:00,2026-07-15T09:04:43.810377,16.6,315.3,cab,completed
T003348,R022,D0117,V1,S1,2026-07-15T08:15:00,2026-07-15T08:18:06,2026-07-15T09:00:00,2026-07-15T09:02:35.783883,17.4,327.3,cab,completed
T003349,R022,D0033,V1,S1,2026-07-15T08:15:00,2026-07-15T08:20:06,2026-07-15T09:00:00,2026-07-15T09:00:29.038622,16.2,307.3,cab,completed
T003350,R022,D0064,V3,S1,2026-07-15T08:15:00,2026-07-15T08:15:18,2026-07-15T09:00:00,2026-07-15T09:00:03.214912,18.0,338.1,cab,completed
T003351,R022,D0111,V1,S1,2026-07-15T08:15:00,2026-07-15T08:15:06,2026-07-15T09:00:00,2026-07-15T09:00:00,16.4,344.2,cab,completed
T003352,R022,D0108,V5,S1,2026-07-15T08:15:00,2026-07-15T08:18:54,2026-07-15T09:00:00,2026-07-15T09:00:00,17.1,333.2,cab,completed
T003353,R022,D0040,V1,S1,2026-07-15T08:15:00,2026-07-15T08:15:48,2026-07-15T09:00:00,2026-07-15T09:00:00,18.2,336.5,cab,completed
T003354,R022,D0009,V1,S1,2026-07-15T08:15:00,2026-07-15T08:20:42,2026-07-15T09:00:00,2026-07-15T09:02:16.003910,18.0,337.2,cab,completed
T003355,R022,D0035,V1,S1,2026-07-15T08:15:00,2026-07-15T08:15:24,2026-07-15T09:00:00,2026-07-15T09:00:00,17.8,348.1,cab,completed
T003356,R022,D0105,V3,S1,2026-07-15T08:15:00,2026-07-15T08:17:36,2026-07-15T09:00:00,2026-07-15T09:01:54.914592,17.2,327.7,cab,completed
T003357,R003,D0007,V4,S2,2026-07-15T10:15:00,2026-07-15T10:58:30,2026-07-15T11:00:00,2026-07-15T11:40:37.960347,23.4,142.1,shuttle,completed
T003358,R003,D0007,V4,S2,2026-07-15T10:15:00,2026-07-15T10:18:12,2026-07-15T11:00:00,2026-07-15T11:00:00,21.9,137.0,shuttle,completed
T003359,R006,D0072,V2,S2,2026-07-15T10:15:00,2026-07-15T10:22:00,2026-07-15T11:00:00,2026-07-15T11:04:15.641942,20.1,129.8,shuttle,completed
T003360,R006,D0006,V5,S2,2026-07-15T10:15:00,2026-07-15T11:13:30,2026-07-15T11:00:00,2026-07-15T11:54:24.488564,19.0,118.7,shuttle,completed
T003361,R008,D0051,V2,S2,2026-07-15T10:15:00,2026-07-15T10:20:06,2026-07-15T11:00:00,2026-07-15T11:04:21.493404,9.3,133.4,nodal,completed
T003362,R008,D0003,V1,S2,2026-07-15T10:15:00,2026-07-15T10:19:18,2026-07-15T11:00:00,2026-07-15T11:01:08.399490,8.9,121.1,nodal,completed
T003363,R008,D0114,V2,S2,2026-07-15T10:15:00,2026-07-15T10:37:24,2026-07-15T11:00:00,2026-07-15T11:19:03.345622,8.9,130.7,nodal,completed
T003364,R011,D0035,V1,S2,2026-07-15T10:15:00,2026-07-15T10:40:12,2026-07-15T11:00:00,2026-07-15T11:22:36.556163,8.0,112.5,nodal,completed
T003365,R011,D0081,V2,S2,2026-07-15T10:15:00,2026-07-15T10:16:30,2026-07-15T11:00:00,2026-07-15T11:00:56.230417,7.8,122.8,nodal,completed
T003366,R011,D0009,V1,S2,2026-07-15T10:15:00,2026-07-15T10:20:12,2026-07-15T11:00:00,2026-07-15T11:03:51.895304,8.3,133.6,nodal,completed
T003367,R011,D0051,V2,S2,2026-07-15T10:15:00,,2026-07-15T11:00:00,,8.2,118.5,nodal,no_show
T003368,R013,D0043,V1,S2,2026-07-15T10:15:00,2026-07-15T10:26:00,2026-07-15T11:00:00,2026-07-15T11:09:04.647638,11.4,244.8,cab,completed
T003369,R013,D0053,V1,S2,2026-07-15T10:15:00,2026-07-15T10:19:54,2026-07-15T11:00:00,2026-07-15T11:00:49.619192,11.5,259.3,cab,completed
T003370,R013,D0040,V1,S2,2026-07-15T10:15:00,2026-07-15T10:40:06,2026-07-15T11:00:00,2026-07-15T11:21:54.283543,11.6,260.4,cab,completed
T003371,R013,D0045,V1,S2,2026-07-15T10:15:00,2026-07-15T10:23:54,2026-07-15T11:00:00,2026-07-15T11:05:34.954682,11.0,251.5,cab,completed
T003372,R013,D0100,V3,S2,2026-07-15T10:15:00,2026-07-15T10:16:06,2026-07-15T11:00:00,2026-07-15T11:00:00,11.2,249.4,cab,completed
T003373,R013,D0062,V3,S2,2026-07-15T10:15:00,,2026-07-15T11:00:00,2026-07-15T11:01:52.835170,10.6,238.6,cab,completed
T003374,R013,D0068,V1,S2,2026-07-15T10:15:00,2026-07-15T10:15:06,2026-07-15T11:00:00,2026-07-15T11:00:00,11.2,255.5,cab,completed
T003375,R018,D0114,V2,S2,2026-07-15T10:15:00,2026-07-15T10:17:24,2026-07-15T11:00:00,2026-07-15T11:00:01.962654,14.5,95.5,shuttle,completed
T003376,R018,D0069,V5,S2,2026-07-15T10:15:00,2026-07-15T10:16:18,2026-07-15T11:00:00,2026-07-15T11:00:00,15.6,102.9,shuttle,completed
T003377,R020,D0002,V2,S2,2026-07-15T10:15:00,2026-07-15T10:15:06,2026-07-15T11:00:00,2026-07-15T11:00:00,9.6,145.8,nodal,completed
T003378,R020,D0033,V1,S2,2026-07-15T10:15:00,2026-07-15T10:23:36,2026-07-15T11:00:00,2026-07-15T11:06:45.725797,9.6,133.6,nodal,completed
T003379,R020,D0045,V1,S2,2026-07-15T10:15:00,2026-07-15T10:15:06,2026-07-15T11:00:00,2026-07-15T11:00:00,9.8,142.8,nodal,completed
T003380,R020,D0015,V1,S2,2026-07-15T10:15:00,2026-07-15T10:17:48,2026-07-15T11:00:00,2026-07-15T11:02:46.233549,10.3,149.4,nodal,completed
T003381,R022,D0120,V5,S2,2026-07-15T10:15:00,2026-07-15T10:15:42,2026-07-15T11:00:00,2026-07-15T11:00:00,17.1,338.5,cab,completed
T003382,R022,D0077,V5,S2,2026-07-15T10:15:00,2026-07-15T10:15:18,2026-07-15T11:00:00,2026-07-15T11:00:00,16.7,318.2,cab,completed
T003383,R022,D0035,V1,S2,2026-07-15T10:15:00,2026-07-15T10:17:30,2026-07-15T11:00:00,2026-07-15T11:00:00,17.7,346.6,cab,completed
T003384,R022,D0086,V1,S2,2026-07-15T10:15:00,2026-07-15T10:16:18,2026-07-15T11:00:00,2026-07-15T11:00:00,16.6,313.7,cab,completed
T003385,R022,D0108,V5,S2,2026-07-15T10:15:00,2026-07-15T10:19:42,2026-07-15T11:00:00,2026-07-15T11:00:48.608692,18.4,348.0,cab,completed
T003386,R022,D0062,V3,S2,2026-07-15T10:15:00,2026-07-15T10:15:18,2026-07-15T11:00:00,2026-07-15T11:00:00,17.0,326.5,cab,completed
T003387,R022,D0080,V1,S2,2026-07-15T10:15:00,2026-07-15T10:18:30,2026-07-15T11:00:00,2026-07-15T11:00:00,18.4,351.0,cab,completed
T003388,R022,D0120,V5,S2,2026-07-15T10:15:00,2026-07-15T10:29:00,2026-07-15T11:00:00,2026-07-15T11:12:56.278682,17.0,339.8,cab,completed
T003389,R003,D0092,V4,S3,2026-07-15T21:15:00,2026-07-15T21:15:12,2026-07-15T22:00:00,2026-07-15T22:00:00,22.7,137.2,shuttle,completed
T003390,R003,D0007,V4,S3,2026-07-15T21:15:00,2026-07-15T21:28:24,2026-07-15T22:00:00,2026-07-15T22:11:57.116601,23.0,131.2,shuttle,completed
T003391,R006,D0099,V5,S3,2026-07-15T21:15:00,2026-07-15T21:28:36,2026-07-15T22:00:00,2026-07-15T22:11:09.830645,19.7,120.2,shuttle,completed
T003392,R008,D0015,V1,S3,2026-07-15T21:15:00,2026-07-15T21:16:36,2026-07-15T22:00:00,2026-07-15T22:00:00,8.7,123.3,nodal,completed
T003393,R008,D0072,V2,S3,2026-07-15T21:15:00,2026-07-15T21:19:06,2026-07-15T22:00:00,2026-07-15T22:00:00,8.9,135.9,nodal,completed
T003394,R011,D0072,V2,S3,2026-07-15T21:15:00,2026-07-15T21:24:42,2026-07-15T22:00:00,2026-07-15T22:09:30.051645,8.1,126.9,nodal,completed
T003395,R011,D0111,V1,S3,2026-07-15T21:15:00,2026-07-15T21:19:42,2026-07-15T22:00:00,2026-07-15T22:02:50.524671,7.9,120.1,nodal,completed
T003396,R011,D0052,V1,S3,2026-07-15T21:15:00,2026-07-15T21:21:42,2026-07-15T22:00:00,2026-07-15T22:02:51.334721,8.1,114.1,nodal,completed
T003397,R013,D0108,V5,S3,2026-07-15T21:15:00,2026-07-15T21:19:48,2026-07-15T22:00:00,2026-07-15T22:04:43.407238,11.4,244.3,cab,completed
T003398,R013,D0006,V5,S3,2026-07-15T21:15:00,2026-07-15T21:16:54,2026-07-15T22:00:00,2026-07-15T22:01:19.858467,11.7,260.8,cab,completed
T003399,R013,D0058,V1,S3,2026-07-15T21:15:00,2026-07-15T21:15:06,2026-07-15T22:00:00,2026-07-15T22:00:00,11.4,256.8,cab,completed
T003400,R013,D0077,V5,S3,2026-07-15T21:15:00,2026-07-15T21:17:48,2026-07-15T22:00:00,2026-07-15T22:01:57.826127,11.8,245.4,cab,completed
T003401,R013,D0052,V1,S3,2026-07-15T21:15:00,2026-07-15T21:17:42,2026-07-15T22:00:00,2026-07-15T22:01:18.040819,10.6,233.3,cab,completed
T003402,R013,D0018,V5,S3,2026-07-15T21:15:00,2026-07-15T21:19:12,2026-07-15T22:00:00,2026-07-15T22:01:53.851426,11.7,245.4,cab,completed
T003403,R018,D0054,V2,S3,2026-07-15T21:15:00,2026-07-15T21:38:54,2026-07-15T22:00:00,2026-07-15T22:23:51.256483,15.1,100.4,shuttle,completed
T003404,R018,D0116,V5,S3,2026-07-15T21:15:00,2026-07-15T21:44:00,2026-07-15T22:00:00,2026-07-15T22:28:32.614734,15.9,99.4,shuttle,completed
T003405,R020,D0090,V2,S3,2026-07-15T21:15:00,2026-07-15T21:23:48,2026-07-15T22:00:00,2026-07-15T22:05:38.982034,10.4,140.8,nodal,completed
T003406,R020,D0070,V2,S3,2026-07-15T21:15:00,2026-07-15T21:17:48,2026-07-15T22:00:00,2026-07-15T22:02:37.964508,10.6,143.8,nodal,completed
T003407,R022,D0024,V1,S3,2026-07-15T21:15:00,2026-07-15T21:15:36,2026-07-15T22:00:00,2026-07-15T22:00:00,16.5,325.6,cab,completed
T003408,R022,D0052,V1,S3,2026-07-15T21:15:00,2026-07-15T21:15:30,2026-07-15T22:00:00,2026-07-15T22:00:00,17.9,338.8,cab,completed
T003409,R022,D0014,V5,S3,2026-07-15T21:15:00,2026-07-15T21:39:42,2026-07-15T22:00:00,2026-07-15T22:21:19.346044,16.7,319.2,cab,completed
T003410,R022,D0117,V1,S3,2026-07-15T21:15:00,2026-07-15T21:15:54,2026-07-15T22:00:00,2026-07-15T22:00:00,16.3,315.5,cab,completed
T003411,R003,D0097,V2,S1,2026-07-16T08:15:00,,2026-07-16T09:00:00,,23.5,146.6,shuttle,no_show
T003412,R003,D0078,V2,S1,2026-07-16T08:15:00,2026-07-16T08:17:24,2026-07-16T09:00:00,2026-07-16T09:00:39.259248,21.6,136.4,shuttle,completed
T003413,R003,D0006,V5,S1,2026-07-16T08:15:00,2026-07-16T08:24:12,2026-07-16T09:00:00,2026-07-16T09:08:20.121600,22.7,145.7,shuttle,completed
T003414,R006,D0014,V5,S1,2026-07-16T08:15:00,2026-07-16T08:15:54,2026-07-16T09:00:00,2026-07-16T09:00:23.529103,20.0,123.6,shuttle,completed
T003415,R006,D0002,V2,S1,2026-07-16T08:15:00,2026-07-16T08:23:00,2026-07-16T09:00:00,2026-07-16T09:07:55.022395,19.4,126.5,shuttle,completed
T003416,R006,D0048,V5,S1,2026-07-16T08:15:00,2026-07-16T08:17:00,2026-07-16T09:00:00,2026-07-16T09:00:00,19.7,118.4,shuttle,completed
T003417,R008,D0107,V2,S1,2026-07-16T08:15:00,2026-07-16T08:16:48,2026-07-16T09:00:00,2026-07-16T09:00:00,9.3,128.6,nodal,completed
T003418,R008,D0070,V2,S1,2026-07-16T08:15:00,2026-07-16T08:20:36,2026-07-16T09:00:00,2026-07-16T09:03:34.566217,9.3,125.0,nodal,completed
T003419,R008,D0001,V2,S1,2026-07-16T08:15:00,2026-07-16T08:15:30,2026-07-16T09:00:00,2026-07-16T09:00:00,9.0,137.4,nodal,completed
T003420,R008,D0070,V2,S1,2026-07-16T08:15:00,2026-07-16T08:15:30,2026-07-16T09:00:00,2026-07-16T09:00:00,8.7,120.0,nodal,completed
T003421,R008,D0054,V2,S1,2026-07-16T08:15:00,2026-07-16T08:15:00,2026-07-16T09:00:00,2026-07-16T09:00:00,8.7,135.9,nodal,completed
T003422,R008,D0010,V1,S1,2026-07-16T08:15:00,2026-07-16T08:22:24,2026-07-16T09:00:00,2026-07-16T09:02:32.277874,9.7,127.8,nodal,completed
T003423,R011,D0052,V1,S1,2026-07-16T08:15:00,2026-07-16T08:24:18,2026-07-16T09:00:00,,8.3,127.2,nodal,cancelled
T003424,R011,D0025,V2,S1,2026-07-16T08:15:00,2026-07-16T08:19:00,2026-07-16T09:00:00,2026-07-16T09:00:00,8.5,122.7,nodal,completed
T003425,R011,D0086,V1,S1,2026-07-16T08:15:00,2026-07-16T08:26:18,2026-07-16T09:00:00,2026-07-16T09:10:42.690140,8.2,123.0,nodal,completed
T003426,R011,D0096,V2,S1,2026-07-16T08:15:00,2026-07-16T08:15:30,2026-07-16T09:00:00,2026-07-16T09:00:00,8.2,121.3,nodal,completed
T003427,R011,D0017,V2,S1,2026-07-16T08:15:00,2026-07-16T08:15:48,2026-07-16T09:00:00,2026-07-16T09:00:00,7.7,122.4,nodal,completed
T003428,R013,D0065,V3,S1,2026-07-16T08:15:00,2026-07-16T08:15:48,2026-07-16T09:00:00,2026-07-16T09:00:00,10.5,230.5,cab,completed
T003429,R013,D0043,V1,S1,2026-07-16T08:15:00,2026-07-16T08:16:24,2026-07-16T09:00:00,2026-07-16T09:00:00,11.3,244.3,cab,completed
T003430,R013,D0062,V3,S1,2026-07-16T08:15:00,2026-07-16T08:19:42,2026-07-16T09:00:00,2026-07-16T09:00:22.235896,10.9,235.3,cab,completed
T003431,R013,D0006,V5,S1,2026-07-16T08:15:00,,2026-07-16T09:00:00,2026-07-16T09:05:23.148243,11.5,252.9,cab,completed
T003432,R013,D0080,V1,S1,2026-07-16T08:15:00,2026-07-16T08:19:36,2026-07-16T09:00:00,2026-07-16T09:00:16.775103,10.6,243.8,cab,completed
T003433,R013,D0077,V5,S1,2026-07-16T08:15:00,2026-07-16T08:35:36,2026-07-16T09:00:00,2026-07-16T09:15:38.366732,10.6,231.7,cab,completed
T003434,R013,D0077,V5,S1,2026-07-16T08:15:00,2026-07-16T08:15:24,2026-07-16T09:00:00,2026-07-16T09:00:00,10.9,239.5,cab,completed
T003435,R013,D0080,V1,S1,2026-07-16T08:15:00,2026-07-16T08:22:06,2026-07-16T09:00:00,2026-07-16T09:02:06.448181,11.4,250.2,cab,completed
T003436,R013,D0028,V3,S1,2026-07-16T08:15:00,2026-07-16T08:21:48,2026-07-16T09:00:00,2026-07-16T09:05:17.630038,10.7,232.9,cab,completed
T003437,R013,D0022,V5,S1,2026-07-16T08:15:00,2026-07-16T08:16:12,2026-07-16T09:00:00,2026-07-16T09:00:00,11.0,250.8,cab,completed
T003438,R013,D0105,V3,S1,2026-07-16T08:15:00,2026-07-16T08:17:48,2026-07-16T09:00:00,2026-07-16T09:00:00,10.7,240.7,cab,completed
T003439,R018,D0072,V2,S1,2026-07-16T08:15:00,2026-07-16T08:15:30,2026-07-16T09:00:00,2026-07-16T09:00:00,15.0,96.4,shuttle,completed
T003440,R018,D0072,V2,S1,2026-07-16T08:15:00,2026-07-16T08:17:30,2026-07-16T09:00:00,2026-07-16T09:00:17.628981,15.3,109.8,shuttle,completed
T003441,R018,D0050,V5,S1,2026-07-16T08:15:00,2026-07-16T08:17:30,2026-07-16T09:00:00,2026-07-16T09:02:17.972603,14.4,95.3,shuttle,completed
T003442,R020,D0040,V1,S1,2026-07-16T08:15:00,2026-07-16T08:19:30,2026-07-16T09:00:00,2026-07-16T09:00:00,9.6,141.8,nodal,completed
T003443,R020,D0017,V2,S1,2026-07-16T08:15:00,2026-07-16T08:18:06,2026-07-16T09:00:00,2026-07-16T09:02:31.587214,10.7,150.1,nodal,completed
T003444,R020,D0106,V2,S1,2026-07-16T08:15:00,,2026-07-16T09:00:00,,10.0,134.0,nodal,no_show
T003445,R020,D0066,V2,S1,2026-07-16T08:15:00,2026-07-16T08:16:06,2026-07-16T09:00:00,2026-07-16T09:00:01.730863,10.3,136.8,nodal,completed
T003446,R020,D0111,V1,S1,2026-07-16T08:15:00,2026-07-16T08:16:30,2026-07-16T09:00:00,2026-07-16T09:00:26.794499,10.0,133.2,nodal,completed
T003447,R020,D0017,V2,S1,2026-07-16T08:15:00,2026-07-16T08:17:54,2026-07-16T09:00:00,2026-07-16T09:00:38.683859,10.4,150.8,nodal,completed
T003448,R022,D0004,V5,S1,2026-07-16T08:15:00,2026-07-16T08:15:42,2026-07-16T09:00:00,2026-07-16T09:00:26.008439,18.2,341.6,cab,completed
T003449,R022,D0035,V1,S1,2026-07-16T08:15:00,2026-07-16T08:29:24,2026-07-16T09:00:00,2026-07-16T09:11:54.984906,18.0,341.1,cab,completed
T003450,R022,D0015,V1,S1,2026-07-16T08:15:00,2026-07-16T08:18:24,2026-07-16T09:00:00,2026-07-16T09:00:00,18.2,350.8,cab,completed
T003451,R022,D0062,V3,S1,2026-07-16T08:15:00,2026-07-16T08:18:36,2026-07-16T09:00:00,2026-07-16T09:01:34.227984,17.7,344.0,cab,completed
T003452,R022,D0098,V5,S1,2026-07-16T08:15:00,2026-07-16T08:20:48,2026-07-16T09:00:00,2026-07-16T09:03:50.131028,18.3,354.3,cab,completed
T003453,R022,D0056,V1,S1,2026-07-16T08:15:00,2026-07-16T08:19:42,2026-07-16T09:00:00,2026-07-16T09:03:16.287167,16.2,313.6,cab,completed
T003454,R022,D0037,V3,S1,2026-07-16T08:15:00,2026-07-16T08:16:42,2026-07-16T09:00:00,2026-07-16T09:01:23.191462,17.4,338.2,cab,completed
T003455,R022,D0048,V5,S1,2026-07-16T08:15:00,2026-07-16T08:15:00,2026-07-16T09:00:00,2026-07-16T09:00:00,17.6,342.7,cab,completed
T003456,R022,D0069,V5,S1,2026-07-16T08:15:00,2026-07-16T08:18:48,2026-07-16T09:00:00,2026-07-16T09:01:57.957157,16.6,319.4,cab,completed
T003457,R022,D0046,V5,S1,2026-07-16T08:15:00,2026-07-16T08:18:30,2026-07-16T09:00:00,2026-07-16T09:01:33.579356,18.2,339.3,cab,completed
T003458,R022,D0056,V1,S1,2026-07-16T08:15:00,2026-07-16T08:25:12,2026-07-16T09:00:00,2026-07-16T09:07:48.365494,16.2,321.1,cab,completed
T003459,R003,D0063,V2,S2,2026-07-16T10:15:00,2026-07-16T10:16:18,2026-07-16T11:00:00,2026-07-16T11:00:00,21.3,132.1,shuttle,completed
T003460,R003,D0073,V2,S2,2026-07-16T10:15:00,2026-07-16T10:17:48,2026-07-16T11:00:00,2026-07-16T11:00:00,21.5,125.0,shuttle,completed
T003461,R006,D0116,V5,S2,2026-07-16T10:15:00,2026-07-16T10:16:00,2026-07-16T11:00:00,2026-07-16T11:00:00,20.1,130.4,shuttle,completed
T003462,R006,D0103,V5,S2,2026-07-16T10:15:00,2026-07-16T10:15:18,2026-07-16T11:00:00,2026-07-16T11:00:00,18.4,125.9,shuttle,completed
T003463,R008,D0033,V1,S2,2026-07-16T10:15:00,2026-07-16T10:20:00,2026-07-16T11:00:00,2026-07-16T11:02:36.024921,9.2,125.8,nodal,completed
T003464,R008,D0032,V1,S2,2026-07-16T10:15:00,2026-07-16T10:15:42,2026-07-16T11:00:00,2026-07-16T11:00:00,9.2,126.6,nodal,completed
T003465,R008,D0063,V2,S2,2026-07-16T10:15:00,2026-07-16T10:15:48,2026-07-16T11:00:00,2026-07-16T11:00:00,8.8,134.3,nodal,completed
T003466,R011,D0001,V2,S2,2026-07-16T10:15:00,2026-07-16T10:23:24,2026-07-16T11:00:00,2026-07-16T11:03:56.947773,8.3,121.1,nodal,completed
T003467,R011,D0032,V1,S2,2026-07-16T10:15:00,2026-07-16T10:19:30,2026-07-16T11:00:00,2026-07-16T11:01:14.214372,8.2,115.0,nodal,completed
T003468,R011,D0020,V2,S2,2026-07-16T10:15:00,2026-07-16T10:15:12,2026-07-16T11:00:00,2026-07-16T11:00:00,8.1,131.5,nodal,completed
T003469,R011,D0017,V2,S2,2026-07-16T10:15:00,2026-07-16T10:45:24,2026-07-16T11:00:00,2026-07-16T11:30:17.642230,7.8,134.8,nodal,completed
T003470,R013,D0042,V5,S2,2026-07-16T10:15:00,2026-07-16T10:16:30,2026-07-16T11:00:00,2026-07-16T11:00:00,11.5,243.7,cab,completed
T003471,R013,D0008,V1,S2,2026-07-16T10:15:00,2026-07-16T10:16:06,2026-07-16T11:00:00,2026-07-16T11:00:00,11.2,251.9,cab,completed
T003472,R013,D0052,V1,S2,2026-07-16T10:15:00,2026-07-16T10:16:36,2026-07-16T11:00:00,2026-07-16T11:00:15.558201,11.6,256.6,cab,completed
T003473,R013,D0024,V1,S2,2026-07-16T10:15:00,2026-07-16T10:17:54,2026-07-16T11:00:00,2026-07-16T11:00:37.835162,11.6,261.7,cab,completed
T003474,R013,D0068,V1,S2,2026-07-16T10:15:00,2026-07-16T10:20:30,2026-07-16T11:00:00,2026-07-16T11:00:41.264500,11.6,246.9,cab,completed
T003475,R013,D0085,V3,S2,2026-07-16T10:15:00,2026-07-16T10:18:42,2026-07-16T11:00:00,2026-07-16T11:00:00,10.8,242.6,cab,completed
T003476,R013,D0023,V3,S2,2026-07-16T10:15:00,2026-07-16T10:18:30,2026-07-16T11:00:00,2026-07-16T11:00:28.644555,11.7,263.7,cab,completed
T003477,R013,D0105,V3,S2,2026-07-16T10:15:00,2026-07-16T10:22:54,2026-07-16T11:00:00,,11.7,251.5,cab,cancelled
T003478,R018,D0091,V4,S2,2026-07-16T10:15:00,2026-07-16T10:15:24,2026-07-16T11:00:00,2026-07-16T11:00:00,16.1,108.5,shuttle,completed
T003479,R018,D0078,V2,S2,2026-07-16T10:15:00,2026-07-16T10:23:42,2026-07-16T11:00:00,2026-07-16T11:06:30.320492,14.6,89.9,shuttle,completed
T003480,R020,D0111,V1,S2,2026-07-16T10:15:00,2026-07-16T10:21:18,2026-07-16T11:00:00,2026-07-16T11:05:52.812288,10.0,144.3,nodal,completed
T003481,R020,D0003,V1,S2,2026-07-16T10:15:00,2026-07-16T10:16:30,2026-07-16T11:00:00,2026-07-16T11:01:18.367306,10.2,138.2,nodal,completed
T003482,R020,D0051,V2,S2,2026-07-16T10:15:00,2026-07-16T10:37:54,2026-07-16T11:00:00,2026-07-16T11:20:30.077666,10.1,147.9,nodal,completed
T003483,R020,D0012,V2,S2,2026-07-16T10:15:00,2026-07-16T10:35:18,2026-07-16T11:00:00,2026-07-16T11:15:25.968219,10.8,150.6,nodal,completed
T003484,R022,D0111,V1,S2,2026-07-16T10:15:00,2026-07-16T10:21:42,2026-07-16T11:00:00,2026-07-16T11:05:37.142612,17.7,345.6,cab,completed
T003485,R022,D0080,V1,S2,2026-07-16T10:15:00,2026-07-16T10:29:24,2026-07-16T11:00:00,2026-07-16T11:14:10.905125,17.1,333.4,cab,completed
T003486,R022,D0068,V1,S2,2026-07-16T10:15:00,2026-07-16T10:26:18,2026-07-16T11:00:00,2026-07-16T11:07:42.040901,17.2,327.8,cab,completed
T003487,R022,D0076,V3,S2,2026-07-16T10:15:00,2026-07-16T10:19:36,2026-07-16T11:00:00,2026-07-16T11:03:01.382783,18.0,350.8,cab,completed
T003488,R022,D0055,V3,S2,2026-07-16T10:15:00,2026-07-16T10:17:12,2026-07-16T11:00:00,2026-07-16T11:01:23.779882,17.3,324.1,cab,completed
T003489,R022,D0053,V1,S2,2026-07-16T10:15:00,2026-07-16T10:23:24,2026-07-16T11:00:00,2026-07-16T11:05:37.183264,16.8,327.3,cab,completed
T003490,R022,D0058,V1,S2,2026-07-16T10:15:00,2026-07-16T10:27:48,2026-07-16T11:00:00,2026-07-16T11:09:05.738097,17.5,337.4,cab,completed
T003491,R022,D0003,V1,S2,2026-07-16T10:15:00,2026-07-16T10:15:54,2026-07-16T11:00:00,2026-07-16T11:00:00,16.9,324.7,cab,completed
T003492,R003,D0041,V4,S3,2026-07-16T21:15:00,2026-07-16T21:28:12,2026-07-16T22:00:00,2026-07-16T22:13:02.182360,21.5,141.7,shuttle,completed
T003493,R003,D0077,V5,S3,2026-07-16T21:15:00,2026-07-16T21:17:06,2026-07-16T22:00:00,2026-07-16T22:00:00,21.4,141.8,shuttle,completed
T003494,R006,D0007,V4,S3,2026-07-16T21:15:00,2026-07-16T21:18:48,2026-07-16T22:00:00,2026-07-16T22:02:38.404813,19.5,132.4,shuttle,completed
T003495,R008,D0012,V2,S3,2026-07-16T21:15:00,2026-07-16T21:18:42,2026-07-16T22:00:00,2026-07-16T22:00:00.762167,9.0,140.4,nodal,completed
T003496,R008,D0106,V2,S3,2026-07-16T21:15:00,2026-07-16T21:16:30,2026-07-16T22:00:00,2026-07-16T22:00:00,9.7,129.4,nodal,completed
T003497,R011,D0054,V2,S3,2026-07-16T21:15:00,2026-07-16T21:16:06,2026-07-16T22:00:00,2026-07-16T22:00:00,8.3,129.1,nodal,completed
T003498,R011,D0040,V1,S3,2026-07-16T21:15:00,2026-07-16T21:20:54,2026-07-16T22:00:00,2026-07-16T22:04:34.357851,8.0,127.3,nodal,completed
T003499,R011,D0112,V1,S3,2026-07-16T21:15:00,2026-07-16T21:29:12,2026-07-16T22:00:00,2026-07-16T22:12:28.460566,8.2,138.2,nodal,completed
T003500,R013,D0024,V1,S3,2026-07-16T21:15:00,2026-07-16T21:21:48,2026-07-16T22:00:00,2026-07-16T22:01:55.943726,11.1,243.8,cab,completed
T003501,R013,D0033,V1,S3,2026-07-16T21:15:00,2026-07-16T21:15:48,2026-07-16T22:00:00,2026-07-16T22:00:00,11.8,248.6,cab,completed
T003502,R013,D0014,V5,S3,2026-07-16T21:15:00,2026-07-16T21:18:24,2026-07-16T22:00:00,2026-07-16T22:00:38.442104,10.8,231.8,cab,completed
T003503,R013,D0068,V1,S3,2026-07-16T21:15:00,2026-07-16T21:19:30,2026-07-16T22:00:00,2026-07-16T22:00:04.692128,11.4,243.7,cab,completed
T003504,R013,D0105,V3,S3,2026-07-16T21:15:00,2026-07-16T21:22:00,2026-07-16T22:00:00,2026-07-16T22:02:20.895618,11.3,253.0,cab,completed
T003505,R013,D0047,V3,S3,2026-07-16T21:15:00,2026-07-16T21:16:24,2026-07-16T22:00:00,2026-07-16T22:00:00,11.8,260.6,cab,completed
T003506,R018,D0087,V2,S3,2026-07-16T21:15:00,2026-07-16T21:19:42,2026-07-16T22:00:00,2026-07-16T22:00:45.425320,16.0,106.5,shuttle,completed
T003507,R018,D0073,V2,S3,2026-07-16T21:15:00,2026-07-16T21:23:36,2026-07-16T22:00:00,2026-07-16T22:07:43.854305,16.0,96.8,shuttle,completed
T003508,R020,D0043,V1,S3,2026-07-16T21:15:00,2026-07-16T21:15:36,2026-07-16T22:00:00,2026-07-16T22:00:00,9.9,135.4,nodal,completed
T003509,R020,D0063,V2,S3,2026-07-16T21:15:00,2026-07-16T21:17:00,2026-07-16T22:00:00,2026-07-16T22:00:00,10.3,137.9,nodal,completed
T003510,R022,D0045,V1,S3,2026-07-16T21:15:00,2026-07-16T21:16:30,2026-07-16T22:00:00,2026-07-16T22:00:18.910393,16.2,317.2,cab,completed
T003511,R022,D0082,V1,S3,2026-07-16T21:15:00,2026-07-16T21:16:36,2026-07-16T22:00:00,2026-07-16T22:00:00,17.1,327.0,cab,completed
T003512,R022,D0117,V1,S3,2026-07-16T21:15:00,2026-07-16T21:20:12,2026-07-16T22:00:00,2026-07-16T22:02:11.958463,17.0,331.4,cab,completed
T003513,R022,D0022,V5,S3,2026-07-16T21:15:00,2026-07-16T21:16:30,2026-07-16T22:00:00,2026-07-16T22:00:00,16.9,332.7,cab,completed
T003514,R003,D0093,V4,S1,2026-07-17T08:15:00,2026-07-17T08:42:30,2026-07-17T09:00:00,2026-07-17T09:26:28.854026,21.8,128.0,shuttle,completed
T003515,R003,D0119,V4,S1,2026-07-17T08:15:00,2026-07-17T08:32:42,2026-07-17T09:00:00,2026-07-17T09:15:36.466885,23.4,138.8,shuttle,completed
T003516,R003,D0073,V2,S1,2026-07-17T08:15:00,2026-07-17T08:21:00,2026-07-17T09:00:00,2026-07-17T09:04:02.775371,23.5,137.3,shuttle,completed
T003517,R006,D0116,V5,S1,2026-07-17T08:15:00,2026-07-17T08:43:18,2026-07-17T09:00:00,2026-07-17T09:26:36.838454,19.6,142.0,shuttle,completed
T003518,R006,D0046,V5,S1,2026-07-17T08:15:00,2026-07-17T08:19:48,2026-07-17T09:00:00,2026-07-17T09:04:46.725274,19.7,131.4,shuttle,completed
T003519,R006,D0098,V5,S1,2026-07-17T08:15:00,2026-07-17T08:29:06,2026-07-17T09:00:00,2026-07-17T09:11:24.929535,19.7,129.9,shuttle,completed
T003520,R008,D0096,V2,S1,2026-07-17T08:15:00,2026-07-17T08:16:42,2026-07-17T09:00:00,2026-07-17T09:00:00,8.7,125.6,nodal,completed
T003521,R008,D0111,V1,S1,2026-07-17T08:15:00,2026-07-17T08:20:48,2026-07-17T09:00:00,2026-07-17T09:05:37.901945,9.1,141.4,nodal,completed
T003522,R008,D0072,V2,S1,2026-07-17T08:15:00,2026-07-17T08:24:36,2026-07-17T09:00:00,2026-07-17T09:07:19.893879,8.9,135.9,nodal,completed
T003523,R008,D0080,V1,S1,2026-07-17T08:15:00,2026-07-17T08:18:54,2026-07-17T09:00:00,2026-07-17T09:02:10.136909,9.1,132.1,nodal,completed
T003524,R008,D0029,V2,S1,2026-07-17T08:15:00,,2026-07-17T09:00:00,,8.7,135.9,nodal,no_show
T003525,R008,D0066,V2,S1,2026-07-17T08:15:00,2026-07-17T08:17:42,2026-07-17T09:00:00,2026-07-17T09:00:42.116263,9.5,156.7,nodal,completed
T003526,R011,D0107,V2,S1,2026-07-17T08:15:00,2026-07-17T08:22:42,2026-07-17T09:00:00,2026-07-17T09:06:33.011102,8.2,116.4,nodal,completed
T003527,R011,D0097,V2,S1,2026-07-17T08:15:00,2026-07-17T08:16:12,2026-07-17T09:00:00,2026-07-17T09:01:07.764409,8.4,131.1,nodal,completed
T003528,R011,D0045,V1,S1,2026-07-17T08:15:00,2026-07-17T08:17:36,2026-07-17T09:00:00,2026-07-17T09:00:00,7.9,118.3,nodal,completed
T003529,R011,D0033,V1,S1,2026-07-17T08:15:00,2026-07-17T08:31:06,2026-07-17T09:00:00,2026-07-17T09:12:05.419311,7.8,114.4,nodal,completed
T003530,R011,D0032,V1,S1,2026-07-17T08:15:00,2026-07-17T08:21:06,2026-07-17T09:00:00,2026-07-17T09:01:18.662789,8.6,133.6,nodal,completed
T003531,R011,D0003,V1,S1,2026-07-17T08:15:00,2026-07-17T08:28:18,2026-07-17T09:00:00,2026-07-17T09:08:59.502524,8.4,128.1,nodal,completed
T003532,R013,D0086,V1,S1,2026-07-17T08:15:00,2026-07-17T08:31:54,2026-07-17T09:00:00,2026-07-17T09:13:12.198320,11.6,244.0,cab,completed
T003533,R013,D0024,V1,S1,2026-07-17T08:15:00,2026-07-17T08:24:54,2026-07-17T09:00:00,2026-07-17T09:06:15.266707,10.6,245.5,cab,completed
T003534,R013,D0039,V3,S1,2026-07-17T08:15:00,2026-07-17T08:23:24,2026-07-17T09:00:00,2026-07-17T09:08:14.869360,11.8,246.3,cab,completed
T003535,R013,D0027,V3,S1,2026-07-17T08:15:00,2026-07-17T08:18:42,2026-07-17T09:00:00,2026-07-17T09:00:00,11.8,247.3,cab,completed
T003536,R013,D0095,V3,S1,2026-07-17T08:15:00,2026-07-17T08:19:42,2026-07-17T09:00:00,2026-07-17T09:01:31.746627,11.6,259.6,cab,completed
T003537,R013,D0046,V5,S1,2026-07-17T08:15:00,2026-07-17T08:16:30,2026-07-17T09:00:00,2026-07-17T09:00:43.006325,11.3,252.8,cab,completed
T003538,R013,D0055,V3,S1,2026-07-17T08:15:00,,2026-07-17T09:00:00,,11.4,256.2,cab,no_show
T003539,R013,D0036,V3,S1,2026-07-17T08:15:00,2026-07-17T08:26:48,2026-07-17T09:00:00,2026-07-17T09:09:24.439299,11.8,245.3,cab,completed
T003540,R013,D0016,V5,S1,2026-07-17T08:15:00,2026-07-17T08:17:54,2026-07-17T09:00:00,2026-07-17T09:00:00,11.4,255.8,cab,completed
T003541,R013,D0016,V5,S1,2026-07-17T08:15:00,2026-07-17T08:25:54,2026-07-17T09:00:00,2026-07-17T09:08:33.583560,10.6,243.5,cab,completed
T003542,R013,D0100,V3,S1,2026-07-17T08:15:00,2026-07-17T08:22:36,2026-07-17T09:00:00,,11.8,254.5,cab,cancelled
T003543,R018,D0007,V4,S1,2026-07-17T08:15:00,2026-07-17T08:15:00,2026-07-17T09:00:00,2026-07-17T09:00:00,15.8,110.6,shuttle,completed
T003544,R018,D0084,V4,S1,2026-07-17T08:15:00,2026-07-17T08:30:00,2026-07-17T09:00:00,2026-07-17T09:13:39.310530,15.5,93.4,shuttle,completed
T003545,R018,D0016,V5,S1,2026-07-17T08:15:00,2026-07-17T08:17:54,2026-07-17T09:00:00,2026-07-17T09:02:17.046302,15.1,95.6,shuttle,completed
T003546,R020,D0017,V2,S1,2026-07-17T08:15:00,2026-07-17T08:15:30,2026-07-17T09:00:00,2026-07-17T09:00:20.214177,9.7,140.0,nodal,completed
T003547,R020,D0025,V2,S1,2026-07-17T08:15:00,2026-07-17T08:23:36,2026-07-17T09:00:00,2026-07-17T09:06:25.017284,10.2,156.8,nodal,completed
T003548,R020,D0032,V1,S1,2026-07-17T08:15:00,2026-07-17T08:20:24,2026-07-17T09:00:00,2026-07-17T09:00:46.768474,9.9,140.8,nodal,completed
T003549,R020,D0068,V1,S1,2026-07-17T08:15:00,2026-07-17T08:32:30,2026-07-17T09:00:00,2026-07-17T09:13:43.238372,10.1,137.1,nodal,completed
T003550,R020,D0113,V2,S1,2026-07-17T08:15:00,2026-07-17T08:15:42,2026-07-17T09:00:00,2026-07-17T09:00:01.779835,9.8,147.8,nodal,completed
T003551,R020,D0020,V2,S1,2026-07-17T08:15:00,2026-07-17T08:18:24,2026-07-17T09:00:00,2026-07-17T09:02:34.975234,10.7,149.6,nodal,completed
T003552,R020,D0033,V1,S1,2026-07-17T08:15:00,2026-07-17T08:21:06,2026-07-17T09:00:00,2026-07-17T09:02:40.770474,9.9,134.4,nodal,completed
T003553,R022,D0112,V1,S1,2026-07-17T08:15:00,2026-07-17T08:26:48,2026-07-17T09:00:00,2026-07-17T09:09:30.909461,17.8,336.1,cab,completed
T003554,R022,D0083,V3,S1,2026-07-17T08:15:00,2026-07-17T08:32:06,2026-07-17T09:00:00,2026-07-17T09:13:35.089740,17.3,337.8,cab,completed
T003555,R022,D0064,V3,S1,2026-07-17T08:15:00,2026-07-17T08:16:48,2026-07-17T09:00:00,2026-07-17T09:00:45.049979,18.0,334.0,cab,completed
T003556,R022,D0046,V5,S1,2026-07-17T08:15:00,2026-07-17T08:18:24,2026-07-17T09:00:00,2026-07-17T09:02:57.739276,17.2,332.0,cab,completed
T003557,R022,D0076,V3,S1,2026-07-17T08:15:00,2026-07-17T08:18:00,2026-07-17T09:00:00,2026-07-17T09:00:22.118729,16.4,318.9,cab,completed
T003558,R022,D0085,V3,S1,2026-07-17T08:15:00,2026-07-17T08:18:18,2026-07-17T09:00:00,2026-07-17T09:00:00,17.9,349.9,cab,completed
T003559,R022,D0042,V5,S1,2026-07-17T08:15:00,2026-07-17T08:38:36,2026-07-17T09:00:00,2026-07-17T09:21:29.561209,17.3,340.8,cab,completed
T003560,R022,D0022,V5,S1,2026-07-17T08:15:00,2026-07-17T08:28:00,2026-07-17T09:00:00,2026-07-17T09:08:26.124561,17.5,336.0,cab,completed
T003561,R022,D0120,V5,S1,2026-07-17T08:15:00,2026-07-17T08:22:24,2026-07-17T09:00:00,2026-07-17T09:03:06.842689,16.3,322.7,cab,completed
T003562,R022,D0037,V3,S1,2026-07-17T08:15:00,2026-07-17T08:19:06,2026-07-17T09:00:00,2026-07-17T09:00:27.166514,17.7,336.3,cab,completed
T003563,R022,D0105,V3,S1,2026-07-17T08:15:00,2026-07-17T08:24:54,2026-07-17T09:00:00,2026-07-17T09:08:04.324220,16.6,314.6,cab,completed
T003564,R003,D0041,V4,S2,2026-07-17T10:15:00,2026-07-17T10:24:24,2026-07-17T11:00:00,2026-07-17T11:09:05.003938,21.0,127.1,shuttle,completed
T003565,R003,D0057,V2,S2,2026-07-17T10:15:00,2026-07-17T10:16:12,2026-07-17T11:00:00,2026-07-17T11:00:00,21.3,140.5,shuttle,completed
T003566,R006,D0073,V2,S2,2026-07-17T10:15:00,2026-07-17T10:21:18,2026-07-17T11:00:00,2026-07-17T11:04:45.665987,18.5,108.3,shuttle,completed
T003567,R006,D0070,V2,S2,2026-07-17T10:15:00,2026-07-17T10:35:24,2026-07-17T11:00:00,2026-07-17T11:17:44.030276,18.3,115.0,shuttle,completed
T003568,R008,D0113,V2,S2,2026-07-17T10:15:00,2026-07-17T10:15:06,2026-07-17T11:00:00,2026-07-17T11:00:00,9.7,129.1,nodal,completed
T003569,R008,D0015,V1,S2,2026-07-17T10:15:00,2026-07-17T10:19:24,2026-07-17T11:00:00,2026-07-17T11:04:02.481637,8.7,137.9,nodal,completed
T003570,R008,D0005,V1,S2,2026-07-17T10:15:00,2026-07-17T10:19:48,2026-07-17T11:00:00,2026-07-17T11:00:38.857667,9.5,133.0,nodal,completed
T003571,R011,D0053,V1,S2,2026-07-17T10:15:00,,2026-07-17T11:00:00,2026-07-17T11:00:00,8.2,120.8,nodal,completed
T003572,R011,D0043,V1,S2,2026-07-17T10:15:00,2026-07-17T10:21:48,2026-07-17T11:00:00,2026-07-17T11:04:09.280576,8.5,123.1,nodal,completed
T003573,R011,D0005,V1,S2,2026-07-17T10:15:00,,2026-07-17T11:00:00,2026-07-17T11:00:00,8.4,129.3,nodal,completed
T003574,R011,D0078,V2,S2,2026-07-17T10:15:00,2026-07-17T10:19:00,2026-07-17T11:00:00,2026-07-17T11:03:24.295610,8.4,121.4,nodal,completed
T003575,R013,D0036,V3,S2,2026-07-17T10:15:00,2026-07-17T10:16:42,2026-07-17T11:00:00,2026-07-17T11:00:03.604456,11.7,244.1,cab,completed
T003576,R013,D0038,V5,S2,2026-07-17T10:15:00,2026-07-17T10:18:42,2026-07-17T11:00:00,2026-07-17T11:02:32.152490,10.6,230.2,cab,completed
T003577,R013,D0016,V5,S2,2026-07-17T10:15:00,2026-07-17T10:17:42,2026-07-17T11:00:00,2026-07-17T11:01:03.305305,11.4,246.1,cab,completed
T003578,R013,D0058,V1,S2,2026-07-17T10:15:00,2026-07-17T10:20:24,2026-07-17T11:00:00,2026-07-17T11:03:36.592194,11.0,248.8,cab,completed
T003579,R013,D0100,V3,S2,2026-07-17T10:15:00,,2026-07-17T11:00:00,,11.3,257.6,cab,no_show
T003580,R013,D0056,V1,S2,2026-07-17T10:15:00,,2026-07-17T11:00:00,2026-07-17T11:01:59.214718,11.6,259.6,cab,completed
T003581,R013,D0103,V5,S2,2026-07-17T10:15:00,2026-07-17T10:21:00,2026-07-17T11:00:00,2026-07-17T11:02:06.707193,11.6,255.7,cab,completed
T003582,R013,D0110,V1,S2,2026-07-17T10:15:00,2026-07-17T10:15:24,2026-07-17T11:00:00,2026-07-17T11:00:00,10.8,239.5,cab,completed
T003583,R018,D0030,V2,S2,2026-07-17T10:15:00,2026-07-17T10:15:48,2026-07-17T11:00:00,2026-07-17T11:00:00,14.8,95.2,shuttle,completed
T003584,R018,D0090,V2,S2,2026-07-17T10:15:00,2026-07-17T10:15:12,2026-07-17T11:00:00,2026-07-17T11:00:00,14.9,96.6,shuttle,completed
T003585,R020,D0009,V1,S2,2026-07-17T10:15:00,2026-07-17T10:31:00,2026-07-17T11:00:00,2026-07-17T11:13:11.226357,10.3,134.8,nodal,completed
T003586,R020,D0117,V1,S2,2026-07-17T10:15:00,2026-07-17T10:19:12,2026-07-17T11:00:00,2026-07-17T11:00:00,10.4,138.9,nodal,completed
T003587,R020,D0056,V1,S2,2026-07-17T10:15:00,2026-07-17T10:24:00,2026-07-17T11:00:00,2026-07-17T11:08:52.144034,9.9,143.8,nodal,completed
T003588,R020,D0035,V1,S2,2026-07-17T10:15:00,2026-07-17T10:15:24,2026-07-17T11:00:00,2026-07-17T11:00:00,9.6,128.4,nodal,completed
T003589,R022,D0065,V3,S2,2026-07-17T10:15:00,,2026-07-17T11:00:00,,17.6,330.6,cab,no_show
T003590,R022,D0005,V1,S2,2026-07-17T10:15:00,2026-07-17T10:17:30,2026-07-17T11:00:00,2026-07-17T11:00:20.556481,16.6,329.0,cab,completed
T003591,R022,D0056,V1,S2,2026-07-17T10:15:00,2026-07-17T10:19:06,2026-07-17T11:00:00,2026-07-17T11:01:04.420059,16.9,321.5,cab,completed
T003592,R022,D0031,V3,S2,2026-07-17T10:15:00,2026-07-17T10:25:00,2026-07-17T11:00:00,2026-07-17T11:08:28.207870,16.7,331.3,cab,completed
T003593,R022,D0033,V1,S2,2026-07-17T10:15:00,2026-07-17T10:15:06,2026-07-17T11:00:00,2026-07-17T11:00:00,16.4,322.3,cab,completed
T003594,R022,D0015,V1,S2,2026-07-17T10:15:00,2026-07-17T10:23:12,2026-07-17T11:00:00,2026-07-17T11:07:55.898258,16.6,319.4,cab,completed
T003595,R022,D0101,V5,S2,2026-07-17T10:15:00,2026-07-17T10:26:30,2026-07-17T11:00:00,2026-07-17T11:09:24.024529,18.1,336.0,cab,completed
T003596,R022,D0062,V3,S2,2026-07-17T10:15:00,2026-07-17T10:16:18,2026-07-17T11:00:00,2026-07-17T11:00:00,16.3,310.7,cab,completed
T003597,R003,D0094,V2,S3,2026-07-17T21:15:00,2026-07-17T21:16:00,2026-07-17T22:00:00,2026-07-17T22:00:54.251755,21.4,130.0,shuttle,completed
T003598,R003,D0046,V5,S3,2026-07-17T21:15:00,2026-07-17T21:27:18,2026-07-17T22:00:00,2026-07-17T22:09:33.013117,23.7,146.1,shuttle,completed
T003599,R006,D0078,V2,S3,2026-07-17T21:15:00,2026-07-17T21:20:18,2026-07-17T22:00:00,2026-07-17T22:03:13.543368,20.4,130.9,shuttle,completed
T003600,R008,D0053,V1,S3,2026-07-17T21:15:00,2026-07-17T21:17:42,2026-07-17T22:00:00,2026-07-17T22:00:53.708869,9.4,142.5,nodal,completed
T003601,R008,D0005,V1,S3,2026-07-17T21:15:00,2026-07-17T21:37:24,2026-07-17T22:00:00,2026-07-17T22:19:40.372247,9.4,142.7,nodal,completed
T003602,R011,D0051,V2,S3,2026-07-17T21:15:00,2026-07-17T21:19:24,2026-07-17T22:00:00,2026-07-17T22:02:12.068427,7.6,113.8,nodal,completed
T003603,R011,D0097,V2,S3,2026-07-17T21:15:00,2026-07-17T21:24:36,2026-07-17T22:00:00,2026-07-17T22:05:42.311041,8.5,118.8,nodal,completed
T003604,R011,D0113,V2,S3,2026-07-17T21:15:00,2026-07-17T21:17:36,2026-07-17T22:00:00,2026-07-17T22:01:26.991326,8.1,131.4,nodal,completed
T003605,R013,D0035,V1,S3,2026-07-17T21:15:00,2026-07-17T21:39:12,2026-07-17T22:00:00,2026-07-17T22:20:00.380386,11.8,254.5,cab,completed
T003606,R013,D0031,V3,S3,2026-07-17T21:15:00,2026-07-17T21:25:18,2026-07-17T22:00:00,2026-07-17T22:09:01.179978,10.5,232.7,cab,completed
T003607,R013,D0032,V1,S3,2026-07-17T21:15:00,2026-07-17T21:15:06,2026-07-17T22:00:00,2026-07-17T22:00:00,11.2,246.8,cab,completed
T003608,R013,D0077,V5,S3,2026-07-17T21:15:00,2026-07-17T21:17:24,2026-07-17T22:00:00,2026-07-17T22:00:16.484329,11.1,255.2,cab,completed
T003609,R013,D0065,V3,S3,2026-07-17T21:15:00,2026-07-17T21:15:24,2026-07-17T22:00:00,2026-07-17T22:00:00,11.7,247.3,cab,completed
T003610,R013,D0008,V1,S3,2026-07-17T21:15:00,2026-07-17T21:18:36,2026-07-17T22:00:00,2026-07-17T22:00:00,11.8,260.5,cab,completed
T003611,R018,D0018,V5,S3,2026-07-17T21:15:00,2026-07-17T21:19:36,2026-07-17T22:00:00,2026-07-17T22:02:40.515315,14.9,95.3,shuttle,completed
T003612,R018,D0101,V5,S3,2026-07-17T21:15:00,2026-07-17T21:17:06,2026-07-17T22:00:00,2026-07-17T22:00:00,15.2,91.0,shuttle,completed
T003613,R020,D0106,V2,S3,2026-07-17T21:15:00,2026-07-17T21:18:06,2026-07-17T22:00:00,2026-07-17T22:02:50.304499,10.3,140.8,nodal,completed
T003614,R020,D0086,V1,S3,2026-07-17T21:15:00,2026-07-17T21:17:18,2026-07-17T22:00:00,2026-07-17T22:00:00,9.6,153.9,nodal,completed
T003615,R022,D0022,V5,S3,2026-07-17T21:15:00,2026-07-17T21:18:06,2026-07-17T22:00:00,2026-07-17T22:00:35.498874,17.5,327.0,cab,completed
T003616,R022,D0112,V1,S3,2026-07-17T21:15:00,2026-07-17T21:18:18,2026-07-17T22:00:00,2026-07-17T22:00:00,16.8,334.9,cab,completed
T003617,R022,D0089,V3,S3,2026-07-17T21:15:00,2026-07-17T21:19:12,2026-07-17T22:00:00,2026-07-17T22:01:47.456282,16.5,330.2,cab,completed
T003618,R022,D0076,V3,S3,2026-07-17T21:15:00,2026-07-17T21:18:12,2026-07-17T22:00:00,2026-07-17T22:00:23.680895,16.8,324.2,cab,completed
T003619,R003,D0069,V5,S1,2026-07-20T08:15:00,2026-07-20T08:20:42,2026-07-20T09:00:00,2026-07-20T09:00:59.583985,22.8,141.3,shuttle,completed
T003620,R003,D0108,V5,S1,2026-07-20T08:15:00,2026-07-20T08:16:00,2026-07-20T09:00:00,2026-07-20T09:00:21.709040,22.0,144.5,shuttle,completed
T003621,R003,D0099,V5,S1,2026-07-20T08:15:00,2026-07-20T08:15:12,2026-07-20T09:00:00,2026-07-20T09:00:00,21.4,129.9,shuttle,completed
T003622,R006,D0103,V5,S1,2026-07-20T08:15:00,2026-07-20T08:21:42,2026-07-20T09:00:00,2026-07-20T09:04:02.538295,20.3,120.0,shuttle,completed
T003623,R006,D0007,V4,S1,2026-07-20T08:15:00,2026-07-20T08:28:48,2026-07-20T09:00:00,2026-07-20T09:09:07.404052,18.8,119.9,shuttle,completed
T003624,R006,D0007,V4,S1,2026-07-20T08:15:00,2026-07-20T08:15:30,2026-07-20T09:00:00,2026-07-20T09:00:15.054556,18.8,112.4,shuttle,completed
T003625,R008,D0009,V1,S1,2026-07-20T08:15:00,2026-07-20T08:18:42,2026-07-20T09:00:00,2026-07-20T09:02:39.305981,8.8,133.1,nodal,completed
T003626,R008,D0063,V2,S1,2026-07-20T08:15:00,2026-07-20T08:27:42,2026-07-20T09:00:00,2026-07-20T09:12:10.429761,9.0,123.1,nodal,completed
T003627,R008,D0111,V1,S1,2026-07-20T08:15:00,2026-07-20T08:21:54,2026-07-20T09:00:00,2026-07-20T09:05:03.893938,8.7,121.6,nodal,completed
T003628,R008,D0111,V1,S1,2026-07-20T08:15:00,2026-07-20T08:19:24,2026-07-20T09:00:00,2026-07-20T09:02:07.749631,8.8,128.8,nodal,completed
T003629,R008,D0081,V2,S1,2026-07-20T08:15:00,2026-07-20T08:23:42,2026-07-20T09:00:00,2026-07-20T09:05:58.394475,8.9,121.0,nodal,completed
T003630,R008,D0090,V2,S1,2026-07-20T08:15:00,2026-07-20T08:24:18,2026-07-20T09:00:00,2026-07-20T09:05:54.351303,9.5,150.3,nodal,completed
T003631,R011,D0053,V1,S1,2026-07-20T08:15:00,2026-07-20T08:15:42,2026-07-20T09:00:00,2026-07-20T09:00:00,8.6,118.0,nodal,completed
T003632,R011,D0017,V2,S1,2026-07-20T08:15:00,2026-07-20T08:18:30,2026-07-20T09:00:00,2026-07-20T09:01:01.604897,8.5,118.8,nodal,completed
T003633,R011,D0001,V2,S1,2026-07-20T08:15:00,2026-07-20T08:21:12,2026-07-20T09:00:00,2026-07-20T09:04:04.284189,8.2,124.4,nodal,completed
T003634,R011,D0063,V2,S1,2026-07-20T08:15:00,,2026-07-20T09:00:00,,8.1,127.7,nodal,no_show
T003635,R011,D0066,V2,S1,2026-07-20T08:15:00,2026-07-20T08:17:48,2026-07-20T09:00:00,2026-07-20T09:00:00,8.4,120.3,nodal,completed
T003636,R011,D0011,V2,S1,2026-07-20T08:15:00,2026-07-20T08:15:36,2026-07-20T09:00:00,2026-07-20T09:00:00,8.3,126.8,nodal,completed
T003637,R013,D0036,V3,S1,2026-07-20T08:15:00,2026-07-20T08:16:48,2026-07-20T09:00:00,2026-07-20T09:00:00,11.7,251.1,cab,completed
T003638,R013,D0120,V5,S1,2026-07-20T08:15:00,2026-07-20T08:16:54,2026-07-20T09:00:00,2026-07-20T09:01:51.760790,11.4,257.2,cab,completed
T003639,R013,D0100,V3,S1,2026-07-20T08:15:00,2026-07-20T08:16:42,2026-07-20T09:00:00,2026-07-20T09:00:00,11.3,250.4,cab,completed
T003640,R013,D0049,V3,S1,2026-07-20T08:15:00,2026-07-20T08:20:54,2026-07-20T09:00:00,2026-07-20T09:04:11.549266,10.7,235.4,cab,completed
T003641,R013,D0098,V5,S1,2026-07-20T08:15:00,2026-07-20T08:15:30,2026-07-20T09:00:00,2026-07-20T09:00:00,11.3,240.2,cab,completed
T003642,R013,D0003,V1,S1,2026-07-20T08:15:00,2026-07-20T08:17:18,2026-07-20T09:00:00,2026-07-20T09:01:48.375232,11.7,257.6,cab,completed
T003643,R013,D0036,V3,S1,2026-07-20T08:15:00,2026-07-20T08:15:48,2026-07-20T09:00:00,2026-07-20T09:00:00,10.6,248.0,cab,completed
T003644,R013,D0052,V1,S1,2026-07-20T08:15:00,2026-07-20T08:15:36,2026-07-20T09:00:00,2026-07-20T09:00:00,10.8,239.1,cab,completed
T003645,R013,D0079,V3,S1,2026-07-20T08:15:00,2026-07-20T08:16:06,2026-07-20T09:00:00,2026-07-20T09:00:00,11.5,252.0,cab,completed
T003646,R013,D0065,V3,S1,2026-07-20T08:15:00,2026-07-20T08:18:18,2026-07-20T09:00:00,2026-07-20T09:03:01.167567,11.7,246.4,cab,completed
T003647,R013,D0024,V1,S1,2026-07-20T08:15:00,2026-07-20T08:15:42,2026-07-20T09:00:00,2026-07-20T09:00:00,10.5,233.2,cab,completed
T003648,R018,D0019,V4,S1,2026-07-20T08:15:00,2026-07-20T08:18:18,2026-07-20T09:00:00,2026-07-20T09:02:46.006295,15.0,92.7,shuttle,completed
T003649,R018,D0007,V4,S1,2026-07-20T08:15:00,2026-07-20T08:26:42,2026-07-20T09:00:00,2026-07-20T09:09:55.322940,14.5,95.3,shuttle,completed
T003650,R018,D0046,V5,S1,2026-07-20T08:15:00,2026-07-20T08:57:12,2026-07-20T09:00:00,2026-07-20T09:41:28.622331,15.9,102.4,shuttle,completed
T003651,R020,D0051,V2,S1,2026-07-20T08:15:00,2026-07-20T08:22:06,2026-07-20T09:00:00,2026-07-20T09:02:20.064638,10.3,141.5,nodal,completed
T003652,R020,D0096,V2,S1,2026-07-20T08:15:00,2026-07-20T08:16:00,2026-07-20T09:00:00,2026-07-20T09:00:00,9.8,135.9,nodal,completed
T003653,R020,D0081,V2,S1,2026-07-20T08:15:00,2026-07-20T08:20:06,2026-07-20T09:00:00,2026-07-20T09:00:41.599225,9.9,144.2,nodal,completed
T003654,R020,D0029,V2,S1,2026-07-20T08:15:00,2026-07-20T08:35:48,2026-07-20T09:00:00,2026-07-20T09:18:44.972970,9.8,142.5,nodal,completed
T003655,R020,D0111,V1,S1,2026-07-20T08:15:00,2026-07-20T08:16:30,2026-07-20T09:00:00,2026-07-20T09:00:00,10.3,141.2,nodal,completed
T003656,R020,D0024,V1,S1,2026-07-20T08:15:00,2026-07-20T08:19:42,2026-07-20T09:00:00,2026-07-20T09:02:30.733680,9.9,141.9,nodal,completed
T003657,R020,D0010,V1,S1,2026-07-20T08:15:00,2026-07-20T08:21:36,2026-07-20T09:00:00,2026-07-20T09:02:05.529797,10.7,142.9,nodal,completed
T003658,R022,D0018,V5,S1,2026-07-20T08:15:00,2026-07-20T08:21:12,2026-07-20T09:00:00,2026-07-20T09:01:57.507046,17.2,327.2,cab,completed
T003659,R022,D0085,V3,S1,2026-07-20T08:15:00,2026-07-20T08:21:12,2026-07-20T09:00:00,2026-07-20T09:03:07.770960,17.9,331.4,cab,completed
T003660,R022,D0039,V3,S1,2026-07-20T08:15:00,2026-07-20T08:17:24,2026-07-20T09:00:00,2026-07-20T09:00:00,18.0,335.7,cab,completed
T003661,R022,D0043,V1,S1,2026-07-20T08:15:00,2026-07-20T08:18:36,2026-07-20T09:00:00,2026-07-20T09:00:47.481391,18.1,340.2,cab,completed
T003662,R022,D0085,V3,S1,2026-07-20T08:15:00,2026-07-20T08:17:36,2026-07-20T09:00:00,2026-07-20T09:00:00,16.5,341.5,cab,completed
T003663,R022,D0038,V5,S1,2026-07-20T08:15:00,2026-07-20T08:18:30,2026-07-20T09:00:00,2026-07-20T09:00:00,16.4,325.3,cab,completed
T003664,R022,D0031,V3,S1,2026-07-20T08:15:00,2026-07-20T08:26:12,2026-07-20T09:00:00,2026-07-20T09:07:26.683519,17.4,339.5,cab,completed
T003665,R022,D0056,V1,S1,2026-07-20T08:15:00,2026-07-20T08:17:00,2026-07-20T09:00:00,2026-07-20T09:00:00,17.1,331.6,cab,completed
T003666,R022,D0101,V5,S1,2026-07-20T08:15:00,2026-07-20T08:16:18,2026-07-20T09:00:00,2026-07-20T09:00:00,17.5,330.5,cab,completed
T003667,R022,D0086,V1,S1,2026-07-20T08:15:00,2026-07-20T08:20:42,2026-07-20T09:00:00,2026-07-20T09:03:26.192691,16.8,315.7,cab,completed
T003668,R022,D0062,V3,S1,2026-07-20T08:15:00,2026-07-20T08:19:42,2026-07-20T09:00:00,2026-07-20T09:04:21.998244,18.1,336.8,cab,completed
T003669,R003,D0007,V4,S2,2026-07-20T10:15:00,2026-07-20T10:16:24,2026-07-20T11:00:00,2026-07-20T11:00:00,23.0,141.7,shuttle,completed
T003670,R003,D0119,V4,S2,2026-07-20T10:15:00,2026-07-20T10:28:00,2026-07-20T11:00:00,2026-07-20T11:12:37.524334,22.5,146.3,shuttle,completed
T003671,R006,D0007,V4,S2,2026-07-20T10:15:00,2026-07-20T10:15:18,2026-07-20T11:00:00,2026-07-20T11:00:00,19.4,121.4,shuttle,completed
T003672,R006,D0094,V2,S2,2026-07-20T10:15:00,2026-07-20T10:21:36,2026-07-20T11:00:00,2026-07-20T11:01:52.643429,18.4,110.4,shuttle,completed
T003673,R008,D0009,V1,S2,2026-07-20T10:15:00,2026-07-20T10:15:18,2026-07-20T11:00:00,2026-07-20T11:00:00,9.1,138.2,nodal,completed
T003674,R008,D0003,V1,S2,2026-07-20T10:15:00,2026-07-20T10:18:12,2026-07-20T11:00:00,2026-07-20T11:00:46.632968,8.7,133.5,nodal,completed
T003675,R008,D0081,V2,S2,2026-07-20T10:15:00,2026-07-20T10:16:36,2026-07-20T11:00:00,2026-07-20T11:00:00,9.7,138.8,nodal,completed
T003676,R011,D0111,V1,S2,2026-07-20T10:15:00,2026-07-20T10:18:00,2026-07-20T11:00:00,2026-07-20T11:00:00,7.6,112.2,nodal,completed
T003677,R011,D0017,V2,S2,2026-07-20T10:15:00,2026-07-20T10:25:30,2026-07-20T11:00:00,2026-07-20T11:05:37.366589,8.3,118.1,nodal,completed
T003678,R011,D0082,V1,S2,2026-07-20T10:15:00,2026-07-20T10:15:06,2026-07-20T11:00:00,2026-07-20T11:00:00,8.0,129.6,nodal,completed
T003679,R011,D0032,V1,S2,2026-07-20T10:15:00,2026-07-20T10:16:48,2026-07-20T11:00:00,2026-07-20T11:00:00,8.3,115.1,nodal,completed
T003680,R013,D0003,V1,S2,2026-07-20T10:15:00,2026-07-20T10:16:06,2026-07-20T11:00:00,2026-07-20T11:00:00,11.2,255.3,cab,completed
T003681,R013,D0065,V3,S2,2026-07-20T10:15:00,2026-07-20T10:15:54,2026-07-20T11:00:00,2026-07-20T11:00:00,11.2,243.3,cab,completed
T003682,R013,D0101,V5,S2,2026-07-20T10:15:00,2026-07-20T10:28:30,2026-07-20T11:00:00,2026-07-20T11:09:19.186856,11.1,241.0,cab,completed
T003683,R013,D0046,V5,S2,2026-07-20T10:15:00,2026-07-20T10:23:18,2026-07-20T11:00:00,2026-07-20T11:06:27.997192,11.6,256.9,cab,completed
T003684,R013,D0023,V3,S2,2026-07-20T10:15:00,,2026-07-20T11:00:00,,11.2,253.2,cab,no_show
T003685,R013,D0105,V3,S2,2026-07-20T10:15:00,2026-07-20T10:19:12,2026-07-20T11:00:00,2026-07-20T11:02:43.717010,11.5,249.3,cab,completed
T003686,R013,D0095,V3,S2,2026-07-20T10:15:00,2026-07-20T10:23:48,2026-07-20T11:00:00,2026-07-20T11:03:51.959251,10.9,247.6,cab,completed
T003687,R013,D0056,V1,S2,2026-07-20T10:15:00,2026-07-20T10:20:18,2026-07-20T11:00:00,2026-07-20T11:04:51.738098,11.4,256.3,cab,completed
T003688,R018,D0101,V5,S2,2026-07-20T10:15:00,2026-07-20T10:16:30,2026-07-20T11:00:00,2026-07-20T11:00:00,15.9,104.4,shuttle,completed
T003689,R018,D0018,V5,S2,2026-07-20T10:15:00,2026-07-20T10:19:00,2026-07-20T11:00:00,2026-07-20T11:00:58.711314,14.9,108.9,shuttle,completed
T003690,R020,D0040,V1,S2,2026-07-20T10:15:00,2026-07-20T10:16:30,2026-07-20T11:00:00,2026-07-20T11:00:00,9.6,127.5,nodal,completed
T003691,R020,D0053,V1,S2,2026-07-20T10:15:00,2026-07-20T10:16:00,2026-07-20T11:00:00,2026-07-20T11:00:25.232895,9.8,129.3,nodal,completed
T003692,R020,D0110,V1,S2,2026-07-20T10:15:00,2026-07-20T10:15:18,2026-07-20T11:00:00,2026-07-20T11:00:00,9.6,138.1,nodal,completed
T003693,R020,D0053,V1,S2,2026-07-20T10:15:00,2026-07-20T10:18:36,2026-07-20T11:00:00,2026-07-20T11:00:00,9.6,135.0,nodal,completed
T003694,R022,D0117,V1,S2,2026-07-20T10:15:00,2026-07-20T10:16:06,2026-07-20T11:00:00,2026-07-20T11:00:00,16.2,309.5,cab,completed
T003695,R022,D0028,V3,S2,2026-07-20T10:15:00,2026-07-20T10:18:36,2026-07-20T11:00:00,2026-07-20T11:03:25.361966,16.7,317.0,cab,completed
T003696,R022,D0046,V5,S2,2026-07-20T10:15:00,2026-07-20T10:25:06,2026-07-20T11:00:00,2026-07-20T11:09:44.497653,17.4,339.7,cab,completed
T003697,R022,D0013,V5,S2,2026-07-20T10:15:00,2026-07-20T10:21:24,2026-07-20T11:00:00,2026-07-20T11:04:58.062583,17.3,340.4,cab,completed
T003698,R022,D0089,V3,S2,2026-07-20T10:15:00,2026-07-20T10:21:54,2026-07-20T11:00:00,2026-07-20T11:04:34.090290,17.9,342.3,cab,completed
T003699,R022,D0016,V5,S2,2026-07-20T10:15:00,2026-07-20T10:26:30,2026-07-20T11:00:00,2026-07-20T11:10:15.090959,17.5,328.7,cab,completed
T003700,R022,D0082,V1,S2,2026-07-20T10:15:00,2026-07-20T10:15:54,2026-07-20T11:00:00,2026-07-20T11:00:00,17.4,340.1,cab,completed
T003701,R022,D0108,V5,S2,2026-07-20T10:15:00,2026-07-20T10:33:54,2026-07-20T11:00:00,2026-07-20T11:18:00.735299,18.3,353.4,cab,completed
T003702,R003,D0108,V5,S3,2026-07-20T21:15:00,2026-07-20T21:17:12,2026-07-20T22:00:00,2026-07-20T22:00:00,21.2,122.1,shuttle,completed
T003703,R003,D0007,V4,S3,2026-07-20T21:15:00,2026-07-20T21:48:12,2026-07-20T22:00:00,2026-07-20T22:28:15.525982,22.2,128.4,shuttle,completed
T003704,R006,D0019,V4,S3,2026-07-20T21:15:00,2026-07-20T21:25:12,2026-07-20T22:00:00,2026-07-20T22:06:16.108105,18.7,113.6,shuttle,completed
T003705,R008,D0024,V1,S3,2026-07-20T21:15:00,2026-07-20T21:16:42,2026-07-20T22:00:00,2026-07-20T22:00:00,9.1,137.6,nodal,completed
T003706,R008,D0070,V2,S3,2026-07-20T21:15:00,2026-07-20T21:16:24,2026-07-20T22:00:00,2026-07-20T22:00:00,8.7,120.7,nodal,completed
T003707,R011,D0090,V2,S3,2026-07-20T21:15:00,2026-07-20T21:15:48,2026-07-20T22:00:00,2026-07-20T22:00:00,8.1,113.7,nodal,completed
T003708,R011,D0012,V2,S3,2026-07-20T21:15:00,2026-07-20T21:18:06,2026-07-20T22:00:00,2026-07-20T22:00:00,8.6,121.7,nodal,completed
T003709,R011,D0001,V2,S3,2026-07-20T21:15:00,2026-07-20T21:16:36,2026-07-20T22:00:00,2026-07-20T22:00:00,7.7,126.4,nodal,completed
T003710,R013,D0046,V5,S3,2026-07-20T21:15:00,2026-07-20T21:17:36,2026-07-20T22:00:00,2026-07-20T22:01:27.632374,11.6,246.6,cab,completed
T003711,R013,D0023,V3,S3,2026-07-20T21:15:00,2026-07-20T21:16:18,2026-07-20T22:00:00,2026-07-20T22:00:40.680340,11.2,247.4,cab,completed
T003712,R013,D0053,V1,S3,2026-07-20T21:15:00,2026-07-20T21:18:42,2026-07-20T22:00:00,2026-07-20T22:02:20.914416,10.7,244.5,cab,completed
T003713,R013,D0111,V1,S3,2026-07-20T21:15:00,2026-07-20T21:20:24,2026-07-20T22:00:00,2026-07-20T22:04:58.290287,11.2,246.5,cab,completed
T003714,R013,D0009,V1,S3,2026-07-20T21:15:00,2026-07-20T21:15:06,2026-07-20T22:00:00,2026-07-20T22:00:00,10.8,235.4,cab,completed
T003715,R013,D0085,V3,S3,2026-07-20T21:15:00,2026-07-20T21:22:06,2026-07-20T22:00:00,2026-07-20T22:03:19.114465,11.9,256.1,cab,completed
T003716,R018,D0007,V4,S3,2026-07-20T21:15:00,2026-07-20T21:29:06,2026-07-20T22:00:00,2026-07-20T22:10:18.348936,14.9,104.7,shuttle,completed
T003717,R018,D0120,V5,S3,2026-07-20T21:15:00,2026-07-20T21:21:24,2026-07-20T22:00:00,2026-07-20T22:05:05.107170,15.5,98.1,shuttle,completed
T003718,R020,D0056,V1,S3,2026-07-20T21:15:00,2026-07-20T21:36:30,2026-07-20T22:00:00,2026-07-20T22:19:25.368419,10.0,143.4,nodal,completed
T003719,R020,D0111,V1,S3,2026-07-20T21:15:00,2026-07-20T21:17:18,2026-07-20T22:00:00,2026-07-20T22:00:00,9.7,143.9,nodal,completed
T003720,R022,D0047,V3,S3,2026-07-20T21:15:00,2026-07-20T21:24:00,2026-07-20T22:00:00,2026-07-20T22:05:05.750616,17.6,345.1,cab,completed
T003721,R022,D0024,V1,S3,2026-07-20T21:15:00,2026-07-20T21:19:30,2026-07-20T22:00:00,2026-07-20T22:00:43.150166,16.4,329.1,cab,completed
T003722,R022,D0069,V5,S3,2026-07-20T21:15:00,2026-07-20T21:22:18,2026-07-20T22:00:00,2026-07-20T22:02:27.519470,18.3,348.2,cab,completed
T003723,R022,D0111,V1,S3,2026-07-20T21:15:00,2026-07-20T21:20:00,2026-07-20T22:00:00,2026-07-20T22:04:41.905335,16.5,323.4,cab,completed
T003724,R003,D0051,V2,S1,2026-07-21T08:15:00,2026-07-21T08:15:54,2026-07-21T09:00:00,2026-07-21T09:00:30.563512,23.2,141.5,shuttle,completed
T003725,R003,D0042,V5,S1,2026-07-21T08:15:00,2026-07-21T08:15:42,2026-07-21T09:00:00,2026-07-21T09:00:00,21.3,125.1,shuttle,completed
T003726,R003,D0120,V5,S1,2026-07-21T08:15:00,,2026-07-21T09:00:00,,23.6,139.1,shuttle,no_show
T003727,R006,D0084,V4,S1,2026-07-21T08:15:00,2026-07-21T08:19:42,2026-07-21T09:00:00,2026-07-21T09:00:00,19.0,115.5,shuttle,completed
T003728,R006,D0042,V5,S1,2026-07-21T08:15:00,2026-07-21T08:25:30,2026-07-21T09:00:00,2026-07-21T09:05:39.537138,18.5,126.7,shuttle,completed
T003729,R006,D0074,V4,S1,2026-07-21T08:15:00,2026-07-21T08:18:48,2026-07-21T09:00:00,2026-07-21T09:02:21.492275,19.3,111.6,shuttle,completed
T003730,R008,D0070,V2,S1,2026-07-21T08:15:00,2026-07-21T08:23:54,2026-07-21T09:00:00,2026-07-21T09:04:59.264933,8.7,133.1,nodal,completed
T003731,R008,D0029,V2,S1,2026-07-21T08:15:00,2026-07-21T08:15:18,2026-07-21T09:00:00,2026-07-21T09:00:00,9.1,129.9,nodal,completed
T003732,R008,D0068,V1,S1,2026-07-21T08:15:00,,2026-07-21T09:00:00,,9.4,136.7,nodal,no_show
T003733,R008,D0086,V1,S1,2026-07-21T08:15:00,2026-07-21T08:15:12,2026-07-21T09:00:00,2026-07-21T09:00:00,9.6,138.8,nodal,completed
T003734,R008,D0078,V2,S1,2026-07-21T08:15:00,2026-07-21T08:17:06,2026-07-21T09:00:00,2026-07-21T09:00:55.663746,9.4,153.3,nodal,completed
T003735,R008,D0073,V2,S1,2026-07-21T08:15:00,2026-07-21T08:15:06,2026-07-21T09:00:00,2026-07-21T09:00:00,9.6,128.0,nodal,completed
T003736,R011,D0045,V1,S1,2026-07-21T08:15:00,2026-07-21T08:34:00,2026-07-21T09:00:00,2026-07-21T09:18:05.957099,7.6,127.1,nodal,completed
T003737,R011,D0056,V1,S1,2026-07-21T08:15:00,2026-07-21T08:17:24,2026-07-21T09:00:00,2026-07-21T09:01:35.857489,8.1,126.5,nodal,completed
T003738,R011,D0025,V2,S1,2026-07-21T08:15:00,2026-07-21T08:18:24,2026-07-21T09:00:00,2026-07-21T09:01:58.762558,8.3,118.3,nodal,completed
T003739,R011,D0053,V1,S1,2026-07-21T08:15:00,2026-07-21T08:15:24,2026-07-21T09:00:00,2026-07-21T09:00:00,8.5,131.3,nodal,completed
T003740,R011,D0052,V1,S1,2026-07-21T08:15:00,2026-07-21T08:24:06,2026-07-21T09:00:00,2026-07-21T09:08:10.718266,7.7,137.3,nodal,completed
T003741,R011,D0078,V2,S1,2026-07-21T08:15:00,2026-07-21T08:15:54,2026-07-21T09:00:00,2026-07-21T09:00:48.700740,8.0,130.4,nodal,completed
T003742,R013,D0045,V1,S1,2026-07-21T08:15:00,2026-07-21T08:16:00,2026-07-21T09:00:00,2026-07-21T09:00:00,11.7,259.8,cab,completed
T003743,R013,D0023,V3,S1,2026-07-21T08:15:00,2026-07-21T08:17:36,2026-07-21T09:00:00,2026-07-21T09:00:21.355459,11.4,259.3,cab,completed
T003744,R013,D0009,V1,S1,2026-07-21T08:15:00,2026-07-21T08:44:30,2026-07-21T09:00:00,2026-07-21T09:27:29.433147,11.4,256.9,cab,completed
T003745,R013,D0032,V1,S1,2026-07-21T08:15:00,2026-07-21T08:28:24,2026-07-21T09:00:00,2026-07-21T09:11:59.560123,11.3,258.1,cab,completed
T003746,R013,D0111,V1,S1,2026-07-21T08:15:00,2026-07-21T08:20:24,2026-07-21T09:00:00,2026-07-21T09:05:21.451003,10.5,238.7,cab,completed
T003747,R013,D0089,V3,S1,2026-07-21T08:15:00,2026-07-21T08:19:42,2026-07-21T09:00:00,2026-07-21T09:03:23.170474,10.5,242.8,cab,completed
T003748,R013,D0039,V3,S1,2026-07-21T08:15:00,2026-07-21T08:17:42,2026-07-21T09:00:00,2026-07-21T09:00:00,10.9,252.1,cab,completed
T003749,R013,D0049,V3,S1,2026-07-21T08:15:00,,2026-07-21T09:00:00,2026-07-21T09:00:34.397269,10.8,247.3,cab,completed
T003750,R013,D0016,V5,S1,2026-07-21T08:15:00,2026-07-21T08:18:48,2026-07-21T09:00:00,2026-07-21T09:00:12.934673,11.1,253.6,cab,completed
T003751,R013,D0009,V1,S1,2026-07-21T08:15:00,2026-07-21T08:27:30,2026-07-21T09:00:00,2026-07-21T09:11:56.632743,10.5,242.9,cab,completed
T003752,R013,D0056,V1,S1,2026-07-21T08:15:00,2026-07-21T08:24:00,2026-07-21T09:00:00,2026-07-21T09:08:17.895554,11.0,240.0,cab,completed
T003753,R018,D0113,V2,S1,2026-07-21T08:15:00,2026-07-21T08:20:48,2026-07-21T09:00:00,2026-07-21T09:04:35.658598,14.4,105.2,shuttle,completed
T003754,R018,D0107,V2,S1,2026-07-21T08:15:00,2026-07-21T08:25:12,2026-07-21T09:00:00,2026-07-21T09:07:18.254178,16.1,101.0,shuttle,completed
T003755,R018,D0057,V2,S1,2026-07-21T08:15:00,2026-07-21T08:32:48,2026-07-21T09:00:00,2026-07-21T09:15:12.581680,14.6,99.8,shuttle,completed
T003756,R020,D0072,V2,S1,2026-07-21T08:15:00,2026-07-21T08:15:24,2026-07-21T09:00:00,2026-07-21T09:00:00,10.3,140.5,nodal,completed
T003757,R020,D0113,V2,S1,2026-07-21T08:15:00,2026-07-21T08:17:18,2026-07-21T09:00:00,2026-07-21T09:00:00,10.7,155.3,nodal,completed
T003758,R020,D0054,V2,S1,2026-07-21T08:15:00,2026-07-21T08:16:42,2026-07-21T09:00:00,2026-07-21T09:01:33.803751,10.5,149.0,nodal,completed
T003759,R020,D0017,V2,S1,2026-07-21T08:15:00,2026-07-21T08:17:48,2026-07-21T09:00:00,2026-07-21T09:00:00,9.5,128.8,nodal,completed
T003760,R020,D0032,V1,S1,2026-07-21T08:15:00,2026-07-21T08:17:00,2026-07-21T09:00:00,2026-07-21T09:00:00,10.6,147.4,nodal,completed
T003761,R020,D0045,V1,S1,2026-07-21T08:15:00,2026-07-21T08:16:24,2026-07-21T09:00:00,2026-07-21T09:00:56.739965,10.2,139.5,nodal,completed
T003762,R020,D0043,V1,S1,2026-07-21T08:15:00,2026-07-21T08:21:00,2026-07-21T09:00:00,2026-07-21T09:04:03.250264,10.4,149.9,nodal,completed
T003763,R022,D0043,V1,S1,2026-07-21T08:15:00,2026-07-21T08:17:24,2026-07-21T09:00:00,2026-07-21T09:00:31.385482,18.2,339.2,cab,completed
T003764,R022,D0010,V1,S1,2026-07-21T08:15:00,2026-07-21T08:18:30,2026-07-21T09:00:00,2026-07-21T09:00:00,16.8,332.6,cab,completed
T003765,R022,D0086,V1,S1,2026-07-21T08:15:00,2026-07-21T08:36:12,2026-07-21T09:00:00,2026-07-21T09:20:42.873769,18.2,335.7,cab,completed
T003766,R022,D0033,V1,S1,2026-07-21T08:15:00,2026-07-21T08:26:00,2026-07-21T09:00:00,2026-07-21T09:09:29.906533,18.2,342.9,cab,completed
T003767,R022,D0037,V3,S1,2026-07-21T08:15:00,2026-07-21T08:24:54,2026-07-21T09:00:00,,17.7,340.7,cab,cancelled
T003768,R022,D0042,V5,S1,2026-07-21T08:15:00,2026-07-21T08:28:42,2026-07-21T09:00:00,2026-07-21T09:09:43.018577,16.6,320.9,cab,completed
T003769,R022,D0064,V3,S1,2026-07-21T08:15:00,2026-07-21T08:16:24,2026-07-21T09:00:00,2026-07-21T09:00:00,16.9,326.9,cab,completed
T003770,R022,D0031,V3,S1,2026-07-21T08:15:00,2026-07-21T08:19:54,2026-07-21T09:00:00,2026-07-21T09:01:34.528002,17.5,344.2,cab,completed
T003771,R022,D0100,V3,S1,2026-07-21T08:15:00,2026-07-21T08:18:30,2026-07-21T09:00:00,2026-07-21T09:00:30.660917,16.3,326.6,cab,completed
T003772,R022,D0068,V1,S1,2026-07-21T08:15:00,2026-07-21T08:15:18,2026-07-21T09:00:00,2026-07-21T09:00:00,17.8,348.3,cab,completed
T003773,R022,D0058,V1,S1,2026-07-21T08:15:00,2026-07-21T08:19:12,2026-07-21T09:00:00,2026-07-21T09:03:21.248385,16.7,333.3,cab,completed
T003774,R022,D0112,V1,S1,2026-07-21T08:15:00,2026-07-21T08:32:00,2026-07-21T09:00:00,2026-07-21T09:15:46.456281,16.3,320.2,cab,completed
T003775,R003,D0007,V4,S2,2026-07-21T10:15:00,2026-07-21T10:21:12,2026-07-21T11:00:00,2026-07-21T11:06:09.477296,22.1,140.4,shuttle,completed
T003776,R003,D0007,V4,S2,2026-07-21T10:15:00,2026-07-21T10:18:00,2026-07-21T11:00:00,2026-07-21T11:00:42.511701,21.7,139.5,shuttle,completed
T003777,R006,D0007,V4,S2,2026-07-21T10:15:00,2026-07-21T10:24:48,2026-07-21T11:00:00,2026-07-21T11:08:06.972362,20.3,129.3,shuttle,completed
T003778,R006,D0081,V2,S2,2026-07-21T10:15:00,2026-07-21T10:29:54,2026-07-21T11:00:00,2026-07-21T11:10:25.079216,19.6,120.8,shuttle,completed
T003779,R008,D0024,V1,S2,2026-07-21T10:15:00,2026-07-21T10:16:42,2026-07-21T11:00:00,2026-07-21T11:00:00,9.3,142.2,nodal,completed
T003780,R008,D0082,V1,S2,2026-07-21T10:15:00,2026-07-21T10:18:54,2026-07-21T11:00:00,2026-07-21T11:00:13.417220,8.9,120.6,nodal,completed
T003781,R008,D0043,V1,S2,2026-07-21T10:15:00,2026-07-21T10:19:48,2026-07-21T11:00:00,2026-07-21T11:01:45.484922,9.1,132.7,nodal,completed
T003782,R011,D0009,V1,S2,2026-07-21T10:15:00,2026-07-21T10:25:30,2026-07-21T11:00:00,2026-07-21T11:10:19.689367,8.6,126.6,nodal,completed
T003783,R011,D0070,V2,S2,2026-07-21T10:15:00,2026-07-21T10:15:36,2026-07-21T11:00:00,2026-07-21T11:00:00,8.5,125.5,nodal,completed
T003784,R011,D0073,V2,S2,2026-07-21T10:15:00,2026-07-21T10:21:06,2026-07-21T11:00:00,2026-07-21T11:05:54.488183,8.2,132.6,nodal,completed
T003785,R011,D0078,V2,S2,2026-07-21T10:15:00,2026-07-21T10:15:48,2026-07-21T11:00:00,2026-07-21T11:00:00,8.0,125.0,nodal,completed
T003786,R013,D0004,V5,S2,2026-07-21T10:15:00,2026-07-21T10:17:06,2026-07-21T11:00:00,2026-07-21T11:00:00,11.2,243.6,cab,completed
T003787,R013,D0117,V1,S2,2026-07-21T10:15:00,2026-07-21T10:28:36,2026-07-21T11:00:00,2026-07-21T11:13:20.585327,11.0,239.1,cab,completed
T003788,R013,D0052,V1,S2,2026-07-21T10:15:00,2026-07-21T10:16:24,2026-07-21T11:00:00,2026-07-21T11:00:00,10.5,231.4,cab,completed
T003789,R013,D0099,V5,S2,2026-07-21T10:15:00,2026-07-21T10:33:36,2026-07-21T11:00:00,2026-07-21T11:17:49.947350,10.7,230.2,cab,completed
T003790,R013,D0046,V5,S2,2026-07-21T10:15:00,2026-07-21T10:20:24,2026-07-21T11:00:00,2026-07-21T11:01:32.586543,10.8,244.3,cab,completed
T003791,R013,D0069,V5,S2,2026-07-21T10:15:00,2026-07-21T10:25:36,2026-07-21T11:00:00,2026-07-21T11:09:34.555334,10.8,247.0,cab,completed
T003792,R013,D0111,V1,S2,2026-07-21T10:15:00,2026-07-21T10:15:12,2026-07-21T11:00:00,2026-07-21T11:00:00,11.3,239.5,cab,completed
T003793,R018,D0030,V2,S2,2026-07-21T10:15:00,2026-07-21T10:17:12,2026-07-21T11:00:00,2026-07-21T11:00:08.180739,15.9,102.8,shuttle,completed
T003794,R018,D0025,V2,S2,2026-07-21T10:15:00,2026-07-21T10:22:18,2026-07-21T11:00:00,2026-07-21T11:04:04.727979,15.6,95.6,shuttle,completed
T003795,R020,D0090,V2,S2,2026-07-21T10:15:00,2026-07-21T10:15:12,2026-07-21T11:00:00,2026-07-21T11:00:00,9.7,130.4,nodal,completed
T003796,R020,D0087,V2,S2,2026-07-21T10:15:00,2026-07-21T10:19:12,2026-07-21T11:00:00,2026-07-21T11:00:00,10.3,141.1,nodal,completed
T003797,R020,D0090,V2,S2,2026-07-21T10:15:00,2026-07-21T10:27:18,2026-07-21T11:00:00,2026-07-21T11:07:25.417615,10.5,143.9,nodal,completed
T003798,R020,D0024,V1,S2,2026-07-21T10:15:00,2026-07-21T10:19:24,2026-07-21T11:00:00,2026-07-21T11:01:39.367160,10.2,145.1,nodal,completed
T003799,R022,D0065,V3,S2,2026-07-21T10:15:00,2026-07-21T10:18:12,2026-07-21T11:00:00,2026-07-21T11:00:25.290650,17.0,321.1,cab,completed
T003800,R022,D0042,V5,S2,2026-07-21T10:15:00,2026-07-21T10:25:00,2026-07-21T11:00:00,2026-07-21T11:08:20.487002,16.7,331.1,cab,completed
T003801,R022,D0045,V1,S2,2026-07-21T10:15:00,2026-07-21T10:17:06,2026-07-21T11:00:00,2026-07-21T11:00:00,17.9,335.0,cab,completed
T003802,R022,D0117,V1,S2,2026-07-21T10:15:00,2026-07-21T10:21:48,2026-07-21T11:00:00,2026-07-21T11:05:30.888869,17.6,341.3,cab,completed
T003803,R022,D0050,V5,S2,2026-07-21T10:15:00,,2026-07-21T11:00:00,2026-07-21T11:03:51.436596,16.7,320.6,cab,completed
T003804,R022,D0077,V5,S2,2026-07-21T10:15:00,2026-07-21T10:18:54,2026-07-21T11:00:00,2026-07-21T11:00:48.763960,16.4,311.7,cab,completed
T003805,R022,D0095,V3,S2,2026-07-21T10:15:00,2026-07-21T10:20:00,2026-07-21T11:00:00,2026-07-21T11:04:47.300158,17.7,328.5,cab,completed
T003806,R003,D0113,V2,S3,2026-07-21T21:15:00,,2026-07-21T22:00:00,,22.1,133.0,shuttle,no_show
T003807,R003,D0069,V5,S3,2026-07-21T21:15:00,2026-07-21T21:32:00,2026-07-21T22:00:00,2026-07-21T22:13:55.708031,22.1,134.9,shuttle,completed
T003808,R006,D0087,V2,S3,2026-07-21T21:15:00,2026-07-21T21:17:30,2026-07-21T22:00:00,2026-07-21T22:02:18.091186,19.2,115.7,shuttle,completed
T003809,R008,D0029,V2,S3,2026-07-21T21:15:00,2026-07-21T21:25:24,2026-07-21T22:00:00,2026-07-21T22:07:27.968979,8.8,138.6,nodal,completed
T003810,R008,D0032,V1,S3,2026-07-21T21:15:00,,2026-07-21T22:00:00,,9.4,136.1,nodal,no_show
T003811,R011,D0032,V1,S3,2026-07-21T21:15:00,2026-07-21T21:19:12,2026-07-21T22:00:00,2026-07-21T22:00:00,8.1,122.5,nodal,completed
T003812,R011,D0054,V2,S3,2026-07-21T21:15:00,2026-07-21T21:19:18,2026-07-21T22:00:00,2026-07-21T22:03:42.516067,8.2,115.6,nodal,completed
T003813,R011,D0011,V2,S3,2026-07-21T21:15:00,2026-07-21T21:18:30,2026-07-21T22:00:00,2026-07-21T22:03:18.858322,8.3,126.6,nodal,completed
T003814,R013,D0035,V1,S3,2026-07-21T21:15:00,,2026-07-21T22:00:00,,11.4,263.7,cab,no_show
T003815,R013,D0100,V3,S3,2026-07-21T21:15:00,2026-07-21T21:15:12,2026-07-21T22:00:00,2026-07-21T22:00:00,11.0,241.8,cab,completed
T003816,R013,D0111,V1,S3,2026-07-21T21:15:00,2026-07-21T21:17:06,2026-07-21T22:00:00,2026-07-21T22:00:18.295164,10.7,239.2,cab,completed
T003817,R013,D0056,V1,S3,2026-07-21T21:15:00,2026-07-21T21:17:12,2026-07-21T22:00:00,2026-07-21T22:00:00,11.6,254.6,cab,completed
T003818,R013,D0048,V5,S3,2026-07-21T21:15:00,2026-07-21T21:25:42,2026-07-21T22:00:00,2026-07-21T22:09:13.949860,10.9,246.8,cab,completed
T003819,R013,D0052,V1,S3,2026-07-21T21:15:00,2026-07-21T21:25:42,2026-07-21T22:00:00,2026-07-21T22:06:11.842946,11.2,249.4,cab,completed
T003820,R018,D0048,V5,S3,2026-07-21T21:15:00,2026-07-21T21:19:12,2026-07-21T22:00:00,2026-07-21T22:00:53.926355,16.0,107.4,shuttle,completed
T003821,R018,D0108,V5,S3,2026-07-21T21:15:00,2026-07-21T21:21:18,2026-07-21T22:00:00,2026-07-21T22:04:10.068784,14.4,103.1,shuttle,completed
T003822,R020,D0066,V2,S3,2026-07-21T21:15:00,2026-07-21T21:16:30,2026-07-21T22:00:00,2026-07-21T22:00:17.528691,10.3,152.2,nodal,completed
T003823,R020,D0063,V2,S3,2026-07-21T21:15:00,2026-07-21T21:22:24,2026-07-21T22:00:00,2026-07-21T22:06:06.309154,10.7,151.6,nodal,completed
T003824,R020,D0011,V2,S3,2026-07-21T21:15:00,2026-07-21T21:24:06,2026-07-21T22:00:00,2026-07-21T22:08:54.232382,10.2,150.5,nodal,completed
T003825,R022,D0068,V1,S3,2026-07-21T21:15:00,2026-07-21T21:16:18,2026-07-21T22:00:00,2026-07-21T22:00:00,16.6,328.5,cab,completed
T003826,R022,D0105,V3,S3,2026-07-21T21:15:00,,2026-07-21T22:00:00,,16.8,326.8,cab,no_show
T003827,R022,D0101,V5,S3,2026-07-21T21:15:00,2026-07-21T21:23:30,2026-07-21T22:00:00,2026-07-21T22:06:03.968056,16.3,308.9,cab,completed
T003828,R022,D0120,V5,S3,2026-07-21T21:15:00,2026-07-21T21:23:06,2026-07-21T22:00:00,2026-07-21T22:05:08.920561,17.9,347.3,cab,completed
T003829,R003,D0075,V4,S1,2026-07-22T08:15:00,2026-07-22T08:16:24,2026-07-22T09:00:00,2026-07-22T09:00:00,23.5,144.0,shuttle,completed
T003830,R003,D0007,V4,S1,2026-07-22T08:15:00,2026-07-22T08:28:00,2026-07-22T09:00:00,2026-07-22T09:08:46.459700,22.7,143.2,shuttle,completed
T003831,R003,D0099,V5,S1,2026-07-22T08:15:00,2026-07-22T08:17:06,2026-07-22T09:00:00,2026-07-22T09:00:00,23.5,146.8,shuttle,completed
T003832,R006,D0030,V2,S1,2026-07-22T08:15:00,2026-07-22T08:18:54,2026-07-22T09:00:00,2026-07-22T09:02:37.901906,19.7,119.4,shuttle,completed
T003833,R006,D0001,V2,S1,2026-07-22T08:15:00,2026-07-22T08:22:06,2026-07-22T09:00:00,2026-07-22T09:02:59.719873,20.2,132.5,shuttle,completed
T003834,R006,D0007,V4,S1,2026-07-22T08:15:00,2026-07-22T08:21:12,2026-07-22T09:00:00,2026-07-22T09:03:55.436837,20.0,129.2,shuttle,completed
T003835,R008,D0080,V1,S1,2026-07-22T08:15:00,2026-07-22T08:31:48,2026-07-22T09:00:00,2026-07-22T09:12:36.291545,9.1,126.2,nodal,completed
T003836,R008,D0020,V2,S1,2026-07-22T08:15:00,2026-07-22T08:23:12,2026-07-22T09:00:00,2026-07-22T09:04:04.476650,9.0,136.5,nodal,completed
T003837,R008,D0024,V1,S1,2026-07-22T08:15:00,2026-07-22T08:16:54,2026-07-22T09:00:00,2026-07-22T09:00:43.794546,8.9,128.0,nodal,completed
T003838,R008,D0030,V2,S1,2026-07-22T08:15:00,2026-07-22T08:21:54,2026-07-22T09:00:00,2026-07-22T09:05:14.006118,8.9,127.4,nodal,completed
T003839,R008,D0096,V2,S1,2026-07-22T08:15:00,2026-07-22T08:15:24,2026-07-22T09:00:00,2026-07-22T09:00:00,8.6,137.2,nodal,completed
T003840,R008,D0033,V1,S1,2026-07-22T08:15:00,2026-07-22T08:34:36,2026-07-22T09:00:00,2026-07-22T09:15:48.401264,8.9,145.3,nodal,completed
T003841,R011,D0066,V2,S1,2026-07-22T08:15:00,2026-07-22T08:17:36,2026-07-22T09:00:00,2026-07-22T09:00:00,8.3,125.4,nodal,completed
T003842,R011,D0054,V2,S1,2026-07-22T08:15:00,2026-07-22T08:24:36,2026-07-22T09:00:00,2026-07-22T09:07:44.080250,8.1,126.0,nodal,completed
T003843,R011,D0112,V1,S1,2026-07-22T08:15:00,2026-07-22T08:24:18,2026-07-22T09:00:00,2026-07-22T09:08:30.719968,8.1,122.3,nodal,completed
T003844,R011,D0051,V2,S1,2026-07-22T08:15:00,2026-07-22T08:21:18,2026-07-22T09:00:00,2026-07-22T09:02:53.947204,8.6,121.3,nodal,completed
T003845,R011,D0112,V1,S1,2026-07-22T08:15:00,2026-07-22T08:15:54,2026-07-22T09:00:00,2026-07-22T09:00:00,7.9,121.0,nodal,completed
T003846,R011,D0078,V2,S1,2026-07-22T08:15:00,2026-07-22T08:20:36,2026-07-22T09:00:00,2026-07-22T09:03:07.422340,7.7,119.1,nodal,completed
T003847,R013,D0105,V3,S1,2026-07-22T08:15:00,2026-07-22T08:16:18,2026-07-22T09:00:00,2026-07-22T09:00:00,11.3,258.1,cab,completed
T003848,R013,D0071,V5,S1,2026-07-22T08:15:00,2026-07-22T08:26:54,2026-07-22T09:00:00,2026-07-22T09:08:03.638860,10.5,248.2,cab,completed
T003849,R013,D0056,V1,S1,2026-07-22T08:15:00,2026-07-22T08:18:30,2026-07-22T09:00:00,2026-07-22T09:03:09.612575,11.7,256.7,cab,completed
T003850,R013,D0067,V3,S1,2026-07-22T08:15:00,2026-07-22T08:17:24,2026-07-22T09:00:00,2026-07-22T09:00:00,10.6,241.3,cab,completed
T003851,R013,D0050,V5,S1,2026-07-22T08:15:00,2026-07-22T08:15:30,2026-07-22T09:00:00,2026-07-22T09:00:09.086086,11.3,244.4,cab,completed
T003852,R013,D0008,V1,S1,2026-07-22T08:15:00,2026-07-22T08:27:18,2026-07-22T09:00:00,2026-07-22T09:08:06.235161,10.7,230.1,cab,completed
T003853,R013,D0053,V1,S1,2026-07-22T08:15:00,2026-07-22T08:15:42,2026-07-22T09:00:00,2026-07-22T09:00:00,11.1,245.7,cab,completed
T003854,R013,D0027,V3,S1,2026-07-22T08:15:00,2026-07-22T08:25:18,2026-07-22T09:00:00,2026-07-22T09:09:39.757535,11.7,246.6,cab,completed
T003855,R013,D0037,V3,S1,2026-07-22T08:15:00,2026-07-22T08:17:18,2026-07-22T09:00:00,2026-07-22T09:02:14.349180,10.6,245.3,cab,completed
T003856,R013,D0088,V5,S1,2026-07-22T08:15:00,2026-07-22T08:15:24,2026-07-22T09:00:00,2026-07-22T09:00:00,11.4,255.6,cab,completed
T003857,R018,D0007,V4,S1,2026-07-22T08:15:00,2026-07-22T08:29:12,2026-07-22T09:00:00,2026-07-22T09:11:40.678872,14.8,100.3,shuttle,completed
T003858,R018,D0051,V2,S1,2026-07-22T08:15:00,2026-07-22T08:22:12,2026-07-22T09:00:00,2026-07-22T09:06:35.718768,16.1,97.1,shuttle,completed
T003859,R018,D0101,V5,S1,2026-07-22T08:15:00,2026-07-22T08:23:30,2026-07-22T09:00:00,2026-07-22T09:05:52.716314,14.7,93.0,shuttle,completed
T003860,R020,D0078,V2,S1,2026-07-22T08:15:00,2026-07-22T08:17:30,2026-07-22T09:00:00,2026-07-22T09:00:00,9.5,149.3,nodal,completed
T003861,R020,D0032,V1,S1,2026-07-22T08:15:00,2026-07-22T08:18:36,2026-07-22T09:00:00,2026-07-22T09:02:15.440184,10.8,146.3,nodal,completed
T003862,R020,D0029,V2,S1,2026-07-22T08:15:00,2026-07-22T08:25:54,2026-07-22T09:00:00,2026-07-22T09:10:48.246285,10.0,139.9,nodal,completed
T003863,R020,D0066,V2,S1,2026-07-22T08:15:00,2026-07-22T08:20:48,2026-07-22T09:00:00,2026-07-22T09:03:28.562444,9.6,130.6,nodal,completed
T003864,R020,D0024,V1,S1,2026-07-22T08:15:00,2026-07-22T08:17:18,2026-07-22T09:00:00,2026-07-22T09:00:25.836743,10.8,155.7,nodal,completed
T003865,R020,D0008,V1,S1,2026-07-22T08:15:00,2026-07-22T08:28:06,2026-07-22T09:00:00,2026-07-22T09:10:09.644046,10.0,140.1,nodal,completed
T003866,R022,D0110,V1,S1,2026-07-22T08:15:00,2026-07-22T08:16:48,2026-07-22T09:00:00,2026-07-22T09:00:00,17.7,343.7,cab,completed
T003867,R022,D0035,V1,S1,2026-07-22T08:15:00,2026-07-22T08:15:12,2026-07-22T09:00:00,2026-07-22T09:00:00,16.5,325.6,cab,completed
T003868,R022,D0108,V5,S1,2026-07-22T08:15:00,2026-07-22T08:15:42,2026-07-22T09:00:00,2026-07-22T09:00:00,18.0,343.7,cab,completed
T003869,R022,D0089,V3,S1,2026-07-22T08:15:00,,2026-07-22T09:00:00,2026-07-22T09:06:44.332847,17.3,342.0,cab,completed
T003870,R022,D0005,V1,S1,2026-07-22T08:15:00,2026-07-22T08:32:42,2026-07-22T09:00:00,2026-07-22T09:16:34.932844,16.5,321.7,cab,completed
T003871,R022,D0050,V5,S1,2026-07-22T08:15:00,2026-07-22T08:18:30,2026-07-22T09:00:00,2026-07-22T09:00:00,17.1,339.1,cab,completed
T003872,R022,D0056,V1,S1,2026-07-22T08:15:00,2026-07-22T08:27:30,2026-07-22T09:00:00,2026-07-22T09:11:59.622654,17.1,323.5,cab,completed
T003873,R022,D0048,V5,S1,2026-07-22T08:15:00,2026-07-22T08:16:30,2026-07-22T09:00:00,2026-07-22T09:00:41.934443,17.7,346.8,cab,completed
T003874,R022,D0032,V1,S1,2026-07-22T08:15:00,2026-07-22T08:15:36,2026-07-22T09:00:00,2026-07-22T09:00:00,16.5,328.3,cab,completed
T003875,R022,D0077,V5,S1,2026-07-22T08:15:00,2026-07-22T08:15:06,2026-07-22T09:00:00,2026-07-22T09:00:00,17.5,341.4,cab,completed
T003876,R022,D0047,V3,S1,2026-07-22T08:15:00,2026-07-22T08:16:00,2026-07-22T09:00:00,2026-07-22T09:00:00,16.3,320.9,cab,completed
T003877,R022,D0080,V1,S1,2026-07-22T08:15:00,2026-07-22T08:18:00,2026-07-22T09:00:00,2026-07-22T09:00:20.597120,17.9,333.7,cab,completed
T003878,R003,D0006,V5,S2,2026-07-22T10:15:00,2026-07-22T10:20:48,2026-07-22T11:00:00,2026-07-22T11:03:19.305289,22.0,141.9,shuttle,completed
T003879,R003,D0099,V5,S2,2026-07-22T10:15:00,2026-07-22T10:21:24,2026-07-22T11:00:00,2026-07-22T11:04:30.143646,23.3,143.3,shuttle,completed
T003880,R006,D0007,V4,S2,2026-07-22T10:15:00,2026-07-22T10:15:42,2026-07-22T11:00:00,2026-07-22T11:00:00,19.3,120.7,shuttle,completed
T003881,R006,D0007,V4,S2,2026-07-22T10:15:00,2026-07-22T10:15:06,2026-07-22T11:00:00,2026-07-22T11:00:00,18.5,120.2,shuttle,completed
T003882,R008,D0078,V2,S2,2026-07-22T10:15:00,2026-07-22T10:16:06,2026-07-22T11:00:00,2026-07-22T11:00:00,8.9,125.5,nodal,completed
T003883,R008,D0002,V2,S2,2026-07-22T10:15:00,2026-07-22T10:21:36,2026-07-22T11:00:00,2026-07-22T11:04:55.448504,8.9,132.8,nodal,completed
T003884,R008,D0090,V2,S2,2026-07-22T10:15:00,,2026-07-22T11:00:00,,9.1,127.0,nodal,no_show
T003885,R011,D0015,V1,S2,2026-07-22T10:15:00,2026-07-22T10:37:12,2026-07-22T11:00:00,2026-07-22T11:21:37.610648,8.5,124.0,nodal,completed
T003886,R011,D0080,V1,S2,2026-07-22T10:15:00,2026-07-22T10:15:12,2026-07-22T11:00:00,2026-07-22T11:00:00,7.9,114.8,nodal,completed
T003887,R011,D0005,V1,S2,2026-07-22T10:15:00,2026-07-22T10:16:36,2026-07-22T11:00:00,2026-07-22T11:00:00,8.1,122.1,nodal,completed
T003888,R011,D0012,V2,S2,2026-07-22T10:15:00,2026-07-22T10:15:06,2026-07-22T11:00:00,2026-07-22T11:00:00,8.0,132.6,nodal,completed
T003889,R013,D0064,V3,S2,2026-07-22T10:15:00,2026-07-22T10:16:48,2026-07-22T11:00:00,2026-07-22T11:00:00,11.3,252.6,cab,completed
T003890,R013,D0048,V5,S2,2026-07-22T10:15:00,2026-07-22T10:30:36,2026-07-22T11:00:00,2026-07-22T11:12:44.454150,10.5,233.6,cab,completed
T003891,R013,D0031,V3,S2,2026-07-22T10:15:00,2026-07-22T10:16:18,2026-07-22T11:00:00,2026-07-22T11:01:06.479735,11.4,242.0,cab,completed
T003892,R013,D0101,V5,S2,2026-07-22T10:15:00,2026-07-22T10:16:30,2026-07-22T11:00:00,2026-07-22T11:00:00,11.2,238.4,cab,completed
T003893,R013,D0079,V3,S2,2026-07-22T10:15:00,2026-07-22T10:19:06,2026-07-22T11:00:00,2026-07-22T11:00:00,11.7,250.6,cab,completed
T003894,R013,D0112,V1,S2,2026-07-22T10:15:00,2026-07-22T10:17:54,2026-07-22T11:00:00,2026-07-22T11:00:53.750513,11.5,252.8,cab,completed
T003895,R013,D0003,V1,S2,2026-07-22T10:15:00,2026-07-22T10:15:42,2026-07-22T11:00:00,2026-07-22T11:00:16.300196,11.3,246.7,cab,completed
T003896,R013,D0056,V1,S2,2026-07-22T10:15:00,2026-07-22T10:21:54,2026-07-22T11:00:00,2026-07-22T11:05:47.806846,11.6,249.0,cab,completed
T003897,R018,D0099,V5,S2,2026-07-22T10:15:00,2026-07-22T10:16:24,2026-07-22T11:00:00,2026-07-22T11:01:22.538828,14.6,90.1,shuttle,completed
T003898,R018,D0042,V5,S2,2026-07-22T10:15:00,2026-07-22T10:19:42,2026-07-22T11:00:00,,14.8,102.9,shuttle,cancelled
T003899,R020,D0009,V1,S2,2026-07-22T10:15:00,2026-07-22T10:20:54,2026-07-22T11:00:00,2026-07-22T11:04:54.650903,9.6,137.6,nodal,completed
T003900,R020,D0033,V1,S2,2026-07-22T10:15:00,2026-07-22T10:16:00,2026-07-22T11:00:00,2026-07-22T11:00:00,9.6,137.8,nodal,completed
T003901,R020,D0001,V2,S2,2026-07-22T10:15:00,2026-07-22T10:21:30,2026-07-22T11:00:00,2026-07-22T11:04:05.947833,10.7,140.8,nodal,completed
T003902,R020,D0086,V1,S2,2026-07-22T10:15:00,2026-07-22T10:15:36,2026-07-22T11:00:00,2026-07-22T11:00:00,9.6,127.5,nodal,completed
T003903,R022,D0052,V1,S2,2026-07-22T10:15:00,2026-07-22T10:25:42,2026-07-22T11:00:00,2026-07-22T11:10:21.204191,16.7,328.4,cab,completed
T003904,R022,D0028,V3,S2,2026-07-22T10:15:00,2026-07-22T10:15:00,2026-07-22T11:00:00,2026-07-22T11:00:00,17.6,331.1,cab,completed
T003905,R022,D0046,V5,S2,2026-07-22T10:15:00,2026-07-22T10:24:30,2026-07-22T11:00:00,2026-07-22T11:08:56.193945,18.3,340.0,cab,completed
T003906,R022,D0060,V3,S2,2026-07-22T10:15:00,2026-07-22T10:16:36,2026-07-22T11:00:00,2026-07-22T11:00:00,17.9,346.0,cab,completed
T003907,R022,D0117,V1,S2,2026-07-22T10:15:00,2026-07-22T10:19:24,2026-07-22T11:00:00,2026-07-22T11:03:34.805036,16.6,312.9,cab,completed
T003908,R022,D0049,V3,S2,2026-07-22T10:15:00,2026-07-22T10:18:12,2026-07-22T11:00:00,,18.1,335.0,cab,cancelled
T003909,R022,D0043,V1,S2,2026-07-22T10:15:00,2026-07-22T10:20:00,2026-07-22T11:00:00,2026-07-22T11:00:42.272656,17.7,337.3,cab,completed
T003910,R022,D0047,V3,S2,2026-07-22T10:15:00,2026-07-22T10:17:12,2026-07-22T11:00:00,2026-07-22T11:00:00,17.0,329.3,cab,completed
T003911,R003,D0041,V4,S3,2026-07-22T21:15:00,2026-07-22T21:15:36,2026-07-22T22:00:00,2026-07-22T22:00:00,22.4,130.9,shuttle,completed
T003912,R003,D0007,V4,S3,2026-07-22T21:15:00,2026-07-22T21:17:18,2026-07-22T22:00:00,2026-07-22T22:00:00,21.6,128.7,shuttle,completed
T003913,R006,D0038,V5,S3,2026-07-22T21:15:00,2026-07-22T21:15:18,2026-07-22T22:00:00,2026-07-22T22:00:00,20.0,116.1,shuttle,completed
T003914,R008,D0054,V2,S3,2026-07-22T21:15:00,2026-07-22T21:22:36,2026-07-22T22:00:00,2026-07-22T22:07:05.415107,8.7,127.7,nodal,completed
T003915,R008,D0114,V2,S3,2026-07-22T21:15:00,2026-07-22T21:16:48,2026-07-22T22:00:00,2026-07-22T22:00:00,8.6,135.6,nodal,completed
T003916,R011,D0053,V1,S3,2026-07-22T21:15:00,,2026-07-22T22:00:00,2026-07-22T22:07:31.460858,8.5,122.1,nodal,completed
T003917,R011,D0106,V2,S3,2026-07-22T21:15:00,2026-07-22T21:16:06,2026-07-22T22:00:00,2026-07-22T22:00:00,7.6,127.9,nodal,completed
T003918,R011,D0068,V1,S3,2026-07-22T21:15:00,2026-07-22T21:17:48,2026-07-22T22:00:00,2026-07-22T22:00:00,7.6,108.9,nodal,completed
T003919,R013,D0040,V1,S3,2026-07-22T21:15:00,2026-07-22T21:18:48,2026-07-22T22:00:00,2026-07-22T22:00:00,10.7,237.5,cab,completed
T003920,R013,D0005,V1,S3,2026-07-22T21:15:00,2026-07-22T21:21:36,2026-07-22T22:00:00,2026-07-22T22:03:17.130225,11.8,251.3,cab,completed
T003921,R013,D0065,V3,S3,2026-07-22T21:15:00,2026-07-22T21:15:30,2026-07-22T22:00:00,2026-07-22T22:00:00,11.1,246.6,cab,completed
T003922,R013,D0085,V3,S3,2026-07-22T21:15:00,2026-07-22T21:15:36,2026-07-22T22:00:00,2026-07-22T22:00:00,11.3,246.4,cab,completed
T003923,R013,D0031,V3,S3,2026-07-22T21:15:00,2026-07-22T21:16:30,2026-07-22T22:00:00,2026-07-22T22:00:00,10.9,240.5,cab,completed
T003924,R018,D0007,V4,S3,2026-07-22T21:15:00,2026-07-22T21:16:30,2026-07-22T22:00:00,2026-07-22T22:00:00,15.4,104.4,shuttle,completed
T003925,R018,D0007,V4,S3,2026-07-22T21:15:00,2026-07-22T21:18:18,2026-07-22T22:00:00,2026-07-22T22:02:04.805151,14.3,116.3,shuttle,completed
T003926,R020,D0054,V2,S3,2026-07-22T21:15:00,2026-07-22T21:23:06,2026-07-22T22:00:00,2026-07-22T22:07:47.105631,9.9,130.0,nodal,completed
T003927,R020,D0086,V1,S3,2026-07-22T21:15:00,2026-07-22T21:15:42,2026-07-22T22:00:00,2026-07-22T22:00:00,10.5,152.5,nodal,completed
T003928,R020,D0033,V1,S3,2026-07-22T21:15:00,2026-07-22T21:17:12,2026-07-22T22:00:00,2026-07-22T22:02:06.304405,10.1,133.1,nodal,completed
T003929,R022,D0065,V3,S3,2026-07-22T21:15:00,2026-07-22T21:15:48,2026-07-22T22:00:00,2026-07-22T22:00:00,16.3,308.6,cab,completed
T003930,R022,D0036,V3,S3,2026-07-22T21:15:00,2026-07-22T21:15:36,2026-07-22T22:00:00,2026-07-22T22:00:00,17.0,326.8,cab,completed
T003931,R022,D0046,V5,S3,2026-07-22T21:15:00,2026-07-22T21:18:00,2026-07-22T22:00:00,2026-07-22T22:00:00,16.4,310.0,cab,completed
T003932,R022,D0076,V3,S3,2026-07-22T21:15:00,2026-07-22T21:19:48,2026-07-22T22:00:00,2026-07-22T22:02:08.896607,16.7,324.0,cab,completed
T003933,R003,D0094,V2,S1,2026-07-23T08:15:00,2026-07-23T08:17:00,2026-07-23T09:00:00,2026-07-23T09:00:00,21.0,132.9,shuttle,completed
T003934,R003,D0106,V2,S1,2026-07-23T08:15:00,2026-07-23T08:16:30,2026-07-23T09:00:00,2026-07-23T09:00:00,23.6,151.5,shuttle,completed
T003935,R003,D0081,V2,S1,2026-07-23T08:15:00,2026-07-23T08:15:06,2026-07-23T09:00:00,2026-07-23T09:00:00,22.3,131.5,shuttle,completed
T003936,R006,D0013,V5,S1,2026-07-23T08:15:00,2026-07-23T08:17:30,2026-07-23T09:00:00,2026-07-23T09:01:12.785281,18.7,127.3,shuttle,completed
T003937,R006,D0007,V4,S1,2026-07-23T08:15:00,2026-07-23T08:25:24,2026-07-23T09:00:00,2026-07-23T09:06:54.533899,20.4,131.0,shuttle,completed
T003938,R006,D0011,V2,S1,2026-07-23T08:15:00,2026-07-23T08:17:12,2026-07-23T09:00:00,2026-07-23T09:00:00,20.1,137.2,shuttle,completed
T003939,R008,D0020,V2,S1,2026-07-23T08:15:00,2026-07-23T08:18:36,2026-07-23T09:00:00,2026-07-23T09:00:32.684498,8.6,120.0,nodal,completed
T003940,R008,D0001,V2,S1,2026-07-23T08:15:00,2026-07-23T08:21:18,2026-07-23T09:00:00,2026-07-23T09:03:38.365796,8.7,129.1,nodal,completed
T003941,R008,D0001,V2,S1,2026-07-23T08:15:00,2026-07-23T08:17:30,2026-07-23T09:00:00,2026-07-23T09:00:00,8.9,125.0,nodal,completed
T003942,R008,D0001,V2,S1,2026-07-23T08:15:00,2026-07-23T08:21:00,2026-07-23T09:00:00,2026-07-23T09:03:32.555306,9.4,137.4,nodal,completed
T003943,R008,D0086,V1,S1,2026-07-23T08:15:00,2026-07-23T08:15:24,2026-07-23T09:00:00,2026-07-23T09:00:00,9.0,137.7,nodal,completed
T003944,R011,D0033,V1,S1,2026-07-23T08:15:00,2026-07-23T08:16:06,2026-07-23T09:00:00,2026-07-23T09:00:00,8.3,129.3,nodal,completed
T003945,R011,D0010,V1,S1,2026-07-23T08:15:00,2026-07-23T08:19:36,2026-07-23T09:00:00,2026-07-23T09:01:33.185933,7.9,140.9,nodal,completed
T003946,R011,D0066,V2,S1,2026-07-23T08:15:00,,2026-07-23T09:00:00,,8.6,133.7,nodal,no_show
T003947,R011,D0024,V1,S1,2026-07-23T08:15:00,2026-07-23T08:27:36,2026-07-23T09:00:00,2026-07-23T09:10:25.670797,7.9,126.4,nodal,completed
T003948,R011,D0008,V1,S1,2026-07-23T08:15:00,2026-07-23T08:15:24,2026-07-23T09:00:00,2026-07-23T09:00:00,8.3,115.5,nodal,completed
T003949,R013,D0098,V5,S1,2026-07-23T08:15:00,2026-07-23T08:17:24,2026-07-23T09:00:00,2026-07-23T09:00:00,10.5,233.6,cab,completed
T003950,R013,D0088,V5,S1,2026-07-23T08:15:00,2026-07-23T08:22:42,2026-07-23T09:00:00,2026-07-23T09:03:37.676319,11.6,276.9,cab,completed
T003951,R013,D0080,V1,S1,2026-07-23T08:15:00,2026-07-23T08:19:00,2026-07-23T09:00:00,2026-07-23T09:03:02.750707,11.8,264.4,cab,completed
T003952,R013,D0023,V3,S1,2026-07-23T08:15:00,2026-07-23T08:17:00,2026-07-23T09:00:00,2026-07-23T09:00:32.659363,11.1,237.8,cab,completed
T003953,R013,D0010,V1,S1,2026-07-23T08:15:00,2026-07-23T08:15:54,2026-07-23T09:00:00,2026-07-23T09:00:29.994983,10.5,242.6,cab,completed
T003954,R013,D0076,V3,S1,2026-07-23T08:15:00,2026-07-23T08:20:06,2026-07-23T09:00:00,2026-07-23T09:01:31.309402,11.6,243.8,cab,completed
T003955,R013,D0058,V1,S1,2026-07-23T08:15:00,2026-07-23T08:35:18,2026-07-23T09:00:00,2026-07-23T09:19:41.350601,10.9,252.4,cab,completed
T003956,R013,D0004,V5,S1,2026-07-23T08:15:00,2026-07-23T08:34:30,2026-07-23T09:00:00,2026-07-23T09:19:26.771033,11.6,259.3,cab,completed
T003957,R013,D0042,V5,S1,2026-07-23T08:15:00,2026-07-23T08:19:06,2026-07-23T09:00:00,2026-07-23T09:01:34.703715,11.3,253.2,cab,completed
T003958,R013,D0082,V1,S1,2026-07-23T08:15:00,2026-07-23T08:15:54,2026-07-23T09:00:00,2026-07-23T09:00:00,11.3,244.4,cab,completed
T003959,R013,D0098,V5,S1,2026-07-23T08:15:00,2026-07-23T08:16:42,2026-07-23T09:00:00,2026-07-23T09:00:37.716392,10.5,237.8,cab,completed
T003960,R018,D0007,V4,S1,2026-07-23T08:15:00,2026-07-23T08:39:18,2026-07-23T09:00:00,2026-07-23T09:23:48.891795,14.3,115.6,shuttle,completed
T003961,R018,D0094,V2,S1,2026-07-23T08:15:00,2026-07-23T08:15:30,2026-07-23T09:00:00,2026-07-23T09:00:00,15.4,98.0,shuttle,completed
T003962,R018,D0050,V5,S1,2026-07-23T08:15:00,2026-07-23T08:17:24,2026-07-23T09:00:00,2026-07-23T09:00:00,14.6,98.0,shuttle,completed
T003963,R020,D0053,V1,S1,2026-07-23T08:15:00,2026-07-23T08:18:00,2026-07-23T09:00:00,2026-07-23T09:00:00,9.5,140.5,nodal,completed
T003964,R020,D0017,V2,S1,2026-07-23T08:15:00,2026-07-23T08:25:12,2026-07-23T09:00:00,2026-07-23T09:06:36.008561,9.7,146.6,nodal,completed
T003965,R020,D0107,V2,S1,2026-07-23T08:15:00,,2026-07-23T09:00:00,2026-07-23T09:01:00.267164,10.6,138.3,nodal,completed
T003966,R020,D0053,V1,S1,2026-07-23T08:15:00,2026-07-23T08:25:12,2026-07-23T09:00:00,2026-07-23T09:09:17.589783,9.7,145.8,nodal,completed
T003967,R020,D0086,V1,S1,2026-07-23T08:15:00,2026-07-23T08:28:24,2026-07-23T09:00:00,2026-07-23T09:11:25.037129,10.2,150.9,nodal,completed
T003968,R020,D0111,V1,S1,2026-07-23T08:15:00,2026-07-23T08:16:36,2026-07-23T09:00:00,2026-07-23T09:00:00,10.4,146.0,nodal,completed
T003969,R022,D0064,V3,S1,2026-07-23T08:15:00,2026-07-23T08:20:54,2026-07-23T09:00:00,2026-07-23T09:00:54.900487,17.4,340.0,cab,completed
T003970,R022,D0024,V1,S1,2026-07-23T08:15:00,2026-07-23T08:16:42,2026-07-23T09:00:00,2026-07-23T09:00:00,17.3,335.0,cab,completed
T003971,R022,D0013,V5,S1,2026-07-23T08:15:00,2026-07-23T08:20:54,2026-07-23T09:00:00,2026-07-23T09:04:04.195051,17.2,321.1,cab,completed
T003972,R022,D0010,V1,S1,2026-07-23T08:15:00,2026-07-23T08:31:06,2026-07-23T09:00:00,2026-07-23T09:12:33.689711,16.5,321.3,cab,completed
T003973,R022,D0060,V3,S1,2026-07-23T08:15:00,2026-07-23T08:18:18,2026-07-23T09:00:00,2026-07-23T09:01:38.463726,18.2,352.7,cab,completed
T003974,R022,D0103,V5,S1,2026-07-23T08:15:00,2026-07-23T08:20:18,2026-07-23T09:00:00,2026-07-23T09:00:57.088048,16.5,327.9,cab,completed
T003975,R022,D0008,V1,S1,2026-07-23T08:15:00,2026-07-23T08:22:30,2026-07-23T09:00:00,2026-07-23T09:05:28.669207,18.3,347.3,cab,completed
T003976,R022,D0079,V3,S1,2026-07-23T08:15:00,2026-07-23T08:15:48,2026-07-23T09:00:00,2026-07-23T09:00:00,17.6,338.5,cab,completed
T003977,R022,D0052,V1,S1,2026-07-23T08:15:00,2026-07-23T08:21:48,2026-07-23T09:00:00,2026-07-23T09:06:19.579627,17.5,327.9,cab,completed
T003978,R022,D0080,V1,S1,2026-07-23T08:15:00,2026-07-23T08:21:36,2026-07-23T09:00:00,2026-07-23T09:03:27.113017,16.9,322.6,cab,completed
T003979,R022,D0060,V3,S1,2026-07-23T08:15:00,2026-07-23T08:17:06,2026-07-23T09:00:00,2026-07-23T09:00:00,18.1,337.3,cab,completed
T003980,R003,D0007,V4,S2,2026-07-23T10:15:00,2026-07-23T10:17:48,2026-07-23T11:00:00,2026-07-23T11:01:29.397953,23.3,142.6,shuttle,completed
T003981,R003,D0016,V5,S2,2026-07-23T10:15:00,2026-07-23T10:16:42,2026-07-23T11:00:00,,21.6,140.6,shuttle,cancelled
T003982,R006,D0101,V5,S2,2026-07-23T10:15:00,2026-07-23T10:18:48,2026-07-23T11:00:00,2026-07-23T11:00:00,18.2,121.2,shuttle,completed
T003983,R006,D0026,V4,S2,2026-07-23T10:15:00,2026-07-23T10:22:36,2026-07-23T11:00:00,2026-07-23T11:02:58.790876,18.6,124.0,shuttle,completed
T003984,R008,D0066,V2,S2,2026-07-23T10:15:00,2026-07-23T10:17:18,2026-07-23T11:00:00,2026-07-23T11:01:53.199281,8.7,123.8,nodal,completed
T003985,R008,D0033,V1,S2,2026-07-23T10:15:00,2026-07-23T10:35:54,2026-07-23T11:00:00,2026-07-23T11:18:47.432871,8.8,120.1,nodal,completed
T003986,R008,D0058,V1,S2,2026-07-23T10:15:00,2026-07-23T10:18:24,2026-07-23T11:00:00,2026-07-23T11:01:09.119429,8.6,134.7,nodal,completed
T003987,R011,D0002,V2,S2,2026-07-23T10:15:00,2026-07-23T10:16:48,2026-07-23T11:00:00,2026-07-23T11:00:00,8.5,121.0,nodal,completed
T003988,R011,D0094,V2,S2,2026-07-23T10:15:00,2026-07-23T10:21:48,2026-07-23T11:00:00,2026-07-23T11:04:27.959121,7.6,116.7,nodal,completed
T003989,R011,D0003,V1,S2,2026-07-23T10:15:00,2026-07-23T10:21:00,2026-07-23T11:00:00,2026-07-23T11:01:03.947872,8.2,127.4,nodal,completed
T003990,R011,D0111,V1,S2,2026-07-23T10:15:00,,2026-07-23T11:00:00,2026-07-23T11:08:17.278817,8.0,143.2,nodal,completed
T003991,R013,D0101,V5,S2,2026-07-23T10:15:00,2026-07-23T10:26:54,2026-07-23T11:00:00,2026-07-23T11:08:33.506202,11.6,270.2,cab,completed
T003992,R013,D0042,V5,S2,2026-07-23T10:15:00,2026-07-23T10:15:30,2026-07-23T11:00:00,2026-07-23T11:00:00,11.3,249.9,cab,completed
T003993,R013,D0067,V3,S2,2026-07-23T10:15:00,2026-07-23T10:22:30,2026-07-23T11:00:00,2026-07-23T11:04:16.144949,11.7,250.9,cab,completed
T003994,R013,D0008,V1,S2,2026-07-23T10:15:00,2026-07-23T10:18:12,2026-07-23T11:00:00,2026-07-23T11:00:00,11.5,256.0,cab,completed
T003995,R013,D0046,V5,S2,2026-07-23T10:15:00,2026-07-23T10:20:24,2026-07-23T11:00:00,2026-07-23T11:00:47.394736,10.7,247.4,cab,completed
T003996,R013,D0004,V5,S2,2026-07-23T10:15:00,2026-07-23T10:23:12,2026-07-23T11:00:00,2026-07-23T11:03:12.295027,10.5,232.7,cab,completed
T003997,R013,D0117,V1,S2,2026-07-23T10:15:00,2026-07-23T10:16:54,2026-07-23T11:00:00,2026-07-23T11:00:00,10.8,248.9,cab,completed
T003998,R013,D0036,V3,S2,2026-07-23T10:15:00,2026-07-23T10:16:36,2026-07-23T11:00:00,2026-07-23T11:00:00,11.2,239.0,cab,completed
T003999,R018,D0069,V5,S2,2026-07-23T10:15:00,2026-07-23T10:21:12,2026-07-23T11:00:00,2026-07-23T11:02:27.415500,14.8,89.8,shuttle,completed
T004000,R018,D0066,V2,S2,2026-07-23T10:15:00,2026-07-23T10:16:06,2026-07-23T11:00:00,2026-07-23T11:00:00,15.2,111.3,shuttle,completed
T004001,R020,D0117,V1,S2,2026-07-23T10:15:00,2026-07-23T10:21:36,2026-07-23T11:00:00,2026-07-23T11:05:28.339177,9.6,126.9,nodal,completed
T004002,R020,D0017,V2,S2,2026-07-23T10:15:00,2026-07-23T10:18:06,2026-07-23T11:00:00,2026-07-23T11:00:11.920309,10.0,146.3,nodal,completed
T004003,R020,D0078,V2,S2,2026-07-23T10:15:00,2026-07-23T10:24:18,2026-07-23T11:00:00,2026-07-23T11:08:02.754289,9.8,131.4,nodal,completed
T004004,R020,D0080,V1,S2,2026-07-23T10:15:00,2026-07-23T10:27:36,2026-07-23T11:00:00,2026-07-23T11:10:42.606017,10.3,151.7,nodal,completed
T004005,R022,D0038,V5,S2,2026-07-23T10:15:00,2026-07-23T10:16:12,2026-07-23T11:00:00,2026-07-23T11:00:00,17.8,347.2,cab,completed
T004006,R022,D0042,V5,S2,2026-07-23T10:15:00,2026-07-23T10:20:54,2026-07-23T11:00:00,2026-07-23T11:05:09.046554,16.2,322.1,cab,completed
T004007,R022,D0005,V1,S2,2026-07-23T10:15:00,2026-07-23T10:22:00,2026-07-23T11:00:00,2026-07-23T11:03:17.734746,16.2,325.4,cab,completed
T004008,R022,D0056,V1,S2,2026-07-23T10:15:00,2026-07-23T10:15:48,2026-07-23T11:00:00,2026-07-23T11:00:00,17.2,338.7,cab,completed
T004009,R022,D0036,V3,S2,2026-07-23T10:15:00,2026-07-23T10:23:36,2026-07-23T11:00:00,2026-07-23T11:04:48.134536,16.9,322.6,cab,completed
T004010,R022,D0058,V1,S2,2026-07-23T10:15:00,2026-07-23T10:31:18,2026-07-23T11:00:00,2026-07-23T11:16:17.205220,17.2,334.2,cab,completed
T004011,R022,D0038,V5,S2,2026-07-23T10:15:00,2026-07-23T10:18:36,2026-07-23T11:00:00,2026-07-23T11:00:00,17.5,332.7,cab,completed
T004012,R022,D0031,V3,S2,2026-07-23T10:15:00,2026-07-23T10:17:36,2026-07-23T11:00:00,2026-07-23T11:00:51.105486,16.2,312.2,cab,completed
T004013,R003,D0007,V4,S3,2026-07-23T21:15:00,2026-07-23T21:30:36,2026-07-23T22:00:00,2026-07-23T22:13:17.396862,21.2,121.2,shuttle,completed
T004014,R003,D0001,V2,S3,2026-07-23T21:15:00,2026-07-23T21:18:48,2026-07-23T22:00:00,2026-07-23T22:02:54.004845,22.8,149.2,shuttle,completed
T004015,R006,D0007,V4,S3,2026-07-23T21:15:00,2026-07-23T21:15:12,2026-07-23T22:00:00,2026-07-23T22:00:00,20.1,123.5,shuttle,completed
T004016,R008,D0005,V1,S3,2026-07-23T21:15:00,2026-07-23T21:35:42,2026-07-23T22:00:00,2026-07-23T22:17:15.868133,9.0,127.6,nodal,completed
T004017,R008,D0025,V2,S3,2026-07-23T21:15:00,2026-07-23T21:29:06,2026-07-23T22:00:00,2026-07-23T22:09:07.275476,9.4,131.7,nodal,completed
T004018,R011,D0110,V1,S3,2026-07-23T21:15:00,2026-07-23T21:16:00,2026-07-23T22:00:00,2026-07-23T22:00:00,8.4,130.7,nodal,completed
T004019,R011,D0015,V1,S3,2026-07-23T21:15:00,2026-07-23T21:25:06,2026-07-23T22:00:00,2026-07-23T22:05:57.282601,7.7,115.8,nodal,completed
T004020,R011,D0040,V1,S3,2026-07-23T21:15:00,2026-07-23T21:17:48,2026-07-23T22:00:00,2026-07-23T22:01:36.787507,7.7,128.2,nodal,completed
T004021,R013,D0048,V5,S3,2026-07-23T21:15:00,2026-07-23T21:16:06,2026-07-23T22:00:00,,11.2,247.2,cab,cancelled
T004022,R013,D0018,V5,S3,2026-07-23T21:15:00,2026-07-23T21:19:06,2026-07-23T22:00:00,2026-07-23T22:02:01.858152,11.6,262.3,cab,completed
T004023,R013,D0023,V3,S3,2026-07-23T21:15:00,2026-07-23T21:15:30,2026-07-23T22:00:00,2026-07-23T22:00:00,10.8,233.2,cab,completed
T004024,R013,D0112,V1,S3,2026-07-23T21:15:00,2026-07-23T21:30:42,2026-07-23T22:00:00,2026-07-23T22:10:58.255922,11.6,257.4,cab,completed
T004025,R013,D0056,V1,S3,2026-07-23T21:15:00,2026-07-23T21:18:06,2026-07-23T22:00:00,2026-07-23T22:02:03.583872,10.8,250.2,cab,completed
T004026,R013,D0042,V5,S3,2026-07-23T21:15:00,2026-07-23T21:15:48,2026-07-23T22:00:00,2026-07-23T22:00:00,10.6,235.2,cab,completed
T004027,R018,D0007,V4,S3,2026-07-23T21:15:00,2026-07-23T21:34:42,2026-07-23T22:00:00,2026-07-23T22:17:04.404791,14.9,97.5,shuttle,completed
T004028,R018,D0114,V2,S3,2026-07-23T21:15:00,2026-07-23T21:16:42,2026-07-23T22:00:00,2026-07-23T22:00:00,15.7,112.7,shuttle,completed
T004029,R020,D0020,V2,S3,2026-07-23T21:15:00,2026-07-23T21:32:30,2026-07-23T22:00:00,2026-07-23T22:15:36.862733,9.7,135.1,nodal,completed
T004030,R020,D0086,V1,S3,2026-07-23T21:15:00,2026-07-23T21:20:24,2026-07-23T22:00:00,2026-07-23T22:01:26.951621,10.3,134.9,nodal,completed
T004031,R022,D0105,V3,S3,2026-07-23T21:15:00,2026-07-23T21:23:30,2026-07-23T22:00:00,2026-07-23T22:05:41.232494,17.0,319.8,cab,completed
T004032,R022,D0014,V5,S3,2026-07-23T21:15:00,2026-07-23T21:19:12,2026-07-23T22:00:00,2026-07-23T22:02:30.319157,17.6,344.2,cab,completed
T004033,R022,D0053,V1,S3,2026-07-23T21:15:00,2026-07-23T21:27:30,2026-07-23T22:00:00,,17.5,331.7,cab,cancelled
T004034,R022,D0006,V5,S3,2026-07-23T21:15:00,2026-07-23T21:31:18,2026-07-23T22:00:00,2026-07-23T22:15:07.290046,17.4,334.9,cab,completed
T004035,R003,D0007,V4,S1,2026-07-24T08:15:00,2026-07-24T08:15:36,2026-07-24T09:00:00,2026-07-24T09:00:00,21.7,135.6,shuttle,completed
T004036,R003,D0048,V5,S1,2026-07-24T08:15:00,2026-07-24T08:15:06,2026-07-24T09:00:00,2026-07-24T09:00:00,21.6,130.3,shuttle,completed
T004037,R003,D0007,V4,S1,2026-07-24T08:15:00,2026-07-24T08:17:06,2026-07-24T09:00:00,2026-07-24T09:00:19.657319,21.1,130.4,shuttle,completed
T004038,R006,D0012,V2,S1,2026-07-24T08:15:00,2026-07-24T08:15:06,2026-07-24T09:00:00,2026-07-24T09:00:00,20.3,122.6,shuttle,completed
T004039,R006,D0097,V2,S1,2026-07-24T08:15:00,2026-07-24T08:17:36,2026-07-24T09:00:00,2026-07-24T09:02:29.292108,18.6,112.0,shuttle,completed
T004040,R006,D0066,V2,S1,2026-07-24T08:15:00,2026-07-24T08:17:54,2026-07-24T09:00:00,2026-07-24T09:01:22.245527,19.2,121.7,shuttle,completed
T004041,R008,D0032,V1,S1,2026-07-24T08:15:00,2026-07-24T08:17:54,2026-07-24T09:00:00,2026-07-24T09:00:00,9.3,133.0,nodal,completed
T004042,R008,D0087,V2,S1,2026-07-24T08:15:00,2026-07-24T08:17:36,2026-07-24T09:00:00,2026-07-24T09:00:00,9.2,137.5,nodal,completed
T004043,R008,D0094,V2,S1,2026-07-24T08:15:00,2026-07-24T08:15:54,2026-07-24T09:00:00,2026-07-24T09:00:53.787480,8.7,120.9,nodal,completed
T004044,R008,D0070,V2,S1,2026-07-24T08:15:00,2026-07-24T08:23:12,2026-07-24T09:00:00,2026-07-24T09:04:07.077788,9.0,126.9,nodal,completed
T004045,R008,D0053,V1,S1,2026-07-24T08:15:00,2026-07-24T08:15:36,2026-07-24T09:00:00,2026-07-24T09:00:00,9.2,140.6,nodal,completed
T004046,R008,D0057,V2,S1,2026-07-24T08:15:00,2026-07-24T08:15:54,2026-07-24T09:00:00,2026-07-24T09:00:00,9.3,131.4,nodal,completed
T004047,R011,D0070,V2,S1,2026-07-24T08:15:00,2026-07-24T08:22:24,2026-07-24T09:00:00,2026-07-24T09:04:56.623670,8.6,124.2,nodal,completed
T004048,R011,D0097,V2,S1,2026-07-24T08:15:00,2026-07-24T08:19:24,2026-07-24T09:00:00,2026-07-24T09:03:10.496190,7.8,117.6,nodal,completed
T004049,R011,D0080,V1,S1,2026-07-24T08:15:00,2026-07-24T08:18:06,2026-07-24T09:00:00,2026-07-24T09:01:13.612890,8.3,139.4,nodal,completed
T004050,R011,D0096,V2,S1,2026-07-24T08:15:00,2026-07-24T08:20:24,2026-07-24T09:00:00,2026-07-24T09:02:21.600174,7.8,125.9,nodal,completed
T004051,R011,D0107,V2,S1,2026-07-24T08:15:00,2026-07-24T08:15:24,2026-07-24T09:00:00,2026-07-24T09:00:00,7.8,118.2,nodal,completed
T004052,R011,D0068,V1,S1,2026-07-24T08:15:00,2026-07-24T08:22:30,2026-07-24T09:00:00,2026-07-24T09:03:13.779140,7.9,117.8,nodal,completed
T004053,R013,D0037,V3,S1,2026-07-24T08:15:00,2026-07-24T08:19:12,2026-07-24T09:00:00,2026-07-24T09:03:58.919393,10.7,244.3,cab,completed
T004054,R013,D0032,V1,S1,2026-07-24T08:15:00,2026-07-24T08:27:54,2026-07-24T09:00:00,2026-07-24T09:09:33.376576,11.5,242.9,cab,completed
T004055,R013,D0110,V1,S1,2026-07-24T08:15:00,2026-07-24T08:21:48,2026-07-24T09:00:00,,11.4,240.7,cab,cancelled
T004056,R013,D0111,V1,S1,2026-07-24T08:15:00,2026-07-24T08:15:06,2026-07-24T09:00:00,2026-07-24T09:00:00,10.8,234.7,cab,completed
T004057,R013,D0080,V1,S1,2026-07-24T08:15:00,2026-07-24T08:15:06,2026-07-24T09:00:00,2026-07-24T09:00:00,10.8,242.1,cab,completed
T004058,R013,D0117,V1,S1,2026-07-24T08:15:00,2026-07-24T08:17:30,2026-07-24T09:00:00,2026-07-24T09:00:00,10.5,241.2,cab,completed
T004059,R013,D0116,V5,S1,2026-07-24T08:15:00,2026-07-24T08:20:18,2026-07-24T09:00:00,2026-07-24T09:01:39.789711,11.7,248.6,cab,completed
T004060,R013,D0014,V5,S1,2026-07-24T08:15:00,2026-07-24T08:16:36,2026-07-24T09:00:00,2026-07-24T09:00:15.305438,11.0,234.4,cab,completed
T004061,R013,D0089,V3,S1,2026-07-24T08:15:00,2026-07-24T08:17:18,2026-07-24T09:00:00,2026-07-24T09:00:00,10.5,234.5,cab,completed
T004062,R013,D0065,V3,S1,2026-07-24T08:15:00,2026-07-24T08:15:06,2026-07-24T09:00:00,2026-07-24T09:00:00,11.1,237.3,cab,completed
T004063,R013,D0038,V5,S1,2026-07-24T08:15:00,2026-07-24T08:24:18,2026-07-24T09:00:00,2026-07-24T09:05:45.151001,10.9,241.8,cab,completed
T004064,R018,D0007,V4,S1,2026-07-24T08:15:00,2026-07-24T08:19:48,2026-07-24T09:00:00,2026-07-24T09:00:38.504847,15.9,94.8,shuttle,completed
T004065,R018,D0069,V5,S1,2026-07-24T08:15:00,2026-07-24T08:15:54,2026-07-24T09:00:00,2026-07-24T09:00:00,15.8,96.4,shuttle,completed
T004066,R018,D0061,V4,S1,2026-07-24T08:15:00,2026-07-24T08:19:30,2026-07-24T09:00:00,2026-07-24T09:00:00,15.3,108.1,shuttle,completed
T004067,R020,D0008,V1,S1,2026-07-24T08:15:00,2026-07-24T08:20:42,2026-07-24T09:00:00,2026-07-24T09:02:43.690427,9.8,133.0,nodal,completed
T004068,R020,D0012,V2,S1,2026-07-24T08:15:00,2026-07-24T08:17:00,2026-07-24T09:00:00,2026-07-24T09:00:00,9.7,140.7,nodal,completed
T004069,R020,D0001,V2,S1,2026-07-24T08:15:00,2026-07-24T08:31:18,2026-07-24T09:00:00,2026-07-24T09:15:19.894167,9.9,147.2,nodal,completed
T004070,R020,D0035,V1,S1,2026-07-24T08:15:00,2026-07-24T08:16:54,2026-07-24T09:00:00,2026-07-24T09:01:18.187695,10.5,156.8,nodal,completed
T004071,R020,D0081,V2,S1,2026-07-24T08:15:00,2026-07-24T08:18:06,2026-07-24T09:00:00,2026-07-24T09:01:22.062479,10.2,134.8,nodal,completed
T004072,R020,D0052,V1,S1,2026-07-24T08:15:00,2026-07-24T08:16:48,2026-07-24T09:00:00,2026-07-24T09:00:22.214888,9.9,132.8,nodal,completed
T004073,R022,D0033,V1,S1,2026-07-24T08:15:00,2026-07-24T08:17:06,2026-07-24T09:00:00,2026-07-24T09:00:13.833647,16.6,321.2,cab,completed
T004074,R022,D0082,V1,S1,2026-07-24T08:15:00,2026-07-24T08:17:30,2026-07-24T09:00:00,2026-07-24T09:00:00,16.6,331.2,cab,completed
T004075,R022,D0027,V3,S1,2026-07-24T08:15:00,,2026-07-24T09:00:00,,17.3,330.2,cab,no_show
T004076,R022,D0117,V1,S1,2026-07-24T08:15:00,2026-07-24T08:17:48,2026-07-24T09:00:00,2026-07-24T09:01:32.115912,17.8,347.9,cab,completed
T004077,R022,D0101,V5,S1,2026-07-24T08:15:00,2026-07-24T08:36:30,2026-07-24T09:00:00,2026-07-24T09:21:03.038395,16.7,331.4,cab,completed
T004078,R022,D0033,V1,S1,2026-07-24T08:15:00,2026-07-24T08:18:42,2026-07-24T09:00:00,2026-07-24T09:02:14.942348,16.6,316.0,cab,completed
T004079,R022,D0108,V5,S1,2026-07-24T08:15:00,2026-07-24T08:15:42,2026-07-24T09:00:00,2026-07-24T09:00:00,16.5,312.4,cab,completed
T004080,R022,D0042,V5,S1,2026-07-24T08:15:00,2026-07-24T08:18:30,2026-07-24T09:00:00,2026-07-24T09:00:54.159703,17.4,323.7,cab,completed
T004081,R022,D0018,V5,S1,2026-07-24T08:15:00,2026-07-24T08:18:00,2026-07-24T09:00:00,2026-07-24T09:00:00,18.1,352.9,cab,completed
T004082,R022,D0050,V5,S1,2026-07-24T08:15:00,2026-07-24T08:15:36,2026-07-24T09:00:00,2026-07-24T09:00:00,17.2,330.4,cab,completed
T004083,R022,D0064,V3,S1,2026-07-24T08:15:00,2026-07-24T08:18:00,2026-07-24T09:00:00,2026-07-24T09:02:24.182437,18.3,352.5,cab,completed
T004084,R022,D0056,V1,S1,2026-07-24T08:15:00,2026-07-24T08:18:24,2026-07-24T09:00:00,2026-07-24T09:01:50.874274,17.9,339.8,cab,completed
T004085,R003,D0042,V5,S2,2026-07-24T10:15:00,2026-07-24T10:18:42,2026-07-24T11:00:00,2026-07-24T11:02:15.255877,22.7,129.7,shuttle,completed
T004086,R003,D0007,V4,S2,2026-07-24T10:15:00,2026-07-24T10:19:36,2026-07-24T11:00:00,2026-07-24T11:01:00.451059,23.5,148.6,shuttle,completed
T004087,R006,D0014,V5,S2,2026-07-24T10:15:00,2026-07-24T10:20:18,2026-07-24T11:00:00,2026-07-24T11:03:02.444099,18.9,119.6,shuttle,completed
T004088,R006,D0051,V2,S2,2026-07-24T10:15:00,2026-07-24T10:15:36,2026-07-24T11:00:00,2026-07-24T11:00:00,19.9,120.2,shuttle,completed
T004089,R008,D0110,V1,S2,2026-07-24T10:15:00,2026-07-24T10:15:12,2026-07-24T11:00:00,2026-07-24T11:00:00,9.4,134.5,nodal,completed
T004090,R008,D0068,V1,S2,2026-07-24T10:15:00,2026-07-24T10:17:12,2026-07-24T11:00:00,2026-07-24T11:00:42.415315,9.1,131.3,nodal,completed
T004091,R008,D0057,V2,S2,2026-07-24T10:15:00,2026-07-24T10:27:30,2026-07-24T11:00:00,2026-07-24T11:08:36.020139,8.7,124.7,nodal,completed
T004092,R011,D0073,V2,S2,2026-07-24T10:15:00,2026-07-24T10:20:00,2026-07-24T11:00:00,2026-07-24T11:03:31.436604,7.8,130.0,nodal,completed
T004093,R011,D0001,V2,S2,2026-07-24T10:15:00,2026-07-24T10:16:06,2026-07-24T11:00:00,2026-07-24T11:00:00,8.3,136.1,nodal,completed
T004094,R011,D0066,V2,S2,2026-07-24T10:15:00,2026-07-24T10:15:06,2026-07-24T11:00:00,2026-07-24T11:00:00,7.6,122.9,nodal,completed
T004095,R011,D0078,V2,S2,2026-07-24T10:15:00,2026-07-24T10:27:42,2026-07-24T11:00:00,2026-07-24T11:11:28.972650,8.5,130.4,nodal,completed
T004096,R013,D0105,V3,S2,2026-07-24T10:15:00,2026-07-24T10:20:00,2026-07-24T11:00:00,2026-07-24T11:00:17.162971,10.7,242.7,cab,completed
T004097,R013,D0014,V5,S2,2026-07-24T10:15:00,2026-07-24T10:21:00,2026-07-24T11:00:00,2026-07-24T11:03:35.184375,10.5,240.4,cab,completed
T004098,R013,D0005,V1,S2,2026-07-24T10:15:00,2026-07-24T10:17:48,2026-07-24T11:00:00,2026-07-24T11:00:00,11.3,254.4,cab,completed
T004099,R013,D0062,V3,S2,2026-07-24T10:15:00,2026-07-24T10:16:42,2026-07-24T11:00:00,2026-07-24T11:00:34.747585,11.0,253.6,cab,completed
T004100,R013,D0120,V5,S2,2026-07-24T10:15:00,2026-07-24T10:19:36,2026-07-24T11:00:00,2026-07-24T11:03:34.739656,10.7,249.8,cab,completed
T004101,R013,D0116,V5,S2,2026-07-24T10:15:00,2026-07-24T10:18:18,2026-07-24T11:00:00,2026-07-24T11:00:00,10.6,245.7,cab,completed
T004102,R013,D0028,V3,S2,2026-07-24T10:15:00,2026-07-24T10:15:12,2026-07-24T11:00:00,2026-07-24T11:00:00,11.3,241.2,cab,completed
T004103,R013,D0105,V3,S2,2026-07-24T10:15:00,2026-07-24T10:18:42,2026-07-24T11:00:00,2026-07-24T11:02:09.083980,11.3,246.3,cab,completed
T004104,R018,D0007,V4,S2,2026-07-24T10:15:00,2026-07-24T10:22:00,2026-07-24T11:00:00,2026-07-24T11:05:50.263774,14.3,91.1,shuttle,completed
T004105,R018,D0001,V2,S2,2026-07-24T10:15:00,,2026-07-24T11:00:00,,16.0,99.1,shuttle,no_show
T004106,R020,D0117,V1,S2,2026-07-24T10:15:00,2026-07-24T10:41:00,2026-07-24T11:00:00,,10.7,144.6,nodal,cancelled
T004107,R020,D0025,V2,S2,2026-07-24T10:15:00,2026-07-24T10:16:18,2026-07-24T11:00:00,2026-07-24T11:00:00,10.1,141.2,nodal,completed
T004108,R020,D0096,V2,S2,2026-07-24T10:15:00,2026-07-24T10:15:42,2026-07-24T11:00:00,2026-07-24T11:00:00,10.2,140.2,nodal,completed
T004109,R020,D0024,V1,S2,2026-07-24T10:15:00,2026-07-24T10:15:36,2026-07-24T11:00:00,2026-07-24T11:00:00,10.0,139.9,nodal,completed
T004110,R022,D0068,V1,S2,2026-07-24T10:15:00,2026-07-24T10:15:48,2026-07-24T11:00:00,2026-07-24T11:00:00,17.9,343.8,cab,completed
T004111,R022,D0047,V3,S2,2026-07-24T10:15:00,2026-07-24T10:15:36,2026-07-24T11:00:00,2026-07-24T11:00:00,16.4,317.1,cab,completed
T004112,R022,D0116,V5,S2,2026-07-24T10:15:00,2026-07-24T10:18:36,2026-07-24T11:00:00,2026-07-24T11:02:31.340180,17.1,341.7,cab,completed
T004113,R022,D0060,V3,S2,2026-07-24T10:15:00,2026-07-24T10:15:48,2026-07-24T11:00:00,2026-07-24T11:00:00,16.5,323.9,cab,completed
T004114,R022,D0083,V3,S2,2026-07-24T10:15:00,2026-07-24T10:15:06,2026-07-24T11:00:00,2026-07-24T11:00:00,16.2,307.0,cab,completed
T004115,R022,D0003,V1,S2,2026-07-24T10:15:00,2026-07-24T10:15:00,2026-07-24T11:00:00,2026-07-24T11:00:00,16.2,307.7,cab,completed
T004116,R022,D0003,V1,S2,2026-07-24T10:15:00,2026-07-24T10:16:18,2026-07-24T11:00:00,2026-07-24T11:00:00,17.6,331.4,cab,completed
T004117,R022,D0047,V3,S2,2026-07-24T10:15:00,2026-07-24T10:18:00,2026-07-24T11:00:00,2026-07-24T11:00:00,17.5,340.2,cab,completed
T004118,R003,D0017,V2,S3,2026-07-24T21:15:00,2026-07-24T21:15:42,2026-07-24T22:00:00,2026-07-24T22:00:00,22.4,144.1,shuttle,completed
T004119,R003,D0050,V5,S3,2026-07-24T21:15:00,2026-07-24T21:15:36,2026-07-24T22:00:00,2026-07-24T22:00:00,23.1,138.3,shuttle,completed
T004120,R006,D0088,V5,S3,2026-07-24T21:15:00,2026-07-24T21:30:54,2026-07-24T22:00:00,2026-07-24T22:15:04.531032,20.4,133.7,shuttle,completed
T004121,R008,D0033,V1,S3,2026-07-24T21:15:00,2026-07-24T21:15:48,2026-07-24T22:00:00,2026-07-24T22:00:00,8.8,133.8,nodal,completed
T004122,R008,D0029,V2,S3,2026-07-24T21:15:00,2026-07-24T21:17:00,2026-07-24T22:00:00,2026-07-24T22:01:11.834796,8.8,129.1,nodal,completed
T004123,R011,D0003,V1,S3,2026-07-24T21:15:00,2026-07-24T21:21:30,2026-07-24T22:00:00,2026-07-24T22:03:10.684075,7.9,121.7,nodal,completed
T004124,R011,D0043,V1,S3,2026-07-24T21:15:00,2026-07-24T21:25:18,2026-07-24T22:00:00,2026-07-24T22:09:05.403077,8.4,121.3,nodal,completed
T004125,R011,D0057,V2,S3,2026-07-24T21:15:00,2026-07-24T21:20:06,2026-07-24T22:00:00,2026-07-24T22:02:40.026532,8.6,135.0,nodal,completed
T004126,R013,D0056,V1,S3,2026-07-24T21:15:00,2026-07-24T21:22:36,2026-07-24T22:00:00,2026-07-24T22:02:59.758557,11.5,257.2,cab,completed
T004127,R013,D0086,V1,S3,2026-07-24T21:15:00,2026-07-24T21:26:36,2026-07-24T22:00:00,2026-07-24T22:07:14.723131,11.6,246.4,cab,completed
T004128,R013,D0079,V3,S3,2026-07-24T21:15:00,2026-07-24T21:18:06,2026-07-24T22:00:00,2026-07-24T22:00:14.015031,11.6,247.8,cab,completed
T004129,R013,D0023,V3,S3,2026-07-24T21:15:00,2026-07-24T21:20:12,2026-07-24T22:00:00,2026-07-24T22:04:25.104452,11.6,258.7,cab,completed
T004130,R013,D0112,V1,S3,2026-07-24T21:15:00,2026-07-24T21:18:06,2026-07-24T22:00:00,2026-07-24T22:03:03.137350,11.1,249.0,cab,completed
T004131,R018,D0002,V2,S3,2026-07-24T21:15:00,2026-07-24T21:19:42,2026-07-24T22:00:00,2026-07-24T22:00:46.736529,15.4,94.5,shuttle,completed
T004132,R018,D0074,V4,S3,2026-07-24T21:15:00,2026-07-24T21:16:06,2026-07-24T22:00:00,2026-07-24T22:00:09.925798,14.4,90.1,shuttle,completed
T004133,R020,D0024,V1,S3,2026-07-24T21:15:00,2026-07-24T21:29:24,2026-07-24T22:00:00,2026-07-24T22:11:43.835981,10.1,137.2,nodal,completed
T004134,R020,D0113,V2,S3,2026-07-24T21:15:00,2026-07-24T21:15:30,2026-07-24T22:00:00,2026-07-24T22:00:00,10.7,140.7,nodal,completed
T004135,R020,D0081,V2,S3,2026-07-24T21:15:00,2026-07-24T21:19:48,2026-07-24T22:00:00,2026-07-24T22:01:17.017735,10.0,140.1,nodal,completed
T004136,R022,D0058,V1,S3,2026-07-24T21:15:00,2026-07-24T21:17:48,2026-07-24T22:00:00,2026-07-24T22:00:10.456923,17.2,339.2,cab,completed
T004137,R022,D0009,V1,S3,2026-07-24T21:15:00,2026-07-24T21:30:18,2026-07-24T22:00:00,2026-07-24T22:12:11.085069,17.1,324.2,cab,completed
T004138,R022,D0049,V3,S3,2026-07-24T21:15:00,2026-07-24T21:15:06,2026-07-24T22:00:00,2026-07-24T22:00:00,16.4,314.6,cab,completed
T004139,R022,D0014,V5,S3,2026-07-24T21:15:00,2026-07-24T21:19:36,2026-07-24T22:00:00,2026-07-24T22:02:39.324104,16.8,316.7,cab,completed
T004140,R003,D0091,V4,S1,2026-07-27T08:15:00,2026-07-27T08:15:36,2026-07-27T09:00:00,2026-07-27T09:00:00,21.4,131.0,shuttle,completed
T004141,R003,D0099,V5,S1,2026-07-27T08:15:00,2026-07-27T08:47:36,2026-07-27T09:00:00,2026-07-27T09:29:05.483254,22.8,137.3,shuttle,completed
T004142,R003,D0061,V4,S1,2026-07-27T08:15:00,2026-07-27T08:20:18,2026-07-27T09:00:00,2026-07-27T09:01:41.739031,23.3,137.3,shuttle,completed
T004143,R006,D0090,V2,S1,2026-07-27T08:15:00,2026-07-27T08:20:54,2026-07-27T09:00:00,2026-07-27T09:05:50.183866,18.5,131.9,shuttle,completed
T004144,R006,D0017,V2,S1,2026-07-27T08:15:00,2026-07-27T08:15:12,2026-07-27T09:00:00,2026-07-27T09:00:00,19.1,129.6,shuttle,completed
T004145,R006,D0011,V2,S1,2026-07-27T08:15:00,2026-07-27T08:19:48,2026-07-27T09:00:00,2026-07-27T09:02:04.787924,19.9,139.0,shuttle,completed
T004146,R008,D0110,V1,S1,2026-07-27T08:15:00,2026-07-27T08:16:48,2026-07-27T09:00:00,2026-07-27T09:00:00,8.8,123.5,nodal,completed
T004147,R008,D0063,V2,S1,2026-07-27T08:15:00,2026-07-27T08:24:00,2026-07-27T09:00:00,2026-07-27T09:04:06.664219,9.4,129.9,nodal,completed
T004148,R008,D0024,V1,S1,2026-07-27T08:15:00,2026-07-27T08:28:48,2026-07-27T09:00:00,2026-07-27T09:10:07.505714,8.8,133.9,nodal,completed
T004149,R008,D0086,V1,S1,2026-07-27T08:15:00,2026-07-27T08:15:48,2026-07-27T09:00:00,2026-07-27T09:00:08.660283,9.2,132.9,nodal,completed
T004150,R008,D0112,V1,S1,2026-07-27T08:15:00,2026-07-27T08:17:48,2026-07-27T09:00:00,2026-07-27T09:02:19.435532,8.9,129.6,nodal,completed
T004151,R008,D0073,V2,S1,2026-07-27T08:15:00,2026-07-27T08:17:06,2026-07-27T09:00:00,2026-07-27T09:00:00,8.7,127.1,nodal,completed
T004152,R011,D0078,V2,S1,2026-07-27T08:15:00,2026-07-27T08:24:24,2026-07-27T09:00:00,2026-07-27T09:08:10.560605,7.9,130.6,nodal,completed
T004153,R011,D0111,V1,S1,2026-07-27T08:15:00,2026-07-27T08:19:42,2026-07-27T09:00:00,2026-07-27T09:03:08.249444,8.1,120.4,nodal,completed
T004154,R011,D0009,V1,S1,2026-07-27T08:15:00,2026-07-27T08:22:42,2026-07-27T09:00:00,2026-07-27T09:07:06.049069,8.5,135.8,nodal,completed
T004155,R011,D0045,V1,S1,2026-07-27T08:15:00,2026-07-27T08:24:30,2026-07-27T09:00:00,2026-07-27T09:08:43.848048,8.0,130.4,nodal,completed
T004156,R011,D0110,V1,S1,2026-07-27T08:15:00,2026-07-27T08:21:18,2026-07-27T09:00:00,2026-07-27T09:04:51.855029,7.7,119.2,nodal,completed
T004157,R013,D0010,V1,S1,2026-07-27T08:15:00,2026-07-27T08:20:48,2026-07-27T09:00:00,2026-07-27T09:01:25.726112,11.5,250.5,cab,completed
T004158,R013,D0024,V1,S1,2026-07-27T08:15:00,2026-07-27T08:19:06,2026-07-27T09:00:00,2026-07-27T09:00:00,11.8,248.5,cab,completed
T004159,R013,D0032,V1,S1,2026-07-27T08:15:00,2026-07-27T08:17:54,2026-07-27T09:00:00,2026-07-27T09:00:00,10.5,228.4,cab,completed
T004160,R013,D0089,V3,S1,2026-07-27T08:15:00,,2026-07-27T09:00:00,2026-07-27T09:00:00,11.3,245.6,cab,completed
T004161,R013,D0116,V5,S1,2026-07-27T08:15:00,2026-07-27T08:20:54,2026-07-27T09:00:00,2026-07-27T09:03:10.229505,11.5,260.2,cab,completed
T004162,R013,D0082,V1,S1,2026-07-27T08:15:00,2026-07-27T08:19:12,2026-07-27T09:00:00,2026-07-27T09:00:00,11.4,263.2,cab,completed
T004163,R013,D0098,V5,S1,2026-07-27T08:15:00,2026-07-27T08:29:42,2026-07-27T09:00:00,2026-07-27T09:13:12.948342,11.3,256.6,cab,completed
T004164,R013,D0079,V3,S1,2026-07-27T08:15:00,2026-07-27T08:17:00,2026-07-27T09:00:00,2026-07-27T09:01:11.697017,11.8,254.3,cab,completed
T004165,R013,D0069,V5,S1,2026-07-27T08:15:00,2026-07-27T08:16:18,2026-07-27T09:00:00,2026-07-27T09:00:00,11.4,251.1,cab,completed
T004166,R013,D0006,V5,S1,2026-07-27T08:15:00,2026-07-27T08:15:12,2026-07-27T09:00:00,2026-07-27T09:00:00,11.0,248.1,cab,completed
T004167,R013,D0028,V3,S1,2026-07-27T08:15:00,2026-07-27T08:18:42,2026-07-27T09:00:00,2026-07-27T09:00:00,10.7,232.2,cab,completed
T004168,R018,D0012,V2,S1,2026-07-27T08:15:00,2026-07-27T08:24:06,2026-07-27T09:00:00,2026-07-27T09:05:10.955342,15.3,97.6,shuttle,completed
T004169,R018,D0081,V2,S1,2026-07-27T08:15:00,,2026-07-27T09:00:00,2026-07-27T09:02:08.472498,14.4,109.2,shuttle,completed
T004170,R018,D0078,V2,S1,2026-07-27T08:15:00,2026-07-27T08:15:18,2026-07-27T09:00:00,2026-07-27T09:00:00,14.5,104.7,shuttle,completed
T004171,R020,D0045,V1,S1,2026-07-27T08:15:00,2026-07-27T08:40:12,2026-07-27T09:00:00,2026-07-27T09:20:37.390569,10.7,149.8,nodal,completed
T004172,R020,D0003,V1,S1,2026-07-27T08:15:00,2026-07-27T08:28:24,2026-07-27T09:00:00,2026-07-27T09:11:32.169667,10.1,150.3,nodal,completed
T004173,R020,D0086,V1,S1,2026-07-27T08:15:00,2026-07-27T08:19:24,2026-07-27T09:00:00,2026-07-27T09:02:45.339105,10.0,144.0,nodal,completed
T004174,R020,D0114,V2,S1,2026-07-27T08:15:00,2026-07-27T08:16:42,2026-07-27T09:00:00,2026-07-27T09:00:00,10.2,141.1,nodal,completed
T004175,R020,D0043,V1,S1,2026-07-27T08:15:00,2026-07-27T08:22:18,2026-07-27T09:00:00,2026-07-27T09:04:00.573772,9.7,134.1,nodal,completed
T004176,R020,D0052,V1,S1,2026-07-27T08:15:00,2026-07-27T08:21:18,2026-07-27T09:00:00,2026-07-27T09:03:40.018047,10.2,146.8,nodal,completed
T004177,R022,D0112,V1,S1,2026-07-27T08:15:00,2026-07-27T08:20:42,2026-07-27T09:00:00,2026-07-27T09:01:25.646008,17.4,354.1,cab,completed
T004178,R022,D0052,V1,S1,2026-07-27T08:15:00,2026-07-27T08:16:30,2026-07-27T09:00:00,2026-07-27T09:00:28.785428,16.8,326.7,cab,completed
T004179,R022,D0045,V1,S1,2026-07-27T08:15:00,2026-07-27T08:19:54,2026-07-27T09:00:00,2026-07-27T09:00:20.612598,16.5,322.2,cab,completed
T004180,R022,D0085,V3,S1,2026-07-27T08:15:00,2026-07-27T08:16:12,2026-07-27T09:00:00,2026-07-27T09:00:00,17.8,338.3,cab,completed
T004181,R022,D0083,V3,S1,2026-07-27T08:15:00,2026-07-27T08:26:48,2026-07-27T09:00:00,2026-07-27T09:09:07.390834,17.7,334.2,cab,completed
T004182,R022,D0076,V3,S1,2026-07-27T08:15:00,2026-07-27T08:19:00,2026-07-27T09:00:00,2026-07-27T09:03:21.207707,17.4,353.3,cab,completed
T004183,R022,D0018,V5,S1,2026-07-27T08:15:00,2026-07-27T08:15:18,2026-07-27T09:00:00,2026-07-27T09:00:00,17.3,329.2,cab,completed
T004184,R022,D0037,V3,S1,2026-07-27T08:15:00,2026-07-27T08:20:12,2026-07-27T09:00:00,2026-07-27T09:03:46.396651,16.7,318.7,cab,completed
T004185,R022,D0049,V3,S1,2026-07-27T08:15:00,2026-07-27T08:15:24,2026-07-27T09:00:00,2026-07-27T09:00:00,16.7,317.0,cab,completed
T004186,R022,D0116,V5,S1,2026-07-27T08:15:00,2026-07-27T08:19:36,2026-07-27T09:00:00,2026-07-27T09:01:40.150187,18.2,337.2,cab,completed
T004187,R022,D0033,V1,S1,2026-07-27T08:15:00,2026-07-27T08:16:30,2026-07-27T09:00:00,2026-07-27T09:00:20.482876,17.7,347.4,cab,completed
T004188,R022,D0080,V1,S1,2026-07-27T08:15:00,2026-07-27T08:16:06,2026-07-27T09:00:00,2026-07-27T09:00:00,16.9,317.4,cab,completed
T004189,R003,D0093,V4,S2,2026-07-27T10:15:00,2026-07-27T10:16:54,2026-07-27T11:00:00,2026-07-27T11:01:12.796366,23.2,137.8,shuttle,completed
T004190,R003,D0097,V2,S2,2026-07-27T10:15:00,2026-07-27T10:39:18,2026-07-27T11:00:00,2026-07-27T11:22:45.602566,22.6,149.5,shuttle,completed
T004191,R006,D0071,V5,S2,2026-07-27T10:15:00,2026-07-27T10:17:36,2026-07-27T11:00:00,2026-07-27T11:00:37.030825,19.7,131.3,shuttle,completed
T004192,R006,D0013,V5,S2,2026-07-27T10:15:00,2026-07-27T10:17:06,2026-07-27T11:00:00,2026-07-27T11:00:00,18.5,115.8,shuttle,completed
T004193,R008,D0033,V1,S2,2026-07-27T10:15:00,2026-07-27T10:17:06,2026-07-27T11:00:00,2026-07-27T11:01:08.348858,9.7,134.6,nodal,completed
T004194,R008,D0063,V2,S2,2026-07-27T10:15:00,2026-07-27T10:15:42,2026-07-27T11:00:00,2026-07-27T11:00:00,9.0,131.6,nodal,completed
T004195,R008,D0032,V1,S2,2026-07-27T10:15:00,2026-07-27T10:32:42,2026-07-27T11:00:00,2026-07-27T11:15:15.640585,8.7,122.1,nodal,completed
T004196,R011,D0110,V1,S2,2026-07-27T10:15:00,2026-07-27T10:25:24,2026-07-27T11:00:00,2026-07-27T11:08:48.032998,7.8,111.6,nodal,completed
T004197,R011,D0020,V2,S2,2026-07-27T10:15:00,2026-07-27T10:31:54,2026-07-27T11:00:00,2026-07-27T11:14:59.225429,7.7,114.1,nodal,completed
T004198,R011,D0063,V2,S2,2026-07-27T10:15:00,2026-07-27T10:24:12,2026-07-27T11:00:00,2026-07-27T11:05:59.528490,8.2,129.0,nodal,completed
T004199,R011,D0068,V1,S2,2026-07-27T10:15:00,2026-07-27T10:15:36,2026-07-27T11:00:00,2026-07-27T11:00:00,8.6,135.5,nodal,completed
T004200,R013,D0004,V5,S2,2026-07-27T10:15:00,2026-07-27T10:26:06,2026-07-27T11:00:00,2026-07-27T11:07:36.159017,11.4,240.4,cab,completed
T004201,R013,D0069,V5,S2,2026-07-27T10:15:00,2026-07-27T10:15:24,2026-07-27T11:00:00,2026-07-27T11:00:00,11.2,248.7,cab,completed
T004202,R013,D0004,V5,S2,2026-07-27T10:15:00,2026-07-27T10:29:24,2026-07-27T11:00:00,2026-07-27T11:09:30.703249,11.2,244.1,cab,completed
T004203,R013,D0105,V3,S2,2026-07-27T10:15:00,2026-07-27T10:15:18,2026-07-27T11:00:00,2026-07-27T11:00:00,11.8,261.4,cab,completed
T004204,R013,D0028,V3,S2,2026-07-27T10:15:00,2026-07-27T10:20:00,2026-07-27T11:00:00,2026-07-27T11:01:22.950281,10.6,234.8,cab,completed
T004205,R013,D0098,V5,S2,2026-07-27T10:15:00,2026-07-27T10:15:36,2026-07-27T11:00:00,2026-07-27T11:00:00,10.6,241.9,cab,completed
T004206,R013,D0100,V3,S2,2026-07-27T10:15:00,2026-07-27T10:20:12,2026-07-27T11:00:00,2026-07-27T11:00:17.963114,11.2,244.7,cab,completed
T004207,R018,D0029,V2,S2,2026-07-27T10:15:00,2026-07-27T10:15:30,2026-07-27T11:00:00,2026-07-27T11:00:00,14.6,111.1,shuttle,completed
T004208,R018,D0091,V4,S2,2026-07-27T10:15:00,2026-07-27T10:24:06,2026-07-27T11:00:00,2026-07-27T11:07:51.004305,14.8,104.1,shuttle,completed
T004209,R020,D0066,V2,S2,2026-07-27T10:15:00,2026-07-27T10:20:00,2026-07-27T11:00:00,2026-07-27T11:00:26.321616,9.6,136.5,nodal,completed
T004210,R020,D0087,V2,S2,2026-07-27T10:15:00,2026-07-27T10:28:18,2026-07-27T11:00:00,2026-07-27T11:10:23.625652,9.8,145.7,nodal,completed
T004211,R020,D0072,V2,S2,2026-07-27T10:15:00,2026-07-27T10:17:36,2026-07-27T11:00:00,2026-07-27T11:00:00,10.7,142.8,nodal,completed
T004212,R020,D0020,V2,S2,2026-07-27T10:15:00,2026-07-27T10:27:18,2026-07-27T11:00:00,2026-07-27T11:08:41.778532,10.2,151.9,nodal,completed
T004213,R022,D0095,V3,S2,2026-07-27T10:15:00,2026-07-27T10:18:54,2026-07-27T11:00:00,2026-07-27T11:00:58.364337,16.6,315.2,cab,completed
T004214,R022,D0035,V1,S2,2026-07-27T10:15:00,2026-07-27T10:18:00,2026-07-27T11:00:00,2026-07-27T11:00:01.235495,17.2,327.1,cab,completed
T004215,R022,D0080,V1,S2,2026-07-27T10:15:00,2026-07-27T10:16:06,2026-07-27T11:00:00,2026-07-27T11:00:00,17.7,330.4,cab,completed
T004216,R022,D0049,V3,S2,2026-07-27T10:15:00,2026-07-27T10:22:18,2026-07-27T11:00:00,2026-07-27T11:03:24.687933,17.0,345.4,cab,completed
T004217,R022,D0050,V5,S2,2026-07-27T10:15:00,2026-07-27T10:15:54,2026-07-27T11:00:00,2026-07-27T11:00:00,17.0,335.5,cab,completed
T004218,R022,D0060,V3,S2,2026-07-27T10:15:00,,2026-07-27T11:00:00,2026-07-27T11:04:11.434600,17.2,339.9,cab,completed
T004219,R022,D0058,V1,S2,2026-07-27T10:15:00,2026-07-27T10:20:54,2026-07-27T11:00:00,2026-07-27T11:05:37.198433,18.2,342.1,cab,completed
T004220,R022,D0042,V5,S2,2026-07-27T10:15:00,2026-07-27T10:17:18,2026-07-27T11:00:00,2026-07-27T11:00:00,16.6,323.1,cab,completed
T004221,R003,D0118,V4,S3,2026-07-27T21:15:00,2026-07-27T21:35:30,2026-07-27T22:00:00,2026-07-27T22:16:13.902359,22.8,148.7,shuttle,completed
T004222,R003,D0034,V4,S3,2026-07-27T21:15:00,2026-07-27T21:20:24,2026-07-27T22:00:00,2026-07-27T22:02:23.781038,23.3,149.0,shuttle,completed
T004223,R006,D0059,V4,S3,2026-07-27T21:15:00,2026-07-27T21:18:18,2026-07-27T22:00:00,2026-07-27T22:00:34.313743,19.8,117.0,shuttle,completed
T004224,R008,D0001,V2,S3,2026-07-27T21:15:00,2026-07-27T21:23:48,2026-07-27T22:00:00,2026-07-27T22:03:57.187879,9.2,133.9,nodal,completed
T004225,R008,D0086,V1,S3,2026-07-27T21:15:00,2026-07-27T21:29:18,2026-07-27T22:00:00,2026-07-27T22:11:15.205597,9.4,131.2,nodal,completed
T004226,R011,D0009,V1,S3,2026-07-27T21:15:00,2026-07-27T21:17:00,2026-07-27T22:00:00,2026-07-27T22:00:00,8.2,117.7,nodal,completed
T004227,R011,D0117,V1,S3,2026-07-27T21:15:00,2026-07-27T21:19:12,2026-07-27T22:00:00,2026-07-27T22:00:43.669944,8.5,133.6,nodal,completed
T004228,R011,D0012,V2,S3,2026-07-27T21:15:00,2026-07-27T21:18:24,2026-07-27T22:00:00,2026-07-27T22:00:00,8.0,131.4,nodal,completed
T004229,R013,D0064,V3,S3,2026-07-27T21:15:00,2026-07-27T21:16:12,2026-07-27T22:00:00,2026-07-27T22:00:00,11.8,264.7,cab,completed
T004230,R013,D0098,V5,S3,2026-07-27T21:15:00,2026-07-27T21:18:00,2026-07-27T22:00:00,2026-07-27T22:02:59.712749,11.0,247.2,cab,completed
T004231,R013,D0023,V3,S3,2026-07-27T21:15:00,2026-07-27T21:22:54,2026-07-27T22:00:00,2026-07-27T22:05:45.390581,11.3,248.1,cab,completed
T004232,R013,D0055,V3,S3,2026-07-27T21:15:00,2026-07-27T21:16:36,2026-07-27T22:00:00,2026-07-27T22:00:00,10.6,236.3,cab,completed
T004233,R013,D0046,V5,S3,2026-07-27T21:15:00,2026-07-27T21:20:36,2026-07-27T22:00:00,2026-07-27T22:03:57.032220,11.0,239.9,cab,completed
T004234,R013,D0050,V5,S3,2026-07-27T21:15:00,2026-07-27T21:26:06,2026-07-27T22:00:00,2026-07-27T22:07:36.829577,11.0,240.0,cab,completed
T004235,R018,D0071,V5,S3,2026-07-27T21:15:00,2026-07-27T21:27:12,2026-07-27T22:00:00,2026-07-27T22:09:28.233437,16.2,110.4,shuttle,completed
T004236,R018,D0007,V4,S3,2026-07-27T21:15:00,2026-07-27T21:16:30,2026-07-27T22:00:00,2026-07-27T22:00:00,15.4,106.7,shuttle,completed
T004237,R020,D0111,V1,S3,2026-07-27T21:15:00,2026-07-27T21:19:54,2026-07-27T22:00:00,2026-07-27T22:00:17.614384,10.2,137.7,nodal,completed
T004238,R020,D0035,V1,S3,2026-07-27T21:15:00,2026-07-27T21:25:06,2026-07-27T22:00:00,2026-07-27T22:07:10.830792,9.8,147.5,nodal,completed
T004239,R022,D0060,V3,S3,2026-07-27T21:15:00,2026-07-27T21:22:36,2026-07-27T22:00:00,2026-07-27T22:04:26.786524,16.5,315.6,cab,completed
T004240,R022,D0010,V1,S3,2026-07-27T21:15:00,2026-07-27T21:16:06,2026-07-27T22:00:00,2026-07-27T22:00:00,16.3,325.7,cab,completed
T004241,R022,D0088,V5,S3,2026-07-27T21:15:00,,2026-07-27T22:00:00,2026-07-27T22:00:00,17.1,320.8,cab,completed
T004242,R022,D0064,V3,S3,2026-07-27T21:15:00,2026-07-27T21:34:54,2026-07-27T22:00:00,2026-07-27T22:15:03.865025,18.1,335.6,cab,completed
T004243,R003,D0004,V5,S1,2026-07-28T08:15:00,2026-07-28T08:15:48,2026-07-28T09:00:00,2026-07-28T09:00:35.247063,23.1,135.0,shuttle,completed
T004244,R003,D0013,V5,S1,2026-07-28T08:15:00,2026-07-28T08:15:12,2026-07-28T09:00:00,2026-07-28T09:00:00,23.4,149.9,shuttle,completed
T004245,R003,D0114,V2,S1,2026-07-28T08:15:00,2026-07-28T08:16:36,2026-07-28T09:00:00,2026-07-28T09:00:00,23.7,156.1,shuttle,completed
T004246,R006,D0042,V5,S1,2026-07-28T08:15:00,,2026-07-28T09:00:00,2026-07-28T09:00:00,20.2,120.1,shuttle,completed
T004247,R006,D0104,V4,S1,2026-07-28T08:15:00,2026-07-28T08:15:54,2026-07-28T09:00:00,2026-07-28T09:00:42.692426,19.9,128.8,shuttle,completed
T004248,R006,D0070,V2,S1,2026-07-28T08:15:00,2026-07-28T08:47:48,2026-07-28T09:00:00,2026-07-28T09:31:44.712152,20.1,121.7,shuttle,completed
T004249,R008,D0003,V1,S1,2026-07-28T08:15:00,2026-07-28T08:41:00,2026-07-28T09:00:00,2026-07-28T09:22:59.184784,8.9,121.7,nodal,completed
T004250,R008,D0008,V1,S1,2026-07-28T08:15:00,2026-07-28T08:16:06,2026-07-28T09:00:00,2026-07-28T09:00:00,9.2,139.7,nodal,completed
T004251,R008,D0015,V1,S1,2026-07-28T08:15:00,2026-07-28T08:18:12,2026-07-28T09:00:00,2026-07-28T09:03:04.650872,9.4,125.2,nodal,completed
T004252,R008,D0090,V2,S1,2026-07-28T08:15:00,2026-07-28T08:24:36,2026-07-28T09:00:00,2026-07-28T09:05:40.301212,8.9,143.1,nodal,completed
T004253,R008,D0082,V1,S1,2026-07-28T08:15:00,2026-07-28T08:19:54,2026-07-28T09:00:00,2026-07-28T09:03:38.753407,9.0,122.7,nodal,completed
T004254,R011,D0035,V1,S1,2026-07-28T08:15:00,2026-07-28T08:27:24,2026-07-28T09:00:00,2026-07-28T09:09:36.946224,7.8,126.5,nodal,completed
T004255,R011,D0111,V1,S1,2026-07-28T08:15:00,2026-07-28T08:24:06,2026-07-28T09:00:00,2026-07-28T09:08:53.160552,7.8,115.3,nodal,completed
T004256,R011,D0113,V2,S1,2026-07-28T08:15:00,2026-07-28T08:19:06,2026-07-28T09:00:00,2026-07-28T09:03:37.882196,8.2,121.0,nodal,completed
T004257,R011,D0073,V2,S1,2026-07-28T08:15:00,2026-07-28T08:16:30,2026-07-28T09:00:00,,8.6,133.0,nodal,cancelled
T004258,R011,D0035,V1,S1,2026-07-28T08:15:00,2026-07-28T08:19:42,2026-07-28T09:00:00,2026-07-28T09:01:03.084208,8.4,135.2,nodal,completed
T004259,R013,D0010,V1,S1,2026-07-28T08:15:00,2026-07-28T08:30:36,2026-07-28T09:00:00,2026-07-28T09:12:32.180815,11.8,258.8,cab,completed
T004260,R013,D0006,V5,S1,2026-07-28T08:15:00,2026-07-28T08:34:12,2026-07-28T09:00:00,2026-07-28T09:17:21.542265,10.9,241.8,cab,completed
T004261,R013,D0023,V3,S1,2026-07-28T08:15:00,2026-07-28T08:21:12,2026-07-28T09:00:00,2026-07-28T09:05:20.936713,11.4,269.6,cab,completed
T004262,R013,D0024,V1,S1,2026-07-28T08:15:00,2026-07-28T08:16:48,2026-07-28T09:00:00,2026-07-28T09:00:00,11.2,242.9,cab,completed
T004263,R013,D0042,V5,S1,2026-07-28T08:15:00,2026-07-28T08:15:48,2026-07-28T09:00:00,2026-07-28T09:00:00,10.7,231.6,cab,completed
T004264,R013,D0033,V1,S1,2026-07-28T08:15:00,2026-07-28T08:15:36,2026-07-28T09:00:00,2026-07-28T09:00:23.579512,11.7,245.8,cab,completed
T004265,R013,D0105,V3,S1,2026-07-28T08:15:00,2026-07-28T08:17:06,2026-07-28T09:00:00,2026-07-28T09:00:47.871372,10.9,234.8,cab,completed
T004266,R013,D0048,V5,S1,2026-07-28T08:15:00,2026-07-28T08:20:18,2026-07-28T09:00:00,2026-07-28T09:04:33.747176,11.3,251.6,cab,completed
T004267,R013,D0100,V3,S1,2026-07-28T08:15:00,2026-07-28T08:16:18,2026-07-28T09:00:00,2026-07-28T09:00:00,11.6,260.8,cab,completed
T004268,R013,D0076,V3,S1,2026-07-28T08:15:00,2026-07-28T08:32:06,2026-07-28T09:00:00,2026-07-28T09:15:18.232649,11.2,253.7,cab,completed
T004269,R013,D0105,V3,S1,2026-07-28T08:15:00,2026-07-28T08:15:42,2026-07-28T09:00:00,,11.9,250.3,cab,cancelled
T004270,R018,D0026,V4,S1,2026-07-28T08:15:00,,2026-07-28T09:00:00,2026-07-28T09:03:45.285586,14.3,104.5,shuttle,completed
T004271,R018,D0057,V2,S1,2026-07-28T08:15:00,2026-07-28T08:24:42,2026-07-28T09:00:00,2026-07-28T09:05:50.699706,16.0,108.0,shuttle,completed
T004272,R018,D0101,V5,S1,2026-07-28T08:15:00,2026-07-28T08:17:18,2026-07-28T09:00:00,2026-07-28T09:00:00,15.3,104.4,shuttle,completed
T004273,R020,D0058,V1,S1,2026-07-28T08:15:00,2026-07-28T08:15:24,2026-07-28T09:00:00,2026-07-28T09:00:00,9.6,140.6,nodal,completed
T004274,R020,D0073,V2,S1,2026-07-28T08:15:00,2026-07-28T08:26:18,2026-07-28T09:00:00,2026-07-28T09:10:22.167888,10.7,153.1,nodal,completed
T004275,R020,D0114,V2,S1,2026-07-28T08:15:00,2026-07-28T08:15:48,2026-07-28T09:00:00,2026-07-28T09:00:00,9.7,141.8,nodal,completed
T004276,R020,D0111,V1,S1,2026-07-28T08:15:00,2026-07-28T08:19:42,2026-07-28T09:00:00,2026-07-28T09:00:00,9.7,129.2,nodal,completed
T004277,R020,D0010,V1,S1,2026-07-28T08:15:00,2026-07-28T08:18:24,2026-07-28T09:00:00,2026-07-28T09:00:00,10.5,168.3,nodal,completed
T004278,R020,D0008,V1,S1,2026-07-28T08:15:00,2026-07-28T08:19:12,2026-07-28T09:00:00,2026-07-28T09:02:41.238202,10.5,148.2,nodal,completed
T004279,R020,D0066,V2,S1,2026-07-28T08:15:00,2026-07-28T08:19:48,2026-07-28T09:00:00,2026-07-28T09:00:10.588990,10.6,142.0,nodal,completed
T004280,R022,D0014,V5,S1,2026-07-28T08:15:00,2026-07-28T08:19:06,2026-07-28T09:00:00,2026-07-28T09:04:00.101330,17.7,344.9,cab,completed
T004281,R022,D0117,V1,S1,2026-07-28T08:15:00,2026-07-28T08:15:30,2026-07-28T09:00:00,,16.8,325.8,cab,cancelled
T004282,R022,D0068,V1,S1,2026-07-28T08:15:00,2026-07-28T08:15:54,2026-07-28T09:00:00,2026-07-28T09:00:00.947214,16.7,331.7,cab,completed
T004283,R022,D0038,V5,S1,2026-07-28T08:15:00,2026-07-28T08:21:18,2026-07-28T09:00:00,2026-07-28T09:02:04.914229,17.0,330.1,cab,completed
T004284,R022,D0003,V1,S1,2026-07-28T08:15:00,2026-07-28T08:20:30,2026-07-28T09:00:00,2026-07-28T09:05:06.875175,16.7,315.3,cab,completed
T004285,R022,D0039,V3,S1,2026-07-28T08:15:00,2026-07-28T08:16:54,2026-07-28T09:00:00,2026-07-28T09:00:00,17.7,328.4,cab,completed
T004286,R022,D0098,V5,S1,2026-07-28T08:15:00,2026-07-28T08:24:12,2026-07-28T09:00:00,2026-07-28T09:06:25.913370,16.2,312.2,cab,completed
T004287,R022,D0013,V5,S1,2026-07-28T08:15:00,2026-07-28T08:17:54,2026-07-28T09:00:00,2026-07-28T09:00:00,16.6,320.6,cab,completed
T004288,R022,D0024,V1,S1,2026-07-28T08:15:00,2026-07-28T08:17:24,2026-07-28T09:00:00,2026-07-28T09:00:00,18.3,348.4,cab,completed
T004289,R022,D0069,V5,S1,2026-07-28T08:15:00,2026-07-28T08:16:00,2026-07-28T09:00:00,2026-07-28T09:00:00,16.2,313.8,cab,completed
T004290,R022,D0003,V1,S1,2026-07-28T08:15:00,2026-07-28T08:29:54,2026-07-28T09:00:00,2026-07-28T09:11:20.605183,17.3,327.5,cab,completed
T004291,R003,D0001,V2,S2,2026-07-28T10:15:00,2026-07-28T10:17:24,2026-07-28T11:00:00,2026-07-28T11:00:00,21.0,142.5,shuttle,completed
T004292,R003,D0051,V2,S2,2026-07-28T10:15:00,2026-07-28T10:18:18,2026-07-28T11:00:00,2026-07-28T11:02:00.263426,22.1,135.9,shuttle,completed
T004293,R006,D0030,V2,S2,2026-07-28T10:15:00,2026-07-28T10:22:30,2026-07-28T11:00:00,2026-07-28T11:07:22.089789,20.2,133.0,shuttle,completed
T004294,R006,D0102,V4,S2,2026-07-28T10:15:00,2026-07-28T10:31:54,2026-07-28T11:00:00,2026-07-28T11:14:45.524028,20.1,129.9,shuttle,completed
T004295,R008,D0112,V1,S2,2026-07-28T10:15:00,2026-07-28T10:15:48,2026-07-28T11:00:00,2026-07-28T11:00:00,8.6,129.1,nodal,completed
T004296,R008,D0117,V1,S2,2026-07-28T10:15:00,2026-07-28T10:16:00,2026-07-28T11:00:00,2026-07-28T11:00:00,8.9,136.0,nodal,completed
T004297,R008,D0094,V2,S2,2026-07-28T10:15:00,2026-07-28T10:19:48,2026-07-28T11:00:00,2026-07-28T11:02:24.215214,8.8,137.9,nodal,completed
T004298,R011,D0106,V2,S2,2026-07-28T10:15:00,2026-07-28T10:19:42,2026-07-28T11:00:00,2026-07-28T11:01:27.597679,7.9,125.0,nodal,completed
T004299,R011,D0002,V2,S2,2026-07-28T10:15:00,2026-07-28T10:17:00,2026-07-28T11:00:00,2026-07-28T11:00:00,8.4,128.1,nodal,completed
T004300,R011,D0081,V2,S2,2026-07-28T10:15:00,2026-07-28T10:15:24,2026-07-28T11:00:00,2026-07-28T11:00:00,7.7,119.7,nodal,completed
T004301,R011,D0001,V2,S2,2026-07-28T10:15:00,,2026-07-28T11:00:00,,8.6,123.1,nodal,no_show
T004302,R013,D0049,V3,S2,2026-07-28T10:15:00,2026-07-28T10:15:00,2026-07-28T11:00:00,2026-07-28T11:00:00,10.8,241.0,cab,completed
T004303,R013,D0037,V3,S2,2026-07-28T10:15:00,2026-07-28T10:20:48,2026-07-28T11:00:00,2026-07-28T11:04:23.753648,11.7,259.8,cab,completed
T004304,R013,D0014,V5,S2,2026-07-28T10:15:00,2026-07-28T10:18:30,2026-07-28T11:00:00,2026-07-28T11:02:46.732136,11.2,250.1,cab,completed
T004305,R013,D0112,V1,S2,2026-07-28T10:15:00,2026-07-28T10:16:54,2026-07-28T11:00:00,2026-07-28T11:00:00,10.6,241.0,cab,completed
T004306,R013,D0049,V3,S2,2026-07-28T10:15:00,2026-07-28T10:16:12,2026-07-28T11:00:00,2026-07-28T11:00:00,10.9,234.0,cab,completed
T004307,R013,D0027,V3,S2,2026-07-28T10:15:00,2026-07-28T10:17:24,2026-07-28T11:00:00,2026-07-28T11:00:00,10.7,238.6,cab,completed
T004308,R013,D0046,V5,S2,2026-07-28T10:15:00,2026-07-28T10:27:30,2026-07-28T11:00:00,2026-07-28T11:09:46.104390,10.8,235.6,cab,completed
T004309,R013,D0085,V3,S2,2026-07-28T10:15:00,2026-07-28T10:18:30,2026-07-28T11:00:00,2026-07-28T11:02:48.426191,10.5,234.4,cab,completed
T004310,R018,D0115,V4,S2,2026-07-28T10:15:00,2026-07-28T10:24:24,2026-07-28T11:00:00,2026-07-28T11:06:18.864327,14.8,95.3,shuttle,completed
T004311,R018,D0113,V2,S2,2026-07-28T10:15:00,,2026-07-28T11:00:00,2026-07-28T11:00:00,15.6,102.8,shuttle,completed
T004312,R020,D0081,V2,S2,2026-07-28T10:15:00,,2026-07-28T11:00:00,,10.6,160.3,nodal,no_show
T004313,R020,D0017,V2,S2,2026-07-28T10:15:00,2026-07-28T10:16:18,2026-07-28T11:00:00,2026-07-28T11:01:13.387068,9.9,136.5,nodal,completed
T004314,R020,D0024,V1,S2,2026-07-28T10:15:00,2026-07-28T10:33:00,2026-07-28T11:00:00,2026-07-28T11:17:07.269893,9.6,140.8,nodal,completed
T004315,R020,D0073,V2,S2,2026-07-28T10:15:00,2026-07-28T10:18:00,2026-07-28T11:00:00,2026-07-28T11:00:00,10.6,153.0,nodal,completed
T004316,R022,D0038,V5,S2,2026-07-28T10:15:00,2026-07-28T10:19:30,2026-07-28T11:00:00,2026-07-28T11:00:06.296480,18.1,344.7,cab,completed
T004317,R022,D0006,V5,S2,2026-07-28T10:15:00,2026-07-28T10:15:30,2026-07-28T11:00:00,2026-07-28T11:00:00,17.2,327.2,cab,completed
T004318,R022,D0071,V5,S2,2026-07-28T10:15:00,2026-07-28T10:22:12,2026-07-28T11:00:00,2026-07-28T11:03:25.204287,17.5,340.6,cab,completed
T004319,R022,D0089,V3,S2,2026-07-28T10:15:00,2026-07-28T10:20:12,2026-07-28T11:00:00,2026-07-28T11:01:15.364485,17.2,331.0,cab,completed
T004320,R022,D0120,V5,S2,2026-07-28T10:15:00,2026-07-28T10:18:06,2026-07-28T11:00:00,2026-07-28T11:02:59.884118,16.4,310.4,cab,completed
T004321,R022,D0015,V1,S2,2026-07-28T10:15:00,2026-07-28T10:15:54,2026-07-28T11:00:00,2026-07-28T11:00:00,16.4,312.9,cab,completed
T004322,R022,D0079,V3,S2,2026-07-28T10:15:00,2026-07-28T10:18:36,2026-07-28T11:00:00,2026-07-28T11:02:03.355504,17.9,347.1,cab,completed
T004323,R022,D0085,V3,S2,2026-07-28T10:15:00,2026-07-28T10:18:42,2026-07-28T11:00:00,2026-07-28T11:00:29.931372,16.5,321.4,cab,completed
T004324,R003,D0096,V2,S3,2026-07-28T21:15:00,2026-07-28T21:16:36,2026-07-28T22:00:00,2026-07-28T22:00:00,22.9,144.9,shuttle,completed
T004325,R003,D0116,V5,S3,2026-07-28T21:15:00,2026-07-28T21:20:24,2026-07-28T22:00:00,2026-07-28T22:04:50.702038,22.2,131.9,shuttle,completed
T004326,R006,D0071,V5,S3,2026-07-28T21:15:00,2026-07-28T21:31:06,2026-07-28T22:00:00,2026-07-28T22:14:31.865162,18.5,115.1,shuttle,completed
T004327,R008,D0111,V1,S3,2026-07-28T21:15:00,2026-07-28T21:23:30,2026-07-28T22:00:00,2026-07-28T22:07:23.897969,9.5,136.3,nodal,completed
T004328,R008,D0024,V1,S3,2026-07-28T21:15:00,2026-07-28T21:15:24,2026-07-28T22:00:00,2026-07-28T22:00:00,9.4,129.1,nodal,completed
T004329,R011,D0110,V1,S3,2026-07-28T21:15:00,2026-07-28T21:15:42,2026-07-28T22:00:00,2026-07-28T22:00:00,8.1,121.9,nodal,completed
T004330,R011,D0029,V2,S3,2026-07-28T21:15:00,2026-07-28T21:16:18,2026-07-28T22:00:00,2026-07-28T22:00:00,7.7,123.6,nodal,completed
T004331,R011,D0043,V1,S3,2026-07-28T21:15:00,2026-07-28T21:19:36,2026-07-28T22:00:00,2026-07-28T22:00:02.072919,8.5,120.0,nodal,completed
T004332,R013,D0120,V5,S3,2026-07-28T21:15:00,2026-07-28T21:19:36,2026-07-28T22:00:00,2026-07-28T22:04:20.662603,11.5,241.9,cab,completed
T004333,R013,D0055,V3,S3,2026-07-28T21:15:00,2026-07-28T21:19:42,2026-07-28T22:00:00,2026-07-28T22:02:16.321824,11.4,257.1,cab,completed
T004334,R013,D0117,V1,S3,2026-07-28T21:15:00,2026-07-28T21:17:42,2026-07-28T22:00:00,2026-07-28T22:01:18.252144,10.8,237.2,cab,completed
T004335,R013,D0037,V3,S3,2026-07-28T21:15:00,2026-07-28T21:25:18,2026-07-28T22:00:00,2026-07-28T22:09:34.459047,10.8,233.9,cab,completed
T004336,R013,D0032,V1,S3,2026-07-28T21:15:00,2026-07-28T21:15:54,2026-07-28T22:00:00,2026-07-28T22:00:00,11.2,250.0,cab,completed
T004337,R018,D0106,V2,S3,2026-07-28T21:15:00,2026-07-28T21:18:48,2026-07-28T22:00:00,2026-07-28T22:00:45.749394,16.1,111.7,shuttle,completed
T004338,R018,D0002,V2,S3,2026-07-28T21:15:00,2026-07-28T21:44:48,2026-07-28T22:00:00,2026-07-28T22:25:04.115355,14.7,99.3,shuttle,completed
T004339,R020,D0086,V1,S3,2026-07-28T21:15:00,2026-07-28T21:20:36,2026-07-28T22:00:00,2026-07-28T22:02:24.408687,9.6,139.1,nodal,completed
T004340,R020,D0009,V1,S3,2026-07-28T21:15:00,2026-07-28T21:15:06,2026-07-28T22:00:00,2026-07-28T22:00:00,10.8,147.9,nodal,completed
T004341,R022,D0103,V5,S3,2026-07-28T21:15:00,2026-07-28T21:16:00,2026-07-28T22:00:00,2026-07-28T22:00:00,18.0,340.0,cab,completed
T004342,R022,D0006,V5,S3,2026-07-28T21:15:00,2026-07-28T21:23:24,2026-07-28T22:00:00,2026-07-28T22:04:46.486428,17.7,331.2,cab,completed
T004343,R022,D0024,V1,S3,2026-07-28T21:15:00,2026-07-28T21:19:24,2026-07-28T22:00:00,2026-07-28T22:00:17.326471,16.8,327.1,cab,completed
T004344,R022,D0015,V1,S3,2026-07-28T21:15:00,2026-07-28T21:29:24,2026-07-28T22:00:00,2026-07-28T22:09:53.914973,16.4,332.4,cab,completed
T004345,R003,D0013,V5,S1,2026-07-29T08:15:00,2026-07-29T08:30:00,2026-07-29T09:00:00,2026-07-29T09:14:27.355895,21.3,128.0,shuttle,completed
T004346,R003,D0061,V4,S1,2026-07-29T08:15:00,2026-07-29T08:17:42,2026-07-29T09:00:00,2026-07-29T09:01:20.954007,21.4,134.5,shuttle,completed
T004347,R003,D0092,V4,S1,2026-07-29T08:15:00,2026-07-29T08:23:48,2026-07-29T09:00:00,2026-07-29T09:06:30.419907,22.9,149.2,shuttle,completed
T004348,R006,D0041,V4,S1,2026-07-29T08:15:00,2026-07-29T08:16:54,2026-07-29T09:00:00,2026-07-29T09:00:00,19.8,132.5,shuttle,completed
T004349,R006,D0115,V4,S1,2026-07-29T08:15:00,2026-07-29T08:19:36,2026-07-29T09:00:00,2026-07-29T09:00:00,18.8,122.6,shuttle,completed
T004350,R006,D0073,V2,S1,2026-07-29T08:15:00,2026-07-29T08:20:30,2026-07-29T09:00:00,2026-07-29T09:03:58.675914,20.5,128.6,shuttle,completed
T004351,R008,D0040,V1,S1,2026-07-29T08:15:00,2026-07-29T08:19:30,2026-07-29T09:00:00,2026-07-29T09:03:06.904367,9.0,131.3,nodal,completed
T004352,R008,D0032,V1,S1,2026-07-29T08:15:00,2026-07-29T08:18:18,2026-07-29T09:00:00,2026-07-29T09:00:00,9.5,145.2,nodal,completed
T004353,R008,D0112,V1,S1,2026-07-29T08:15:00,2026-07-29T08:36:36,2026-07-29T09:00:00,2026-07-29T09:19:22.992935,8.6,130.3,nodal,completed
T004354,R008,D0033,V1,S1,2026-07-29T08:15:00,,2026-07-29T09:00:00,,8.8,134.5,nodal,no_show
T004355,R008,D0058,V1,S1,2026-07-29T08:15:00,2026-07-29T08:25:12,2026-07-29T09:00:00,2026-07-29T09:06:06.182838,8.7,124.3,nodal,completed
T004356,R008,D0057,V2,S1,2026-07-29T08:15:00,2026-07-29T08:18:48,2026-07-29T09:00:00,2026-07-29T09:01:51.959954,9.2,137.3,nodal,completed
T004357,R011,D0015,V1,S1,2026-07-29T08:15:00,2026-07-29T08:23:42,2026-07-29T09:00:00,2026-07-29T09:05:17.998346,7.7,126.8,nodal,completed
T004358,R011,D0009,V1,S1,2026-07-29T08:15:00,2026-07-29T08:17:24,2026-07-29T09:00:00,2026-07-29T09:01:14.428558,8.6,117.8,nodal,completed
T004359,R011,D0080,V1,S1,2026-07-29T08:15:00,2026-07-29T08:16:00,2026-07-29T09:00:00,2026-07-29T09:00:00,7.6,113.2,nodal,completed
T004360,R011,D0080,V1,S1,2026-07-29T08:15:00,,2026-07-29T09:00:00,2026-07-29T09:19:00.027148,7.8,116.9,nodal,completed
T004361,R011,D0017,V2,S1,2026-07-29T08:15:00,2026-07-29T08:22:30,2026-07-29T09:00:00,2026-07-29T09:04:40.924380,7.6,131.5,nodal,completed
T004362,R011,D0097,V2,S1,2026-07-29T08:15:00,2026-07-29T08:35:12,2026-07-29T09:00:00,2026-07-29T09:19:09.946536,8.2,128.2,nodal,completed
T004363,R013,D0023,V3,S1,2026-07-29T08:15:00,2026-07-29T08:22:18,2026-07-29T09:00:00,2026-07-29T09:06:01.108254,10.9,233.4,cab,completed
T004364,R013,D0103,V5,S1,2026-07-29T08:15:00,2026-07-29T08:17:06,2026-07-29T09:00:00,2026-07-29T09:00:00,11.8,247.5,cab,completed
T004365,R013,D0038,V5,S1,2026-07-29T08:15:00,2026-07-29T08:30:42,2026-07-29T09:00:00,2026-07-29T09:13:17.933249,11.1,247.6,cab,completed
T004366,R013,D0045,V1,S1,2026-07-29T08:15:00,2026-07-29T08:16:24,2026-07-29T09:00:00,2026-07-29T09:00:00,11.5,248.2,cab,completed
T004367,R013,D0052,V1,S1,2026-07-29T08:15:00,2026-07-29T08:22:00,2026-07-29T09:00:00,2026-07-29T09:03:28.106092,11.8,259.3,cab,completed
T004368,R013,D0088,V5,S1,2026-07-29T08:15:00,2026-07-29T08:19:48,2026-07-29T09:00:00,2026-07-29T09:00:57.856474,11.1,254.7,cab,completed
T004369,R013,D0046,V5,S1,2026-07-29T08:15:00,2026-07-29T08:15:18,2026-07-29T09:00:00,2026-07-29T09:00:00,11.6,274.6,cab,completed
T004370,R013,D0060,V3,S1,2026-07-29T08:15:00,2026-07-29T08:15:48,2026-07-29T09:00:00,2026-07-29T09:00:00,10.8,238.7,cab,completed
T004371,R013,D0083,V3,S1,2026-07-29T08:15:00,2026-07-29T08:20:06,2026-07-29T09:00:00,2026-07-29T09:04:55.497203,11.4,251.1,cab,completed
T004372,R013,D0049,V3,S1,2026-07-29T08:15:00,2026-07-29T08:18:00,2026-07-29T09:00:00,2026-07-29T09:01:31.010085,11.8,258.3,cab,completed
T004373,R013,D0008,V1,S1,2026-07-29T08:15:00,2026-07-29T08:17:12,2026-07-29T09:00:00,2026-07-29T09:00:00,11.3,252.3,cab,completed
T004374,R018,D0087,V2,S1,2026-07-29T08:15:00,2026-07-29T08:17:00,2026-07-29T09:00:00,2026-07-29T09:00:07.336766,15.7,113.9,shuttle,completed
T004375,R018,D0029,V2,S1,2026-07-29T08:15:00,2026-07-29T08:19:00,2026-07-29T09:00:00,2026-07-29T09:03:15.580621,15.7,103.6,shuttle,completed
T004376,R018,D0093,V4,S1,2026-07-29T08:15:00,2026-07-29T08:19:30,2026-07-29T09:00:00,2026-07-29T09:00:00,15.2,117.1,shuttle,completed
T004377,R020,D0068,V1,S1,2026-07-29T08:15:00,2026-07-29T08:15:00,2026-07-29T09:00:00,2026-07-29T09:00:00,10.3,149.3,nodal,completed
T004378,R020,D0114,V2,S1,2026-07-29T08:15:00,2026-07-29T08:22:06,2026-07-29T09:00:00,2026-07-29T09:03:01.388973,10.4,142.0,nodal,completed
T004379,R020,D0107,V2,S1,2026-07-29T08:15:00,2026-07-29T08:19:12,2026-07-29T09:00:00,2026-07-29T09:02:45.313632,9.8,143.5,nodal,completed
T004380,R020,D0070,V2,S1,2026-07-29T08:15:00,2026-07-29T08:25:12,2026-07-29T09:00:00,2026-07-29T09:09:47.401610,10.0,137.6,nodal,completed
T004381,R020,D0043,V1,S1,2026-07-29T08:15:00,2026-07-29T08:15:48,2026-07-29T09:00:00,2026-07-29T09:00:00,9.5,128.6,nodal,completed
T004382,R020,D0040,V1,S1,2026-07-29T08:15:00,2026-07-29T08:15:42,2026-07-29T09:00:00,2026-07-29T09:00:00,9.7,132.9,nodal,completed
T004383,R022,D0048,V5,S1,2026-07-29T08:15:00,2026-07-29T08:15:54,2026-07-29T09:00:00,2026-07-29T09:00:00,17.5,335.2,cab,completed
T004384,R022,D0008,V1,S1,2026-07-29T08:15:00,2026-07-29T08:29:24,2026-07-29T09:00:00,2026-07-29T09:09:47.707022,16.2,318.5,cab,completed
T004385,R022,D0015,V1,S1,2026-07-29T08:15:00,2026-07-29T08:46:30,2026-07-29T09:00:00,2026-07-29T09:26:48.814398,18.1,338.5,cab,completed
T004386,R022,D0079,V3,S1,2026-07-29T08:15:00,2026-07-29T08:16:54,2026-07-29T09:00:00,2026-07-29T09:00:51.108073,17.7,345.9,cab,completed
T004387,R022,D0013,V5,S1,2026-07-29T08:15:00,2026-07-29T08:20:18,2026-07-29T09:00:00,2026-07-29T09:01:57.168550,16.3,315.4,cab,completed
T004388,R022,D0085,V3,S1,2026-07-29T08:15:00,2026-07-29T08:24:18,2026-07-29T09:00:00,2026-07-29T09:07:42.581376,18.1,368.0,cab,completed
T004389,R022,D0111,V1,S1,2026-07-29T08:15:00,2026-07-29T08:16:00,2026-07-29T09:00:00,2026-07-29T09:00:00,16.5,323.4,cab,completed
T004390,R022,D0068,V1,S1,2026-07-29T08:15:00,2026-07-29T08:28:24,2026-07-29T09:00:00,2026-07-29T09:08:43.349338,17.9,338.9,cab,completed
T004391,R022,D0085,V3,S1,2026-07-29T08:15:00,2026-07-29T08:18:18,2026-07-29T09:00:00,2026-07-29T09:00:26.112631,16.2,319.4,cab,completed
T004392,R022,D0112,V1,S1,2026-07-29T08:15:00,2026-07-29T08:20:30,2026-07-29T09:00:00,2026-07-29T09:02:31.330992,17.0,327.8,cab,completed
T004393,R022,D0033,V1,S1,2026-07-29T08:15:00,2026-07-29T08:17:36,2026-07-29T09:00:00,2026-07-29T09:01:53.620496,18.3,337.8,cab,completed
T004394,R022,D0056,V1,S1,2026-07-29T08:15:00,2026-07-29T08:18:18,2026-07-29T09:00:00,2026-07-29T09:00:00,17.0,331.9,cab,completed
T004395,R003,D0012,V2,S2,2026-07-29T10:15:00,2026-07-29T10:16:42,2026-07-29T11:00:00,2026-07-29T11:00:00,22.6,139.6,shuttle,completed
T004396,R003,D0075,V4,S2,2026-07-29T10:15:00,2026-07-29T10:15:24,2026-07-29T11:00:00,2026-07-29T11:00:00,23.7,134.2,shuttle,completed
T004397,R006,D0001,V2,S2,2026-07-29T10:15:00,2026-07-29T10:21:06,2026-07-29T11:00:00,2026-07-29T11:03:29.590162,19.1,135.3,shuttle,completed
T004398,R006,D0004,V5,S2,2026-07-29T10:15:00,2026-07-29T10:17:24,2026-07-29T11:00:00,2026-07-29T11:00:00,18.3,134.7,shuttle,completed
T004399,R008,D0029,V2,S2,2026-07-29T10:15:00,2026-07-29T10:17:12,2026-07-29T11:00:00,2026-07-29T11:01:55.974222,9.4,149.2,nodal,completed
T004400,R008,D0010,V1,S2,2026-07-29T10:15:00,2026-07-29T10:28:12,2026-07-29T11:00:00,2026-07-29T11:10:25.787240,9.5,125.6,nodal,completed
T004401,R008,D0043,V1,S2,2026-07-29T10:15:00,2026-07-29T10:20:54,2026-07-29T11:00:00,2026-07-29T11:02:05.530865,9.0,131.0,nodal,completed
T004402,R011,D0111,V1,S2,2026-07-29T10:15:00,2026-07-29T10:19:06,2026-07-29T11:00:00,2026-07-29T11:00:04.693331,8.1,118.6,nodal,completed
T004403,R011,D0030,V2,S2,2026-07-29T10:15:00,2026-07-29T10:20:00,2026-07-29T11:00:00,2026-07-29T11:01:30.929738,8.0,131.5,nodal,completed
T004404,R011,D0035,V1,S2,2026-07-29T10:15:00,2026-07-29T10:19:48,2026-07-29T11:00:00,2026-07-29T11:04:16.864228,7.7,140.2,nodal,completed
T004405,R011,D0051,V2,S2,2026-07-29T10:15:00,2026-07-29T10:16:18,2026-07-29T11:00:00,2026-07-29T11:00:00,7.8,114.9,nodal,completed
T004406,R013,D0100,V3,S2,2026-07-29T10:15:00,2026-07-29T10:17:48,2026-07-29T11:00:00,2026-07-29T11:00:24.066552,10.6,237.5,cab,completed
T004407,R013,D0040,V1,S2,2026-07-29T10:15:00,2026-07-29T10:16:48,2026-07-29T11:00:00,2026-07-29T11:00:00,10.7,242.5,cab,completed
T004408,R013,D0052,V1,S2,2026-07-29T10:15:00,2026-07-29T10:16:36,2026-07-29T11:00:00,2026-07-29T11:00:00,11.8,247.7,cab,completed
T004409,R013,D0024,V1,S2,2026-07-29T10:15:00,2026-07-29T10:22:24,2026-07-29T11:00:00,2026-07-29T11:03:12.876511,10.8,237.8,cab,completed
T004410,R013,D0016,V5,S2,2026-07-29T10:15:00,2026-07-29T10:15:54,2026-07-29T11:00:00,2026-07-29T11:00:00,11.5,256.7,cab,completed
T004411,R013,D0077,V5,S2,2026-07-29T10:15:00,2026-07-29T10:17:00,2026-07-29T11:00:00,2026-07-29T11:01:17.047668,11.8,263.5,cab,completed
T004412,R013,D0046,V5,S2,2026-07-29T10:15:00,2026-07-29T10:16:06,2026-07-29T11:00:00,2026-07-29T11:00:00,11.7,259.2,cab,completed
T004413,R013,D0085,V3,S2,2026-07-29T10:15:00,2026-07-29T10:15:18,2026-07-29T11:00:00,2026-07-29T11:00:00,11.0,242.2,cab,completed
T004414,R018,D0096,V2,S2,2026-07-29T10:15:00,2026-07-29T10:16:36,2026-07-29T11:00:00,2026-07-29T11:00:00,15.9,99.9,shuttle,completed
T004415,R018,D0092,V4,S2,2026-07-29T10:15:00,2026-07-29T10:16:24,2026-07-29T11:00:00,2026-07-29T11:00:58.983090,15.8,113.4,shuttle,completed
T004416,R020,D0057,V2,S2,2026-07-29T10:15:00,2026-07-29T10:18:06,2026-07-29T11:00:00,2026-07-29T11:02:30.243953,9.6,137.3,nodal,completed
T004417,R020,D0090,V2,S2,2026-07-29T10:15:00,2026-07-29T10:28:18,2026-07-29T11:00:00,2026-07-29T11:09:24.723855,10.3,150.6,nodal,completed
T004418,R020,D0094,V2,S2,2026-07-29T10:15:00,2026-07-29T10:15:30,2026-07-29T11:00:00,2026-07-29T11:00:00,10.2,150.8,nodal,completed
T004419,R020,D0002,V2,S2,2026-07-29T10:15:00,2026-07-29T10:23:00,2026-07-29T11:00:00,2026-07-29T11:07:54.201481,10.6,151.8,nodal,completed
T004420,R022,D0120,V5,S2,2026-07-29T10:15:00,2026-07-29T10:18:42,2026-07-29T11:00:00,,16.7,329.8,cab,cancelled
T004421,R022,D0045,V1,S2,2026-07-29T10:15:00,2026-07-29T10:19:30,2026-07-29T11:00:00,2026-07-29T11:02:09.243262,18.3,344.5,cab,completed
T004422,R022,D0101,V5,S2,2026-07-29T10:15:00,2026-07-29T10:16:54,2026-07-29T11:00:00,2026-07-29T11:01:35.248363,17.7,337.0,cab,completed
T004423,R022,D0069,V5,S2,2026-07-29T10:15:00,2026-07-29T10:15:54,2026-07-29T11:00:00,2026-07-29T11:00:00,17.8,333.4,cab,completed
T004424,R022,D0089,V3,S2,2026-07-29T10:15:00,2026-07-29T10:17:18,2026-07-29T11:00:00,2026-07-29T11:00:00.878775,16.8,320.0,cab,completed
T004425,R022,D0024,V1,S2,2026-07-29T10:15:00,2026-07-29T10:24:42,2026-07-29T11:00:00,2026-07-29T11:05:01.774375,16.2,325.1,cab,completed
T004426,R022,D0086,V1,S2,2026-07-29T10:15:00,2026-07-29T10:18:18,2026-07-29T11:00:00,2026-07-29T11:02:29.341087,16.5,341.4,cab,completed
T004427,R022,D0036,V3,S2,2026-07-29T10:15:00,2026-07-29T10:19:06,2026-07-29T11:00:00,2026-07-29T11:00:00,17.3,324.7,cab,completed
T004428,R003,D0002,V2,S3,2026-07-29T21:15:00,2026-07-29T21:20:36,2026-07-29T22:00:00,2026-07-29T22:02:09.873568,23.5,149.1,shuttle,completed
T004429,R003,D0004,V5,S3,2026-07-29T21:15:00,2026-07-29T21:16:24,2026-07-29T22:00:00,2026-07-29T22:00:00,22.6,137.1,shuttle,completed
T004430,R006,D0013,V5,S3,2026-07-29T21:15:00,2026-07-29T21:21:48,2026-07-29T22:00:00,2026-07-29T22:03:35.389907,18.4,110.7,shuttle,completed
T004431,R008,D0005,V1,S3,2026-07-29T21:15:00,2026-07-29T21:20:24,2026-07-29T22:00:00,2026-07-29T22:01:34.789450,9.0,122.9,nodal,completed
T004432,R008,D0045,V1,S3,2026-07-29T21:15:00,2026-07-29T21:26:36,2026-07-29T22:00:00,2026-07-29T22:10:42.274192,8.7,119.8,nodal,completed
T004433,R011,D0080,V1,S3,2026-07-29T21:15:00,2026-07-29T21:22:00,2026-07-29T22:00:00,2026-07-29T22:03:58.611150,8.5,127.6,nodal,completed
T004434,R011,D0086,V1,S3,2026-07-29T21:15:00,2026-07-29T21:17:00,2026-07-29T22:00:00,2026-07-29T22:00:35.597519,8.0,120.5,nodal,completed
T004435,R011,D0009,V1,S3,2026-07-29T21:15:00,2026-07-29T21:16:42,2026-07-29T22:00:00,2026-07-29T22:00:38.433416,8.4,133.9,nodal,completed
T004436,R013,D0047,V3,S3,2026-07-29T21:15:00,2026-07-29T21:17:06,2026-07-29T22:00:00,2026-07-29T22:01:17.859251,11.2,237.9,cab,completed
T004437,R013,D0086,V1,S3,2026-07-29T21:15:00,2026-07-29T21:18:00,2026-07-29T22:00:00,,10.8,242.7,cab,cancelled
T004438,R013,D0040,V1,S3,2026-07-29T21:15:00,2026-07-29T21:16:54,2026-07-29T22:00:00,2026-07-29T22:00:00,10.8,248.3,cab,completed
T004439,R013,D0050,V5,S3,2026-07-29T21:15:00,2026-07-29T21:15:00,2026-07-29T22:00:00,2026-07-29T22:00:00,11.3,255.8,cab,completed
T004440,R013,D0050,V5,S3,2026-07-29T21:15:00,2026-07-29T21:18:00,2026-07-29T22:00:00,2026-07-29T22:02:09.323498,11.9,255.5,cab,completed
T004441,R018,D0061,V4,S3,2026-07-29T21:15:00,2026-07-29T21:21:18,2026-07-29T22:00:00,2026-07-29T22:03:06.541134,14.3,96.4,shuttle,completed
T004442,R018,D0087,V2,S3,2026-07-29T21:15:00,2026-07-29T21:29:42,2026-07-29T22:00:00,2026-07-29T22:10:02.232386,14.5,106.8,shuttle,completed
T004443,R020,D0001,V2,S3,2026-07-29T21:15:00,2026-07-29T21:22:42,2026-07-29T22:00:00,2026-07-29T22:05:59.664133,10.4,158.9,nodal,completed
T004444,R020,D0002,V2,S3,2026-07-29T21:15:00,2026-07-29T21:23:24,2026-07-29T22:00:00,2026-07-29T22:03:50.652374,10.1,144.8,nodal,completed
T004445,R020,D0009,V1,S3,2026-07-29T21:15:00,2026-07-29T21:21:42,2026-07-29T22:00:00,2026-07-29T22:03:56.360915,10.3,150.8,nodal,completed
T004446,R022,D0117,V1,S3,2026-07-29T21:15:00,2026-07-29T21:19:06,2026-07-29T22:00:00,2026-07-29T22:02:00.810186,18.3,347.6,cab,completed
T004447,R022,D0009,V1,S3,2026-07-29T21:15:00,2026-07-29T21:21:00,2026-07-29T22:00:00,2026-07-29T22:05:16.067389,17.8,340.8,cab,completed
T004448,R022,D0076,V3,S3,2026-07-29T21:15:00,2026-07-29T21:15:12,2026-07-29T22:00:00,2026-07-29T22:00:00,18.1,352.7,cab,completed
T004449,R022,D0047,V3,S3,2026-07-29T21:15:00,2026-07-29T21:22:42,2026-07-29T22:00:00,2026-07-29T22:07:38.304664,18.1,351.6,cab,completed
T004450,R003,D0101,V5,S1,2026-07-30T08:15:00,2026-07-30T08:22:42,2026-07-30T09:00:00,2026-07-30T09:07:11.222722,22.6,130.3,shuttle,completed
T004451,R003,D0019,V4,S1,2026-07-30T08:15:00,,2026-07-30T09:00:00,,21.8,134.4,shuttle,no_show
T004452,R003,D0002,V2,S1,2026-07-30T08:15:00,2026-07-30T08:32:24,2026-07-30T09:00:00,2026-07-30T09:15:02.784810,21.6,132.3,shuttle,completed
T004453,R006,D0088,V5,S1,2026-07-30T08:15:00,2026-07-30T08:21:24,2026-07-30T09:00:00,2026-07-30T09:04:28.898267,20.3,132.7,shuttle,completed
T004454,R006,D0074,V4,S1,2026-07-30T08:15:00,2026-07-30T08:39:12,2026-07-30T09:00:00,2026-07-30T09:24:05.521992,20.0,121.8,shuttle,completed
T004455,R006,D0077,V5,S1,2026-07-30T08:15:00,2026-07-30T08:17:36,2026-07-30T09:00:00,2026-07-30T09:00:00,18.7,110.9,shuttle,completed
T004456,R008,D0011,V2,S1,2026-07-30T08:15:00,2026-07-30T08:18:00,2026-07-30T09:00:00,2026-07-30T09:00:00,9.4,141.2,nodal,completed
T004457,R008,D0080,V1,S1,2026-07-30T08:15:00,2026-07-30T08:22:06,2026-07-30T09:00:00,2026-07-30T09:04:19.438816,9.7,144.4,nodal,completed
T004458,R008,D0032,V1,S1,2026-07-30T08:15:00,2026-07-30T08:18:24,2026-07-30T09:00:00,2026-07-30T09:00:00,9.7,155.1,nodal,completed
T004459,R008,D0009,V1,S1,2026-07-30T08:15:00,2026-07-30T08:21:06,2026-07-30T09:00:00,2026-07-30T09:02:01.269055,9.7,128.8,nodal,completed
T004460,R008,D0082,V1,S1,2026-07-30T08:15:00,2026-07-30T08:30:36,2026-07-30T09:00:00,2026-07-30T09:15:09.312581,9.3,152.2,nodal,completed
T004461,R011,D0072,V2,S1,2026-07-30T08:15:00,2026-07-30T08:16:00,2026-07-30T09:00:00,2026-07-30T09:00:00,7.8,134.8,nodal,completed
T004462,R011,D0025,V2,S1,2026-07-30T08:15:00,2026-07-30T08:17:24,2026-07-30T09:00:00,2026-07-30T09:00:00,7.9,119.4,nodal,completed
T004463,R011,D0110,V1,S1,2026-07-30T08:15:00,2026-07-30T08:23:06,2026-07-30T09:00:00,2026-07-30T09:05:42.573715,8.6,130.2,nodal,completed
T004464,R011,D0025,V2,S1,2026-07-30T08:15:00,2026-07-30T08:20:42,2026-07-30T09:00:00,2026-07-30T09:02:16.651677,8.1,121.2,nodal,completed
T004465,R011,D0040,V1,S1,2026-07-30T08:15:00,2026-07-30T08:18:00,2026-07-30T09:00:00,2026-07-30T09:01:45.951628,7.7,121.3,nodal,completed
T004466,R013,D0055,V3,S1,2026-07-30T08:15:00,2026-07-30T08:15:48,2026-07-30T09:00:00,2026-07-30T09:00:00,11.8,256.5,cab,completed
T004467,R013,D0043,V1,S1,2026-07-30T08:15:00,2026-07-30T08:16:48,2026-07-30T09:00:00,2026-07-30T09:00:00,11.8,255.7,cab,completed
T004468,R013,D0112,V1,S1,2026-07-30T08:15:00,,2026-07-30T09:00:00,,10.6,245.8,cab,no_show
T004469,R013,D0076,V3,S1,2026-07-30T08:15:00,2026-07-30T08:17:42,2026-07-30T09:00:00,2026-07-30T09:00:00,10.8,239.7,cab,completed
T004470,R013,D0077,V5,S1,2026-07-30T08:15:00,2026-07-30T08:15:42,2026-07-30T09:00:00,2026-07-30T09:00:00,11.4,243.8,cab,completed
T004471,R013,D0038,V5,S1,2026-07-30T08:15:00,2026-07-30T08:16:54,2026-07-30T09:00:00,2026-07-30T09:00:00,11.5,244.0,cab,completed
T004472,R013,D0069,V5,S1,2026-07-30T08:15:00,2026-07-30T08:22:12,2026-07-30T09:00:00,2026-07-30T09:04:53.749196,11.5,242.3,cab,completed
T004473,R013,D0010,V1,S1,2026-07-30T08:15:00,2026-07-30T08:15:30,2026-07-30T09:00:00,2026-07-30T09:00:00,11.3,242.5,cab,completed
T004474,R013,D0038,V5,S1,2026-07-30T08:15:00,2026-07-30T08:24:18,2026-07-30T09:00:00,2026-07-30T09:09:01.291502,10.6,245.8,cab,completed
T004475,R013,D0003,V1,S1,2026-07-30T08:15:00,2026-07-30T08:21:42,2026-07-30T09:00:00,2026-07-30T09:03:39.235175,11.7,245.7,cab,completed
T004476,R013,D0067,V3,S1,2026-07-30T08:15:00,2026-07-30T08:16:48,2026-07-30T09:00:00,2026-07-30T09:01:05.256834,11.0,243.9,cab,completed
T004477,R018,D0071,V5,S1,2026-07-30T08:15:00,2026-07-30T08:24:36,2026-07-30T09:00:00,2026-07-30T09:05:39.403871,15.5,109.8,shuttle,completed
T004478,R018,D0019,V4,S1,2026-07-30T08:15:00,2026-07-30T08:30:36,2026-07-30T09:00:00,2026-07-30T09:14:19.332979,16.2,104.2,shuttle,completed
T004479,R018,D0096,V2,S1,2026-07-30T08:15:00,2026-07-30T08:16:06,2026-07-30T09:00:00,2026-07-30T09:00:04.867409,15.7,115.1,shuttle,completed
T004480,R020,D0005,V1,S1,2026-07-30T08:15:00,2026-07-30T08:30:36,2026-07-30T09:00:00,2026-07-30T09:11:48.781947,9.7,139.9,nodal,completed
T004481,R020,D0066,V2,S1,2026-07-30T08:15:00,2026-07-30T08:16:48,2026-07-30T09:00:00,2026-07-30T09:00:54.500202,9.8,164.8,nodal,completed
T004482,R020,D0058,V1,S1,2026-07-30T08:15:00,2026-07-30T08:30:36,2026-07-30T09:00:00,2026-07-30T09:11:03.810991,9.9,137.2,nodal,completed
T004483,R020,D0054,V2,S1,2026-07-30T08:15:00,2026-07-30T08:19:48,2026-07-30T09:00:00,2026-07-30T09:03:04.900801,9.7,156.2,nodal,completed
T004484,R020,D0008,V1,S1,2026-07-30T08:15:00,2026-07-30T08:23:30,2026-07-30T09:00:00,2026-07-30T09:05:29.274710,9.8,139.9,nodal,completed
T004485,R020,D0078,V2,S1,2026-07-30T08:15:00,2026-07-30T08:15:06,2026-07-30T09:00:00,2026-07-30T09:00:00,9.9,147.2,nodal,completed
T004486,R022,D0031,V3,S1,2026-07-30T08:15:00,2026-07-30T08:30:36,2026-07-30T09:00:00,2026-07-30T09:15:21.180776,17.5,344.1,cab,completed
T004487,R022,D0005,V1,S1,2026-07-30T08:15:00,2026-07-30T08:26:24,2026-07-30T09:00:00,2026-07-30T09:09:34.102281,17.1,323.1,cab,completed
T004488,R022,D0064,V3,S1,2026-07-30T08:15:00,2026-07-30T08:15:36,2026-07-30T09:00:00,2026-07-30T09:00:00,16.7,314.9,cab,completed
T004489,R022,D0083,V3,S1,2026-07-30T08:15:00,2026-07-30T08:16:24,2026-07-30T09:00:00,2026-07-30T09:01:07.514947,17.5,328.9,cab,completed
T004490,R022,D0038,V5,S1,2026-07-30T08:15:00,2026-07-30T08:24:12,2026-07-30T09:00:00,2026-07-30T09:06:29.609031,16.2,321.1,cab,completed
T004491,R022,D0064,V3,S1,2026-07-30T08:15:00,2026-07-30T08:15:06,2026-07-30T09:00:00,2026-07-30T09:00:00,17.8,341.6,cab,completed
T004492,R022,D0082,V1,S1,2026-07-30T08:15:00,2026-07-30T08:56:42,2026-07-30T09:00:00,2026-07-30T09:40:38.816721,17.2,323.6,cab,completed
T004493,R022,D0027,V3,S1,2026-07-30T08:15:00,2026-07-30T08:17:42,2026-07-30T09:00:00,2026-07-30T09:00:00,17.7,338.9,cab,completed
T004494,R022,D0006,V5,S1,2026-07-30T08:15:00,2026-07-30T08:23:54,2026-07-30T09:00:00,2026-07-30T09:08:21.864777,16.7,327.1,cab,completed
T004495,R022,D0105,V3,S1,2026-07-30T08:15:00,2026-07-30T08:15:18,2026-07-30T09:00:00,2026-07-30T09:00:00,16.3,324.1,cab,completed
T004496,R022,D0027,V3,S1,2026-07-30T08:15:00,2026-07-30T08:17:12,2026-07-30T09:00:00,2026-07-30T09:00:00,16.2,311.3,cab,completed
T004497,R003,D0021,V4,S2,2026-07-30T10:15:00,2026-07-30T10:36:48,2026-07-30T11:00:00,2026-07-30T11:20:46.210911,22.8,142.0,shuttle,completed
T004498,R003,D0107,V2,S2,2026-07-30T10:15:00,2026-07-30T10:25:12,2026-07-30T11:00:00,2026-07-30T11:07:28.889973,23.6,143.6,shuttle,completed
T004499,R006,D0104,V4,S2,2026-07-30T10:15:00,2026-07-30T10:22:06,2026-07-30T11:00:00,2026-07-30T11:02:23.191027,19.3,130.8,shuttle,completed
T004500,R006,D0041,V4,S2,2026-07-30T10:15:00,2026-07-30T10:30:00,2026-07-30T11:00:00,2026-07-30T11:11:53.846020,19.6,122.6,shuttle,completed
T004501,R008,D0054,V2,S2,2026-07-30T10:15:00,2026-07-30T10:17:48,2026-07-30T11:00:00,2026-07-30T11:01:02.286320,8.8,134.4,nodal,completed
T004502,R008,D0030,V2,S2,2026-07-30T10:15:00,2026-07-30T10:26:00,2026-07-30T11:00:00,2026-07-30T11:10:15.698310,9.6,152.3,nodal,completed
T004503,R008,D0090,V2,S2,2026-07-30T10:15:00,2026-07-30T10:20:48,2026-07-30T11:00:00,2026-07-30T11:04:55.622721,9.2,142.9,nodal,completed
T004504,R011,D0106,V2,S2,2026-07-30T10:15:00,2026-07-30T10:24:06,2026-07-30T11:00:00,2026-07-30T11:08:42.078958,7.7,131.7,nodal,completed
T004505,R011,D0090,V2,S2,2026-07-30T10:15:00,2026-07-30T10:15:30,2026-07-30T11:00:00,2026-07-30T11:00:00,8.1,133.0,nodal,completed
T004506,R011,D0117,V1,S2,2026-07-30T10:15:00,2026-07-30T10:36:06,2026-07-30T11:00:00,2026-07-30T11:20:17.370902,8.3,131.0,nodal,completed
T004507,R011,D0052,V1,S2,2026-07-30T10:15:00,2026-07-30T10:20:54,2026-07-30T11:00:00,2026-07-30T11:04:47.787362,8.3,127.5,nodal,completed
T004508,R013,D0053,V1,S2,2026-07-30T10:15:00,2026-07-30T10:19:30,2026-07-30T11:00:00,2026-07-30T11:04:21.619183,10.8,238.5,cab,completed
T004509,R013,D0116,V5,S2,2026-07-30T10:15:00,2026-07-30T10:20:54,2026-07-30T11:00:00,2026-07-30T11:05:09.533235,11.3,252.3,cab,completed
T004510,R013,D0083,V3,S2,2026-07-30T10:15:00,2026-07-30T10:18:12,2026-07-30T11:00:00,2026-07-30T11:00:00,11.4,256.7,cab,completed
T004511,R013,D0006,V5,S2,2026-07-30T10:15:00,2026-07-30T10:28:30,2026-07-30T11:00:00,2026-07-30T11:10:31.144960,11.4,254.6,cab,completed
T004512,R013,D0024,V1,S2,2026-07-30T10:15:00,2026-07-30T10:40:36,2026-07-30T11:00:00,2026-07-30T11:22:39.090774,10.8,241.3,cab,completed
T004513,R013,D0031,V3,S2,2026-07-30T10:15:00,2026-07-30T10:15:24,2026-07-30T11:00:00,2026-07-30T11:00:08.890113,11.4,248.9,cab,completed
T004514,R013,D0085,V3,S2,2026-07-30T10:15:00,2026-07-30T10:15:18,2026-07-30T11:00:00,2026-07-30T11:00:00,11.5,251.1,cab,completed
T004515,R018,D0041,V4,S2,2026-07-30T10:15:00,2026-07-30T10:20:36,2026-07-30T11:00:00,2026-07-30T11:04:08.288814,14.9,105.2,shuttle,completed
T004516,R018,D0050,V5,S2,2026-07-30T10:15:00,2026-07-30T10:16:12,2026-07-30T11:00:00,2026-07-30T11:00:00,15.0,104.7,shuttle,completed
T004517,R020,D0090,V2,S2,2026-07-30T10:15:00,,2026-07-30T11:00:00,,10.2,153.2,nodal,no_show
T004518,R020,D0020,V2,S2,2026-07-30T10:15:00,2026-07-30T10:18:36,2026-07-30T11:00:00,2026-07-30T11:03:18.905426,9.5,141.7,nodal,completed
T004519,R020,D0072,V2,S2,2026-07-30T10:15:00,2026-07-30T10:16:06,2026-07-30T11:00:00,2026-07-30T11:00:00,10.7,158.8,nodal,completed
T004520,R020,D0020,V2,S2,2026-07-30T10:15:00,2026-07-30T10:28:24,2026-07-30T11:00:00,2026-07-30T11:10:04.018164,10.2,151.2,nodal,completed
T004521,R022,D0108,V5,S2,2026-07-30T10:15:00,2026-07-30T10:20:12,2026-07-30T11:00:00,2026-07-30T11:01:01.016364,17.2,328.7,cab,completed
T004522,R022,D0038,V5,S2,2026-07-30T10:15:00,2026-07-30T10:16:36,2026-07-30T11:00:00,2026-07-30T11:00:00,16.3,311.7,cab,completed
T004523,R022,D0068,V1,S2,2026-07-30T10:15:00,2026-07-30T10:33:00,2026-07-30T11:00:00,2026-07-30T11:17:05.317187,17.7,349.5,cab,completed
T004524,R022,D0065,V3,S2,2026-07-30T10:15:00,2026-07-30T10:17:00,2026-07-30T11:00:00,2026-07-30T11:00:00,17.9,331.2,cab,completed
T004525,R022,D0068,V1,S2,2026-07-30T10:15:00,2026-07-30T10:16:24,2026-07-30T11:00:00,2026-07-30T11:00:00,16.8,324.0,cab,completed
T004526,R022,D0032,V1,S2,2026-07-30T10:15:00,2026-07-30T10:22:06,2026-07-30T11:00:00,2026-07-30T11:03:41.191243,16.3,318.6,cab,completed
T004527,R022,D0042,V5,S2,2026-07-30T10:15:00,2026-07-30T10:19:00,2026-07-30T11:00:00,2026-07-30T11:01:48.036932,18.2,337.3,cab,completed
T004528,R022,D0058,V1,S2,2026-07-30T10:15:00,2026-07-30T10:29:00,2026-07-30T11:00:00,2026-07-30T11:09:39.636711,17.7,330.6,cab,completed
T004529,R003,D0014,V5,S3,2026-07-30T21:15:00,2026-07-30T21:17:00,2026-07-30T22:00:00,2026-07-30T22:00:00,22.8,148.0,shuttle,completed
T004530,R003,D0101,V5,S3,2026-07-30T21:15:00,2026-07-30T21:19:12,2026-07-30T22:00:00,2026-07-30T22:03:35.485772,22.4,137.3,shuttle,completed
T004531,R006,D0013,V5,S3,2026-07-30T21:15:00,2026-07-30T21:15:18,2026-07-30T22:00:00,2026-07-30T22:00:00,19.5,114.0,shuttle,completed
T004532,R008,D0090,V2,S3,2026-07-30T21:15:00,2026-07-30T21:16:12,2026-07-30T22:00:00,2026-07-30T22:00:00,9.3,135.1,nodal,completed
T004533,R008,D0082,V1,S3,2026-07-30T21:15:00,2026-07-30T21:18:06,2026-07-30T22:00:00,2026-07-30T22:02:33.206950,9.4,135.7,nodal,completed
T004534,R011,D0032,V1,S3,2026-07-30T21:15:00,2026-07-30T21:16:06,2026-07-30T22:00:00,2026-07-30T22:00:17.931647,8.0,120.1,nodal,completed
T004535,R011,D0111,V1,S3,2026-07-30T21:15:00,2026-07-30T21:16:36,2026-07-30T22:00:00,2026-07-30T22:00:39.007157,7.8,119.4,nodal,completed
T004536,R011,D0063,V2,S3,2026-07-30T21:15:00,,2026-07-30T22:00:00,2026-07-30T22:10:21.831830,8.5,126.3,nodal,completed
T004537,R013,D0112,V1,S3,2026-07-30T21:15:00,2026-07-30T21:18:06,2026-07-30T22:00:00,2026-07-30T22:02:30.590623,11.5,251.1,cab,completed
T004538,R013,D0103,V5,S3,2026-07-30T21:15:00,2026-07-30T21:26:30,2026-07-30T22:00:00,2026-07-30T22:10:45.662761,11.4,240.2,cab,completed
T004539,R013,D0086,V1,S3,2026-07-30T21:15:00,2026-07-30T21:25:12,2026-07-30T22:00:00,2026-07-30T22:10:00.586459,10.9,235.3,cab,completed
T004540,R013,D0111,V1,S3,2026-07-30T21:15:00,2026-07-30T21:24:48,2026-07-30T22:00:00,2026-07-30T22:07:42.880573,11.7,249.1,cab,completed
T004541,R013,D0085,V3,S3,2026-07-30T21:15:00,2026-07-30T21:17:06,2026-07-30T22:00:00,2026-07-30T22:00:00,11.7,257.4,cab,completed
T004542,R018,D0101,V5,S3,2026-07-30T21:15:00,2026-07-30T21:20:00,2026-07-30T22:00:00,2026-07-30T22:02:16.899950,14.3,97.0,shuttle,completed
T004543,R018,D0075,V4,S3,2026-07-30T21:15:00,2026-07-30T21:20:54,2026-07-30T22:00:00,2026-07-30T22:05:21.155259,14.3,96.7,shuttle,completed
T004544,R020,D0032,V1,S3,2026-07-30T21:15:00,2026-07-30T21:29:18,2026-07-30T22:00:00,2026-07-30T22:14:11.914400,10.1,139.3,nodal,completed
T004545,R020,D0097,V2,S3,2026-07-30T21:15:00,2026-07-30T21:15:18,2026-07-30T22:00:00,2026-07-30T22:00:00,10.3,143.0,nodal,completed
T004546,R022,D0027,V3,S3,2026-07-30T21:15:00,2026-07-30T21:15:48,2026-07-30T22:00:00,2026-07-30T22:00:00,16.2,321.5,cab,completed
T004547,R022,D0036,V3,S3,2026-07-30T21:15:00,2026-07-30T21:18:06,2026-07-30T22:00:00,2026-07-30T22:00:00,18.0,349.1,cab,completed
T004548,R022,D0116,V5,S3,2026-07-30T21:15:00,2026-07-30T21:22:48,2026-07-30T22:00:00,2026-07-30T22:06:56.988614,16.9,325.1,cab,completed
T004549,R022,D0111,V1,S3,2026-07-30T21:15:00,2026-07-30T21:21:54,2026-07-30T22:00:00,2026-07-30T22:06:44.800219,17.2,339.0,cab,completed
T004550,R003,D0026,V4,S1,2026-07-31T08:15:00,2026-07-31T08:15:12,2026-07-31T09:00:00,2026-07-31T09:00:00,22.3,137.6,shuttle,completed
T004551,R003,D0115,V4,S1,2026-07-31T08:15:00,2026-07-31T08:18:18,2026-07-31T09:00:00,2026-07-31T09:00:45.196076,23.2,142.7,shuttle,completed
T004552,R003,D0019,V4,S1,2026-07-31T08:15:00,2026-07-31T08:34:42,2026-07-31T09:00:00,2026-07-31T09:18:08.576191,21.1,135.6,shuttle,completed
T004553,R006,D0120,V5,S1,2026-07-31T08:15:00,2026-07-31T08:16:12,2026-07-31T09:00:00,2026-07-31T09:00:00,18.1,121.3,shuttle,completed
T004554,R006,D0098,V5,S1,2026-07-31T08:15:00,2026-07-31T08:18:30,2026-07-31T09:00:00,2026-07-31T09:03:20.522638,18.7,115.5,shuttle,completed
T004555,R006,D0118,V4,S1,2026-07-31T08:15:00,2026-07-31T08:18:00,2026-07-31T09:00:00,2026-07-31T09:01:11.858982,19.6,115.3,shuttle,completed
T004556,R008,D0029,V2,S1,2026-07-31T08:15:00,2026-07-31T08:18:54,2026-07-31T09:00:00,2026-07-31T09:00:00,9.4,138.3,nodal,completed
T004557,R008,D0078,V2,S1,2026-07-31T08:15:00,2026-07-31T08:16:24,2026-07-31T09:00:00,2026-07-31T09:00:20.100478,9.7,144.1,nodal,completed
T004558,R008,D0073,V2,S1,2026-07-31T08:15:00,2026-07-31T08:17:54,2026-07-31T09:00:00,2026-07-31T09:02:01.101616,9.7,136.6,nodal,completed
T004559,R008,D0082,V1,S1,2026-07-31T08:15:00,2026-07-31T08:23:18,2026-07-31T09:00:00,2026-07-31T09:08:14.619160,8.9,120.7,nodal,completed
T004560,R008,D0063,V2,S1,2026-07-31T08:15:00,2026-07-31T08:19:54,2026-07-31T09:00:00,2026-07-31T09:03:53.240121,9.0,145.6,nodal,completed
T004561,R008,D0017,V2,S1,2026-07-31T08:15:00,2026-07-31T08:18:00,2026-07-31T09:00:00,2026-07-31T09:01:00.224568,8.7,139.9,nodal,completed
T004562,R011,D0003,V1,S1,2026-07-31T08:15:00,2026-07-31T08:16:36,2026-07-31T09:00:00,2026-07-31T09:00:00,8.4,129.5,nodal,completed
T004563,R011,D0081,V2,S1,2026-07-31T08:15:00,2026-07-31T08:16:12,2026-07-31T09:00:00,2026-07-31T09:00:13.024553,8.6,143.3,nodal,completed
T004564,R011,D0045,V1,S1,2026-07-31T08:15:00,2026-07-31T08:19:12,2026-07-31T09:00:00,2026-07-31T09:00:00,8.5,120.6,nodal,completed
T004565,R011,D0011,V2,S1,2026-07-31T08:15:00,2026-07-31T08:18:42,2026-07-31T09:00:00,2026-07-31T09:02:49.198564,8.2,124.2,nodal,completed
T004566,R011,D0052,V1,S1,2026-07-31T08:15:00,2026-07-31T08:24:18,2026-07-31T09:00:00,2026-07-31T09:06:41.208261,8.6,131.7,nodal,completed
T004567,R013,D0004,V5,S1,2026-07-31T08:15:00,2026-07-31T08:15:48,2026-07-31T09:00:00,2026-07-31T09:00:00,10.6,244.4,cab,completed
T004568,R013,D0056,V1,S1,2026-07-31T08:15:00,2026-07-31T08:23:24,2026-07-31T09:00:00,2026-07-31T09:04:23.428434,10.6,240.5,cab,completed
T004569,R013,D0108,V5,S1,2026-07-31T08:15:00,2026-07-31T08:15:42,2026-07-31T09:00:00,2026-07-31T09:00:00,11.8,253.0,cab,completed
T004570,R013,D0033,V1,S1,2026-07-31T08:15:00,2026-07-31T08:17:12,2026-07-31T09:00:00,2026-07-31T09:00:21.282060,11.3,242.3,cab,completed
T004571,R013,D0047,V3,S1,2026-07-31T08:15:00,2026-07-31T08:24:00,2026-07-31T09:00:00,2026-07-31T09:08:25.423199,11.3,239.0,cab,completed
T004572,R013,D0068,V1,S1,2026-07-31T08:15:00,2026-07-31T08:18:06,2026-07-31T09:00:00,2026-07-31T09:00:00,11.6,248.3,cab,completed
T004573,R013,D0056,V1,S1,2026-07-31T08:15:00,2026-07-31T08:19:54,2026-07-31T09:00:00,2026-07-31T09:01:07.262538,11.8,259.1,cab,completed
T004574,R013,D0047,V3,S1,2026-07-31T08:15:00,2026-07-31T08:15:48,2026-07-31T09:00:00,2026-07-31T09:00:00,11.8,248.6,cab,completed
T004575,R013,D0120,V5,S1,2026-07-31T08:15:00,2026-07-31T08:15:48,2026-07-31T09:00:00,2026-07-31T09:00:00,10.9,237.9,cab,completed
T004576,R013,D0022,V5,S1,2026-07-31T08:15:00,2026-07-31T08:15:36,2026-07-31T09:00:00,2026-07-31T09:00:00.057704,11.5,241.1,cab,completed
T004577,R013,D0120,V5,S1,2026-07-31T08:15:00,2026-07-31T08:16:54,2026-07-31T09:00:00,2026-07-31T09:00:00,11.7,246.2,cab,completed
T004578,R018,D0114,V2,S1,2026-07-31T08:15:00,2026-07-31T08:16:18,2026-07-31T09:00:00,2026-07-31T09:00:00,15.7,113.5,shuttle,completed
T004579,R018,D0034,V4,S1,2026-07-31T08:15:00,2026-07-31T08:23:06,2026-07-31T09:00:00,2026-07-31T09:05:15.992183,15.0,102.5,shuttle,completed
T004580,R018,D0106,V2,S1,2026-07-31T08:15:00,2026-07-31T08:19:12,2026-07-31T09:00:00,2026-07-31T09:00:14.064102,15.8,112.4,shuttle,completed
T004581,R020,D0054,V2,S1,2026-07-31T08:15:00,2026-07-31T08:17:24,2026-07-31T09:00:00,2026-07-31T09:00:00,9.9,155.6,nodal,completed
T004582,R020,D0117,V1,S1,2026-07-31T08:15:00,2026-07-31T08:22:24,2026-07-31T09:00:00,2026-07-31T09:07:23.280525,10.6,151.5,nodal,completed
T004583,R020,D0111,V1,S1,2026-07-31T08:15:00,2026-07-31T08:37:24,2026-07-31T09:00:00,2026-07-31T09:21:47.269745,10.1,131.8,nodal,completed
T004584,R020,D0054,V2,S1,2026-07-31T08:15:00,2026-07-31T08:19:12,2026-07-31T09:00:00,2026-07-31T09:01:26.091231,9.9,148.6,nodal,completed
T004585,R020,D0001,V2,S1,2026-07-31T08:15:00,2026-07-31T08:34:42,2026-07-31T09:00:00,2026-07-31T09:17:30.821293,10.7,161.8,nodal,completed
T004586,R020,D0078,V2,S1,2026-07-31T08:15:00,2026-07-31T08:17:42,2026-07-31T09:00:00,2026-07-31T09:00:00,10.1,139.8,nodal,completed
T004587,R022,D0047,V3,S1,2026-07-31T08:15:00,2026-07-31T08:16:54,2026-07-31T09:00:00,2026-07-31T09:00:39.595755,18.0,349.5,cab,completed
T004588,R022,D0009,V1,S1,2026-07-31T08:15:00,2026-07-31T08:15:00,2026-07-31T09:00:00,2026-07-31T09:00:00,17.7,336.6,cab,completed
T004589,R022,D0064,V3,S1,2026-07-31T08:15:00,2026-07-31T08:33:30,2026-07-31T09:00:00,2026-07-31T09:16:02.313309,16.3,309.9,cab,completed
T004590,R022,D0038,V5,S1,2026-07-31T08:15:00,2026-07-31T08:19:30,2026-07-31T09:00:00,2026-07-31T09:01:14.178161,17.4,325.8,cab,completed
T004591,R022,D0022,V5,S1,2026-07-31T08:15:00,2026-07-31T08:20:54,2026-07-31T09:00:00,2026-07-31T09:03:44.601956,16.7,316.9,cab,completed
T004592,R022,D0042,V5,S1,2026-07-31T08:15:00,2026-07-31T08:15:36,2026-07-31T09:00:00,2026-07-31T09:00:00,17.6,331.5,cab,completed
T004593,R022,D0120,V5,S1,2026-07-31T08:15:00,2026-07-31T08:36:00,2026-07-31T09:00:00,2026-07-31T09:19:03.211398,16.7,317.9,cab,completed
T004594,R022,D0098,V5,S1,2026-07-31T08:15:00,2026-07-31T08:17:48,2026-07-31T09:00:00,2026-07-31T09:00:15.129330,17.8,346.5,cab,completed
T004595,R022,D0099,V5,S1,2026-07-31T08:15:00,2026-07-31T08:22:06,2026-07-31T09:00:00,2026-07-31T09:04:41.245301,17.4,336.6,cab,completed
T004596,R022,D0108,V5,S1,2026-07-31T08:15:00,2026-07-31T08:15:30,2026-07-31T09:00:00,2026-07-31T09:00:00,17.1,324.3,cab,completed
T004597,R022,D0040,V1,S1,2026-07-31T08:15:00,2026-07-31T08:20:48,2026-07-31T09:00:00,2026-07-31T09:02:22.712187,17.0,324.2,cab,completed
T004598,R003,D0030,V2,S2,2026-07-31T10:15:00,2026-07-31T10:15:30,2026-07-31T11:00:00,2026-07-31T11:00:00,22.5,150.1,shuttle,completed
T004599,R003,D0030,V2,S2,2026-07-31T10:15:00,2026-07-31T10:26:36,2026-07-31T11:00:00,2026-07-31T11:08:55.825101,22.9,144.4,shuttle,completed
T004600,R006,D0019,V4,S2,2026-07-31T10:15:00,2026-07-31T10:16:06,2026-07-31T11:00:00,2026-07-31T11:00:00,19.5,124.4,shuttle,completed
T004601,R006,D0029,V2,S2,2026-07-31T10:15:00,2026-07-31T10:22:06,2026-07-31T11:00:00,2026-07-31T11:03:19.307924,20.5,145.0,shuttle,completed
T004602,R008,D0053,V1,S2,2026-07-31T10:15:00,2026-07-31T10:31:36,2026-07-31T11:00:00,2026-07-31T11:12:05.512318,9.5,132.5,nodal,completed
T004603,R008,D0081,V2,S2,2026-07-31T10:15:00,2026-07-31T10:17:42,2026-07-31T11:00:00,2026-07-31T11:01:47.784990,9.1,130.0,nodal,completed
T004604,R008,D0082,V1,S2,2026-07-31T10:15:00,2026-07-31T10:31:06,2026-07-31T11:00:00,2026-07-31T11:13:02.430245,9.5,139.5,nodal,completed
T004605,R011,D0043,V1,S2,2026-07-31T10:15:00,2026-07-31T10:16:06,2026-07-31T11:00:00,2026-07-31T11:00:30.994280,8.1,145.3,nodal,completed
T004606,R011,D0010,V1,S2,2026-07-31T10:15:00,2026-07-31T10:24:00,2026-07-31T11:00:00,2026-07-31T11:07:02.285337,8.2,124.2,nodal,completed
T004607,R011,D0080,V1,S2,2026-07-31T10:15:00,2026-07-31T10:16:48,2026-07-31T11:00:00,2026-07-31T11:00:00,7.7,142.8,nodal,completed
T004608,R011,D0063,V2,S2,2026-07-31T10:15:00,2026-07-31T10:18:12,2026-07-31T11:00:00,2026-07-31T11:02:17.537203,8.2,128.6,nodal,completed
T004609,R013,D0079,V3,S2,2026-07-31T10:15:00,2026-07-31T10:18:18,2026-07-31T11:00:00,2026-07-31T11:00:00,11.5,253.3,cab,completed
T004610,R013,D0105,V3,S2,2026-07-31T10:15:00,2026-07-31T10:20:48,2026-07-31T11:00:00,2026-07-31T11:05:10.015024,10.5,240.2,cab,completed
T004611,R013,D0098,V5,S2,2026-07-31T10:15:00,2026-07-31T10:23:30,2026-07-31T11:00:00,2026-07-31T11:06:00.474986,10.8,242.7,cab,completed
T004612,R013,D0069,V5,S2,2026-07-31T10:15:00,2026-07-31T10:18:54,2026-07-31T11:00:00,,11.0,235.3,cab,cancelled
T004613,R013,D0023,V3,S2,2026-07-31T10:15:00,2026-07-31T10:30:48,2026-07-31T11:00:00,2026-07-31T11:11:41.404191,11.7,260.1,cab,completed
T004614,R013,D0005,V1,S2,2026-07-31T10:15:00,2026-07-31T10:20:00,2026-07-31T11:00:00,2026-07-31T11:02:24.945079,11.6,250.2,cab,completed
T004615,R013,D0120,V5,S2,2026-07-31T10:15:00,,2026-07-31T11:00:00,,11.6,243.4,cab,no_show
T004616,R013,D0060,V3,S2,2026-07-31T10:15:00,2026-07-31T10:16:06,2026-07-31T11:00:00,2026-07-31T11:00:00,10.8,246.0,cab,completed
T004617,R018,D0087,V2,S2,2026-07-31T10:15:00,2026-07-31T10:20:00,2026-07-31T11:00:00,2026-07-31T11:04:19.051801,14.5,111.7,shuttle,completed
T004618,R018,D0016,V5,S2,2026-07-31T10:15:00,2026-07-31T10:21:06,2026-07-31T11:00:00,2026-07-31T11:01:48.514645,14.6,92.8,shuttle,completed
T004619,R020,D0056,V1,S2,2026-07-31T10:15:00,2026-07-31T10:22:12,2026-07-31T11:00:00,2026-07-31T11:02:23.764223,9.8,133.7,nodal,completed
T004620,R020,D0086,V1,S2,2026-07-31T10:15:00,2026-07-31T10:25:12,2026-07-31T11:00:00,2026-07-31T11:05:59.861751,10.1,138.1,nodal,completed
T004621,R020,D0107,V2,S2,2026-07-31T10:15:00,2026-07-31T10:17:18,2026-07-31T11:00:00,2026-07-31T11:00:00,9.8,155.2,nodal,completed
T004622,R020,D0032,V1,S2,2026-07-31T10:15:00,2026-07-31T10:17:00,2026-07-31T11:00:00,2026-07-31T11:01:15.855217,10.2,147.9,nodal,completed
T004623,R022,D0065,V3,S2,2026-07-31T10:15:00,2026-07-31T10:21:00,2026-07-31T11:00:00,2026-07-31T11:04:13.436090,16.3,309.1,cab,completed
T004624,R022,D0013,V5,S2,2026-07-31T10:15:00,2026-07-31T10:18:54,2026-07-31T11:00:00,2026-07-31T11:00:46.667770,17.4,328.5,cab,completed
T004625,R022,D0055,V3,S2,2026-07-31T10:15:00,2026-07-31T10:15:06,2026-07-31T11:00:00,2026-07-31T11:00:00,17.0,325.9,cab,completed
T004626,R022,D0024,V1,S2,2026-07-31T10:15:00,2026-07-31T10:18:36,2026-07-31T11:00:00,2026-07-31T11:01:08.796227,16.4,313.6,cab,completed
T004627,R022,D0055,V3,S2,2026-07-31T10:15:00,2026-07-31T10:15:30,2026-07-31T11:00:00,2026-07-31T11:00:00,16.2,325.6,cab,completed
T004628,R022,D0043,V1,S2,2026-07-31T10:15:00,2026-07-31T10:26:30,2026-07-31T11:00:00,2026-07-31T11:10:50.057329,16.2,321.6,cab,completed
T004629,R022,D0031,V3,S2,2026-07-31T10:15:00,2026-07-31T10:16:30,2026-07-31T11:00:00,2026-07-31T11:00:00,16.5,328.0,cab,completed
T004630,R022,D0065,V3,S2,2026-07-31T10:15:00,2026-07-31T10:21:06,2026-07-31T11:00:00,2026-07-31T11:02:28.539600,18.2,339.3,cab,completed
T004631,R003,D0041,V4,S3,2026-07-31T21:15:00,2026-07-31T21:24:30,2026-07-31T22:00:00,2026-07-31T22:08:02.395863,23.2,132.4,shuttle,completed
T004632,R006,D0081,V2,S3,2026-07-31T21:15:00,2026-07-31T21:17:48,2026-07-31T22:00:00,2026-07-31T22:00:34.332936,19.4,122.4,shuttle,completed
T004633,R008,D0032,V1,S3,2026-07-31T21:15:00,2026-07-31T21:17:00,2026-07-31T22:00:00,2026-07-31T22:00:00,8.8,137.4,nodal,completed
T004634,R008,D0112,V1,S3,2026-07-31T21:15:00,2026-07-31T21:17:06,2026-07-31T22:00:00,2026-07-31T22:00:55.892926,9.6,161.1,nodal,completed
T004635,R011,D0005,V1,S3,2026-07-31T21:15:00,2026-07-31T21:18:06,2026-07-31T22:00:00,2026-07-31T22:01:45.110268,8.1,130.4,nodal,completed
T004636,R011,D0066,V2,S3,2026-07-31T21:15:00,2026-07-31T21:20:54,2026-07-31T22:00:00,2026-07-31T22:04:19.104460,8.4,134.1,nodal,completed
T004637,R011,D0090,V2,S3,2026-07-31T21:15:00,2026-07-31T21:17:42,2026-07-31T22:00:00,2026-07-31T22:01:03.655561,8.4,127.3,nodal,completed
T004638,R013,D0055,V3,S3,2026-07-31T21:15:00,2026-07-31T21:21:06,2026-07-31T22:00:00,2026-07-31T22:01:49.323879,11.5,243.4,cab,completed
T004639,R013,D0065,V3,S3,2026-07-31T21:15:00,2026-07-31T21:34:24,2026-07-31T22:00:00,2026-07-31T22:18:01.650358,11.8,246.7,cab,completed
T004640,R013,D0039,V3,S3,2026-07-31T21:15:00,2026-07-31T21:25:48,2026-07-31T22:00:00,2026-07-31T22:07:36.919643,11.7,258.1,cab,completed
T004641,R013,D0095,V3,S3,2026-07-31T21:15:00,2026-07-31T21:15:06,2026-07-31T22:00:00,2026-07-31T22:00:00,11.3,251.7,cab,completed
T004642,R013,D0052,V1,S3,2026-07-31T21:15:00,2026-07-31T21:20:06,2026-07-31T22:00:00,2026-07-31T22:01:58.525188,11.1,248.0,cab,completed
T004643,R018,D0048,V5,S3,2026-07-31T21:15:00,2026-07-31T21:18:36,2026-07-31T22:00:00,2026-07-31T22:00:55.333757,15.5,98.4,shuttle,completed
T004644,R018,D0001,V2,S3,2026-07-31T21:15:00,2026-07-31T21:27:48,2026-07-31T22:00:00,2026-07-31T22:09:28.047982,14.4,110.3,shuttle,completed
T004645,R020,D0003,V1,S3,2026-07-31T21:15:00,2026-07-31T21:17:12,2026-07-31T22:00:00,2026-07-31T22:00:00,10.7,144.1,nodal,completed
T004646,R020,D0058,V1,S3,2026-07-31T21:15:00,,2026-07-31T22:00:00,2026-07-31T22:00:14.763226,9.7,141.4,nodal,completed
T004647,R020,D0003,V1,S3,2026-07-31T21:15:00,2026-07-31T21:39:36,2026-07-31T22:00:00,2026-07-31T22:23:40.922058,10.6,151.0,nodal,completed
T004648,R022,D0050,V5,S3,2026-07-31T21:15:00,2026-07-31T21:15:48,2026-07-31T22:00:00,2026-07-31T22:00:00,17.8,347.9,cab,completed
T004649,R022,D0033,V1,S3,2026-07-31T21:15:00,2026-07-31T21:44:48,2026-07-31T22:00:00,2026-07-31T22:29:34.140867,16.6,329.9,cab,completed
T004650,R022,D0116,V5,S3,2026-07-31T21:15:00,2026-07-31T21:23:12,2026-07-31T22:00:00,2026-07-31T22:04:25.403782,17.0,335.7,cab,completed
T004651,R022,D0018,V5,S3,2026-07-31T21:15:00,2026-07-31T21:21:42,2026-07-31T22:00:00,2026-07-31T22:04:59.329921,17.9,335.0,cab,completed
T004652,R003,D0101,V5,S1,2026-08-03T08:15:00,2026-08-03T08:19:48,2026-08-03T09:00:00,2026-08-03T09:02:30.771905,22.4,139.7,shuttle,completed
T004653,R003,D0030,V2,S1,2026-08-03T08:15:00,2026-08-03T08:20:06,2026-08-03T09:00:00,2026-08-03T09:04:15.925188,22.5,150.1,shuttle,completed
T004654,R003,D0011,V2,S1,2026-08-03T08:15:00,2026-08-03T08:15:42,2026-08-03T09:00:00,2026-08-03T09:00:00,23.1,161.2,shuttle,completed
T004655,R006,D0096,V2,S1,2026-08-03T08:15:00,,2026-08-03T09:00:00,,18.7,129.6,shuttle,no_show
T004656,R006,D0011,V2,S1,2026-08-03T08:15:00,2026-08-03T08:16:00,2026-08-03T09:00:00,2026-08-03T09:00:00,19.3,122.9,shuttle,completed
T004657,R006,D0050,V5,S1,2026-08-03T08:15:00,2026-08-03T08:16:12,2026-08-03T09:00:00,2026-08-03T09:00:00,20.2,122.0,shuttle,completed
T004658,R008,D0035,V1,S1,2026-08-03T08:15:00,2026-08-03T08:16:30,2026-08-03T09:00:00,2026-08-03T09:00:00,9.0,122.9,nodal,completed
T004659,R008,D0045,V1,S1,2026-08-03T08:15:00,2026-08-03T08:21:00,2026-08-03T09:00:00,2026-08-03T09:02:15.734797,9.5,133.7,nodal,completed
T004660,R008,D0015,V1,S1,2026-08-03T08:15:00,2026-08-03T08:15:30,2026-08-03T09:00:00,2026-08-03T09:00:00,9.2,137.6,nodal,completed
T004661,R008,D0035,V1,S1,2026-08-03T08:15:00,2026-08-03T08:24:48,2026-08-03T09:00:00,2026-08-03T09:07:29.648641,8.6,122.5,nodal,completed
T004662,R008,D0057,V2,S1,2026-08-03T08:15:00,2026-08-03T08:34:18,2026-08-03T09:00:00,2026-08-03T09:14:20.833355,9.1,142.9,nodal,completed
T004663,R008,D0054,V2,S1,2026-08-03T08:15:00,2026-08-03T08:16:12,2026-08-03T09:00:00,2026-08-03T09:00:00,8.8,147.7,nodal,completed
T004664,R011,D0017,V2,S1,2026-08-03T08:15:00,2026-08-03T08:18:54,2026-08-03T09:00:00,2026-08-03T09:01:32.501519,8.4,128.6,nodal,completed
T004665,R011,D0029,V2,S1,2026-08-03T08:15:00,2026-08-03T08:18:18,2026-08-03T09:00:00,2026-08-03T09:02:02.891523,8.5,131.8,nodal,completed
T004666,R011,D0033,V1,S1,2026-08-03T08:15:00,2026-08-03T08:17:00,2026-08-03T09:00:00,2026-08-03T09:00:00,8.4,125.3,nodal,completed
T004667,R011,D0017,V2,S1,2026-08-03T08:15:00,2026-08-03T08:17:12,2026-08-03T09:00:00,2026-08-03T09:01:19.722982,8.1,129.5,nodal,completed
T004668,R011,D0090,V2,S1,2026-08-03T08:15:00,2026-08-03T08:21:06,2026-08-03T09:00:00,2026-08-03T09:02:28.310749,8.1,124.2,nodal,completed
T004669,R013,D0008,V1,S1,2026-08-03T08:15:00,2026-08-03T08:20:48,2026-08-03T09:00:00,2026-08-03T09:00:58.732017,10.5,229.1,cab,completed
T004670,R013,D0022,V5,S1,2026-08-03T08:15:00,2026-08-03T08:31:18,2026-08-03T09:00:00,2026-08-03T09:13:26.677193,11.2,238.3,cab,completed
T004671,R013,D0076,V3,S1,2026-08-03T08:15:00,2026-08-03T08:28:48,2026-08-03T09:00:00,2026-08-03T09:13:20.007563,11.5,244.7,cab,completed
T004672,R013,D0089,V3,S1,2026-08-03T08:15:00,2026-08-03T08:16:00,2026-08-03T09:00:00,2026-08-03T09:00:00,11.2,261.3,cab,completed
T004673,R013,D0014,V5,S1,2026-08-03T08:15:00,2026-08-03T08:18:06,2026-08-03T09:00:00,2026-08-03T09:00:07.535220,10.6,237.3,cab,completed
T004674,R013,D0032,V1,S1,2026-08-03T08:15:00,2026-08-03T08:15:06,2026-08-03T09:00:00,2026-08-03T09:00:00,11.0,243.9,cab,completed
T004675,R013,D0099,V5,S1,2026-08-03T08:15:00,2026-08-03T08:29:18,2026-08-03T09:00:00,2026-08-03T09:12:35.261356,10.6,247.4,cab,completed
T004676,R013,D0027,V3,S1,2026-08-03T08:15:00,2026-08-03T08:16:00,2026-08-03T09:00:00,2026-08-03T09:00:00,11.5,244.7,cab,completed
T004677,R013,D0018,V5,S1,2026-08-03T08:15:00,2026-08-03T08:23:12,2026-08-03T09:00:00,2026-08-03T09:07:52.455776,10.6,230.2,cab,completed
T004678,R013,D0120,V5,S1,2026-08-03T08:15:00,2026-08-03T08:15:24,2026-08-03T09:00:00,2026-08-03T09:00:00,11.2,252.4,cab,completed
T004679,R018,D0066,V2,S1,2026-08-03T08:15:00,2026-08-03T08:17:24,2026-08-03T09:00:00,2026-08-03T09:01:52.400718,16.1,112.6,shuttle,completed
T004680,R018,D0104,V4,S1,2026-08-03T08:15:00,2026-08-03T08:23:36,2026-08-03T09:00:00,2026-08-03T09:08:25.827938,15.3,104.4,shuttle,completed
T004681,R018,D0084,V4,S1,2026-08-03T08:15:00,2026-08-03T08:29:36,2026-08-03T09:00:00,2026-08-03T09:10:17.638638,15.9,113.0,shuttle,completed
T004682,R020,D0081,V2,S1,2026-08-03T08:15:00,2026-08-03T08:18:00,2026-08-03T09:00:00,2026-08-03T09:02:20.679942,10.3,158.3,nodal,completed
T004683,R020,D0054,V2,S1,2026-08-03T08:15:00,2026-08-03T08:19:00,2026-08-03T09:00:00,2026-08-03T09:00:30.456293,10.0,151.7,nodal,completed
T004684,R020,D0056,V1,S1,2026-08-03T08:15:00,2026-08-03T08:19:54,2026-08-03T09:00:00,2026-08-03T09:04:06.637807,9.6,140.4,nodal,completed
T004685,R020,D0057,V2,S1,2026-08-03T08:15:00,2026-08-03T08:19:36,2026-08-03T09:00:00,2026-08-03T09:01:15.350064,10.3,146.1,nodal,completed
T004686,R020,D0033,V1,S1,2026-08-03T08:15:00,2026-08-03T08:20:36,2026-08-03T09:00:00,2026-08-03T09:05:31.498293,10.6,140.3,nodal,completed
T004687,R020,D0045,V1,S1,2026-08-03T08:15:00,2026-08-03T08:23:36,2026-08-03T09:00:00,2026-08-03T09:05:26.983046,9.7,145.7,nodal,completed
T004688,R022,D0039,V3,S1,2026-08-03T08:15:00,2026-08-03T08:15:30,2026-08-03T09:00:00,2026-08-03T09:00:00,18.3,340.7,cab,completed
T004689,R022,D0016,V5,S1,2026-08-03T08:15:00,2026-08-03T08:21:06,2026-08-03T09:00:00,2026-08-03T09:02:50.314488,16.4,326.8,cab,completed
T004690,R022,D0116,V5,S1,2026-08-03T08:15:00,2026-08-03T08:21:06,2026-08-03T09:00:00,2026-08-03T09:02:15.660272,17.6,340.3,cab,completed
T004691,R022,D0010,V1,S1,2026-08-03T08:15:00,2026-08-03T08:18:48,2026-08-03T09:00:00,2026-08-03T09:01:59.624816,16.9,319.0,cab,completed
T004692,R022,D0103,V5,S1,2026-08-03T08:15:00,2026-08-03T08:27:42,2026-08-03T09:00:00,2026-08-03T09:11:19.440411,16.6,320.1,cab,completed
T004693,R022,D0099,V5,S1,2026-08-03T08:15:00,2026-08-03T08:18:30,2026-08-03T09:00:00,2026-08-03T09:02:46.988581,16.6,316.3,cab,completed
T004694,R022,D0049,V3,S1,2026-08-03T08:15:00,2026-08-03T08:19:30,2026-08-03T09:00:00,2026-08-03T09:02:49.145210,17.4,333.4,cab,completed
T004695,R022,D0068,V1,S1,2026-08-03T08:15:00,2026-08-03T08:18:36,2026-08-03T09:00:00,2026-08-03T09:00:00,17.9,348.2,cab,completed
T004696,R022,D0024,V1,S1,2026-08-03T08:15:00,2026-08-03T08:22:24,2026-08-03T09:00:00,2026-08-03T09:04:02.890861,18.3,336.7,cab,completed
T004697,R022,D0042,V5,S1,2026-08-03T08:15:00,2026-08-03T08:21:36,2026-08-03T09:00:00,2026-08-03T09:03:37.671776,17.3,355.2,cab,completed
T004698,R022,D0022,V5,S1,2026-08-03T08:15:00,2026-08-03T08:16:00,2026-08-03T09:00:00,2026-08-03T09:00:43.191554,16.7,328.2,cab,completed
T004699,R022,D0108,V5,S1,2026-08-03T08:15:00,2026-08-03T08:24:00,2026-08-03T09:00:00,2026-08-03T09:05:14.449150,16.9,333.5,cab,completed
T004700,R003,D0051,V2,S2,2026-08-03T10:15:00,2026-08-03T10:20:18,2026-08-03T11:00:00,2026-08-03T11:03:20.848224,23.1,158.8,shuttle,completed
T004701,R003,D0041,V4,S2,2026-08-03T10:15:00,2026-08-03T10:18:06,2026-08-03T11:00:00,2026-08-03T11:01:48.627379,23.6,133.8,shuttle,completed
T004702,R006,D0107,V2,S2,2026-08-03T10:15:00,2026-08-03T10:19:18,2026-08-03T11:00:00,2026-08-03T11:01:26.192265,20.2,147.1,shuttle,completed
T004703,R006,D0074,V4,S2,2026-08-03T10:15:00,,2026-08-03T11:00:00,,20.3,120.0,shuttle,no_show
T004704,R008,D0080,V1,S2,2026-08-03T10:15:00,2026-08-03T10:29:06,2026-08-03T11:00:00,2026-08-03T11:10:30.230787,8.8,136.7,nodal,completed
T004705,R008,D0033,V1,S2,2026-08-03T10:15:00,2026-08-03T10:35:30,2026-08-03T11:00:00,2026-08-03T11:19:30.314508,8.7,148.1,nodal,completed
T004706,R008,D0106,V2,S2,2026-08-03T10:15:00,2026-08-03T10:25:18,2026-08-03T11:00:00,2026-08-03T11:05:48.975049,9.7,154.6,nodal,completed
T004707,R011,D0009,V1,S2,2026-08-03T10:15:00,2026-08-03T10:19:18,2026-08-03T11:00:00,2026-08-03T11:01:29.591199,8.0,124.8,nodal,completed
T004708,R011,D0001,V2,S2,2026-08-03T10:15:00,2026-08-03T10:17:24,2026-08-03T11:00:00,2026-08-03T11:00:00,7.9,135.7,nodal,completed
T004709,R011,D0112,V1,S2,2026-08-03T10:15:00,2026-08-03T10:22:06,2026-08-03T11:00:00,2026-08-03T11:04:33.914357,7.6,113.6,nodal,completed
T004710,R011,D0003,V1,S2,2026-08-03T10:15:00,2026-08-03T10:20:00,2026-08-03T11:00:00,2026-08-03T11:04:05.151741,7.9,130.5,nodal,completed
T004711,R013,D0006,V5,S2,2026-08-03T10:15:00,2026-08-03T10:15:30,2026-08-03T11:00:00,2026-08-03T11:00:00,11.9,249.2,cab,completed
T004712,R013,D0024,V1,S2,2026-08-03T10:15:00,2026-08-03T10:17:36,2026-08-03T11:00:00,2026-08-03T11:01:28.163955,10.7,239.6,cab,completed
T004713,R013,D0035,V1,S2,2026-08-03T10:15:00,2026-08-03T10:17:30,2026-08-03T11:00:00,2026-08-03T11:00:00,11.8,260.8,cab,completed
T004714,R013,D0003,V1,S2,2026-08-03T10:15:00,2026-08-03T10:21:24,2026-08-03T11:00:00,2026-08-03T11:05:15.073861,10.6,242.2,cab,completed
T004715,R013,D0052,V1,S2,2026-08-03T10:15:00,2026-08-03T10:15:30,2026-08-03T11:00:00,2026-08-03T11:00:00,11.6,243.3,cab,completed
T004716,R013,D0042,V5,S2,2026-08-03T10:15:00,2026-08-03T10:15:42,2026-08-03T11:00:00,2026-08-03T11:00:21.933268,11.3,249.8,cab,completed
T004717,R013,D0085,V3,S2,2026-08-03T10:15:00,2026-08-03T10:17:06,2026-08-03T11:00:00,2026-08-03T11:00:00,11.5,241.0,cab,completed
T004718,R013,D0010,V1,S2,2026-08-03T10:15:00,2026-08-03T10:17:18,2026-08-03T11:00:00,2026-08-03T11:00:00,10.5,241.7,cab,completed
T004719,R018,D0020,V2,S2,2026-08-03T10:15:00,2026-08-03T10:17:06,2026-08-03T11:00:00,2026-08-03T11:00:47.087886,15.4,104.4,shuttle,completed
T004720,R018,D0011,V2,S2,2026-08-03T10:15:00,2026-08-03T10:15:42,2026-08-03T11:00:00,2026-08-03T11:00:00,15.5,103.0,shuttle,completed
T004721,R020,D0045,V1,S2,2026-08-03T10:15:00,2026-08-03T10:16:18,2026-08-03T11:00:00,2026-08-03T11:00:00,10.4,152.3,nodal,completed
T004722,R020,D0017,V2,S2,2026-08-03T10:15:00,2026-08-03T10:15:30,2026-08-03T11:00:00,2026-08-03T11:00:00,9.8,141.8,nodal,completed
T004723,R020,D0057,V2,S2,2026-08-03T10:15:00,2026-08-03T10:15:18,2026-08-03T11:00:00,2026-08-03T11:00:00,9.9,141.5,nodal,completed
T004724,R020,D0043,V1,S2,2026-08-03T10:15:00,2026-08-03T10:17:36,2026-08-03T11:00:00,2026-08-03T11:01:36.481678,10.6,142.3,nodal,completed
T004725,R022,D0069,V5,S2,2026-08-03T10:15:00,2026-08-03T10:37:12,2026-08-03T11:00:00,2026-08-03T11:20:53.946185,17.5,344.0,cab,completed
T004726,R022,D0062,V3,S2,2026-08-03T10:15:00,2026-08-03T10:15:30,2026-08-03T11:00:00,2026-08-03T11:00:00,16.2,307.1,cab,completed
T004727,R022,D0046,V5,S2,2026-08-03T10:15:00,,2026-08-03T11:00:00,,17.9,341.6,cab,no_show
T004728,R022,D0076,V3,S2,2026-08-03T10:15:00,2026-08-03T10:15:06,2026-08-03T11:00:00,2026-08-03T11:00:00,16.9,333.3,cab,completed
T004729,R022,D0036,V3,S2,2026-08-03T10:15:00,2026-08-03T10:17:48,2026-08-03T11:00:00,2026-08-03T11:00:31.630212,17.5,331.4,cab,completed
T004730,R022,D0045,V1,S2,2026-08-03T10:15:00,2026-08-03T10:15:42,2026-08-03T11:00:00,2026-08-03T11:00:00,16.6,313.8,cab,completed
T004731,R022,D0105,V3,S2,2026-08-03T10:15:00,2026-08-03T10:15:18,2026-08-03T11:00:00,2026-08-03T11:00:00,16.9,318.3,cab,completed
T004732,R003,D0012,V2,S3,2026-08-03T21:15:00,2026-08-03T21:24:42,2026-08-03T22:00:00,2026-08-03T22:09:13.040825,22.0,146.2,shuttle,completed
T004733,R003,D0050,V5,S3,2026-08-03T21:15:00,2026-08-03T21:18:42,2026-08-03T22:00:00,2026-08-03T22:00:00,22.3,136.3,shuttle,completed
T004734,R006,D0026,V4,S3,2026-08-03T21:15:00,2026-08-03T21:16:36,2026-08-03T22:00:00,2026-08-03T22:00:00,19.1,129.7,shuttle,completed
T004735,R008,D0010,V1,S3,2026-08-03T21:15:00,2026-08-03T21:24:54,2026-08-03T22:00:00,2026-08-03T22:07:55.175209,9.5,135.2,nodal,completed
T004736,R008,D0030,V2,S3,2026-08-03T21:15:00,2026-08-03T21:18:18,2026-08-03T22:00:00,,9.2,138.1,nodal,cancelled
T004737,R011,D0086,V1,S3,2026-08-03T21:15:00,2026-08-03T21:18:36,2026-08-03T22:00:00,2026-08-03T22:00:00,8.1,128.4,nodal,completed
T004738,R011,D0081,V2,S3,2026-08-03T21:15:00,2026-08-03T21:21:36,2026-08-03T22:00:00,2026-08-03T22:05:15.166637,8.5,140.1,nodal,completed
T004739,R011,D0080,V1,S3,2026-08-03T21:15:00,2026-08-03T21:15:36,2026-08-03T22:00:00,2026-08-03T22:00:00,8.5,120.8,nodal,completed
T004740,R013,D0037,V3,S3,2026-08-03T21:15:00,2026-08-03T21:17:18,2026-08-03T22:00:00,2026-08-03T22:00:00,11.5,253.4,cab,completed
T004741,R013,D0120,V5,S3,2026-08-03T21:15:00,2026-08-03T21:16:18,2026-08-03T22:00:00,2026-08-03T22:00:00,11.7,244.8,cab,completed
T004742,R013,D0098,V5,S3,2026-08-03T21:15:00,2026-08-03T21:16:36,2026-08-03T22:00:00,2026-08-03T22:01:06.695039,10.5,240.8,cab,completed
T004743,R013,D0101,V5,S3,2026-08-03T21:15:00,2026-08-03T21:20:18,2026-08-03T22:00:00,2026-08-03T22:05:16.537651,10.9,261.6,cab,completed
T004744,R013,D0016,V5,S3,2026-08-03T21:15:00,2026-08-03T21:25:48,2026-08-03T22:00:00,2026-08-03T22:06:01.277687,11.4,246.6,cab,completed
T004745,R018,D0041,V4,S3,2026-08-03T21:15:00,2026-08-03T21:35:48,2026-08-03T22:00:00,2026-08-03T22:18:58.028815,15.2,101.8,shuttle,completed
T004746,R018,D0070,V2,S3,2026-08-03T21:15:00,2026-08-03T21:49:30,2026-08-03T22:00:00,2026-08-03T22:30:16.931468,16.0,117.3,shuttle,completed
T004747,R020,D0033,V1,S3,2026-08-03T21:15:00,2026-08-03T21:24:12,2026-08-03T22:00:00,2026-08-03T22:05:36.441993,9.7,143.7,nodal,completed
T004748,R020,D0003,V1,S3,2026-08-03T21:15:00,2026-08-03T21:17:24,2026-08-03T22:00:00,2026-08-03T22:00:59.542044,9.7,128.3,nodal,completed
T004749,R022,D0003,V1,S3,2026-08-03T21:15:00,2026-08-03T21:17:36,2026-08-03T22:00:00,2026-08-03T22:01:29.230713,16.2,326.0,cab,completed
T004750,R022,D0083,V3,S3,2026-08-03T21:15:00,2026-08-03T21:15:24,2026-08-03T22:00:00,2026-08-03T22:00:00,17.4,337.4,cab,completed
T004751,R022,D0056,V1,S3,2026-08-03T21:15:00,2026-08-03T21:32:00,2026-08-03T22:00:00,2026-08-03T22:16:00.951528,16.2,323.1,cab,completed
T004752,R022,D0086,V1,S3,2026-08-03T21:15:00,2026-08-03T21:26:06,2026-08-03T22:00:00,2026-08-03T22:10:26.819922,17.8,346.3,cab,completed
T004753,R003,D0048,V5,S1,2026-08-04T08:15:00,2026-08-04T08:22:30,2026-08-04T09:00:00,2026-08-04T09:06:16.788257,23.5,136.9,shuttle,completed
T004754,R003,D0077,V5,S1,2026-08-04T08:15:00,2026-08-04T08:17:54,2026-08-04T09:00:00,2026-08-04T09:01:05.263671,21.3,137.5,shuttle,completed
T004755,R003,D0022,V5,S1,2026-08-04T08:15:00,2026-08-04T08:25:12,2026-08-04T09:00:00,2026-08-04T09:08:42.645665,22.2,132.0,shuttle,completed
T004756,R006,D0020,V2,S1,2026-08-04T08:15:00,2026-08-04T08:19:00,2026-08-04T09:00:00,2026-08-04T09:01:22.171370,19.6,132.6,shuttle,completed
T004757,R006,D0012,V2,S1,2026-08-04T08:15:00,2026-08-04T08:25:18,2026-08-04T09:00:00,2026-08-04T09:05:35.627653,19.4,130.5,shuttle,completed
T004758,R006,D0046,V5,S1,2026-08-04T08:15:00,2026-08-04T08:25:24,2026-08-04T09:00:00,2026-08-04T09:05:24.117739,18.1,122.1,shuttle,completed
T004759,R008,D0045,V1,S1,2026-08-04T08:15:00,,2026-08-04T09:00:00,,9.1,130.4,nodal,no_show
T004760,R008,D0052,V1,S1,2026-08-04T08:15:00,2026-08-04T08:32:06,2026-08-04T09:00:00,2026-08-04T09:14:15.275366,9.5,135.3,nodal,completed
T004761,R008,D0054,V2,S1,2026-08-04T08:15:00,2026-08-04T08:15:42,2026-08-04T09:00:00,2026-08-04T09:00:00,8.8,143.9,nodal,completed
T004762,R008,D0097,V2,S1,2026-08-04T08:15:00,2026-08-04T08:24:54,2026-08-04T09:00:00,2026-08-04T09:06:59.299878,9.3,149.7,nodal,completed
T004763,R008,D0043,V1,S1,2026-08-04T08:15:00,2026-08-04T08:44:06,2026-08-04T09:00:00,2026-08-04T09:24:38.905891,9.6,129.4,nodal,completed
T004764,R011,D0043,V1,S1,2026-08-04T08:15:00,2026-08-04T08:23:06,2026-08-04T09:00:00,2026-08-04T09:07:02.743090,8.6,123.7,nodal,completed
T004765,R011,D0020,V2,S1,2026-08-04T08:15:00,2026-08-04T08:17:36,2026-08-04T09:00:00,2026-08-04T09:01:44.280007,8.3,132.9,nodal,completed
T004766,R011,D0082,V1,S1,2026-08-04T08:15:00,2026-08-04T08:18:24,2026-08-04T09:00:00,2026-08-04T09:02:50.225654,7.7,119.4,nodal,completed
T004767,R011,D0033,V1,S1,2026-08-04T08:15:00,2026-08-04T08:16:42,2026-08-04T09:00:00,2026-08-04T09:00:00,7.6,120.4,nodal,completed
T004768,R011,D0058,V1,S1,2026-08-04T08:15:00,2026-08-04T08:17:30,2026-08-04T09:00:00,,8.2,134.6,nodal,cancelled
T004769,R011,D0001,V2,S1,2026-08-04T08:15:00,2026-08-04T08:17:48,2026-08-04T09:00:00,2026-08-04T09:00:00,7.9,127.2,nodal,completed
T004770,R013,D0098,V5,S1,2026-08-04T08:15:00,2026-08-04T08:22:06,2026-08-04T09:00:00,2026-08-04T09:02:34.618561,11.2,243.9,cab,completed
T004771,R013,D0013,V5,S1,2026-08-04T08:15:00,2026-08-04T08:27:00,2026-08-04T09:00:00,2026-08-04T09:09:40.570093,11.1,248.1,cab,completed
T004772,R013,D0010,V1,S1,2026-08-04T08:15:00,2026-08-04T08:19:00,2026-08-04T09:00:00,2026-08-04T09:01:02.555728,11.5,250.9,cab,completed
T004773,R013,D0038,V5,S1,2026-08-04T08:15:00,2026-08-04T08:25:36,2026-08-04T09:00:00,2026-08-04T09:07:55.121172,10.5,242.3,cab,completed
T004774,R013,D0018,V5,S1,2026-08-04T08:15:00,2026-08-04T08:17:24,2026-08-04T09:00:00,2026-08-04T09:02:19.604855,11.8,264.9,cab,completed
T004775,R013,D0099,V5,S1,2026-08-04T08:15:00,2026-08-04T08:18:42,2026-08-04T09:00:00,2026-08-04T09:01:01.765257,11.2,247.7,cab,completed
T004776,R013,D0088,V5,S1,2026-08-04T08:15:00,2026-08-04T08:18:12,2026-08-04T09:00:00,2026-08-04T09:01:56.968187,11.2,247.1,cab,completed
T004777,R013,D0098,V5,S1,2026-08-04T08:15:00,2026-08-04T08:17:06,2026-08-04T09:00:00,2026-08-04T09:00:00,11.6,248.0,cab,completed
T004778,R013,D0055,V3,S1,2026-08-04T08:15:00,2026-08-04T08:17:36,2026-08-04T09:00:00,2026-08-04T09:00:00,11.8,246.1,cab,completed
T004779,R013,D0039,V3,S1,2026-08-04T08:15:00,2026-08-04T08:23:54,2026-08-04T09:00:00,2026-08-04T09:06:01.031473,11.0,249.1,cab,completed
T004780,R013,D0010,V1,S1,2026-08-04T08:15:00,,2026-08-04T09:00:00,,11.0,234.1,cab,no_show
T004781,R018,D0042,V5,S1,2026-08-04T08:15:00,2026-08-04T08:21:06,2026-08-04T09:00:00,2026-08-04T09:01:54.075613,14.7,90.3,shuttle,completed
T004782,R018,D0120,V5,S1,2026-08-04T08:15:00,,2026-08-04T09:00:00,,14.6,95.3,shuttle,no_show
T004783,R018,D0025,V2,S1,2026-08-04T08:15:00,2026-08-04T08:15:36,2026-08-04T09:00:00,2026-08-04T09:00:14.965466,15.3,111.3,shuttle,completed
T004784,R020,D0032,V1,S1,2026-08-04T08:15:00,2026-08-04T08:21:36,2026-08-04T09:00:00,2026-08-04T09:06:02.927946,9.8,133.7,nodal,completed
T004785,R020,D0070,V2,S1,2026-08-04T08:15:00,2026-08-04T08:15:12,2026-08-04T09:00:00,2026-08-04T09:00:08.207890,10.1,149.1,nodal,completed
T004786,R020,D0112,V1,S1,2026-08-04T08:15:00,2026-08-04T08:18:06,2026-08-04T09:00:00,2026-08-04T09:00:52.151782,9.6,145.6,nodal,completed
T004787,R020,D0114,V2,S1,2026-08-04T08:15:00,2026-08-04T08:21:18,2026-08-04T09:00:00,2026-08-04T09:02:42.500295,10.0,146.6,nodal,completed
T004788,R020,D0080,V1,S1,2026-08-04T08:15:00,2026-08-04T08:19:36,2026-08-04T09:00:00,2026-08-04T09:02:48.566205,10.7,149.3,nodal,completed
T004789,R020,D0107,V2,S1,2026-08-04T08:15:00,,2026-08-04T09:00:00,,10.0,143.3,nodal,no_show
T004790,R022,D0100,V3,S1,2026-08-04T08:15:00,2026-08-04T08:16:00,2026-08-04T09:00:00,2026-08-04T09:00:00,17.5,341.6,cab,completed
T004791,R022,D0027,V3,S1,2026-08-04T08:15:00,2026-08-04T08:16:30,2026-08-04T09:00:00,2026-08-04T09:00:00,17.8,334.4,cab,completed
T004792,R022,D0022,V5,S1,2026-08-04T08:15:00,2026-08-04T08:17:30,2026-08-04T09:00:00,2026-08-04T09:00:00,18.2,349.0,cab,completed
T004793,R022,D0101,V5,S1,2026-08-04T08:15:00,2026-08-04T08:26:06,2026-08-04T09:00:00,2026-08-04T09:10:39.871151,17.0,327.8,cab,completed
T004794,R022,D0080,V1,S1,2026-08-04T08:15:00,2026-08-04T08:15:30,2026-08-04T09:00:00,2026-08-04T09:00:00,17.6,340.8,cab,completed
T004795,R022,D0110,V1,S1,2026-08-04T08:15:00,2026-08-04T08:19:12,2026-08-04T09:00:00,2026-08-04T09:01:21.351851,17.7,329.2,cab,completed
T004796,R022,D0053,V1,S1,2026-08-04T08:15:00,2026-08-04T08:25:06,2026-08-04T09:00:00,2026-08-04T09:09:28.124826,18.3,351.9,cab,completed
T004797,R022,D0043,V1,S1,2026-08-04T08:15:00,2026-08-04T08:15:48,2026-08-04T09:00:00,2026-08-04T09:00:00,18.1,342.9,cab,completed
T004798,R022,D0042,V5,S1,2026-08-04T08:15:00,2026-08-04T08:26:18,2026-08-04T09:00:00,2026-08-04T09:08:26.612073,17.8,335.4,cab,completed
T004799,R022,D0023,V3,S1,2026-08-04T08:15:00,2026-08-04T08:21:48,2026-08-04T09:00:00,2026-08-04T09:03:02.984099,18.2,335.6,cab,completed
T004800,R022,D0112,V1,S1,2026-08-04T08:15:00,2026-08-04T08:28:54,2026-08-04T09:00:00,2026-08-04T09:10:48.110898,17.5,335.8,cab,completed
T004801,R022,D0067,V3,S1,2026-08-04T08:15:00,2026-08-04T08:22:00,2026-08-04T09:00:00,2026-08-04T09:03:20.635195,16.4,315.7,cab,completed
T004802,R003,D0088,V5,S2,2026-08-04T10:15:00,2026-08-04T10:15:06,2026-08-04T11:00:00,2026-08-04T11:00:00,21.9,134.4,shuttle,completed
T004803,R003,D0038,V5,S2,2026-08-04T10:15:00,,2026-08-04T11:00:00,2026-08-04T11:06:37.271580,20.9,137.7,shuttle,completed
T004804,R006,D0041,V4,S2,2026-08-04T10:15:00,2026-08-04T10:27:42,2026-08-04T11:00:00,2026-08-04T11:08:43.165085,19.9,133.0,shuttle,completed
T004805,R006,D0098,V5,S2,2026-08-04T10:15:00,,2026-08-04T11:00:00,2026-08-04T11:05:06.554318,20.3,135.4,shuttle,completed
T004806,R008,D0057,V2,S2,2026-08-04T10:15:00,2026-08-04T10:23:06,2026-08-04T11:00:00,2026-08-04T11:05:38.781416,8.8,131.2,nodal,completed
T004807,R008,D0051,V2,S2,2026-08-04T10:15:00,2026-08-04T10:15:12,2026-08-04T11:00:00,2026-08-04T11:00:00,8.9,142.1,nodal,completed
T004808,R008,D0112,V1,S2,2026-08-04T10:15:00,2026-08-04T10:24:54,2026-08-04T11:00:00,,9.6,130.7,nodal,cancelled
T004809,R011,D0097,V2,S2,2026-08-04T10:15:00,2026-08-04T10:16:24,2026-08-04T11:00:00,2026-08-04T11:00:49.536646,7.7,120.2,nodal,completed
T004810,R011,D0110,V1,S2,2026-08-04T10:15:00,2026-08-04T10:19:48,2026-08-04T11:00:00,2026-08-04T11:02:27.760539,8.5,129.1,nodal,completed
T004811,R011,D0068,V1,S2,2026-08-04T10:15:00,2026-08-04T10:20:24,2026-08-04T11:00:00,2026-08-04T11:04:32.962660,8.6,119.7,nodal,completed
T004812,R011,D0107,V2,S2,2026-08-04T10:15:00,2026-08-04T10:16:48,2026-08-04T11:00:00,2026-08-04T11:00:00,7.8,135.2,nodal,completed
T004813,R013,D0105,V3,S2,2026-08-04T10:15:00,2026-08-04T10:19:36,2026-08-04T11:00:00,2026-08-04T11:03:05.521239,10.5,239.1,cab,completed
T004814,R013,D0110,V1,S2,2026-08-04T10:15:00,2026-08-04T10:18:12,2026-08-04T11:00:00,2026-08-04T11:00:00,11.5,251.0,cab,completed
T004815,R013,D0062,V3,S2,2026-08-04T10:15:00,2026-08-04T10:15:24,2026-08-04T11:00:00,2026-08-04T11:00:00,10.5,241.7,cab,completed
T004816,R013,D0077,V5,S2,2026-08-04T10:15:00,2026-08-04T10:18:30,2026-08-04T11:00:00,2026-08-04T11:01:59.655204,11.9,256.5,cab,completed
T004817,R013,D0117,V1,S2,2026-08-04T10:15:00,2026-08-04T10:19:36,2026-08-04T11:00:00,2026-08-04T11:00:11.505406,10.8,235.9,cab,completed
T004818,R013,D0071,V5,S2,2026-08-04T10:15:00,2026-08-04T10:25:12,2026-08-04T11:00:00,2026-08-04T11:07:47.299589,11.8,246.7,cab,completed
T004819,R013,D0040,V1,S2,2026-08-04T10:15:00,2026-08-04T10:41:00,2026-08-04T11:00:00,2026-08-04T11:21:56.921291,11.2,240.2,cab,completed
T004820,R018,D0094,V2,S2,2026-08-04T10:15:00,2026-08-04T10:15:54,2026-08-04T11:00:00,2026-08-04T11:00:00,14.9,106.3,shuttle,completed
T004821,R018,D0069,V5,S2,2026-08-04T10:15:00,2026-08-04T10:26:54,2026-08-04T11:00:00,2026-08-04T11:10:26.895699,15.3,99.7,shuttle,completed
T004822,R020,D0045,V1,S2,2026-08-04T10:15:00,,2026-08-04T11:00:00,2026-08-04T11:00:00,10.1,132.6,nodal,completed
T004823,R020,D0057,V2,S2,2026-08-04T10:15:00,2026-08-04T10:25:00,2026-08-04T11:00:00,2026-08-04T11:05:01.461941,10.7,158.5,nodal,completed
T004824,R020,D0035,V1,S2,2026-08-04T10:15:00,2026-08-04T10:22:00,2026-08-04T11:00:00,2026-08-04T11:03:42.492873,9.9,138.0,nodal,completed
T004825,R020,D0009,V1,S2,2026-08-04T10:15:00,2026-08-04T10:15:24,2026-08-04T11:00:00,2026-08-04T11:00:00,10.4,143.1,nodal,completed
T004826,R022,D0013,V5,S2,2026-08-04T10:15:00,2026-08-04T10:48:00,2026-08-04T11:00:00,2026-08-04T11:28:41.610999,17.9,344.4,cab,completed
T004827,R022,D0083,V3,S2,2026-08-04T10:15:00,2026-08-04T10:19:00,2026-08-04T11:00:00,2026-08-04T11:03:14.238485,16.9,335.7,cab,completed
T004828,R022,D0100,V3,S2,2026-08-04T10:15:00,2026-08-04T10:22:30,2026-08-04T11:00:00,2026-08-04T11:06:07.256523,17.8,345.2,cab,completed
T004829,R022,D0076,V3,S2,2026-08-04T10:15:00,2026-08-04T10:15:42,2026-08-04T11:00:00,2026-08-04T11:00:00,16.3,339.0,cab,completed
T004830,R022,D0036,V3,S2,2026-08-04T10:15:00,2026-08-04T10:17:48,2026-08-04T11:00:00,2026-08-04T11:00:23.289040,17.8,340.6,cab,completed
T004831,R022,D0085,V3,S2,2026-08-04T10:15:00,2026-08-04T10:27:36,2026-08-04T11:00:00,2026-08-04T11:09:35.423541,16.9,318.2,cab,completed
T004832,R022,D0015,V1,S2,2026-08-04T10:15:00,2026-08-04T10:38:00,2026-08-04T11:00:00,2026-08-04T11:19:17.031430,18.2,352.5,cab,completed
T004833,R022,D0009,V1,S2,2026-08-04T10:15:00,2026-08-04T10:39:42,2026-08-04T11:00:00,2026-08-04T11:21:03.362414,18.2,345.8,cab,completed
T004834,R022,D0013,V5,S2,2026-08-04T10:15:00,2026-08-04T10:19:24,2026-08-04T11:00:00,2026-08-04T11:03:02.565116,16.6,327.5,cab,completed
T004835,R003,D0119,V4,S3,2026-08-04T21:15:00,2026-08-04T21:20:06,2026-08-04T22:00:00,2026-08-04T22:01:35.188984,21.1,127.0,shuttle,completed
T004836,R003,D0116,V5,S3,2026-08-04T21:15:00,2026-08-04T21:32:24,2026-08-04T22:00:00,2026-08-04T22:15:05.223375,22.2,130.4,shuttle,completed
T004837,R006,D0022,V5,S3,2026-08-04T21:15:00,2026-08-04T21:15:36,2026-08-04T22:00:00,2026-08-04T22:00:09.037557,20.4,122.5,shuttle,completed
T004838,R008,D0117,V1,S3,2026-08-04T21:15:00,2026-08-04T21:18:06,2026-08-04T22:00:00,2026-08-04T22:00:00,9.6,126.8,nodal,completed
T004839,R008,D0052,V1,S3,2026-08-04T21:15:00,2026-08-04T21:20:48,2026-08-04T22:00:00,2026-08-04T22:04:18.433357,8.8,136.1,nodal,completed
T004840,R011,D0032,V1,S3,2026-08-04T21:15:00,2026-08-04T21:27:24,2026-08-04T22:00:00,2026-08-04T22:09:37.064061,8.4,132.4,nodal,completed
T004841,R011,D0086,V1,S3,2026-08-04T21:15:00,2026-08-04T21:18:54,2026-08-04T22:00:00,2026-08-04T22:00:39.054090,8.3,130.7,nodal,completed
T004842,R011,D0107,V2,S3,2026-08-04T21:15:00,2026-08-04T21:18:48,2026-08-04T22:00:00,2026-08-04T22:02:36.529000,7.7,118.5,nodal,completed
T004843,R013,D0033,V1,S3,2026-08-04T21:15:00,2026-08-04T21:16:36,2026-08-04T22:00:00,2026-08-04T22:00:00,11.7,252.3,cab,completed
T004844,R013,D0086,V1,S3,2026-08-04T21:15:00,2026-08-04T21:17:42,2026-08-04T22:00:00,2026-08-04T22:00:00,10.9,234.0,cab,completed
T004845,R013,D0056,V1,S3,2026-08-04T21:15:00,2026-08-04T21:15:30,2026-08-04T22:00:00,2026-08-04T22:00:00,11.0,244.4,cab,completed
T004846,R013,D0048,V5,S3,2026-08-04T21:15:00,2026-08-04T21:20:42,2026-08-04T22:00:00,2026-08-04T22:03:03.815538,10.6,231.9,cab,completed
T004847,R013,D0056,V1,S3,2026-08-04T21:15:00,2026-08-04T21:27:00,2026-08-04T22:00:00,2026-08-04T22:09:59.766781,10.5,238.5,cab,completed
T004848,R013,D0053,V1,S3,2026-08-04T21:15:00,,2026-08-04T22:00:00,2026-08-04T22:05:52.565694,11.2,244.7,cab,completed
T004849,R018,D0118,V4,S3,2026-08-04T21:15:00,2026-08-04T21:28:30,2026-08-04T22:00:00,2026-08-04T22:12:45.773467,15.5,105.8,shuttle,completed
T004850,R018,D0109,V4,S3,2026-08-04T21:15:00,2026-08-04T21:23:12,2026-08-04T22:00:00,2026-08-04T22:04:57.673798,14.5,92.2,shuttle,completed
T004851,R020,D0107,V2,S3,2026-08-04T21:15:00,2026-08-04T21:24:06,2026-08-04T22:00:00,2026-08-04T22:08:44.198272,10.4,148.4,nodal,completed
T004852,R020,D0086,V1,S3,2026-08-04T21:15:00,2026-08-04T21:16:36,2026-08-04T22:00:00,2026-08-04T22:01:27.806183,9.9,136.6,nodal,completed
T004853,R022,D0089,V3,S3,2026-08-04T21:15:00,2026-08-04T21:20:36,2026-08-04T22:00:00,2026-08-04T22:05:08.809379,17.5,325.8,cab,completed
T004854,R022,D0047,V3,S3,2026-08-04T21:15:00,2026-08-04T21:16:54,2026-08-04T22:00:00,2026-08-04T22:00:00,18.1,350.0,cab,completed
T004855,R022,D0052,V1,S3,2026-08-04T21:15:00,2026-08-04T21:35:12,2026-08-04T22:00:00,2026-08-04T22:18:32.093270,16.5,320.3,cab,completed
T004856,R022,D0047,V3,S3,2026-08-04T21:15:00,2026-08-04T21:17:54,2026-08-04T22:00:00,2026-08-04T22:01:08.248538,17.6,335.2,cab,completed
T004857,R003,D0088,V5,S1,2026-08-05T08:15:00,2026-08-05T08:19:48,2026-08-05T09:00:00,2026-08-05T09:01:38.988652,23.2,134.7,shuttle,completed
T004858,R003,D0007,V4,S1,2026-08-05T08:15:00,2026-08-05T08:30:12,2026-08-05T09:00:00,2026-08-05T09:14:52.280462,21.9,143.4,shuttle,completed
T004859,R003,D0069,V5,S1,2026-08-05T08:15:00,2026-08-05T08:21:18,2026-08-05T09:00:00,2026-08-05T09:03:43.662729,21.3,125.8,shuttle,completed
T004860,R006,D0116,V5,S1,2026-08-05T08:15:00,2026-08-05T08:21:36,2026-08-05T09:00:00,2026-08-05T09:05:38.548084,19.8,115.3,shuttle,completed
T004861,R006,D0012,V2,S1,2026-08-05T08:15:00,2026-08-05T08:19:12,2026-08-05T09:00:00,2026-08-05T09:02:35.417597,18.3,132.3,shuttle,completed
T004862,R006,D0119,V4,S1,2026-08-05T08:15:00,2026-08-05T08:16:24,2026-08-05T09:00:00,2026-08-05T09:00:04.940850,20.5,131.3,shuttle,completed
T004863,R008,D0112,V1,S1,2026-08-05T08:15:00,2026-08-05T08:30:54,2026-08-05T09:00:00,2026-08-05T09:13:27.459667,8.6,134.7,nodal,completed
T004864,R008,D0056,V1,S1,2026-08-05T08:15:00,2026-08-05T08:22:18,2026-08-05T09:00:00,2026-08-05T09:02:35.096653,8.8,137.0,nodal,completed
T004865,R008,D0040,V1,S1,2026-08-05T08:15:00,2026-08-05T08:22:30,2026-08-05T09:00:00,2026-08-05T09:07:23.591895,9.5,132.6,nodal,completed
T004866,R008,D0015,V1,S1,2026-08-05T08:15:00,2026-08-05T08:30:42,2026-08-05T09:00:00,2026-08-05T09:14:33.786444,9.0,130.2,nodal,completed
T004867,R008,D0073,V2,S1,2026-08-05T08:15:00,2026-08-05T08:20:48,2026-08-05T09:00:00,2026-08-05T09:03:37.453426,9.3,154.0,nodal,completed
T004868,R008,D0005,V1,S1,2026-08-05T08:15:00,2026-08-05T08:33:36,2026-08-05T09:00:00,2026-08-05T09:15:18.716315,9.3,127.9,nodal,completed
T004869,R011,D0086,V1,S1,2026-08-05T08:15:00,2026-08-05T08:23:06,2026-08-05T09:00:00,2026-08-05T09:03:14.832369,8.2,126.6,nodal,completed
T004870,R011,D0025,V2,S1,2026-08-05T08:15:00,2026-08-05T08:21:48,2026-08-05T09:00:00,2026-08-05T09:04:36.436945,8.1,140.4,nodal,completed
T004871,R011,D0001,V2,S1,2026-08-05T08:15:00,2026-08-05T08:19:18,2026-08-05T09:00:00,2026-08-05T09:03:21.880160,8.6,143.1,nodal,completed
T004872,R011,D0056,V1,S1,2026-08-05T08:15:00,2026-08-05T08:25:00,2026-08-05T09:00:00,2026-08-05T09:08:04.374864,7.9,125.6,nodal,completed
T004873,R011,D0097,V2,S1,2026-08-05T08:15:00,2026-08-05T08:23:00,2026-08-05T09:00:00,2026-08-05T09:07:48.016176,8.2,133.8,nodal,completed
T004874,R013,D0022,V5,S1,2026-08-05T08:15:00,2026-08-05T08:30:06,2026-08-05T09:00:00,2026-08-05T09:11:51.341353,10.5,237.7,cab,completed
T004875,R013,D0022,V5,S1,2026-08-05T08:15:00,2026-08-05T08:16:18,2026-08-05T09:00:00,2026-08-05T09:01:08.127628,11.6,261.9,cab,completed
T004876,R013,D0013,V5,S1,2026-08-05T08:15:00,2026-08-05T08:16:54,2026-08-05T09:00:00,2026-08-05T09:00:00,11.8,258.1,cab,completed
T004877,R013,D0027,V3,S1,2026-08-05T08:15:00,2026-08-05T08:21:00,2026-08-05T09:00:00,2026-08-05T09:01:25.446494,11.4,250.6,cab,completed
T004878,R013,D0117,V1,S1,2026-08-05T08:15:00,2026-08-05T08:18:54,2026-08-05T09:00:00,2026-08-05T09:02:58.983456,11.5,252.7,cab,completed
T004879,R013,D0004,V5,S1,2026-08-05T08:15:00,2026-08-05T08:16:00,2026-08-05T09:00:00,2026-08-05T09:00:17.657598,10.5,234.3,cab,completed
T004880,R013,D0079,V3,S1,2026-08-05T08:15:00,2026-08-05T08:19:48,2026-08-05T09:00:00,2026-08-05T09:03:27.070622,11.1,243.2,cab,completed
T004881,R013,D0037,V3,S1,2026-08-05T08:15:00,2026-08-05T08:17:24,2026-08-05T09:00:00,2026-08-05T09:00:00,11.0,236.1,cab,completed
T004882,R013,D0083,V3,S1,2026-08-05T08:15:00,2026-08-05T08:24:42,2026-08-05T09:00:00,2026-08-05T09:09:40.235192,11.8,260.3,cab,completed
T004883,R013,D0083,V3,S1,2026-08-05T08:15:00,2026-08-05T08:20:30,2026-08-05T09:00:00,2026-08-05T09:00:43.380369,10.9,239.4,cab,completed
T004884,R013,D0101,V5,S1,2026-08-05T08:15:00,2026-08-05T08:25:00,2026-08-05T09:00:00,2026-08-05T09:09:37.515792,11.3,252.6,cab,completed
T004885,R018,D0034,V4,S1,2026-08-05T08:15:00,2026-08-05T08:15:06,2026-08-05T09:00:00,2026-08-05T09:00:00,15.2,104.5,shuttle,completed
T004886,R018,D0007,V4,S1,2026-08-05T08:15:00,2026-08-05T08:16:48,2026-08-05T09:00:00,2026-08-05T09:00:00,15.0,94.6,shuttle,completed
T004887,R018,D0109,V4,S1,2026-08-05T08:15:00,2026-08-05T08:19:24,2026-08-05T09:00:00,2026-08-05T09:03:35.579527,15.7,93.6,shuttle,completed
T004888,R020,D0053,V1,S1,2026-08-05T08:15:00,2026-08-05T08:15:30,2026-08-05T09:00:00,2026-08-05T09:00:00,10.3,133.4,nodal,completed
T004889,R020,D0052,V1,S1,2026-08-05T08:15:00,2026-08-05T08:16:54,2026-08-05T09:00:00,2026-08-05T09:00:00,9.7,142.2,nodal,completed
T004890,R020,D0003,V1,S1,2026-08-05T08:15:00,2026-08-05T08:27:42,2026-08-05T09:00:00,2026-08-05T09:11:19.388554,9.5,129.0,nodal,completed
T004891,R020,D0096,V2,S1,2026-08-05T08:15:00,2026-08-05T08:15:30,2026-08-05T09:00:00,2026-08-05T09:00:00,10.3,157.4,nodal,completed
T004892,R020,D0114,V2,S1,2026-08-05T08:15:00,2026-08-05T08:19:06,2026-08-05T09:00:00,2026-08-05T09:02:58.594359,10.6,158.0,nodal,completed
T004893,R020,D0078,V2,S1,2026-08-05T08:15:00,2026-08-05T08:20:54,2026-08-05T09:00:00,2026-08-05T09:04:24.238953,10.3,144.7,nodal,completed
T004894,R022,D0040,V1,S1,2026-08-05T08:15:00,2026-08-05T08:18:24,2026-08-05T09:00:00,2026-08-05T09:01:45.222700,17.9,337.0,cab,completed
T004895,R022,D0047,V3,S1,2026-08-05T08:15:00,2026-08-05T08:22:54,2026-08-05T09:00:00,2026-08-05T09:06:32.492218,17.4,340.2,cab,completed
T004896,R022,D0042,V5,S1,2026-08-05T08:15:00,2026-08-05T08:19:24,2026-08-05T09:00:00,2026-08-05T09:01:23.739932,17.2,336.2,cab,completed
T004897,R022,D0047,V3,S1,2026-08-05T08:15:00,2026-08-05T08:20:30,2026-08-05T09:00:00,2026-08-05T09:02:52.513065,18.3,338.7,cab,completed
T004898,R022,D0014,V5,S1,2026-08-05T08:15:00,2026-08-05T08:28:42,2026-08-05T09:00:00,2026-08-05T09:10:51.749598,16.6,327.6,cab,completed
T004899,R022,D0079,V3,S1,2026-08-05T08:15:00,2026-08-05T08:20:54,2026-08-05T09:00:00,2026-08-05T09:03:50.879282,18.4,342.6,cab,completed
T004900,R022,D0032,V1,S1,2026-08-05T08:15:00,2026-08-05T08:15:18,2026-08-05T09:00:00,2026-08-05T09:00:00,17.1,331.2,cab,completed
T004901,R022,D0032,V1,S1,2026-08-05T08:15:00,2026-08-05T08:27:00,2026-08-05T09:00:00,2026-08-05T09:09:47.387045,16.7,329.6,cab,completed
T004902,R022,D0014,V5,S1,2026-08-05T08:15:00,2026-08-05T08:22:18,2026-08-05T09:00:00,2026-08-05T09:02:59.356334,16.3,323.0,cab,completed
T004903,R022,D0071,V5,S1,2026-08-05T08:15:00,2026-08-05T08:16:36,2026-08-05T09:00:00,2026-08-05T09:00:00,16.7,333.0,cab,completed
T004904,R022,D0099,V5,S1,2026-08-05T08:15:00,2026-08-05T08:28:42,2026-08-05T09:00:00,2026-08-05T09:11:50.863003,18.2,346.0,cab,completed
T004905,R003,D0038,V5,S2,2026-08-05T10:15:00,2026-08-05T10:15:42,2026-08-05T11:00:00,2026-08-05T11:00:14.658482,23.2,140.9,shuttle,completed
T004906,R003,D0057,V2,S2,2026-08-05T10:15:00,2026-08-05T10:15:06,2026-08-05T11:00:00,2026-08-05T11:00:00,21.4,152.1,shuttle,completed
T004907,R006,D0101,V5,S2,2026-08-05T10:15:00,2026-08-05T10:15:18,2026-08-05T11:00:00,2026-08-05T11:00:00,19.2,117.6,shuttle,completed
T004908,R006,D0115,V4,S2,2026-08-05T10:15:00,2026-08-05T10:29:48,2026-08-05T11:00:00,2026-08-05T11:12:26.034222,20.2,125.0,shuttle,completed
T004909,R008,D0073,V2,S2,2026-08-05T10:15:00,2026-08-05T10:33:48,2026-08-05T11:00:00,2026-08-05T11:17:11.936080,9.6,154.7,nodal,completed
T004910,R008,D0005,V1,S2,2026-08-05T10:15:00,2026-08-05T10:16:12,2026-08-05T11:00:00,2026-08-05T11:00:00,9.0,124.1,nodal,completed
T004911,R008,D0001,V2,S2,2026-08-05T10:15:00,2026-08-05T10:19:12,2026-08-05T11:00:00,2026-08-05T11:02:24.372414,8.6,129.1,nodal,completed
T004912,R008,D0072,V2,S2,2026-08-05T10:15:00,2026-08-05T10:20:36,2026-08-05T11:00:00,2026-08-05T11:04:15.961635,9.0,133.1,nodal,completed
T004913,R011,D0001,V2,S2,2026-08-05T10:15:00,,2026-08-05T11:00:00,2026-08-05T11:04:12.328339,7.7,152.4,nodal,completed
T004914,R011,D0002,V2,S2,2026-08-05T10:15:00,,2026-08-05T11:00:00,2026-08-05T11:02:25.874446,8.4,134.6,nodal,completed
T004915,R011,D0017,V2,S2,2026-08-05T10:15:00,2026-08-05T10:15:36,2026-08-05T11:00:00,2026-08-05T11:00:00,8.0,129.3,nodal,completed
T004916,R011,D0117,V1,S2,2026-08-05T10:15:00,2026-08-05T10:18:36,2026-08-05T11:00:00,2026-08-05T11:01:05.410917,7.7,120.0,nodal,completed
T004917,R013,D0043,V1,S2,2026-08-05T10:15:00,2026-08-05T10:33:12,2026-08-05T11:00:00,2026-08-05T11:14:01.475510,11.1,238.0,cab,completed
T004918,R013,D0062,V3,S2,2026-08-05T10:15:00,2026-08-05T10:16:18,2026-08-05T11:00:00,2026-08-05T11:00:00,11.8,278.4,cab,completed
T004919,R013,D0042,V5,S2,2026-08-05T10:15:00,2026-08-05T10:18:30,2026-08-05T11:00:00,2026-08-05T11:01:29.620225,11.1,236.3,cab,completed
T004920,R013,D0105,V3,S2,2026-08-05T10:15:00,2026-08-05T10:16:36,2026-08-05T11:00:00,2026-08-05T11:00:00,11.3,240.2,cab,completed
T004921,R013,D0038,V5,S2,2026-08-05T10:15:00,2026-08-05T10:22:30,2026-08-05T11:00:00,2026-08-05T11:03:14.573314,11.4,252.8,cab,completed
T004922,R013,D0116,V5,S2,2026-08-05T10:15:00,2026-08-05T10:28:12,2026-08-05T11:00:00,2026-08-05T11:13:10.285747,11.3,254.7,cab,completed
T004923,R013,D0056,V1,S2,2026-08-05T10:15:00,2026-08-05T10:24:18,2026-08-05T11:00:00,2026-08-05T11:05:30.525936,11.5,241.6,cab,completed
T004924,R013,D0045,V1,S2,2026-08-05T10:15:00,2026-08-05T10:19:12,2026-08-05T11:00:00,2026-08-05T11:02:45.130584,10.9,238.2,cab,completed
T004925,R018,D0016,V5,S2,2026-08-05T10:15:00,,2026-08-05T11:00:00,,15.0,100.5,shuttle,no_show
T004926,R018,D0022,V5,S2,2026-08-05T10:15:00,2026-08-05T10:22:00,2026-08-05T11:00:00,2026-08-05T11:05:54.388956,15.9,110.3,shuttle,completed
T004927,R020,D0110,V1,S2,2026-08-05T10:15:00,2026-08-05T10:17:42,2026-08-05T11:00:00,2026-08-05T11:01:22.382890,10.5,135.7,nodal,completed
T004928,R020,D0068,V1,S2,2026-08-05T10:15:00,2026-08-05T10:17:18,2026-08-05T11:00:00,2026-08-05T11:01:46.574725,10.3,145.9,nodal,completed
T004929,R020,D0009,V1,S2,2026-08-05T10:15:00,2026-08-05T10:19:30,2026-08-05T11:00:00,2026-08-05T11:04:22.910981,10.2,140.3,nodal,completed
T004930,R020,D0107,V2,S2,2026-08-05T10:15:00,2026-08-05T10:16:24,2026-08-05T11:00:00,2026-08-05T11:00:00,10.5,162.7,nodal,completed
T004931,R022,D0098,V5,S2,2026-08-05T10:15:00,2026-08-05T10:22:42,2026-08-05T11:00:00,2026-08-05T11:03:07.707605,17.9,338.0,cab,completed
T004932,R022,D0111,V1,S2,2026-08-05T10:15:00,2026-08-05T10:19:12,2026-08-05T11:00:00,2026-08-05T11:00:00,17.3,342.8,cab,completed
T004933,R022,D0069,V5,S2,2026-08-05T10:15:00,2026-08-05T10:19:48,2026-08-05T11:00:00,2026-08-05T11:04:43.688670,16.7,323.2,cab,completed
T004934,R022,D0008,V1,S2,2026-08-05T10:15:00,2026-08-05T10:16:30,2026-08-05T11:00:00,2026-08-05T11:00:00,16.4,325.9,cab,completed
T004935,R022,D0038,V5,S2,2026-08-05T10:15:00,2026-08-05T10:18:06,2026-08-05T11:00:00,,16.7,337.2,cab,cancelled
T004936,R022,D0064,V3,S2,2026-08-05T10:15:00,2026-08-05T10:15:54,2026-08-05T11:00:00,2026-08-05T11:00:00,17.6,336.7,cab,completed
T004937,R022,D0085,V3,S2,2026-08-05T10:15:00,2026-08-05T10:15:12,2026-08-05T11:00:00,2026-08-05T11:00:00,16.4,323.4,cab,completed
T004938,R022,D0080,V1,S2,2026-08-05T10:15:00,2026-08-05T10:19:06,2026-08-05T11:00:00,2026-08-05T11:03:36.987771,16.9,322.9,cab,completed
T004939,R003,D0017,V2,S3,2026-08-05T21:15:00,2026-08-05T21:19:48,2026-08-05T22:00:00,2026-08-05T22:02:36.172708,21.6,152.5,shuttle,completed
T004940,R003,D0118,V4,S3,2026-08-05T21:15:00,2026-08-05T21:32:30,2026-08-05T22:00:00,2026-08-05T22:17:00.411393,22.7,157.4,shuttle,completed
T004941,R006,D0029,V2,S3,2026-08-05T21:15:00,2026-08-05T21:19:42,2026-08-05T22:00:00,2026-08-05T22:00:23.611836,19.0,134.9,shuttle,completed
T004942,R008,D0056,V1,S3,2026-08-05T21:15:00,2026-08-05T21:24:24,2026-08-05T22:00:00,2026-08-05T22:08:48.926967,8.9,136.6,nodal,completed
T004943,R008,D0096,V2,S3,2026-08-05T21:15:00,2026-08-05T21:20:54,2026-08-05T22:00:00,2026-08-05T22:02:06.105134,8.9,147.4,nodal,completed
T004944,R011,D0117,V1,S3,2026-08-05T21:15:00,2026-08-05T21:21:18,2026-08-05T22:00:00,2026-08-05T22:04:40.316291,8.1,125.2,nodal,completed
T004945,R011,D0080,V1,S3,2026-08-05T21:15:00,2026-08-05T21:20:42,2026-08-05T22:00:00,2026-08-05T22:04:37.540287,7.7,111.0,nodal,completed
T004946,R011,D0081,V2,S3,2026-08-05T21:15:00,2026-08-05T21:19:24,2026-08-05T22:00:00,,7.7,129.8,nodal,cancelled
T004947,R013,D0013,V5,S3,2026-08-05T21:15:00,2026-08-05T21:19:24,2026-08-05T22:00:00,2026-08-05T22:01:40.470937,11.5,260.4,cab,completed
T004948,R013,D0039,V3,S3,2026-08-05T21:15:00,2026-08-05T21:19:06,2026-08-05T22:00:00,2026-08-05T22:00:57.534844,11.8,262.9,cab,completed
T004949,R013,D0014,V5,S3,2026-08-05T21:15:00,2026-08-05T21:17:18,2026-08-05T22:00:00,2026-08-05T22:01:42.098133,11.3,240.6,cab,completed
T004950,R013,D0080,V1,S3,2026-08-05T21:15:00,2026-08-05T21:21:06,2026-08-05T22:00:00,2026-08-05T22:05:34.996595,11.7,262.5,cab,completed
T004951,R013,D0018,V5,S3,2026-08-05T21:15:00,2026-08-05T21:26:54,2026-08-05T22:00:00,2026-08-05T22:11:02.000010,11.2,256.3,cab,completed
T004952,R013,D0050,V5,S3,2026-08-05T21:15:00,2026-08-05T21:29:18,2026-08-05T22:00:00,2026-08-05T22:10:07.426356,11.0,237.2,cab,completed
T004953,R018,D0102,V4,S3,2026-08-05T21:15:00,2026-08-05T21:15:18,2026-08-05T22:00:00,2026-08-05T22:00:00,15.1,95.5,shuttle,completed
T004954,R018,D0034,V4,S3,2026-08-05T21:15:00,2026-08-05T21:26:00,2026-08-05T22:00:00,2026-08-05T22:09:48.979006,14.6,88.0,shuttle,completed
T004955,R020,D0011,V2,S3,2026-08-05T21:15:00,2026-08-05T21:30:30,2026-08-05T22:00:00,2026-08-05T22:15:00.434424,9.7,145.8,nodal,completed
T004956,R020,D0097,V2,S3,2026-08-05T21:15:00,2026-08-05T21:17:12,2026-08-05T22:00:00,2026-08-05T22:01:11.334094,9.9,145.7,nodal,completed
T004957,R020,D0052,V1,S3,2026-08-05T21:15:00,2026-08-05T21:16:06,2026-08-05T22:00:00,2026-08-05T22:00:00,10.1,138.5,nodal,completed
T004958,R022,D0006,V5,S3,2026-08-05T21:15:00,2026-08-05T21:17:54,2026-08-05T22:00:00,2026-08-05T22:01:20.566798,17.0,337.8,cab,completed
T004959,R022,D0089,V3,S3,2026-08-05T21:15:00,2026-08-05T21:17:06,2026-08-05T22:00:00,2026-08-05T22:00:00,16.6,332.1,cab,completed
T004960,R022,D0036,V3,S3,2026-08-05T21:15:00,2026-08-05T21:17:54,2026-08-05T22:00:00,2026-08-05T22:00:00,18.2,348.0,cab,completed
T004961,R003,D0103,V5,S1,2026-08-06T08:15:00,2026-08-06T08:22:24,2026-08-06T09:00:00,2026-08-06T09:05:48.557384,22.4,142.0,shuttle,completed
T004962,R003,D0002,V2,S1,2026-08-06T08:15:00,2026-08-06T08:17:24,2026-08-06T09:00:00,2026-08-06T09:00:00,21.2,143.1,shuttle,completed
T004963,R003,D0103,V5,S1,2026-08-06T08:15:00,2026-08-06T08:21:00,2026-08-06T09:00:00,2026-08-06T09:02:02.995830,22.8,138.9,shuttle,completed
T004964,R006,D0001,V2,S1,2026-08-06T08:15:00,,2026-08-06T09:00:00,,19.0,136.1,shuttle,no_show
T004965,R006,D0012,V2,S1,2026-08-06T08:15:00,2026-08-06T08:21:36,2026-08-06T09:00:00,2026-08-06T09:05:13.269830,19.1,126.3,shuttle,completed
T004966,R006,D0099,V5,S1,2026-08-06T08:15:00,2026-08-06T08:19:42,2026-08-06T09:00:00,2026-08-06T09:00:04.741942,18.9,121.6,shuttle,completed
T004967,R008,D0110,V1,S1,2026-08-06T08:15:00,2026-08-06T08:23:18,2026-08-06T09:00:00,2026-08-06T09:05:31.372438,9.6,132.0,nodal,completed
T004968,R008,D0024,V1,S1,2026-08-06T08:15:00,2026-08-06T08:23:18,2026-08-06T09:00:00,2026-08-06T09:05:04.460516,9.3,129.9,nodal,completed
T004969,R008,D0113,V2,S1,2026-08-06T08:15:00,2026-08-06T08:18:06,2026-08-06T09:00:00,2026-08-06T09:01:48.629113,8.6,138.8,nodal,completed
T004970,R008,D0111,V1,S1,2026-08-06T08:15:00,2026-08-06T08:15:30,2026-08-06T09:00:00,2026-08-06T09:00:00,9.4,125.3,nodal,completed
T004971,R008,D0080,V1,S1,2026-08-06T08:15:00,2026-08-06T08:16:24,2026-08-06T09:00:00,2026-08-06T09:00:00,9.1,128.8,nodal,completed
T004972,R011,D0052,V1,S1,2026-08-06T08:15:00,2026-08-06T08:17:30,2026-08-06T09:00:00,2026-08-06T09:01:00.981105,8.3,128.0,nodal,completed
T004973,R011,D0114,V2,S1,2026-08-06T08:15:00,2026-08-06T08:15:18,2026-08-06T09:00:00,2026-08-06T09:00:00,8.6,129.1,nodal,completed
T004974,R011,D0066,V2,S1,2026-08-06T08:15:00,2026-08-06T08:17:18,2026-08-06T09:00:00,2026-08-06T09:00:00,8.0,134.8,nodal,completed
T004975,R011,D0117,V1,S1,2026-08-06T08:15:00,2026-08-06T08:23:12,2026-08-06T09:00:00,2026-08-06T09:03:41.783352,8.5,131.7,nodal,completed
T004976,R011,D0029,V2,S1,2026-08-06T08:15:00,2026-08-06T08:18:48,2026-08-06T09:00:00,2026-08-06T09:00:00,7.8,132.6,nodal,completed
T004977,R013,D0018,V5,S1,2026-08-06T08:15:00,2026-08-06T08:17:36,2026-08-06T09:00:00,2026-08-06T09:02:29.662546,11.1,253.7,cab,completed
T004978,R013,D0079,V3,S1,2026-08-06T08:15:00,2026-08-06T08:26:54,2026-08-06T09:00:00,2026-08-06T09:08:36.408487,11.5,256.3,cab,completed
T004979,R013,D0023,V3,S1,2026-08-06T08:15:00,2026-08-06T08:15:36,2026-08-06T09:00:00,2026-08-06T09:00:00,10.5,242.9,cab,completed
T004980,R013,D0053,V1,S1,2026-08-06T08:15:00,2026-08-06T08:25:30,2026-08-06T09:00:00,2026-08-06T09:05:53.297161,11.3,239.0,cab,completed
T004981,R013,D0111,V1,S1,2026-08-06T08:15:00,2026-08-06T08:24:00,2026-08-06T09:00:00,2026-08-06T09:06:57.331339,11.0,244.1,cab,completed
T004982,R013,D0103,V5,S1,2026-08-06T08:15:00,2026-08-06T08:30:30,2026-08-06T09:00:00,2026-08-06T09:10:54.093242,10.6,230.5,cab,completed
T004983,R013,D0039,V3,S1,2026-08-06T08:15:00,2026-08-06T08:17:06,2026-08-06T09:00:00,2026-08-06T09:00:18.454088,10.8,239.1,cab,completed
T004984,R013,D0064,V3,S1,2026-08-06T08:15:00,,2026-08-06T09:00:00,2026-08-06T09:00:00,10.7,249.8,cab,completed
T004985,R013,D0120,V5,S1,2026-08-06T08:15:00,2026-08-06T08:16:30,2026-08-06T09:00:00,2026-08-06T09:00:00,11.0,240.9,cab,completed
T004986,R013,D0067,V3,S1,2026-08-06T08:15:00,2026-08-06T08:18:54,2026-08-06T09:00:00,2026-08-06T09:01:06.172570,11.1,259.0,cab,completed
T004987,R013,D0089,V3,S1,2026-08-06T08:15:00,2026-08-06T08:15:24,2026-08-06T09:00:00,2026-08-06T09:00:00,11.2,244.1,cab,completed
T004988,R018,D0019,V4,S1,2026-08-06T08:15:00,2026-08-06T08:40:00,2026-08-06T09:00:00,2026-08-06T09:23:22.397436,14.4,103.8,shuttle,completed
T004989,R018,D0077,V5,S1,2026-08-06T08:15:00,2026-08-06T08:25:54,2026-08-06T09:00:00,2026-08-06T09:07:14.290229,15.5,94.7,shuttle,completed
T004990,R018,D0106,V2,S1,2026-08-06T08:15:00,2026-08-06T08:27:54,2026-08-06T09:00:00,2026-08-06T09:11:04.045663,14.4,108.5,shuttle,completed
T004991,R020,D0009,V1,S1,2026-08-06T08:15:00,2026-08-06T08:15:36,2026-08-06T09:00:00,2026-08-06T09:00:00,10.4,139.8,nodal,completed
T004992,R020,D0015,V1,S1,2026-08-06T08:15:00,2026-08-06T08:16:54,2026-08-06T09:00:00,2026-08-06T09:01:36.684207,10.5,148.4,nodal,completed
T004993,R020,D0017,V2,S1,2026-08-06T08:15:00,2026-08-06T08:16:12,2026-08-06T09:00:00,2026-08-06T09:00:00,10.0,160.3,nodal,completed
T004994,R020,D0043,V1,S1,2026-08-06T08:15:00,2026-08-06T08:25:24,2026-08-06T09:00:00,2026-08-06T09:09:29.305102,10.3,145.0,nodal,completed
T004995,R020,D0113,V2,S1,2026-08-06T08:15:00,2026-08-06T08:31:42,2026-08-06T09:00:00,2026-08-06T09:12:51.927409,10.1,160.7,nodal,completed
T004996,R020,D0072,V2,S1,2026-08-06T08:15:00,2026-08-06T08:18:30,2026-08-06T09:00:00,2026-08-06T09:01:06.427980,10.0,150.9,nodal,completed
T004997,R022,D0110,V1,S1,2026-08-06T08:15:00,2026-08-06T08:17:12,2026-08-06T09:00:00,2026-08-06T09:01:22.724655,16.8,322.2,cab,completed
T004998,R022,D0105,V3,S1,2026-08-06T08:15:00,2026-08-06T08:15:18,2026-08-06T09:00:00,2026-08-06T09:00:00,17.5,329.2,cab,completed
T004999,R022,D0085,V3,S1,2026-08-06T08:15:00,2026-08-06T08:20:24,2026-08-06T09:00:00,2026-08-06T09:04:46.076058,16.2,317.3,cab,completed
T005000,R022,D0047,V3,S1,2026-08-06T08:15:00,2026-08-06T08:17:12,2026-08-06T09:00:00,2026-08-06T09:00:00,16.8,315.6,cab,completed
T005001,R022,D0099,V5,S1,2026-08-06T08:15:00,2026-08-06T08:19:18,2026-08-06T09:00:00,2026-08-06T09:01:44.939589,18.1,339.5,cab,completed
T005002,R022,D0080,V1,S1,2026-08-06T08:15:00,2026-08-06T08:15:12,2026-08-06T09:00:00,2026-08-06T09:00:00,17.9,337.9,cab,completed
T005003,R022,D0035,V1,S1,2026-08-06T08:15:00,2026-08-06T08:21:48,2026-08-06T09:00:00,2026-08-06T09:03:28.184308,18.1,359.6,cab,completed
T005004,R022,D0047,V3,S1,2026-08-06T08:15:00,2026-08-06T08:25:00,2026-08-06T09:00:00,2026-08-06T09:08:02.639213,17.1,339.4,cab,completed
T005005,R022,D0101,V5,S1,2026-08-06T08:15:00,2026-08-06T08:29:48,2026-08-06T09:00:00,2026-08-06T09:12:58.549746,17.2,322.0,cab,completed
T005006,R022,D0076,V3,S1,2026-08-06T08:15:00,2026-08-06T08:28:18,2026-08-06T09:00:00,2026-08-06T09:12:31.536405,17.4,342.1,cab,completed
T005007,R022,D0052,V1,S1,2026-08-06T08:15:00,2026-08-06T08:16:30,2026-08-06T09:00:00,2026-08-06T09:00:00,18.0,344.8,cab,completed
T005008,R022,D0028,V3,S1,2026-08-06T08:15:00,2026-08-06T08:20:42,2026-08-06T09:00:00,2026-08-06T09:02:48.114202,18.3,338.5,cab,completed
T005009,R003,D0084,V4,S2,2026-08-06T10:15:00,2026-08-06T10:21:30,2026-08-06T11:00:00,2026-08-06T11:06:21.285308,21.8,126.2,shuttle,completed
T005010,R006,D0093,V4,S2,2026-08-06T10:15:00,2026-08-06T10:19:36,2026-08-06T11:00:00,2026-08-06T11:04:06.762936,18.9,112.7,shuttle,completed
T005011,R006,D0001,V2,S2,2026-08-06T10:15:00,2026-08-06T10:16:30,2026-08-06T11:00:00,2026-08-06T11:00:00,18.8,130.4,shuttle,completed
T005012,R008,D0043,V1,S2,2026-08-06T10:15:00,2026-08-06T10:15:54,2026-08-06T11:00:00,2026-08-06T11:00:00,8.7,126.8,nodal,completed
T005013,R008,D0057,V2,S2,2026-08-06T10:15:00,2026-08-06T10:15:30,2026-08-06T11:00:00,2026-08-06T11:00:00,8.7,139.2,nodal,completed
T005014,R008,D0086,V1,S2,2026-08-06T10:15:00,2026-08-06T10:15:42,2026-08-06T11:00:00,2026-08-06T11:00:31.650048,9.2,134.1,nodal,completed
T005015,R011,D0117,V1,S2,2026-08-06T10:15:00,2026-08-06T10:26:12,2026-08-06T11:00:00,2026-08-06T11:09:56.247904,7.6,116.9,nodal,completed
T005016,R011,D0053,V1,S2,2026-08-06T10:15:00,2026-08-06T10:41:18,2026-08-06T11:00:00,2026-08-06T11:21:45.998392,7.8,113.2,nodal,completed
T005017,R011,D0011,V2,S2,2026-08-06T10:15:00,2026-08-06T10:16:00,2026-08-06T11:00:00,2026-08-06T11:00:11.816405,8.6,146.7,nodal,completed
T005018,R011,D0090,V2,S2,2026-08-06T10:15:00,2026-08-06T10:16:12,2026-08-06T11:00:00,2026-08-06T11:00:00,8.4,158.9,nodal,completed
T005019,R013,D0100,V3,S2,2026-08-06T10:15:00,2026-08-06T10:18:30,2026-08-06T11:00:00,2026-08-06T11:00:10.082766,11.7,257.5,cab,completed
T005020,R013,D0009,V1,S2,2026-08-06T10:15:00,2026-08-06T10:15:06,2026-08-06T11:00:00,2026-08-06T11:00:00,10.7,232.5,cab,completed
T005021,R013,D0108,V5,S2,2026-08-06T10:15:00,2026-08-06T10:18:18,2026-08-06T11:00:00,2026-08-06T11:00:54.937753,11.8,245.9,cab,completed
T005022,R013,D0003,V1,S2,2026-08-06T10:15:00,2026-08-06T10:21:42,2026-08-06T11:00:00,,10.8,241.6,cab,cancelled
T005023,R013,D0095,V3,S2,2026-08-06T10:15:00,2026-08-06T10:16:48,2026-08-06T11:00:00,2026-08-06T11:00:44.767623,11.8,265.2,cab,completed
T005024,R013,D0098,V5,S2,2026-08-06T10:15:00,2026-08-06T10:22:00,2026-08-06T11:00:00,2026-08-06T11:05:29.163043,11.9,265.3,cab,completed
T005025,R013,D0018,V5,S2,2026-08-06T10:15:00,2026-08-06T10:19:54,2026-08-06T11:00:00,2026-08-06T11:00:06.511520,11.6,259.1,cab,completed
T005026,R013,D0023,V3,S2,2026-08-06T10:15:00,2026-08-06T10:21:42,2026-08-06T11:00:00,2026-08-06T11:06:12.607214,11.2,253.3,cab,completed
T005027,R018,D0066,V2,S2,2026-08-06T10:15:00,2026-08-06T10:15:54,2026-08-06T11:00:00,2026-08-06T11:00:00,15.9,106.0,shuttle,completed
T005028,R018,D0102,V4,S2,2026-08-06T10:15:00,2026-08-06T10:20:54,2026-08-06T11:00:00,2026-08-06T11:05:16.409304,15.1,96.6,shuttle,completed
T005029,R020,D0058,V1,S2,2026-08-06T10:15:00,2026-08-06T10:23:48,2026-08-06T11:00:00,2026-08-06T11:04:43.039123,10.7,143.9,nodal,completed
T005030,R020,D0054,V2,S2,2026-08-06T10:15:00,2026-08-06T10:28:24,2026-08-06T11:00:00,2026-08-06T11:12:19.216523,10.1,144.6,nodal,completed
T005031,R020,D0003,V1,S2,2026-08-06T10:15:00,2026-08-06T10:20:42,2026-08-06T11:00:00,2026-08-06T11:04:10.369545,9.9,147.2,nodal,completed
T005032,R020,D0081,V2,S2,2026-08-06T10:15:00,2026-08-06T10:25:00,2026-08-06T11:00:00,2026-08-06T11:06:10.387688,9.5,152.0,nodal,completed
T005033,R022,D0058,V1,S2,2026-08-06T10:15:00,2026-08-06T10:30:48,2026-08-06T11:00:00,2026-08-06T11:15:04.768715,16.5,322.0,cab,completed
T005034,R022,D0120,V5,S2,2026-08-06T10:15:00,2026-08-06T10:15:18,2026-08-06T11:00:00,2026-08-06T11:00:00,16.8,325.3,cab,completed
T005035,R022,D0080,V1,S2,2026-08-06T10:15:00,2026-08-06T10:17:18,2026-08-06T11:00:00,2026-08-06T11:00:00,16.6,324.9,cab,completed
T005036,R022,D0076,V3,S2,2026-08-06T10:15:00,2026-08-06T10:15:18,2026-08-06T11:00:00,2026-08-06T11:00:00,16.6,323.5,cab,completed
T005037,R022,D0101,V5,S2,2026-08-06T10:15:00,2026-08-06T10:23:36,2026-08-06T11:00:00,2026-08-06T11:06:08.718903,16.7,316.0,cab,completed
T005038,R022,D0065,V3,S2,2026-08-06T10:15:00,2026-08-06T10:22:36,2026-08-06T11:00:00,2026-08-06T11:07:21.366477,18.2,336.8,cab,completed
T005039,R022,D0080,V1,S2,2026-08-06T10:15:00,2026-08-06T10:18:06,2026-08-06T11:00:00,2026-08-06T11:03:05.399880,17.3,334.0,cab,completed
T005040,R022,D0040,V1,S2,2026-08-06T10:15:00,2026-08-06T10:28:12,2026-08-06T11:00:00,2026-08-06T11:08:51.744485,18.0,346.2,cab,completed
T005041,R003,D0101,V5,S3,2026-08-06T21:15:00,2026-08-06T21:16:36,2026-08-06T22:00:00,2026-08-06T22:00:00,22.3,138.3,shuttle,completed
T005042,R003,D0020,V2,S3,2026-08-06T21:15:00,2026-08-06T21:22:36,2026-08-06T22:00:00,2026-08-06T22:05:06.538919,21.0,141.8,shuttle,completed
T005043,R006,D0044,V4,S3,2026-08-06T21:15:00,2026-08-06T21:15:48,2026-08-06T22:00:00,2026-08-06T22:00:17.708557,20.5,129.8,shuttle,completed
T005044,R008,D0073,V2,S3,2026-08-06T21:15:00,2026-08-06T21:21:24,2026-08-06T22:00:00,2026-08-06T22:03:51.951990,8.9,157.9,nodal,completed
T005045,R008,D0053,V1,S3,2026-08-06T21:15:00,2026-08-06T21:20:30,2026-08-06T22:00:00,2026-08-06T22:01:58.383362,9.7,137.6,nodal,completed
T005046,R011,D0107,V2,S3,2026-08-06T21:15:00,2026-08-06T21:24:00,2026-08-06T22:00:00,2026-08-06T22:05:58.960133,7.9,138.1,nodal,completed
T005047,R011,D0040,V1,S3,2026-08-06T21:15:00,2026-08-06T21:35:24,2026-08-06T22:00:00,2026-08-06T22:17:32.438282,7.8,126.1,nodal,completed
T005048,R011,D0057,V2,S3,2026-08-06T21:15:00,,2026-08-06T22:00:00,,8.1,131.5,nodal,no_show
T005049,R013,D0052,V1,S3,2026-08-06T21:15:00,2026-08-06T21:23:18,2026-08-06T22:00:00,2026-08-06T22:05:26.716088,10.5,247.8,cab,completed
T005050,R013,D0116,V5,S3,2026-08-06T21:15:00,2026-08-06T21:46:00,2026-08-06T22:00:00,2026-08-06T22:28:04.319330,11.2,246.7,cab,completed
T005051,R013,D0048,V5,S3,2026-08-06T21:15:00,2026-08-06T21:18:42,2026-08-06T22:00:00,2026-08-06T22:01:16.953261,10.8,237.1,cab,completed
T005052,R013,D0100,V3,S3,2026-08-06T21:15:00,2026-08-06T21:16:24,2026-08-06T22:00:00,2026-08-06T22:00:00,11.0,236.5,cab,completed
T005053,R013,D0004,V5,S3,2026-08-06T21:15:00,2026-08-06T21:17:36,2026-08-06T22:00:00,2026-08-06T22:01:18.772197,11.7,247.0,cab,completed
T005054,R013,D0089,V3,S3,2026-08-06T21:15:00,2026-08-06T21:25:06,2026-08-06T22:00:00,2026-08-06T22:08:34.776535,11.5,248.2,cab,completed
T005055,R018,D0006,V5,S3,2026-08-06T21:15:00,2026-08-06T21:29:24,2026-08-06T22:00:00,2026-08-06T22:09:51.264283,15.9,95.4,shuttle,completed
T005056,R018,D0081,V2,S3,2026-08-06T21:15:00,,2026-08-06T22:00:00,2026-08-06T22:01:17.519795,15.0,112.3,shuttle,completed
T005057,R020,D0030,V2,S3,2026-08-06T21:15:00,2026-08-06T21:15:06,2026-08-06T22:00:00,2026-08-06T22:00:00,10.7,162.5,nodal,completed
T005058,R020,D0070,V2,S3,2026-08-06T21:15:00,2026-08-06T21:21:36,2026-08-06T22:00:00,2026-08-06T22:02:07.416999,10.2,144.1,nodal,completed
T005059,R022,D0037,V3,S3,2026-08-06T21:15:00,2026-08-06T21:21:42,2026-08-06T22:00:00,2026-08-06T22:04:40.794182,17.6,341.3,cab,completed
T005060,R022,D0003,V1,S3,2026-08-06T21:15:00,2026-08-06T21:16:00,2026-08-06T22:00:00,2026-08-06T22:00:00,18.1,333.7,cab,completed
T005061,R022,D0100,V3,S3,2026-08-06T21:15:00,2026-08-06T21:20:48,2026-08-06T22:00:00,2026-08-06T22:01:24.784817,17.7,334.9,cab,completed
T005062,R022,D0045,V1,S3,2026-08-06T21:15:00,2026-08-06T21:20:30,2026-08-06T22:00:00,2026-08-06T22:01:09.272545,16.5,325.8,cab,completed
T005063,R003,D0091,V4,S1,2026-08-07T08:15:00,2026-08-07T08:15:54,2026-08-07T09:00:00,2026-08-07T09:00:00,22.3,127.5,shuttle,completed
T005064,R003,D0022,V5,S1,2026-08-07T08:15:00,2026-08-07T08:20:42,2026-08-07T09:00:00,2026-08-07T09:02:37.313279,23.4,150.2,shuttle,completed
T005065,R003,D0107,V2,S1,2026-08-07T08:15:00,2026-08-07T08:15:00,2026-08-07T09:00:00,2026-08-07T09:00:00,22.9,164.2,shuttle,completed
T005066,R006,D0084,V4,S1,2026-08-07T08:15:00,2026-08-07T08:26:00,2026-08-07T09:00:00,2026-08-07T09:09:19.710746,20.1,128.9,shuttle,completed
T005067,R006,D0044,V4,S1,2026-08-07T08:15:00,2026-08-07T08:16:06,2026-08-07T09:00:00,2026-08-07T09:00:00,18.9,124.9,shuttle,completed
T005068,R006,D0120,V5,S1,2026-08-07T08:15:00,,2026-08-07T09:00:00,,19.3,112.3,shuttle,no_show
T005069,R008,D0113,V2,S1,2026-08-07T08:15:00,2026-08-07T08:25:06,2026-08-07T09:00:00,2026-08-07T09:06:11.028256,9.7,149.2,nodal,completed
T005070,R008,D0066,V2,S1,2026-08-07T08:15:00,2026-08-07T08:16:12,2026-08-07T09:00:00,2026-08-07T09:00:00,8.9,131.7,nodal,completed
T005071,R008,D0113,V2,S1,2026-08-07T08:15:00,2026-08-07T08:16:48,2026-08-07T09:00:00,2026-08-07T09:00:00,8.9,146.5,nodal,completed
T005072,R008,D0035,V1,S1,2026-08-07T08:15:00,2026-08-07T08:17:36,2026-08-07T09:00:00,2026-08-07T09:02:22.628924,9.1,140.9,nodal,completed
T005073,R008,D0052,V1,S1,2026-08-07T08:15:00,,2026-08-07T09:00:00,,8.8,151.9,nodal,no_show
T005074,R008,D0040,V1,S1,2026-08-07T08:15:00,2026-08-07T08:37:42,2026-08-07T09:00:00,2026-08-07T09:20:46.115176,9.2,141.0,nodal,completed
T005075,R011,D0001,V2,S1,2026-08-07T08:15:00,2026-08-07T08:16:24,2026-08-07T09:00:00,2026-08-07T09:00:15.917514,7.8,137.9,nodal,completed
T005076,R011,D0068,V1,S1,2026-08-07T08:15:00,2026-08-07T08:51:30,2026-08-07T09:00:00,2026-08-07T09:31:54.218294,7.6,110.9,nodal,completed
T005077,R011,D0097,V2,S1,2026-08-07T08:15:00,2026-08-07T08:26:30,2026-08-07T09:00:00,2026-08-07T09:11:10.063181,7.7,136.1,nodal,completed
T005078,R011,D0110,V1,S1,2026-08-07T08:15:00,2026-08-07T08:41:54,2026-08-07T09:00:00,2026-08-07T09:23:13.222420,8.3,117.8,nodal,completed
T005079,R011,D0030,V2,S1,2026-08-07T08:15:00,2026-08-07T08:20:36,2026-08-07T09:00:00,2026-08-07T09:03:33.390089,8.0,136.0,nodal,completed
T005080,R011,D0005,V1,S1,2026-08-07T08:15:00,2026-08-07T08:22:24,2026-08-07T09:00:00,2026-08-07T09:06:43.092397,7.7,128.7,nodal,completed
T005081,R013,D0108,V5,S1,2026-08-07T08:15:00,2026-08-07T08:22:36,2026-08-07T09:00:00,2026-08-07T09:03:12.368234,10.7,233.7,cab,completed
T005082,R013,D0004,V5,S1,2026-08-07T08:15:00,2026-08-07T08:18:48,2026-08-07T09:00:00,2026-08-07T09:03:27.826164,11.5,243.8,cab,completed
T005083,R013,D0052,V1,S1,2026-08-07T08:15:00,2026-08-07T08:30:24,2026-08-07T09:00:00,2026-08-07T09:11:42.480912,11.8,255.7,cab,completed
T005084,R013,D0079,V3,S1,2026-08-07T08:15:00,2026-08-07T08:25:36,2026-08-07T09:00:00,2026-08-07T09:07:58.909878,11.0,252.3,cab,completed
T005085,R013,D0067,V3,S1,2026-08-07T08:15:00,2026-08-07T08:21:54,2026-08-07T09:00:00,2026-08-07T09:04:52.920297,10.6,235.1,cab,completed
T005086,R013,D0038,V5,S1,2026-08-07T08:15:00,2026-08-07T08:21:00,2026-08-07T09:00:00,2026-08-07T09:02:47.947265,10.7,235.6,cab,completed
T005087,R013,D0067,V3,S1,2026-08-07T08:15:00,2026-08-07T08:15:36,2026-08-07T09:00:00,2026-08-07T09:00:00,10.6,239.1,cab,completed
T005088,R013,D0040,V1,S1,2026-08-07T08:15:00,2026-08-07T08:27:54,2026-08-07T09:00:00,2026-08-07T09:11:24.907176,11.1,236.3,cab,completed
T005089,R013,D0083,V3,S1,2026-08-07T08:15:00,2026-08-07T08:18:42,2026-08-07T09:00:00,2026-08-07T09:02:01.278110,11.4,251.6,cab,completed
T005090,R013,D0031,V3,S1,2026-08-07T08:15:00,2026-08-07T08:17:18,2026-08-07T09:00:00,2026-08-07T09:00:00,11.8,248.8,cab,completed
T005091,R018,D0042,V5,S1,2026-08-07T08:15:00,2026-08-07T08:17:54,2026-08-07T09:00:00,2026-08-07T09:00:00,15.2,101.9,shuttle,completed
T005092,R018,D0084,V4,S1,2026-08-07T08:15:00,2026-08-07T08:23:36,2026-08-07T09:00:00,2026-08-07T09:06:32.761116,15.7,102.0,shuttle,completed
T005093,R018,D0051,V2,S1,2026-08-07T08:15:00,2026-08-07T08:30:24,2026-08-07T09:00:00,2026-08-07T09:11:42.425904,15.0,117.2,shuttle,completed
T005094,R020,D0005,V1,S1,2026-08-07T08:15:00,2026-08-07T08:15:36,2026-08-07T09:00:00,2026-08-07T09:00:00,10.1,140.2,nodal,completed
T005095,R020,D0097,V2,S1,2026-08-07T08:15:00,,2026-08-07T09:00:00,2026-08-07T09:06:44.256344,9.5,150.2,nodal,completed
T005096,R020,D0070,V2,S1,2026-08-07T08:15:00,2026-08-07T08:16:12,2026-08-07T09:00:00,2026-08-07T09:00:00,10.3,147.1,nodal,completed
T005097,R020,D0111,V1,S1,2026-08-07T08:15:00,2026-08-07T08:37:06,2026-08-07T09:00:00,2026-08-07T09:20:42.168988,9.9,130.2,nodal,completed
T005098,R020,D0068,V1,S1,2026-08-07T08:15:00,2026-08-07T08:22:00,2026-08-07T09:00:00,2026-08-07T09:02:13.643781,10.0,141.3,nodal,completed
T005099,R020,D0045,V1,S1,2026-08-07T08:15:00,2026-08-07T08:16:06,2026-08-07T09:00:00,2026-08-07T09:00:00,10.6,147.9,nodal,completed
T005100,R022,D0076,V3,S1,2026-08-07T08:15:00,2026-08-07T08:21:06,2026-08-07T09:00:00,2026-08-07T09:06:01.102368,17.3,332.5,cab,completed
T005101,R022,D0013,V5,S1,2026-08-07T08:15:00,2026-08-07T08:25:54,2026-08-07T09:00:00,2026-08-07T09:10:53.801607,17.3,328.2,cab,completed
T005102,R022,D0100,V3,S1,2026-08-07T08:15:00,2026-08-07T08:20:36,2026-08-07T09:00:00,2026-08-07T09:02:25.224105,18.1,345.1,cab,completed
T005103,R022,D0098,V5,S1,2026-08-07T08:15:00,2026-08-07T08:25:54,2026-08-07T09:00:00,2026-08-07T09:06:28.894751,16.5,313.4,cab,completed
T005104,R022,D0050,V5,S1,2026-08-07T08:15:00,2026-08-07T08:16:12,2026-08-07T09:00:00,2026-08-07T09:00:00,16.5,325.3,cab,completed
T005105,R022,D0079,V3,S1,2026-08-07T08:15:00,2026-08-07T08:20:06,2026-08-07T09:00:00,2026-08-07T09:04:25.650707,16.3,309.0,cab,completed
T005106,R022,D0028,V3,S1,2026-08-07T08:15:00,2026-08-07T08:17:54,2026-08-07T09:00:00,2026-08-07T09:02:48.930810,16.7,329.3,cab,completed
T005107,R022,D0027,V3,S1,2026-08-07T08:15:00,2026-08-07T08:17:54,2026-08-07T09:00:00,2026-08-07T09:01:55.866566,16.8,325.0,cab,completed
T005108,R022,D0103,V5,S1,2026-08-07T08:15:00,2026-08-07T08:16:06,2026-08-07T09:00:00,2026-08-07T09:00:00,18.3,355.1,cab,completed
T005109,R022,D0082,V1,S1,2026-08-07T08:15:00,2026-08-07T08:16:36,2026-08-07T09:00:00,2026-08-07T09:00:10.990731,18.0,334.6,cab,completed
T005110,R022,D0105,V3,S1,2026-08-07T08:15:00,2026-08-07T08:18:06,2026-08-07T09:00:00,2026-08-07T09:00:52.068127,17.1,331.3,cab,completed
T005111,R022,D0116,V5,S1,2026-08-07T08:15:00,2026-08-07T08:16:24,2026-08-07T09:00:00,2026-08-07T09:00:00,16.8,350.1,cab,completed
T005112,R003,D0017,V2,S2,2026-08-07T10:15:00,2026-08-07T10:28:06,2026-08-07T11:00:00,2026-08-07T11:12:08.154739,23.2,148.2,shuttle,completed
T005113,R003,D0103,V5,S2,2026-08-07T10:15:00,2026-08-07T10:20:00,2026-08-07T11:00:00,2026-08-07T11:03:37.666155,21.6,137.9,shuttle,completed
T005114,R006,D0084,V4,S2,2026-08-07T10:15:00,2026-08-07T10:19:18,2026-08-07T11:00:00,2026-08-07T11:04:05.944955,18.3,111.6,shuttle,completed
T005115,R006,D0022,V5,S2,2026-08-07T10:15:00,2026-08-07T10:22:30,2026-08-07T11:00:00,2026-08-07T11:03:18.446750,19.0,132.4,shuttle,completed
T005116,R008,D0054,V2,S2,2026-08-07T10:15:00,2026-08-07T10:16:18,2026-08-07T11:00:00,2026-08-07T11:00:00,9.6,145.6,nodal,completed
T005117,R008,D0078,V2,S2,2026-08-07T10:15:00,2026-08-07T10:15:48,2026-08-07T11:00:00,2026-08-07T11:00:00,9.1,150.8,nodal,completed
T005118,R008,D0053,V1,S2,2026-08-07T10:15:00,2026-08-07T10:19:00,2026-08-07T11:00:00,2026-08-07T11:00:41.133271,9.1,132.1,nodal,completed
T005119,R011,D0029,V2,S2,2026-08-07T10:15:00,2026-08-07T10:32:18,2026-08-07T11:00:00,2026-08-07T11:16:33.738902,8.3,152.7,nodal,completed
T005120,R011,D0070,V2,S2,2026-08-07T10:15:00,2026-08-07T10:15:12,2026-08-07T11:00:00,2026-08-07T11:00:00,8.1,149.1,nodal,completed
T005121,R011,D0051,V2,S2,2026-08-07T10:15:00,2026-08-07T10:15:18,2026-08-07T11:00:00,2026-08-07T11:00:00,8.6,136.0,nodal,completed
T005122,R011,D0058,V1,S2,2026-08-07T10:15:00,2026-08-07T10:18:48,2026-08-07T11:00:00,2026-08-07T11:00:00,7.8,125.1,nodal,completed
T005123,R013,D0103,V5,S2,2026-08-07T10:15:00,2026-08-07T10:21:00,2026-08-07T11:00:00,2026-08-07T11:04:46.974122,10.5,240.7,cab,completed
T005124,R013,D0116,V5,S2,2026-08-07T10:15:00,2026-08-07T10:15:36,2026-08-07T11:00:00,2026-08-07T11:00:00,10.9,246.6,cab,completed
T005125,R013,D0077,V5,S2,2026-08-07T10:15:00,2026-08-07T10:15:30,2026-08-07T11:00:00,2026-08-07T11:00:00,11.1,239.0,cab,completed
T005126,R013,D0018,V5,S2,2026-08-07T10:15:00,2026-08-07T10:24:54,2026-08-07T11:00:00,2026-08-07T11:08:43.504741,11.5,256.4,cab,completed
T005127,R013,D0089,V3,S2,2026-08-07T10:15:00,2026-08-07T10:23:30,2026-08-07T11:00:00,2026-08-07T11:05:34.733627,11.1,253.9,cab,completed
T005128,R013,D0117,V1,S2,2026-08-07T10:15:00,2026-08-07T10:16:12,2026-08-07T11:00:00,2026-08-07T11:00:00,10.5,231.6,cab,completed
T005129,R013,D0060,V3,S2,2026-08-07T10:15:00,2026-08-07T10:22:54,2026-08-07T11:00:00,2026-08-07T11:05:17.830285,11.2,255.0,cab,completed
T005130,R018,D0026,V4,S2,2026-08-07T10:15:00,2026-08-07T10:20:06,2026-08-07T11:00:00,2026-08-07T11:03:16.551862,14.8,105.3,shuttle,completed
T005131,R018,D0115,V4,S2,2026-08-07T10:15:00,2026-08-07T10:18:30,2026-08-07T11:00:00,2026-08-07T11:02:33.770423,14.8,98.7,shuttle,completed
T005132,R020,D0111,V1,S2,2026-08-07T10:15:00,2026-08-07T10:32:00,2026-08-07T11:00:00,2026-08-07T11:12:08.561443,9.6,144.4,nodal,completed
T005133,R020,D0024,V1,S2,2026-08-07T10:15:00,2026-08-07T10:26:06,2026-08-07T11:00:00,2026-08-07T11:10:58.855763,10.7,146.1,nodal,completed
T005134,R020,D0058,V1,S2,2026-08-07T10:15:00,2026-08-07T10:20:18,2026-08-07T11:00:00,2026-08-07T11:04:08.619323,9.7,129.6,nodal,completed
T005135,R020,D0080,V1,S2,2026-08-07T10:15:00,2026-08-07T10:43:24,2026-08-07T11:00:00,2026-08-07T11:28:12.166776,9.7,140.0,nodal,completed
T005136,R022,D0053,V1,S2,2026-08-07T10:15:00,2026-08-07T10:20:30,2026-08-07T11:00:00,2026-08-07T11:01:27.836134,17.6,346.3,cab,completed
T005137,R022,D0023,V3,S2,2026-08-07T10:15:00,2026-08-07T10:19:42,2026-08-07T11:00:00,2026-08-07T11:04:30.770069,16.6,331.5,cab,completed
T005138,R022,D0010,V1,S2,2026-08-07T10:15:00,2026-08-07T10:18:42,2026-08-07T11:00:00,2026-08-07T11:00:00,17.4,339.8,cab,completed
T005139,R022,D0082,V1,S2,2026-08-07T10:15:00,2026-08-07T10:23:42,2026-08-07T11:00:00,2026-08-07T11:07:50.866750,17.6,329.7,cab,completed
T005140,R022,D0042,V5,S2,2026-08-07T10:15:00,2026-08-07T10:27:06,2026-08-07T11:00:00,2026-08-07T11:07:29.860529,17.5,333.2,cab,completed
T005141,R022,D0028,V3,S2,2026-08-07T10:15:00,2026-08-07T10:34:30,2026-08-07T11:00:00,2026-08-07T11:16:53.651509,17.0,332.4,cab,completed
T005142,R022,D0068,V1,S2,2026-08-07T10:15:00,,2026-08-07T11:00:00,,17.7,332.0,cab,no_show
T005143,R022,D0088,V5,S2,2026-08-07T10:15:00,2026-08-07T10:16:00,2026-08-07T11:00:00,2026-08-07T11:00:00,17.1,334.8,cab,completed
T005144,R003,D0084,V4,S3,2026-08-07T21:15:00,2026-08-07T21:18:30,2026-08-07T22:00:00,2026-08-07T22:00:16.967794,22.3,138.9,shuttle,completed
T005145,R003,D0087,V2,S3,2026-08-07T21:15:00,2026-08-07T21:16:24,2026-08-07T22:00:00,2026-08-07T22:00:00,21.5,146.1,shuttle,completed
T005146,R006,D0002,V2,S3,2026-08-07T21:15:00,2026-08-07T21:18:48,2026-08-07T22:00:00,2026-08-07T22:00:00,20.0,142.0,shuttle,completed
T005147,R008,D0052,V1,S3,2026-08-07T21:15:00,2026-08-07T21:15:42,2026-08-07T22:00:00,2026-08-07T22:00:00,9.7,141.3,nodal,completed
T005148,R008,D0110,V1,S3,2026-08-07T21:15:00,2026-08-07T21:19:54,2026-08-07T22:00:00,2026-08-07T22:04:28.125966,9.3,130.5,nodal,completed
T005149,R011,D0081,V2,S3,2026-08-07T21:15:00,2026-08-07T21:19:42,2026-08-07T22:00:00,2026-08-07T22:03:48.194230,7.7,131.2,nodal,completed
T005150,R011,D0024,V1,S3,2026-08-07T21:15:00,2026-08-07T21:20:00,2026-08-07T22:00:00,2026-08-07T22:04:05.781955,8.1,123.2,nodal,completed
T005151,R011,D0056,V1,S3,2026-08-07T21:15:00,2026-08-07T21:28:06,2026-08-07T22:00:00,2026-08-07T22:09:32.099307,8.4,130.7,nodal,completed
T005152,R013,D0082,V1,S3,2026-08-07T21:15:00,2026-08-07T21:17:12,2026-08-07T22:00:00,2026-08-07T22:00:26.731847,10.7,248.6,cab,completed
T005153,R013,D0120,V5,S3,2026-08-07T21:15:00,2026-08-07T21:16:06,2026-08-07T22:00:00,2026-08-07T22:00:00,11.8,256.5,cab,completed
T005154,R013,D0055,V3,S3,2026-08-07T21:15:00,2026-08-07T21:15:36,2026-08-07T22:00:00,2026-08-07T22:00:00,11.3,245.1,cab,completed
T005155,R013,D0108,V5,S3,2026-08-07T21:15:00,2026-08-07T21:19:30,2026-08-07T22:00:00,2026-08-07T22:00:00,10.7,244.0,cab,completed
T005156,R013,D0004,V5,S3,2026-08-07T21:15:00,2026-08-07T21:15:48,2026-08-07T22:00:00,2026-08-07T22:00:00,10.8,251.2,cab,completed
T005157,R018,D0084,V4,S3,2026-08-07T21:15:00,2026-08-07T21:19:30,2026-08-07T22:00:00,2026-08-07T22:03:40.019125,16.1,98.0,shuttle,completed
T005158,R018,D0054,V2,S3,2026-08-07T21:15:00,2026-08-07T21:16:42,2026-08-07T22:00:00,2026-08-07T22:00:00,15.8,111.9,shuttle,completed
T005159,R020,D0002,V2,S3,2026-08-07T21:15:00,2026-08-07T21:16:24,2026-08-07T22:00:00,2026-08-07T22:00:00,10.6,164.1,nodal,completed
T005160,R020,D0097,V2,S3,2026-08-07T21:15:00,2026-08-07T21:16:30,2026-08-07T22:00:00,2026-08-07T22:00:00,10.4,147.9,nodal,completed
T005161,R020,D0012,V2,S3,2026-08-07T21:15:00,2026-08-07T21:17:06,2026-08-07T22:00:00,2026-08-07T22:00:00,10.8,160.2,nodal,completed
T005162,R022,D0003,V1,S3,2026-08-07T21:15:00,2026-08-07T21:33:36,2026-08-07T22:00:00,2026-08-07T22:15:04.560615,16.4,319.7,cab,completed
T005163,R022,D0037,V3,S3,2026-08-07T21:15:00,2026-08-07T21:15:00,2026-08-07T22:00:00,2026-08-07T22:00:00,17.0,337.2,cab,completed
T005164,R022,D0043,V1,S3,2026-08-07T21:15:00,2026-08-07T21:17:24,2026-08-07T22:00:00,2026-08-07T22:01:44.820462,17.5,344.4,cab,completed
T005165,R022,D0003,V1,S3,2026-08-07T21:15:00,2026-08-07T21:26:12,2026-08-07T22:00:00,2026-08-07T22:06:14.378917,16.7,320.6,cab,completed
T005166,R003,D0007,V4,S1,2026-08-10T08:15:00,2026-08-10T08:21:48,2026-08-10T09:00:00,2026-08-10T09:01:59.122510,22.2,146.0,shuttle,completed
T005167,R003,D0013,V5,S1,2026-08-10T08:15:00,2026-08-10T08:24:48,2026-08-10T09:00:00,2026-08-10T09:08:58.807813,23.4,146.7,shuttle,completed
T005168,R003,D0014,V5,S1,2026-08-10T08:15:00,2026-08-10T08:28:18,2026-08-10T09:00:00,2026-08-10T09:11:48.790780,23.5,135.2,shuttle,completed
T005169,R006,D0074,V4,S1,2026-08-10T08:15:00,2026-08-10T08:24:00,2026-08-10T09:00:00,2026-08-10T09:05:21.490720,18.9,126.2,shuttle,completed
T005170,R006,D0026,V4,S1,2026-08-10T08:15:00,2026-08-10T08:43:18,2026-08-10T09:00:00,2026-08-10T09:25:49.919610,20.3,131.7,shuttle,completed
T005171,R006,D0118,V4,S1,2026-08-10T08:15:00,2026-08-10T08:19:18,2026-08-10T09:00:00,2026-08-10T09:00:00,18.9,124.4,shuttle,completed
T005172,R008,D0082,V1,S1,2026-08-10T08:15:00,2026-08-10T08:16:24,2026-08-10T09:00:00,2026-08-10T09:00:00,9.3,128.8,nodal,completed
T005173,R008,D0117,V1,S1,2026-08-10T08:15:00,2026-08-10T08:16:36,2026-08-10T09:00:00,2026-08-10T09:00:00,8.6,129.1,nodal,completed
T005174,R008,D0114,V2,S1,2026-08-10T08:15:00,2026-08-10T08:16:12,2026-08-10T09:00:00,2026-08-10T09:00:00,8.6,137.2,nodal,completed
T005175,R008,D0056,V1,S1,2026-08-10T08:15:00,2026-08-10T08:33:42,2026-08-10T09:00:00,2026-08-10T09:16:32.227773,9.6,132.6,nodal,completed
T005176,R008,D0053,V1,S1,2026-08-10T08:15:00,2026-08-10T08:21:42,2026-08-10T09:00:00,2026-08-10T09:05:37.158732,9.7,127.6,nodal,completed
T005177,R011,D0114,V2,S1,2026-08-10T08:15:00,2026-08-10T08:21:12,2026-08-10T09:00:00,2026-08-10T09:06:10.184254,7.8,139.5,nodal,completed
T005178,R011,D0081,V2,S1,2026-08-10T08:15:00,2026-08-10T08:16:00,2026-08-10T09:00:00,2026-08-10T09:00:00,7.9,131.1,nodal,completed
T005179,R011,D0110,V1,S1,2026-08-10T08:15:00,2026-08-10T08:20:00,2026-08-10T09:00:00,2026-08-10T09:03:37.314921,8.5,133.3,nodal,completed
T005180,R011,D0011,V2,S1,2026-08-10T08:15:00,2026-08-10T08:17:24,2026-08-10T09:00:00,2026-08-10T09:00:17.106174,7.9,142.2,nodal,completed
T005181,R011,D0096,V2,S1,2026-08-10T08:15:00,2026-08-10T08:21:18,2026-08-10T09:00:00,2026-08-10T09:01:24.645205,8.6,143.7,nodal,completed
T005182,R013,D0037,V3,S1,2026-08-10T08:15:00,2026-08-10T08:20:18,2026-08-10T09:00:00,2026-08-10T09:03:36.682746,10.7,249.2,cab,completed
T005183,R013,D0033,V1,S1,2026-08-10T08:15:00,2026-08-10T08:29:54,2026-08-10T09:00:00,2026-08-10T09:10:55.636845,10.6,230.2,cab,completed
T005184,R013,D0108,V5,S1,2026-08-10T08:15:00,2026-08-10T08:16:06,2026-08-10T09:00:00,2026-08-10T09:00:00,10.5,228.4,cab,completed
T005185,R013,D0076,V3,S1,2026-08-10T08:15:00,2026-08-10T08:21:30,2026-08-10T09:00:00,2026-08-10T09:03:10.249904,11.6,256.1,cab,completed
T005186,R013,D0048,V5,S1,2026-08-10T08:15:00,2026-08-10T08:17:12,2026-08-10T09:00:00,2026-08-10T09:00:00,11.5,243.4,cab,completed
T005187,R013,D0058,V1,S1,2026-08-10T08:15:00,2026-08-10T08:19:12,2026-08-10T09:00:00,2026-08-10T09:00:18.167625,11.1,242.0,cab,completed
T005188,R013,D0117,V1,S1,2026-08-10T08:15:00,2026-08-10T08:29:12,2026-08-10T09:00:00,2026-08-10T09:10:03.121317,10.9,245.3,cab,completed
T005189,R013,D0062,V3,S1,2026-08-10T08:15:00,2026-08-10T08:17:24,2026-08-10T09:00:00,2026-08-10T09:00:00,11.1,254.1,cab,completed
T005190,R013,D0080,V1,S1,2026-08-10T08:15:00,2026-08-10T08:17:12,2026-08-10T09:00:00,2026-08-10T09:00:28.286396,10.8,237.0,cab,completed
T005191,R013,D0076,V3,S1,2026-08-10T08:15:00,2026-08-10T08:15:30,2026-08-10T09:00:00,2026-08-10T09:00:00,11.7,262.2,cab,completed
T005192,R013,D0023,V3,S1,2026-08-10T08:15:00,2026-08-10T08:18:00,2026-08-10T09:00:00,2026-08-10T09:01:48.189298,11.5,251.5,cab,completed
T005193,R018,D0104,V4,S1,2026-08-10T08:15:00,2026-08-10T08:27:54,2026-08-10T09:00:00,2026-08-10T09:12:10.572130,14.9,100.0,shuttle,completed
T005194,R018,D0050,V5,S1,2026-08-10T08:15:00,2026-08-10T08:18:36,2026-08-10T09:00:00,2026-08-10T09:00:20.202865,15.1,102.2,shuttle,completed
T005195,R018,D0109,V4,S1,2026-08-10T08:15:00,2026-08-10T08:15:42,2026-08-10T09:00:00,2026-08-10T09:00:00,15.5,105.4,shuttle,completed
T005196,R020,D0043,V1,S1,2026-08-10T08:15:00,2026-08-10T08:21:12,2026-08-10T09:00:00,2026-08-10T09:03:28.699673,10.1,146.0,nodal,completed
T005197,R020,D0090,V2,S1,2026-08-10T08:15:00,2026-08-10T08:19:30,2026-08-10T09:00:00,2026-08-10T09:02:16.512775,10.1,156.6,nodal,completed
T005198,R020,D0096,V2,S1,2026-08-10T08:15:00,2026-08-10T08:19:12,2026-08-10T09:00:00,2026-08-10T09:00:44.645344,9.7,161.0,nodal,completed
T005199,R020,D0087,V2,S1,2026-08-10T08:15:00,2026-08-10T08:19:24,2026-08-10T09:00:00,2026-08-10T09:01:12.085609,10.2,159.8,nodal,completed
T005200,R020,D0011,V2,S1,2026-08-10T08:15:00,2026-08-10T08:19:48,2026-08-10T09:00:00,2026-08-10T09:02:32.236853,10.7,170.5,nodal,completed
T005201,R020,D0090,V2,S1,2026-08-10T08:15:00,2026-08-10T08:23:00,2026-08-10T09:00:00,2026-08-10T09:03:16.332023,10.2,163.5,nodal,completed
T005202,R022,D0064,V3,S1,2026-08-10T08:15:00,2026-08-10T08:16:36,2026-08-10T09:00:00,2026-08-10T09:00:29.886882,17.6,327.6,cab,completed
T005203,R022,D0031,V3,S1,2026-08-10T08:15:00,2026-08-10T08:15:06,2026-08-10T09:00:00,2026-08-10T09:00:00,17.9,339.6,cab,completed
T005204,R022,D0079,V3,S1,2026-08-10T08:15:00,,2026-08-10T09:00:00,,17.9,333.3,cab,no_show
T005205,R022,D0117,V1,S1,2026-08-10T08:15:00,2026-08-10T08:37:36,2026-08-10T09:00:00,2026-08-10T09:20:49.430943,16.3,324.9,cab,completed
T005206,R022,D0076,V3,S1,2026-08-10T08:15:00,2026-08-10T08:15:00,2026-08-10T09:00:00,2026-08-10T09:00:00,17.6,332.8,cab,completed
T005207,R022,D0099,V5,S1,2026-08-10T08:15:00,2026-08-10T08:17:42,2026-08-10T09:00:00,2026-08-10T09:00:55.741194,18.2,343.1,cab,completed
T005208,R022,D0117,V1,S1,2026-08-10T08:15:00,2026-08-10T08:20:30,2026-08-10T09:00:00,2026-08-10T09:04:17.378864,17.2,323.8,cab,completed
T005209,R022,D0116,V5,S1,2026-08-10T08:15:00,2026-08-10T08:28:24,2026-08-10T09:00:00,2026-08-10T09:12:51.101993,16.7,324.6,cab,completed
T005210,R022,D0103,V5,S1,2026-08-10T08:15:00,2026-08-10T08:20:12,2026-08-10T09:00:00,2026-08-10T09:01:12.614166,17.4,331.9,cab,completed
T005211,R022,D0033,V1,S1,2026-08-10T08:15:00,2026-08-10T08:15:30,2026-08-10T09:00:00,2026-08-10T09:00:00,18.3,342.1,cab,completed
T005212,R022,D0108,V5,S1,2026-08-10T08:15:00,,2026-08-10T09:00:00,2026-08-10T09:02:35.642946,17.2,334.8,cab,completed
T005213,R003,D0061,V4,S2,2026-08-10T10:15:00,2026-08-10T10:16:00,2026-08-10T11:00:00,2026-08-10T11:00:00,22.2,129.0,shuttle,completed
T005214,R003,D0042,V5,S2,2026-08-10T10:15:00,2026-08-10T10:22:18,2026-08-10T11:00:00,2026-08-10T11:02:36.832393,23.7,142.7,shuttle,completed
T005215,R006,D0081,V2,S2,2026-08-10T10:15:00,2026-08-10T10:17:06,2026-08-10T11:00:00,2026-08-10T11:00:57.986687,19.6,145.5,shuttle,completed
T005216,R006,D0030,V2,S2,2026-08-10T10:15:00,,2026-08-10T11:00:00,2026-08-10T11:00:02.809480,19.1,137.4,shuttle,completed
T005217,R008,D0081,V2,S2,2026-08-10T10:15:00,2026-08-10T10:23:18,2026-08-10T11:00:00,2026-08-10T11:04:20.502689,8.6,137.1,nodal,completed
T005218,R008,D0072,V2,S2,2026-08-10T10:15:00,2026-08-10T10:23:42,2026-08-10T11:00:00,2026-08-10T11:04:38.152079,8.6,142.7,nodal,completed
T005219,R008,D0015,V1,S2,2026-08-10T10:15:00,2026-08-10T10:18:42,2026-08-10T11:00:00,2026-08-10T11:03:04.149147,8.6,125.0,nodal,completed
T005220,R008,D0009,V1,S2,2026-08-10T10:15:00,2026-08-10T10:17:24,2026-08-10T11:00:00,2026-08-10T11:00:00,9.5,135.9,nodal,completed
T005221,R011,D0114,V2,S2,2026-08-10T10:15:00,2026-08-10T10:15:48,2026-08-10T11:00:00,2026-08-10T11:00:00,7.7,125.4,nodal,completed
T005222,R011,D0012,V2,S2,2026-08-10T10:15:00,2026-08-10T10:28:30,2026-08-10T11:00:00,2026-08-10T11:12:12.697249,7.7,151.8,nodal,completed
T005223,R011,D0040,V1,S2,2026-08-10T10:15:00,2026-08-10T10:24:00,2026-08-10T11:00:00,2026-08-10T11:08:58.627254,7.8,122.3,nodal,completed
T005224,R011,D0029,V2,S2,2026-08-10T10:15:00,2026-08-10T10:19:36,2026-08-10T11:00:00,2026-08-10T11:02:40.656054,8.1,139.2,nodal,completed
T005225,R013,D0048,V5,S2,2026-08-10T10:15:00,2026-08-10T10:21:00,2026-08-10T11:00:00,2026-08-10T11:04:10.411815,10.6,241.6,cab,completed
T005226,R013,D0043,V1,S2,2026-08-10T10:15:00,2026-08-10T10:15:24,2026-08-10T11:00:00,2026-08-10T11:00:13.595127,11.8,254.4,cab,completed
T005227,R013,D0033,V1,S2,2026-08-10T10:15:00,2026-08-10T10:41:30,2026-08-10T11:00:00,2026-08-10T11:22:30.962215,10.6,230.2,cab,completed
T005228,R013,D0035,V1,S2,2026-08-10T10:15:00,2026-08-10T10:21:42,2026-08-10T11:00:00,2026-08-10T11:03:11.622739,11.3,255.8,cab,completed
T005229,R013,D0038,V5,S2,2026-08-10T10:15:00,2026-08-10T10:16:24,2026-08-10T11:00:00,2026-08-10T11:00:42.716715,11.7,250.8,cab,completed
T005230,R013,D0079,V3,S2,2026-08-10T10:15:00,2026-08-10T10:15:48,2026-08-10T11:00:00,2026-08-10T11:00:00,10.5,243.1,cab,completed
T005231,R013,D0047,V3,S2,2026-08-10T10:15:00,2026-08-10T10:21:00,2026-08-10T11:00:00,2026-08-10T11:05:42.520143,11.3,250.2,cab,completed
T005232,R013,D0050,V5,S2,2026-08-10T10:15:00,2026-08-10T10:15:12,2026-08-10T11:00:00,2026-08-10T11:00:00,10.6,232.5,cab,completed
T005233,R018,D0102,V4,S2,2026-08-10T10:15:00,2026-08-10T10:23:30,2026-08-10T11:00:00,2026-08-10T11:05:58.616179,15.5,112.5,shuttle,completed
T005234,R018,D0069,V5,S2,2026-08-10T10:15:00,2026-08-10T10:17:54,2026-08-10T11:00:00,2026-08-10T11:00:00,14.4,101.6,shuttle,completed
T005235,R020,D0030,V2,S2,2026-08-10T10:15:00,2026-08-10T10:35:12,2026-08-10T11:00:00,2026-08-10T11:17:59.314934,10.3,159.1,nodal,completed
T005236,R020,D0020,V2,S2,2026-08-10T10:15:00,2026-08-10T10:18:36,2026-08-10T11:00:00,2026-08-10T11:00:29.156009,10.1,156.7,nodal,completed
T005237,R020,D0070,V2,S2,2026-08-10T10:15:00,2026-08-10T10:31:00,2026-08-10T11:00:00,2026-08-10T11:11:12.874413,10.6,152.8,nodal,completed
T005238,R020,D0070,V2,S2,2026-08-10T10:15:00,2026-08-10T10:16:18,2026-08-10T11:00:00,2026-08-10T11:01:06.164583,10.4,154.6,nodal,completed
T005239,R022,D0088,V5,S2,2026-08-10T10:15:00,2026-08-10T10:19:06,2026-08-10T11:00:00,2026-08-10T11:01:36.225625,16.5,328.4,cab,completed
T005240,R022,D0024,V1,S2,2026-08-10T10:15:00,2026-08-10T10:17:24,2026-08-10T11:00:00,2026-08-10T11:00:54.664651,17.2,328.7,cab,completed
T005241,R022,D0064,V3,S2,2026-08-10T10:15:00,2026-08-10T10:24:30,2026-08-10T11:00:00,2026-08-10T11:08:24.858183,16.3,319.9,cab,completed
T005242,R022,D0036,V3,S2,2026-08-10T10:15:00,2026-08-10T10:21:12,2026-08-10T11:00:00,2026-08-10T11:01:39.112206,16.2,321.7,cab,completed
T005243,R022,D0027,V3,S2,2026-08-10T10:15:00,2026-08-10T10:15:00,2026-08-10T11:00:00,2026-08-10T11:00:00,16.4,318.5,cab,completed
T005244,R022,D0116,V5,S2,2026-08-10T10:15:00,2026-08-10T10:16:54,2026-08-10T11:00:00,2026-08-10T11:00:00,16.5,326.9,cab,completed
T005245,R022,D0049,V3,S2,2026-08-10T10:15:00,2026-08-10T10:22:54,2026-08-10T11:00:00,2026-08-10T11:05:07.318444,16.5,312.2,cab,completed
T005246,R022,D0004,V5,S2,2026-08-10T10:15:00,2026-08-10T10:17:24,2026-08-10T11:00:00,2026-08-10T11:02:09.681125,17.4,332.4,cab,completed
T005247,R003,D0001,V2,S3,2026-08-10T21:15:00,2026-08-10T21:15:30,2026-08-10T22:00:00,2026-08-10T22:00:00,21.8,159.3,shuttle,completed
T005248,R003,D0092,V4,S3,2026-08-10T21:15:00,2026-08-10T21:20:12,2026-08-10T22:00:00,2026-08-10T22:01:49.436681,21.9,133.6,shuttle,completed
T005249,R006,D0019,V4,S3,2026-08-10T21:15:00,2026-08-10T21:19:42,2026-08-10T22:00:00,2026-08-10T22:02:21.157387,19.4,112.7,shuttle,completed
T005250,R008,D0001,V2,S3,2026-08-10T21:15:00,2026-08-10T21:16:24,2026-08-10T22:00:00,2026-08-10T22:01:01.823648,8.8,142.1,nodal,completed
T005251,R008,D0114,V2,S3,2026-08-10T21:15:00,2026-08-10T21:21:48,2026-08-10T22:00:00,2026-08-10T22:03:11.768293,9.7,148.7,nodal,completed
T005252,R011,D0029,V2,S3,2026-08-10T21:15:00,2026-08-10T21:30:36,2026-08-10T22:00:00,2026-08-10T22:11:23.242085,8.2,131.9,nodal,completed
T005253,R011,D0113,V2,S3,2026-08-10T21:15:00,2026-08-10T21:15:30,2026-08-10T22:00:00,2026-08-10T22:00:00,8.4,144.4,nodal,completed
T005254,R011,D0080,V1,S3,2026-08-10T21:15:00,2026-08-10T21:16:48,2026-08-10T22:00:00,2026-08-10T22:00:00,7.9,127.7,nodal,completed
T005255,R013,D0056,V1,S3,2026-08-10T21:15:00,2026-08-10T21:15:36,2026-08-10T22:00:00,2026-08-10T22:00:00,11.0,247.5,cab,completed
T005256,R013,D0022,V5,S3,2026-08-10T21:15:00,2026-08-10T21:21:24,2026-08-10T22:00:00,2026-08-10T22:06:05.668663,11.0,236.3,cab,completed
T005257,R013,D0098,V5,S3,2026-08-10T21:15:00,2026-08-10T21:23:30,2026-08-10T22:00:00,2026-08-10T22:08:17.892215,11.1,249.0,cab,completed
T005258,R013,D0110,V1,S3,2026-08-10T21:15:00,2026-08-10T21:36:48,2026-08-10T22:00:00,2026-08-10T22:18:39.634327,10.7,230.3,cab,completed
T005259,R013,D0005,V1,S3,2026-08-10T21:15:00,2026-08-10T21:31:54,2026-08-10T22:00:00,2026-08-10T22:14:22.647215,10.7,246.9,cab,completed
T005260,R018,D0118,V4,S3,2026-08-10T21:15:00,2026-08-10T21:19:42,2026-08-10T22:00:00,2026-08-10T22:01:26.644409,16.0,108.5,shuttle,completed
T005261,R018,D0016,V5,S3,2026-08-10T21:15:00,2026-08-10T21:41:42,2026-08-10T22:00:00,2026-08-10T22:21:48.416133,15.1,97.5,shuttle,completed
T005262,R020,D0054,V2,S3,2026-08-10T21:15:00,2026-08-10T21:20:00,2026-08-10T22:00:00,2026-08-10T22:02:45.752887,9.7,145.8,nodal,completed
T005263,R020,D0033,V1,S3,2026-08-10T21:15:00,,2026-08-10T22:00:00,2026-08-10T22:05:16.240672,10.3,133.5,nodal,completed
T005264,R020,D0053,V1,S3,2026-08-10T21:15:00,2026-08-10T21:21:12,2026-08-10T22:00:00,2026-08-10T22:01:56.098240,9.9,141.0,nodal,completed
T005265,R022,D0047,V3,S3,2026-08-10T21:15:00,2026-08-10T21:20:48,2026-08-10T22:00:00,2026-08-10T22:02:32.545909,18.0,333.8,cab,completed
T005266,R022,D0037,V3,S3,2026-08-10T21:15:00,2026-08-10T21:15:54,2026-08-10T22:00:00,2026-08-10T22:00:12.034343,17.0,327.6,cab,completed
T005267,R022,D0015,V1,S3,2026-08-10T21:15:00,2026-08-10T21:16:12,2026-08-10T22:00:00,2026-08-10T22:00:00,18.1,335.1,cab,completed
T005268,R022,D0031,V3,S3,2026-08-10T21:15:00,2026-08-10T21:15:42,2026-08-10T22:00:00,2026-08-10T22:00:00,16.5,321.9,cab,completed
T005269,R003,D0120,V5,S1,2026-08-11T08:15:00,2026-08-11T08:29:42,2026-08-11T09:00:00,2026-08-11T09:11:20.990672,21.3,122.0,shuttle,completed
T005270,R003,D0109,V4,S1,2026-08-11T08:15:00,2026-08-11T08:18:36,2026-08-11T09:00:00,2026-08-11T09:00:30.362317,21.0,125.1,shuttle,completed
T005271,R003,D0084,V4,S1,2026-08-11T08:15:00,2026-08-11T08:32:12,2026-08-11T09:00:00,2026-08-11T09:16:58.557490,21.1,140.4,shuttle,completed
T005272,R006,D0092,V4,S1,2026-08-11T08:15:00,2026-08-11T08:15:18,2026-08-11T09:00:00,2026-08-11T09:00:00,19.0,125.2,shuttle,completed
T005273,R006,D0069,V5,S1,2026-08-11T08:15:00,2026-08-11T08:16:42,2026-08-11T09:00:00,2026-08-11T09:00:26.276754,20.2,116.1,shuttle,completed
T005274,R006,D0022,V5,S1,2026-08-11T08:15:00,2026-08-11T08:22:06,2026-08-11T09:00:00,2026-08-11T09:05:11.689480,18.3,121.9,shuttle,completed
T005275,R008,D0082,V1,S1,2026-08-11T08:15:00,2026-08-11T08:30:18,2026-08-11T09:00:00,2026-08-11T09:13:16.629113,9.0,127.6,nodal,completed
T005276,R008,D0066,V2,S1,2026-08-11T08:15:00,2026-08-11T08:21:24,2026-08-11T09:00:00,,9.2,143.7,nodal,cancelled
T005277,R008,D0117,V1,S1,2026-08-11T08:15:00,2026-08-11T08:20:30,2026-08-11T09:00:00,2026-08-11T09:05:10.436654,8.8,121.9,nodal,completed
T005278,R008,D0003,V1,S1,2026-08-11T08:15:00,2026-08-11T08:15:42,2026-08-11T09:00:00,2026-08-11T09:00:00,9.3,136.1,nodal,completed
T005279,R008,D0025,V2,S1,2026-08-11T08:15:00,2026-08-11T08:18:18,2026-08-11T09:00:00,2026-08-11T09:00:48.581146,9.2,147.2,nodal,completed
T005280,R011,D0070,V2,S1,2026-08-11T08:15:00,2026-08-11T08:16:54,2026-08-11T09:00:00,2026-08-11T09:00:06.005353,8.4,146.2,nodal,completed
T005281,R011,D0015,V1,S1,2026-08-11T08:15:00,2026-08-11T08:20:42,2026-08-11T09:00:00,2026-08-11T09:02:55.352086,7.9,115.0,nodal,completed
T005282,R011,D0008,V1,S1,2026-08-11T08:15:00,2026-08-11T08:36:18,2026-08-11T09:00:00,2026-08-11T09:16:19.805198,8.3,127.1,nodal,completed
T005283,R011,D0035,V1,S1,2026-08-11T08:15:00,2026-08-11T08:45:24,2026-08-11T09:00:00,2026-08-11T09:25:34.721352,7.7,109.4,nodal,completed
T005284,R011,D0068,V1,S1,2026-08-11T08:15:00,2026-08-11T08:16:24,2026-08-11T09:00:00,2026-08-11T09:00:00,8.0,130.0,nodal,completed
T005285,R013,D0083,V3,S1,2026-08-11T08:15:00,2026-08-11T08:15:42,2026-08-11T09:00:00,2026-08-11T09:00:00,10.7,243.4,cab,completed
T005286,R013,D0038,V5,S1,2026-08-11T08:15:00,2026-08-11T08:16:42,2026-08-11T09:00:00,2026-08-11T09:00:29.312227,11.4,245.1,cab,completed
T005287,R013,D0082,V1,S1,2026-08-11T08:15:00,2026-08-11T08:25:06,2026-08-11T09:00:00,2026-08-11T09:07:11.517850,11.6,251.0,cab,completed
T005288,R013,D0117,V1,S1,2026-08-11T08:15:00,2026-08-11T08:22:24,2026-08-11T09:00:00,2026-08-11T09:04:42.411873,11.2,239.4,cab,completed
T005289,R013,D0036,V3,S1,2026-08-11T08:15:00,2026-08-11T08:15:24,2026-08-11T09:00:00,2026-08-11T09:00:00,10.6,245.9,cab,completed
T005290,R013,D0055,V3,S1,2026-08-11T08:15:00,2026-08-11T08:16:12,2026-08-11T09:00:00,2026-08-11T09:00:00,11.0,251.4,cab,completed
T005291,R013,D0004,V5,S1,2026-08-11T08:15:00,2026-08-11T08:19:06,2026-08-11T09:00:00,2026-08-11T09:01:15.920867,10.8,242.1,cab,completed
T005292,R013,D0058,V1,S1,2026-08-11T08:15:00,2026-08-11T08:50:36,2026-08-11T09:00:00,2026-08-11T09:32:33.586057,11.8,263.9,cab,completed
T005293,R013,D0016,V5,S1,2026-08-11T08:15:00,,2026-08-11T09:00:00,,11.6,244.6,cab,no_show
T005294,R013,D0112,V1,S1,2026-08-11T08:15:00,2026-08-11T08:16:54,2026-08-11T09:00:00,2026-08-11T09:00:00,11.7,244.5,cab,completed
T005295,R018,D0116,V5,S1,2026-08-11T08:15:00,2026-08-11T08:18:36,2026-08-11T09:00:00,2026-08-11T09:03:00.696091,16.1,98.6,shuttle,completed
T005296,R018,D0108,V5,S1,2026-08-11T08:15:00,2026-08-11T08:17:12,2026-08-11T09:00:00,2026-08-11T09:01:39.953114,15.7,94.1,shuttle,completed
T005297,R018,D0046,V5,S1,2026-08-11T08:15:00,2026-08-11T08:25:12,2026-08-11T09:00:00,2026-08-11T09:08:08.589506,16.0,108.5,shuttle,completed
T005298,R020,D0072,V2,S1,2026-08-11T08:15:00,2026-08-11T08:22:54,2026-08-11T09:00:00,2026-08-11T09:05:00.406034,9.6,160.9,nodal,completed
T005299,R020,D0057,V2,S1,2026-08-11T08:15:00,2026-08-11T08:16:48,2026-08-11T09:00:00,2026-08-11T09:00:00,10.5,172.6,nodal,completed
T005300,R020,D0107,V2,S1,2026-08-11T08:15:00,,2026-08-11T09:00:00,,9.8,148.5,nodal,no_show
T005301,R020,D0096,V2,S1,2026-08-11T08:15:00,2026-08-11T08:21:54,2026-08-11T09:00:00,2026-08-11T09:06:36.814154,10.0,148.1,nodal,completed
T005302,R020,D0073,V2,S1,2026-08-11T08:15:00,2026-08-11T08:18:36,2026-08-11T09:00:00,2026-08-11T09:00:29.995940,10.1,158.6,nodal,completed
T005303,R020,D0054,V2,S1,2026-08-11T08:15:00,2026-08-11T08:26:12,2026-08-11T09:00:00,2026-08-11T09:09:24.272712,10.8,162.1,nodal,completed
T005304,R022,D0003,V1,S1,2026-08-11T08:15:00,2026-08-11T08:21:36,2026-08-11T09:00:00,2026-08-11T09:04:09.775696,17.2,340.1,cab,completed
T005305,R022,D0042,V5,S1,2026-08-11T08:15:00,2026-08-11T08:21:18,2026-08-11T09:00:00,2026-08-11T09:02:13.017985,17.4,341.4,cab,completed
T005306,R022,D0004,V5,S1,2026-08-11T08:15:00,2026-08-11T08:16:30,2026-08-11T09:00:00,2026-08-11T09:01:26.827984,16.6,347.2,cab,completed
T005307,R022,D0068,V1,S1,2026-08-11T08:15:00,2026-08-11T08:27:24,2026-08-11T09:00:00,2026-08-11T09:08:13.411407,18.1,338.2,cab,completed
T005308,R022,D0010,V1,S1,2026-08-11T08:15:00,2026-08-11T08:32:06,2026-08-11T09:00:00,2026-08-11T09:13:57.500517,16.3,312.1,cab,completed
T005309,R022,D0036,V3,S1,2026-08-11T08:15:00,2026-08-11T08:19:24,2026-08-11T09:00:00,2026-08-11T09:01:57.571148,18.0,337.4,cab,completed
T005310,R022,D0023,V3,S1,2026-08-11T08:15:00,2026-08-11T08:16:30,2026-08-11T09:00:00,2026-08-11T09:00:00,17.9,345.8,cab,completed
T005311,R022,D0064,V3,S1,2026-08-11T08:15:00,2026-08-11T08:17:54,2026-08-11T09:00:00,2026-08-11T09:00:28.517551,16.2,313.4,cab,completed
T005312,R022,D0064,V3,S1,2026-08-11T08:15:00,2026-08-11T08:28:18,2026-08-11T09:00:00,,18.0,338.5,cab,cancelled
T005313,R022,D0022,V5,S1,2026-08-11T08:15:00,2026-08-11T08:18:48,2026-08-11T09:00:00,2026-08-11T09:00:00,17.9,340.7,cab,completed
T005314,R022,D0064,V3,S1,2026-08-11T08:15:00,2026-08-11T08:18:30,2026-08-11T09:00:00,2026-08-11T09:01:15.851885,16.7,324.0,cab,completed
T005315,R022,D0071,V5,S1,2026-08-11T08:15:00,2026-08-11T08:26:48,2026-08-11T09:00:00,2026-08-11T09:09:42.523927,17.9,333.4,cab,completed
T005316,R003,D0022,V5,S2,2026-08-11T10:15:00,2026-08-11T10:19:42,2026-08-11T11:00:00,2026-08-11T11:03:20.411238,22.8,134.8,shuttle,completed
T005317,R003,D0046,V5,S2,2026-08-11T10:15:00,2026-08-11T10:21:30,2026-08-11T11:00:00,2026-08-11T11:04:59.479021,21.2,131.8,shuttle,completed
T005318,R006,D0084,V4,S2,2026-08-11T10:15:00,2026-08-11T10:21:42,2026-08-11T11:00:00,2026-08-11T11:04:05.332182,19.5,121.4,shuttle,completed
T005319,R006,D0106,V2,S2,2026-08-11T10:15:00,2026-08-11T10:26:36,2026-08-11T11:00:00,2026-08-11T11:07:25.983678,19.1,143.3,shuttle,completed
T005320,R008,D0086,V1,S2,2026-08-11T10:15:00,2026-08-11T10:31:06,2026-08-11T11:00:00,2026-08-11T11:14:04.655670,9.6,130.6,nodal,completed
T005321,R008,D0009,V1,S2,2026-08-11T10:15:00,2026-08-11T10:16:48,2026-08-11T11:00:00,2026-08-11T11:00:00,9.2,146.8,nodal,completed
T005322,R008,D0090,V2,S2,2026-08-11T10:15:00,2026-08-11T10:21:54,2026-08-11T11:00:00,2026-08-11T11:03:11.037402,8.6,137.5,nodal,completed
T005323,R011,D0025,V2,S2,2026-08-11T10:15:00,2026-08-11T10:15:18,2026-08-11T11:00:00,2026-08-11T11:00:00.250448,8.3,136.1,nodal,completed
T005324,R011,D0087,V2,S2,2026-08-11T10:15:00,2026-08-11T10:19:30,2026-08-11T11:00:00,2026-08-11T11:02:05.904094,8.6,137.1,nodal,completed
T005325,R011,D0053,V1,S2,2026-08-11T10:15:00,2026-08-11T10:15:24,2026-08-11T11:00:00,2026-08-11T11:00:00,8.3,120.1,nodal,completed
T005326,R011,D0096,V2,S2,2026-08-11T10:15:00,2026-08-11T10:19:12,2026-08-11T11:00:00,2026-08-11T11:01:47.814329,7.7,130.1,nodal,completed
T005327,R013,D0095,V3,S2,2026-08-11T10:15:00,2026-08-11T10:19:24,2026-08-11T11:00:00,2026-08-11T11:02:35.774760,11.2,238.3,cab,completed
T005328,R013,D0003,V1,S2,2026-08-11T10:15:00,2026-08-11T10:26:00,2026-08-11T11:00:00,2026-08-11T11:09:57.499456,11.0,238.2,cab,completed
T005329,R013,D0035,V1,S2,2026-08-11T10:15:00,2026-08-11T10:27:48,2026-08-11T11:00:00,2026-08-11T11:12:03.891693,10.5,233.0,cab,completed
T005330,R013,D0088,V5,S2,2026-08-11T10:15:00,2026-08-11T10:31:42,2026-08-11T11:00:00,2026-08-11T11:15:48.181622,10.5,245.5,cab,completed
T005331,R013,D0008,V1,S2,2026-08-11T10:15:00,2026-08-11T10:35:18,2026-08-11T11:00:00,2026-08-11T11:15:23.400829,11.4,258.2,cab,completed
T005332,R013,D0043,V1,S2,2026-08-11T10:15:00,2026-08-11T10:35:00,2026-08-11T11:00:00,2026-08-11T11:15:17.177579,10.5,227.7,cab,completed
T005333,R013,D0105,V3,S2,2026-08-11T10:15:00,2026-08-11T10:15:06,2026-08-11T11:00:00,2026-08-11T11:00:00,11.2,248.7,cab,completed
T005334,R013,D0056,V1,S2,2026-08-11T10:15:00,2026-08-11T10:22:06,2026-08-11T11:00:00,2026-08-11T11:06:06.990865,11.2,247.0,cab,completed
T005335,R018,D0014,V5,S2,2026-08-11T10:15:00,2026-08-11T10:33:30,2026-08-11T11:00:00,2026-08-11T11:16:43.577723,15.8,113.8,shuttle,completed
T005336,R018,D0119,V4,S2,2026-08-11T10:15:00,2026-08-11T10:23:24,2026-08-11T11:00:00,2026-08-11T11:06:02.641403,15.4,116.8,shuttle,completed
T005337,R020,D0033,V1,S2,2026-08-11T10:15:00,2026-08-11T10:17:42,2026-08-11T11:00:00,2026-08-11T11:00:00,9.9,147.7,nodal,completed
T005338,R020,D0025,V2,S2,2026-08-11T10:15:00,2026-08-11T10:35:24,2026-08-11T11:00:00,2026-08-11T11:17:12.158973,10.8,169.6,nodal,completed
T005339,R020,D0033,V1,S2,2026-08-11T10:15:00,2026-08-11T10:23:36,2026-08-11T11:00:00,2026-08-11T11:05:55.295531,10.1,135.6,nodal,completed
T005340,R020,D0087,V2,S2,2026-08-11T10:15:00,2026-08-11T10:23:24,2026-08-11T11:00:00,2026-08-11T11:07:14.639035,9.7,143.6,nodal,completed
T005341,R022,D0013,V5,S2,2026-08-11T10:15:00,2026-08-11T10:18:48,2026-08-11T11:00:00,2026-08-11T11:00:00,16.3,324.7,cab,completed
T005342,R022,D0013,V5,S2,2026-08-11T10:15:00,2026-08-11T10:25:30,2026-08-11T11:00:00,2026-08-11T11:08:36.237428,18.1,339.1,cab,completed
T005343,R022,D0086,V1,S2,2026-08-11T10:15:00,2026-08-11T10:15:30,2026-08-11T11:00:00,2026-08-11T11:00:00,17.8,339.5,cab,completed
T005344,R022,D0005,V1,S2,2026-08-11T10:15:00,2026-08-11T10:35:42,2026-08-11T11:00:00,2026-08-11T11:19:33.239824,17.1,325.2,cab,completed
T005345,R022,D0047,V3,S2,2026-08-11T10:15:00,2026-08-11T10:16:06,2026-08-11T11:00:00,2026-08-11T11:00:00,16.7,339.4,cab,completed
T005346,R022,D0067,V3,S2,2026-08-11T10:15:00,2026-08-11T10:17:18,2026-08-11T11:00:00,2026-08-11T11:00:42.907970,16.5,313.3,cab,completed
T005347,R022,D0005,V1,S2,2026-08-11T10:15:00,2026-08-11T10:27:06,2026-08-11T11:00:00,2026-08-11T11:07:29.667499,18.2,343.4,cab,completed
T005348,R022,D0110,V1,S2,2026-08-11T10:15:00,2026-08-11T10:23:06,2026-08-11T11:00:00,2026-08-11T11:06:34.820037,17.4,331.1,cab,completed
T005349,R003,D0104,V4,S3,2026-08-11T21:15:00,2026-08-11T21:18:48,2026-08-11T22:00:00,2026-08-11T22:01:25.584702,23.0,146.9,shuttle,completed
T005350,R003,D0088,V5,S3,2026-08-11T21:15:00,2026-08-11T21:16:54,2026-08-11T22:00:00,2026-08-11T22:00:00,22.4,144.5,shuttle,completed
T005351,R006,D0115,V4,S3,2026-08-11T21:15:00,2026-08-11T21:21:54,2026-08-11T22:00:00,2026-08-11T22:06:40.150561,20.1,125.3,shuttle,completed
T005352,R008,D0010,V1,S3,2026-08-11T21:15:00,2026-08-11T21:16:54,2026-08-11T22:00:00,2026-08-11T22:00:00,8.8,122.4,nodal,completed
T005353,R008,D0058,V1,S3,2026-08-11T21:15:00,2026-08-11T21:17:42,2026-08-11T22:00:00,2026-08-11T22:01:59.147913,9.6,136.3,nodal,completed
T005354,R011,D0087,V2,S3,2026-08-11T21:15:00,2026-08-11T21:17:00,2026-08-11T22:00:00,,8.3,141.6,nodal,cancelled
T005355,R011,D0081,V2,S3,2026-08-11T21:15:00,2026-08-11T21:23:12,2026-08-11T22:00:00,2026-08-11T22:05:44.176337,8.0,129.4,nodal,completed
T005356,R011,D0040,V1,S3,2026-08-11T21:15:00,2026-08-11T21:21:54,2026-08-11T22:00:00,2026-08-11T22:01:57.275896,8.1,116.3,nodal,completed
T005357,R013,D0010,V1,S3,2026-08-11T21:15:00,2026-08-11T21:28:12,2026-08-11T22:00:00,2026-08-11T22:12:30.282981,11.4,242.4,cab,completed
T005358,R013,D0080,V1,S3,2026-08-11T21:15:00,2026-08-11T21:26:12,2026-08-11T22:00:00,2026-08-11T22:11:10.884400,11.6,274.4,cab,completed
T005359,R013,D0009,V1,S3,2026-08-11T21:15:00,2026-08-11T21:19:48,2026-08-11T22:00:00,2026-08-11T22:02:02.094045,11.3,240.5,cab,completed
T005360,R013,D0038,V5,S3,2026-08-11T21:15:00,2026-08-11T21:15:24,2026-08-11T22:00:00,2026-08-11T22:00:00,10.7,232.9,cab,completed
T005361,R013,D0067,V3,S3,2026-08-11T21:15:00,2026-08-11T21:19:18,2026-08-11T22:00:00,2026-08-11T22:00:08.530005,11.6,261.9,cab,completed
T005362,R013,D0103,V5,S3,2026-08-11T21:15:00,2026-08-11T21:38:48,2026-08-11T22:00:00,2026-08-11T22:20:10.314855,10.5,239.3,cab,completed
T005363,R018,D0042,V5,S3,2026-08-11T21:15:00,2026-08-11T21:23:42,2026-08-11T22:00:00,2026-08-11T22:06:14.266391,14.8,101.6,shuttle,completed
T005364,R018,D0120,V5,S3,2026-08-11T21:15:00,2026-08-11T21:21:06,2026-08-11T22:00:00,2026-08-11T22:03:44.976353,15.1,101.1,shuttle,completed
T005365,R020,D0005,V1,S3,2026-08-11T21:15:00,2026-08-11T21:24:42,2026-08-11T22:00:00,2026-08-11T22:05:11.440548,10.0,133.5,nodal,completed
T005366,R020,D0090,V2,S3,2026-08-11T21:15:00,2026-08-11T21:18:48,2026-08-11T22:00:00,2026-08-11T22:00:42.746483,10.5,166.4,nodal,completed
T005367,R022,D0116,V5,S3,2026-08-11T21:15:00,2026-08-11T21:17:48,2026-08-11T22:00:00,2026-08-11T22:01:02.866198,16.5,321.6,cab,completed
T005368,R022,D0116,V5,S3,2026-08-11T21:15:00,2026-08-11T21:19:48,2026-08-11T22:00:00,2026-08-11T22:03:48.443558,16.7,327.6,cab,completed
T005369,R022,D0033,V1,S3,2026-08-11T21:15:00,2026-08-11T21:15:36,2026-08-11T22:00:00,2026-08-11T22:00:00,16.9,330.9,cab,completed
T005370,R022,D0048,V5,S3,2026-08-11T21:15:00,2026-08-11T21:33:54,2026-08-11T22:00:00,2026-08-11T22:18:36.388167,18.3,337.5,cab,completed
T005371,R003,D0066,V2,S1,2026-08-12T08:15:00,,2026-08-12T09:00:00,,23.3,166.0,shuttle,no_show
T005372,R003,D0006,V5,S1,2026-08-12T08:15:00,2026-08-12T08:17:24,2026-08-12T09:00:00,2026-08-12T09:00:00,23.7,149.6,shuttle,completed
T005373,R003,D0013,V5,S1,2026-08-12T08:15:00,2026-08-12T08:18:48,2026-08-12T09:00:00,2026-08-12T09:00:57.942264,21.4,137.9,shuttle,completed
T005374,R006,D0098,V5,S1,2026-08-12T08:15:00,2026-08-12T08:21:30,2026-08-12T09:00:00,2026-08-12T09:06:19.580647,19.6,123.8,shuttle,completed
T005375,R006,D0054,V2,S1,2026-08-12T08:15:00,2026-08-12T08:27:06,2026-08-12T09:00:00,2026-08-12T09:10:38.204611,19.0,144.6,shuttle,completed
T005376,R006,D0097,V2,S1,2026-08-12T08:15:00,2026-08-12T08:36:54,2026-08-12T09:00:00,2026-08-12T09:17:30.719178,20.1,150.2,shuttle,completed
T005377,R008,D0003,V1,S1,2026-08-12T08:15:00,2026-08-12T08:16:12,2026-08-12T09:00:00,2026-08-12T09:00:00,9.1,126.2,nodal,completed
T005378,R008,D0032,V1,S1,2026-08-12T08:15:00,2026-08-12T08:24:18,2026-08-12T09:00:00,2026-08-12T09:06:10.344848,8.8,131.9,nodal,completed
T005379,R008,D0114,V2,S1,2026-08-12T08:15:00,2026-08-12T08:16:18,2026-08-12T09:00:00,2026-08-12T09:00:00,8.6,144.6,nodal,completed
T005380,R008,D0011,V2,S1,2026-08-12T08:15:00,2026-08-12T08:17:18,2026-08-12T09:00:00,2026-08-12T09:01:28.725035,9.1,141.0,nodal,completed
T005381,R008,D0082,V1,S1,2026-08-12T08:15:00,2026-08-12T08:34:12,2026-08-12T09:00:00,2026-08-12T09:18:15.367489,9.7,128.3,nodal,completed
T005382,R011,D0056,V1,S1,2026-08-12T08:15:00,2026-08-12T08:19:36,2026-08-12T09:00:00,2026-08-12T09:00:37.602573,8.6,123.0,nodal,completed
T005383,R011,D0111,V1,S1,2026-08-12T08:15:00,2026-08-12T08:25:06,2026-08-12T09:00:00,2026-08-12T09:05:47.303764,7.9,128.2,nodal,completed
T005384,R011,D0005,V1,S1,2026-08-12T08:15:00,2026-08-12T08:17:42,2026-08-12T09:00:00,2026-08-12T09:00:52.808100,8.2,122.9,nodal,completed
T005385,R011,D0107,V2,S1,2026-08-12T08:15:00,2026-08-12T08:17:18,2026-08-12T09:00:00,2026-08-12T09:00:00,7.9,139.7,nodal,completed
T005386,R011,D0110,V1,S1,2026-08-12T08:15:00,2026-08-12T08:21:48,2026-08-12T09:00:00,2026-08-12T09:04:01.765220,7.6,125.1,nodal,completed
T005387,R013,D0101,V5,S1,2026-08-12T08:15:00,,2026-08-12T09:00:00,,11.6,275.5,cab,no_show
T005388,R013,D0006,V5,S1,2026-08-12T08:15:00,2026-08-12T08:24:06,2026-08-12T09:00:00,2026-08-12T09:06:23.751259,11.7,257.8,cab,completed
T005389,R013,D0083,V3,S1,2026-08-12T08:15:00,2026-08-12T08:15:42,2026-08-12T09:00:00,2026-08-12T09:00:00,10.6,254.5,cab,completed
T005390,R013,D0082,V1,S1,2026-08-12T08:15:00,2026-08-12T08:25:48,2026-08-12T09:00:00,2026-08-12T09:08:57.293641,11.2,249.5,cab,completed
T005391,R013,D0098,V5,S1,2026-08-12T08:15:00,2026-08-12T08:22:54,2026-08-12T09:00:00,2026-08-12T09:06:04.681142,10.8,251.1,cab,completed
T005392,R013,D0120,V5,S1,2026-08-12T08:15:00,2026-08-12T08:17:54,2026-08-12T09:00:00,2026-08-12T09:01:51.609876,11.8,272.1,cab,completed
T005393,R013,D0015,V1,S1,2026-08-12T08:15:00,2026-08-12T08:39:24,2026-08-12T09:00:00,2026-08-12T09:23:55.977864,11.1,238.6,cab,completed
T005394,R013,D0098,V5,S1,2026-08-12T08:15:00,2026-08-12T08:24:24,2026-08-12T09:00:00,2026-08-12T09:06:51.609428,11.5,252.4,cab,completed
T005395,R013,D0047,V3,S1,2026-08-12T08:15:00,2026-08-12T08:23:18,2026-08-12T09:00:00,2026-08-12T09:07:29.924450,11.2,245.2,cab,completed
T005396,R013,D0065,V3,S1,2026-08-12T08:15:00,2026-08-12T08:19:48,2026-08-12T09:00:00,2026-08-12T09:04:33.884257,11.2,240.7,cab,completed
T005397,R013,D0037,V3,S1,2026-08-12T08:15:00,2026-08-12T08:20:30,2026-08-12T09:00:00,2026-08-12T09:01:37.846176,11.0,253.6,cab,completed
T005398,R018,D0092,V4,S1,2026-08-12T08:15:00,,2026-08-12T09:00:00,2026-08-12T09:00:00,14.8,96.7,shuttle,completed
T005399,R018,D0091,V4,S1,2026-08-12T08:15:00,2026-08-12T08:28:54,2026-08-12T09:00:00,2026-08-12T09:09:08.968953,14.9,94.9,shuttle,completed
T005400,R018,D0041,V4,S1,2026-08-12T08:15:00,2026-08-12T08:15:36,2026-08-12T09:00:00,2026-08-12T09:00:00,14.8,108.3,shuttle,completed
T005401,R020,D0040,V1,S1,2026-08-12T08:15:00,2026-08-12T08:19:54,2026-08-12T09:00:00,2026-08-12T09:01:20.424874,10.7,151.8,nodal,completed
T005402,R020,D0011,V2,S1,2026-08-12T08:15:00,2026-08-12T08:16:48,2026-08-12T09:00:00,2026-08-12T09:00:33.628969,9.9,164.4,nodal,completed
T005403,R020,D0107,V2,S1,2026-08-12T08:15:00,2026-08-12T08:16:06,2026-08-12T09:00:00,2026-08-12T09:00:21.937233,9.8,146.5,nodal,completed
T005404,R020,D0054,V2,S1,2026-08-12T08:15:00,2026-08-12T08:23:48,2026-08-12T09:00:00,2026-08-12T09:06:23.044946,10.7,167.7,nodal,completed
T005405,R020,D0063,V2,S1,2026-08-12T08:15:00,2026-08-12T08:20:12,2026-08-12T09:00:00,2026-08-12T09:02:09.330236,9.9,159.3,nodal,completed
T005406,R020,D0032,V1,S1,2026-08-12T08:15:00,2026-08-12T08:27:18,2026-08-12T09:00:00,2026-08-12T09:08:50.366687,10.1,134.7,nodal,completed
T005407,R022,D0095,V3,S1,2026-08-12T08:15:00,2026-08-12T08:15:00,2026-08-12T09:00:00,2026-08-12T09:00:00,17.3,338.8,cab,completed
T005408,R022,D0083,V3,S1,2026-08-12T08:15:00,2026-08-12T08:21:24,2026-08-12T09:00:00,2026-08-12T09:03:51.778723,18.0,346.3,cab,completed
T005409,R022,D0048,V5,S1,2026-08-12T08:15:00,2026-08-12T08:36:36,2026-08-12T09:00:00,2026-08-12T09:17:04.170982,16.7,330.9,cab,completed
T005410,R022,D0035,V1,S1,2026-08-12T08:15:00,2026-08-12T08:15:48,2026-08-12T09:00:00,2026-08-12T09:00:00,18.2,346.7,cab,completed
T005411,R022,D0111,V1,S1,2026-08-12T08:15:00,2026-08-12T08:25:06,2026-08-12T09:00:00,2026-08-12T09:06:20.678890,17.5,329.0,cab,completed
T005412,R022,D0042,V5,S1,2026-08-12T08:15:00,2026-08-12T08:17:18,2026-08-12T09:00:00,2026-08-12T09:00:01.365387,18.2,340.1,cab,completed
T005413,R022,D0062,V3,S1,2026-08-12T08:15:00,2026-08-12T08:21:24,2026-08-12T09:00:00,2026-08-12T09:02:51.815983,17.0,326.7,cab,completed
T005414,R022,D0009,V1,S1,2026-08-12T08:15:00,2026-08-12T08:21:12,2026-08-12T09:00:00,2026-08-12T09:01:25.726082,17.1,324.4,cab,completed
T005415,R022,D0008,V1,S1,2026-08-12T08:15:00,2026-08-12T08:21:00,2026-08-12T09:00:00,2026-08-12T09:02:24.397781,16.4,327.7,cab,completed
T005416,R022,D0089,V3,S1,2026-08-12T08:15:00,2026-08-12T08:15:54,2026-08-12T09:00:00,2026-08-12T09:00:00,17.0,330.2,cab,completed
T005417,R022,D0111,V1,S1,2026-08-12T08:15:00,2026-08-12T08:24:30,2026-08-12T09:00:00,2026-08-12T09:06:19.209614,17.9,349.6,cab,completed
T005418,R022,D0037,V3,S1,2026-08-12T08:15:00,2026-08-12T08:16:48,2026-08-12T09:00:00,2026-08-12T09:00:52.854190,18.2,347.3,cab,completed
T005419,R003,D0061,V4,S2,2026-08-12T10:15:00,2026-08-12T10:18:18,2026-08-12T11:00:00,2026-08-12T11:03:06.259771,22.1,138.6,shuttle,completed
T005420,R003,D0106,V2,S2,2026-08-12T10:15:00,2026-08-12T10:18:24,2026-08-12T11:00:00,2026-08-12T11:00:00.474614,22.7,150.9,shuttle,completed
T005421,R006,D0098,V5,S2,2026-08-12T10:15:00,2026-08-12T10:15:12,2026-08-12T11:00:00,2026-08-12T11:00:00,18.9,109.7,shuttle,completed
T005422,R006,D0120,V5,S2,2026-08-12T10:15:00,2026-08-12T10:30:54,2026-08-12T11:00:00,2026-08-12T11:11:40.727244,19.9,116.6,shuttle,completed
T005423,R008,D0054,V2,S2,2026-08-12T10:15:00,,2026-08-12T11:00:00,2026-08-12T11:07:47.933334,8.9,136.0,nodal,completed
T005424,R008,D0117,V1,S2,2026-08-12T10:15:00,2026-08-12T10:17:06,2026-08-12T11:00:00,2026-08-12T11:00:34.055506,9.2,135.2,nodal,completed
T005425,R008,D0010,V1,S2,2026-08-12T10:15:00,2026-08-12T10:20:12,2026-08-12T11:00:00,2026-08-12T11:00:31.548240,9.5,145.2,nodal,completed
T005426,R011,D0032,V1,S2,2026-08-12T10:15:00,2026-08-12T10:32:48,2026-08-12T11:00:00,2026-08-12T11:13:16.867741,8.4,128.4,nodal,completed
T005427,R011,D0005,V1,S2,2026-08-12T10:15:00,2026-08-12T10:21:36,2026-08-12T11:00:00,2026-08-12T11:06:26.100848,8.5,133.1,nodal,completed
T005428,R011,D0005,V1,S2,2026-08-12T10:15:00,2026-08-12T10:44:54,2026-08-12T11:00:00,2026-08-12T11:26:11.280758,8.2,116.2,nodal,completed
T005429,R013,D0056,V1,S2,2026-08-12T10:15:00,2026-08-12T10:21:06,2026-08-12T11:00:00,2026-08-12T11:02:08.977164,10.6,242.8,cab,completed
T005430,R013,D0016,V5,S2,2026-08-12T10:15:00,2026-08-12T10:26:00,2026-08-12T11:00:00,2026-08-12T11:08:51.660546,11.4,251.0,cab,completed
T005431,R013,D0088,V5,S2,2026-08-12T10:15:00,2026-08-12T10:30:30,2026-08-12T11:00:00,2026-08-12T11:12:29.688487,10.9,251.7,cab,completed
T005432,R013,D0048,V5,S2,2026-08-12T10:15:00,2026-08-12T10:15:12,2026-08-12T11:00:00,2026-08-12T11:00:00,11.0,243.4,cab,completed
T005433,R013,D0037,V3,S2,2026-08-12T10:15:00,2026-08-12T10:16:42,2026-08-12T11:00:00,2026-08-12T11:01:03.529475,11.8,250.2,cab,completed
T005434,R013,D0103,V5,S2,2026-08-12T10:15:00,2026-08-12T10:17:12,2026-08-12T11:00:00,2026-08-12T11:00:00,10.7,245.0,cab,completed
T005435,R013,D0018,V5,S2,2026-08-12T10:15:00,2026-08-12T10:21:06,2026-08-12T11:00:00,2026-08-12T11:02:17.091732,10.8,235.0,cab,completed
T005436,R018,D0106,V2,S2,2026-08-12T10:15:00,2026-08-12T10:23:54,2026-08-12T11:00:00,2026-08-12T11:07:15.525619,15.0,123.7,shuttle,completed
T005437,R018,D0007,V4,S2,2026-08-12T10:15:00,2026-08-12T10:22:12,2026-08-12T11:00:00,2026-08-12T11:06:17.133168,14.3,104.0,shuttle,completed
T005438,R020,D0111,V1,S2,2026-08-12T10:15:00,2026-08-12T10:43:36,2026-08-12T11:00:00,2026-08-12T11:26:11.542251,10.7,136.5,nodal,completed
T005439,R020,D0005,V1,S2,2026-08-12T10:15:00,2026-08-12T10:16:54,2026-08-12T11:00:00,2026-08-12T11:00:00,9.8,129.3,nodal,completed
T005440,R020,D0009,V1,S2,2026-08-12T10:15:00,2026-08-12T10:20:12,2026-08-12T11:00:00,2026-08-12T11:04:16.104738,10.2,141.8,nodal,completed
T005441,R020,D0051,V2,S2,2026-08-12T10:15:00,2026-08-12T10:16:24,2026-08-12T11:00:00,2026-08-12T11:00:00,10.7,172.5,nodal,completed
T005442,R020,D0015,V1,S2,2026-08-12T10:15:00,2026-08-12T10:20:36,2026-08-12T11:00:00,2026-08-12T11:01:18.484223,9.7,145.3,nodal,completed
T005443,R022,D0046,V5,S2,2026-08-12T10:15:00,2026-08-12T10:20:42,2026-08-12T11:00:00,2026-08-12T11:01:22.884017,16.8,322.1,cab,completed
T005444,R022,D0031,V3,S2,2026-08-12T10:15:00,2026-08-12T10:19:36,2026-08-12T11:00:00,2026-08-12T11:03:44.963354,16.6,312.7,cab,completed
T005445,R022,D0055,V3,S2,2026-08-12T10:15:00,2026-08-12T10:16:36,2026-08-12T11:00:00,2026-08-12T11:00:00,18.2,344.8,cab,completed
T005446,R022,D0039,V3,S2,2026-08-12T10:15:00,2026-08-12T10:18:00,2026-08-12T11:00:00,2026-08-12T11:02:01.983370,18.3,339.9,cab,completed
T005447,R022,D0089,V3,S2,2026-08-12T10:15:00,2026-08-12T10:17:06,2026-08-12T11:00:00,2026-08-12T11:02:02.578086,17.1,326.9,cab,completed
T005448,R022,D0004,V5,S2,2026-08-12T10:15:00,2026-08-12T10:24:06,2026-08-12T11:00:00,2026-08-12T11:05:31.007837,18.0,363.7,cab,completed
T005449,R022,D0023,V3,S2,2026-08-12T10:15:00,2026-08-12T10:15:54,2026-08-12T11:00:00,2026-08-12T11:00:00,18.0,333.5,cab,completed
T005450,R022,D0008,V1,S2,2026-08-12T10:15:00,2026-08-12T10:16:18,2026-08-12T11:00:00,2026-08-12T11:00:16.055580,17.6,337.5,cab,completed
T005451,R022,D0099,V5,S2,2026-08-12T10:15:00,2026-08-12T10:15:12,2026-08-12T11:00:00,2026-08-12T11:00:00,17.4,334.0,cab,completed
T005452,R003,D0019,V4,S3,2026-08-12T21:15:00,2026-08-12T21:40:36,2026-08-12T22:00:00,2026-08-12T22:22:34.568407,22.4,135.9,shuttle,completed
T005453,R003,D0073,V2,S3,2026-08-12T21:15:00,2026-08-12T21:33:48,2026-08-12T22:00:00,,21.9,149.8,shuttle,cancelled
T005454,R006,D0051,V2,S3,2026-08-12T21:15:00,2026-08-12T21:29:18,2026-08-12T22:00:00,2026-08-12T22:12:47.941371,19.2,140.1,shuttle,completed
T005455,R008,D0106,V2,S3,2026-08-12T21:15:00,2026-08-12T21:16:48,2026-08-12T22:00:00,2026-08-12T22:00:00,9.0,143.2,nodal,completed
T005456,R008,D0068,V1,S3,2026-08-12T21:15:00,2026-08-12T21:17:24,2026-08-12T22:00:00,2026-08-12T22:00:00,8.7,119.5,nodal,completed
T005457,R011,D0057,V2,S3,2026-08-12T21:15:00,2026-08-12T21:18:48,2026-08-12T22:00:00,2026-08-12T22:00:36.027742,8.6,137.2,nodal,completed
T005458,R011,D0003,V1,S3,2026-08-12T21:15:00,2026-08-12T21:30:12,2026-08-12T22:00:00,2026-08-12T22:11:28.645710,8.4,115.6,nodal,completed
T005459,R011,D0087,V2,S3,2026-08-12T21:15:00,2026-08-12T21:22:36,2026-08-12T22:00:00,2026-08-12T22:06:34.073465,7.6,140.9,nodal,completed
T005460,R013,D0062,V3,S3,2026-08-12T21:15:00,2026-08-12T21:16:18,2026-08-12T22:00:00,2026-08-12T22:00:00,11.5,247.3,cab,completed
T005461,R013,D0111,V1,S3,2026-08-12T21:15:00,2026-08-12T21:17:48,2026-08-12T22:00:00,2026-08-12T22:00:00,11.1,237.7,cab,completed
T005462,R013,D0038,V5,S3,2026-08-12T21:15:00,2026-08-12T21:19:06,2026-08-12T22:00:00,2026-08-12T22:00:00,11.5,246.0,cab,completed
T005463,R013,D0053,V1,S3,2026-08-12T21:15:00,2026-08-12T21:18:54,2026-08-12T22:00:00,2026-08-12T22:02:46.253882,11.0,235.7,cab,completed
T005464,R013,D0095,V3,S3,2026-08-12T21:15:00,2026-08-12T21:29:24,2026-08-12T22:00:00,2026-08-12T22:13:44.292358,10.7,247.6,cab,completed
T005465,R013,D0053,V1,S3,2026-08-12T21:15:00,2026-08-12T21:19:48,2026-08-12T22:00:00,2026-08-12T22:02:45.139056,11.3,252.1,cab,completed
T005466,R018,D0059,V4,S3,2026-08-12T21:15:00,2026-08-12T21:17:12,2026-08-12T22:00:00,2026-08-12T22:01:30.301233,15.0,124.1,shuttle,completed
T005467,R018,D0042,V5,S3,2026-08-12T21:15:00,2026-08-12T21:15:42,2026-08-12T22:00:00,2026-08-12T22:00:00,15.1,94.9,shuttle,completed
T005468,R020,D0005,V1,S3,2026-08-12T21:15:00,2026-08-12T21:17:18,2026-08-12T22:00:00,2026-08-12T22:01:23.651800,9.6,132.3,nodal,completed
T005469,R020,D0063,V2,S3,2026-08-12T21:15:00,2026-08-12T21:16:48,2026-08-12T22:00:00,2026-08-12T22:00:00,9.8,157.9,nodal,completed
T005470,R020,D0053,V1,S3,2026-08-12T21:15:00,2026-08-12T21:17:48,2026-08-12T22:00:00,2026-08-12T22:00:21.264163,9.6,130.3,nodal,completed
T005471,R022,D0032,V1,S3,2026-08-12T21:15:00,2026-08-12T21:22:06,2026-08-12T22:00:00,2026-08-12T22:05:23.138985,18.2,340.0,cab,completed
T005472,R022,D0105,V3,S3,2026-08-12T21:15:00,2026-08-12T21:20:30,2026-08-12T22:00:00,2026-08-12T22:01:28.299616,16.5,312.6,cab,completed
T005473,R022,D0112,V1,S3,2026-08-12T21:15:00,2026-08-12T21:15:36,2026-08-12T22:00:00,2026-08-12T22:00:00,17.1,336.5,cab,completed
T005474,R022,D0069,V5,S3,2026-08-12T21:15:00,2026-08-12T21:31:36,2026-08-12T22:00:00,2026-08-12T22:15:30.012812,17.9,345.6,cab,completed
T005475,R003,D0069,V5,S1,2026-08-13T08:15:00,2026-08-13T08:23:42,2026-08-13T09:00:00,2026-08-13T09:07:01.210807,21.3,126.7,shuttle,completed
T005476,R003,D0108,V5,S1,2026-08-13T08:15:00,2026-08-13T08:16:24,2026-08-13T09:00:00,2026-08-13T09:01:11.821730,21.4,128.1,shuttle,completed
T005477,R003,D0101,V5,S1,2026-08-13T08:15:00,2026-08-13T08:36:06,2026-08-13T09:00:00,2026-08-13T09:20:11.485353,21.4,133.7,shuttle,completed
T005478,R006,D0099,V5,S1,2026-08-13T08:15:00,2026-08-13T08:20:48,2026-08-13T09:00:00,2026-08-13T09:05:37.919666,19.1,127.4,shuttle,completed
T005479,R006,D0087,V2,S1,2026-08-13T08:15:00,2026-08-13T08:24:30,2026-08-13T09:00:00,2026-08-13T09:06:38.674684,20.4,152.9,shuttle,completed
T005480,R006,D0092,V4,S1,2026-08-13T08:15:00,2026-08-13T08:26:54,2026-08-13T09:00:00,2026-08-13T09:07:22.901025,18.9,118.7,shuttle,completed
T005481,R008,D0017,V2,S1,2026-08-13T08:15:00,2026-08-13T08:18:06,2026-08-13T09:00:00,2026-08-13T09:02:16.879297,8.7,149.0,nodal,completed
T005482,R008,D0114,V2,S1,2026-08-13T08:15:00,2026-08-13T08:16:12,2026-08-13T09:00:00,2026-08-13T09:00:00,9.5,151.1,nodal,completed
T005483,R008,D0009,V1,S1,2026-08-13T08:15:00,2026-08-13T08:20:36,2026-08-13T09:00:00,2026-08-13T09:04:15.641780,9.6,140.5,nodal,completed
T005484,R008,D0110,V1,S1,2026-08-13T08:15:00,2026-08-13T08:39:24,2026-08-13T09:00:00,2026-08-13T09:19:52.694926,8.6,127.0,nodal,completed
T005485,R008,D0032,V1,S1,2026-08-13T08:15:00,2026-08-13T08:25:00,2026-08-13T09:00:00,2026-08-13T09:08:01.564063,9.3,133.8,nodal,completed
T005486,R011,D0072,V2,S1,2026-08-13T08:15:00,2026-08-13T08:15:30,2026-08-13T09:00:00,2026-08-13T09:00:05.188530,7.8,138.5,nodal,completed
T005487,R011,D0082,V1,S1,2026-08-13T08:15:00,2026-08-13T08:31:24,2026-08-13T09:00:00,2026-08-13T09:12:05.870177,8.0,120.8,nodal,completed
T005488,R011,D0010,V1,S1,2026-08-13T08:15:00,2026-08-13T08:22:12,2026-08-13T09:00:00,2026-08-13T09:04:54.494056,8.6,124.3,nodal,completed
T005489,R011,D0080,V1,S1,2026-08-13T08:15:00,2026-08-13T08:25:54,2026-08-13T09:00:00,2026-08-13T09:08:35.808830,8.1,119.6,nodal,completed
T005490,R011,D0008,V1,S1,2026-08-13T08:15:00,2026-08-13T08:16:18,2026-08-13T09:00:00,2026-08-13T09:00:44.725106,7.8,125.9,nodal,completed
T005491,R011,D0106,V2,S1,2026-08-13T08:15:00,2026-08-13T08:15:12,2026-08-13T09:00:00,2026-08-13T09:00:00,8.2,144.5,nodal,completed
T005492,R013,D0055,V3,S1,2026-08-13T08:15:00,2026-08-13T08:15:54,2026-08-13T09:00:00,2026-08-13T09:00:00,11.0,235.9,cab,completed
T005493,R013,D0089,V3,S1,2026-08-13T08:15:00,2026-08-13T08:15:06,2026-08-13T09:00:00,2026-08-13T09:00:00,11.3,249.9,cab,completed
T005494,R013,D0062,V3,S1,2026-08-13T08:15:00,2026-08-13T08:16:06,2026-08-13T09:00:00,2026-08-13T09:00:00,11.2,242.8,cab,completed
T005495,R013,D0010,V1,S1,2026-08-13T08:15:00,2026-08-13T08:16:42,2026-08-13T09:00:00,2026-08-13T09:00:00,10.6,243.8,cab,completed
T005496,R013,D0003,V1,S1,2026-08-13T08:15:00,2026-08-13T08:17:42,2026-08-13T09:00:00,2026-08-13T09:00:04.729162,11.5,254.6,cab,completed
T005497,R013,D0031,V3,S1,2026-08-13T08:15:00,,2026-08-13T09:00:00,,11.4,249.7,cab,no_show
T005498,R013,D0111,V1,S1,2026-08-13T08:15:00,2026-08-13T08:25:54,2026-08-13T09:00:00,2026-08-13T09:08:19.836311,10.8,249.2,cab,completed
T005499,R013,D0023,V3,S1,2026-08-13T08:15:00,2026-08-13T08:18:00,2026-08-13T09:00:00,2026-08-13T09:00:00,11.2,249.2,cab,completed
T005500,R013,D0069,V5,S1,2026-08-13T08:15:00,2026-08-13T08:29:30,2026-08-13T09:00:00,2026-08-13T09:10:27.584062,11.5,242.3,cab,completed
T005501,R013,D0108,V5,S1,2026-08-13T08:15:00,2026-08-13T08:23:24,2026-08-13T09:00:00,2026-08-13T09:04:51.180409,11.0,246.6,cab,completed
T005502,R013,D0112,V1,S1,2026-08-13T08:15:00,2026-08-13T08:37:24,2026-08-13T09:00:00,2026-08-13T09:18:27.078256,11.2,238.8,cab,completed
T005503,R018,D0061,V4,S1,2026-08-13T08:15:00,2026-08-13T08:16:54,2026-08-13T09:00:00,2026-08-13T09:01:52.656831,15.5,106.4,shuttle,completed
T005504,R018,D0096,V2,S1,2026-08-13T08:15:00,2026-08-13T08:18:18,2026-08-13T09:00:00,2026-08-13T09:01:24.754349,15.8,125.4,shuttle,completed
T005505,R018,D0094,V2,S1,2026-08-13T08:15:00,,2026-08-13T09:00:00,2026-08-13T09:00:00,14.6,109.8,shuttle,completed
T005506,R020,D0114,V2,S1,2026-08-13T08:15:00,2026-08-13T08:15:06,2026-08-13T09:00:00,2026-08-13T09:00:00,10.0,155.7,nodal,completed
T005507,R020,D0073,V2,S1,2026-08-13T08:15:00,2026-08-13T08:16:24,2026-08-13T09:00:00,2026-08-13T09:00:00,9.8,162.0,nodal,completed
T005508,R020,D0112,V1,S1,2026-08-13T08:15:00,2026-08-13T08:20:30,2026-08-13T09:00:00,2026-08-13T09:04:16.388220,10.4,138.0,nodal,completed
T005509,R020,D0045,V1,S1,2026-08-13T08:15:00,2026-08-13T08:50:18,2026-08-13T09:00:00,2026-08-13T09:30:44.391188,9.5,137.8,nodal,completed
T005510,R020,D0030,V2,S1,2026-08-13T08:15:00,2026-08-13T08:18:30,2026-08-13T09:00:00,2026-08-13T09:01:17.633538,9.7,176.9,nodal,completed
T005511,R020,D0035,V1,S1,2026-08-13T08:15:00,2026-08-13T08:25:00,2026-08-13T09:00:00,2026-08-13T09:05:44.016560,10.2,134.6,nodal,completed
T005512,R020,D0010,V1,S1,2026-08-13T08:15:00,2026-08-13T08:19:12,2026-08-13T09:00:00,2026-08-13T09:03:39.617236,10.8,146.7,nodal,completed
T005513,R022,D0060,V3,S1,2026-08-13T08:15:00,2026-08-13T08:17:36,2026-08-13T09:00:00,2026-08-13T09:00:06.571813,17.5,334.0,cab,completed
T005514,R022,D0116,V5,S1,2026-08-13T08:15:00,2026-08-13T08:15:24,2026-08-13T09:00:00,2026-08-13T09:00:00,17.6,326.5,cab,completed
T005515,R022,D0099,V5,S1,2026-08-13T08:15:00,2026-08-13T08:15:48,2026-08-13T09:00:00,2026-08-13T09:00:38.908242,16.9,321.6,cab,completed
T005516,R022,D0005,V1,S1,2026-08-13T08:15:00,2026-08-13T08:25:36,2026-08-13T09:00:00,2026-08-13T09:05:36.368234,18.0,350.2,cab,completed
T005517,R022,D0018,V5,S1,2026-08-13T08:15:00,2026-08-13T08:30:18,2026-08-13T09:00:00,2026-08-13T09:13:25.598225,17.6,339.7,cab,completed
T005518,R022,D0005,V1,S1,2026-08-13T08:15:00,2026-08-13T08:18:30,2026-08-13T09:00:00,2026-08-13T09:00:00,17.9,342.8,cab,completed
T005519,R022,D0043,V1,S1,2026-08-13T08:15:00,2026-08-13T08:17:36,2026-08-13T09:00:00,2026-08-13T09:00:00,16.7,315.6,cab,completed
T005520,R022,D0053,V1,S1,2026-08-13T08:15:00,2026-08-13T08:16:36,2026-08-13T09:00:00,2026-08-13T09:01:05.411014,17.1,325.9,cab,completed
T005521,R022,D0014,V5,S1,2026-08-13T08:15:00,2026-08-13T08:34:30,2026-08-13T09:00:00,2026-08-13T09:15:14.112147,18.0,340.4,cab,completed
T005522,R022,D0100,V3,S1,2026-08-13T08:15:00,2026-08-13T08:19:36,2026-08-13T09:00:00,2026-08-13T09:01:17.763668,16.7,331.4,cab,completed
T005523,R022,D0038,V5,S1,2026-08-13T08:15:00,2026-08-13T08:16:36,2026-08-13T09:00:00,2026-08-13T09:00:00,18.0,345.1,cab,completed
T005524,R022,D0105,V3,S1,2026-08-13T08:15:00,2026-08-13T08:21:30,2026-08-13T09:00:00,2026-08-13T09:02:51.188898,16.6,328.1,cab,completed
T005525,R003,D0007,V4,S2,2026-08-13T10:15:00,2026-08-13T10:16:48,2026-08-13T11:00:00,2026-08-13T11:01:05.623240,23.7,144.2,shuttle,completed
T005526,R003,D0077,V5,S2,2026-08-13T10:15:00,2026-08-13T10:18:12,2026-08-13T11:00:00,2026-08-13T11:00:00,23.0,142.7,shuttle,completed
T005527,R006,D0120,V5,S2,2026-08-13T10:15:00,2026-08-13T10:17:48,2026-08-13T11:00:00,2026-08-13T11:01:15.433243,18.2,125.1,shuttle,completed
T005528,R006,D0074,V4,S2,2026-08-13T10:15:00,2026-08-13T10:17:54,2026-08-13T11:00:00,2026-08-13T11:00:00,20.1,134.2,shuttle,completed
T005529,R008,D0009,V1,S2,2026-08-13T10:15:00,2026-08-13T11:09:12,2026-08-13T11:00:00,2026-08-13T11:49:23.986223,9.7,145.3,nodal,completed
T005530,R008,D0012,V2,S2,2026-08-13T10:15:00,2026-08-13T10:20:30,2026-08-13T11:00:00,2026-08-13T11:03:54.298449,9.0,151.7,nodal,completed
T005531,R008,D0081,V2,S2,2026-08-13T10:15:00,2026-08-13T10:36:06,2026-08-13T11:00:00,2026-08-13T11:20:43.766907,9.6,153.8,nodal,completed
T005532,R011,D0090,V2,S2,2026-08-13T10:15:00,2026-08-13T10:18:12,2026-08-13T11:00:00,2026-08-13T11:00:00,8.2,138.4,nodal,completed
T005533,R011,D0094,V2,S2,2026-08-13T10:15:00,,2026-08-13T11:00:00,,7.7,130.6,nodal,no_show
T005534,R011,D0001,V2,S2,2026-08-13T10:15:00,2026-08-13T10:20:00,2026-08-13T11:00:00,2026-08-13T11:04:06.643015,7.9,127.6,nodal,completed
T005535,R011,D0020,V2,S2,2026-08-13T10:15:00,2026-08-13T10:16:30,2026-08-13T11:00:00,2026-08-13T11:00:00,8.1,137.5,nodal,completed
T005536,R013,D0013,V5,S2,2026-08-13T10:15:00,2026-08-13T10:32:42,2026-08-13T11:00:00,2026-08-13T11:17:17.294946,10.7,236.2,cab,completed
T005537,R013,D0095,V3,S2,2026-08-13T10:15:00,2026-08-13T10:19:54,2026-08-13T11:00:00,2026-08-13T11:01:52.752747,10.9,237.3,cab,completed
T005538,R013,D0023,V3,S2,2026-08-13T10:15:00,2026-08-13T10:17:24,2026-08-13T11:00:00,2026-08-13T11:00:46.229755,11.3,257.7,cab,completed
T005539,R013,D0064,V3,S2,2026-08-13T10:15:00,2026-08-13T10:16:48,2026-08-13T11:00:00,2026-08-13T11:01:16.232892,11.4,252.3,cab,completed
T005540,R013,D0068,V1,S2,2026-08-13T10:15:00,2026-08-13T10:27:12,2026-08-13T11:00:00,2026-08-13T11:08:08.962384,11.5,242.8,cab,completed
T005541,R013,D0033,V1,S2,2026-08-13T10:15:00,2026-08-13T10:19:24,2026-08-13T11:00:00,2026-08-13T11:03:06.260758,10.5,238.0,cab,completed
T005542,R013,D0023,V3,S2,2026-08-13T10:15:00,2026-08-13T10:20:24,2026-08-13T11:00:00,2026-08-13T11:04:56.394122,10.7,243.1,cab,completed
T005543,R013,D0047,V3,S2,2026-08-13T10:15:00,2026-08-13T10:22:54,2026-08-13T11:00:00,2026-08-13T11:07:27.516359,11.7,249.7,cab,completed
T005544,R018,D0116,V5,S2,2026-08-13T10:15:00,2026-08-13T10:18:12,2026-08-13T11:00:00,2026-08-13T11:02:43.022259,14.5,96.5,shuttle,completed
T005545,R018,D0018,V5,S2,2026-08-13T10:15:00,2026-08-13T10:18:00,2026-08-13T11:00:00,2026-08-13T11:02:30.669373,14.7,98.2,shuttle,completed
T005546,R020,D0111,V1,S2,2026-08-13T10:15:00,2026-08-13T10:24:54,2026-08-13T11:00:00,2026-08-13T11:07:17.860716,9.7,130.6,nodal,completed
T005547,R020,D0081,V2,S2,2026-08-13T10:15:00,2026-08-13T10:19:54,2026-08-13T11:00:00,2026-08-13T11:03:18.103122,10.1,162.1,nodal,completed
T005548,R020,D0010,V1,S2,2026-08-13T10:15:00,2026-08-13T10:26:36,2026-08-13T11:00:00,2026-08-13T11:10:16.377180,9.9,138.8,nodal,completed
T005549,R020,D0045,V1,S2,2026-08-13T10:15:00,2026-08-13T10:26:12,2026-08-13T11:00:00,2026-08-13T11:06:38.819722,9.5,137.2,nodal,completed
T005550,R022,D0058,V1,S2,2026-08-13T10:15:00,2026-08-13T10:20:42,2026-08-13T11:00:00,2026-08-13T11:01:46.788425,17.1,333.7,cab,completed
T005551,R022,D0028,V3,S2,2026-08-13T10:15:00,2026-08-13T10:15:00,2026-08-13T11:00:00,2026-08-13T11:00:00,16.5,322.3,cab,completed
T005552,R022,D0031,V3,S2,2026-08-13T10:15:00,,2026-08-13T11:00:00,,18.2,352.8,cab,no_show
T005553,R022,D0048,V5,S2,2026-08-13T10:15:00,2026-08-13T10:21:42,2026-08-13T11:00:00,2026-08-13T11:03:06.000413,16.9,327.3,cab,completed
T005554,R022,D0098,V5,S2,2026-08-13T10:15:00,2026-08-13T10:21:54,2026-08-13T11:00:00,2026-08-13T11:02:09.568786,17.0,334.5,cab,completed
T005555,R022,D0105,V3,S2,2026-08-13T10:15:00,2026-08-13T10:18:00,2026-08-13T11:00:00,2026-08-13T11:00:19.152276,16.8,322.4,cab,completed
T005556,R022,D0083,V3,S2,2026-08-13T10:15:00,2026-08-13T10:15:36,2026-08-13T11:00:00,2026-08-13T11:00:00,17.3,333.0,cab,completed
T005557,R003,D0016,V5,S3,2026-08-13T21:15:00,2026-08-13T21:18:48,2026-08-13T22:00:00,2026-08-13T22:00:39.772365,23.7,145.9,shuttle,completed
T005558,R003,D0030,V2,S3,2026-08-13T21:15:00,2026-08-13T21:21:36,2026-08-13T22:00:00,2026-08-13T22:06:23.012620,23.4,172.0,shuttle,completed
T005559,R006,D0097,V2,S3,2026-08-13T21:15:00,2026-08-13T21:17:00,2026-08-13T22:00:00,2026-08-13T22:00:00,18.1,126.6,shuttle,completed
T005560,R008,D0010,V1,S3,2026-08-13T21:15:00,2026-08-13T21:17:42,2026-08-13T22:00:00,2026-08-13T22:00:16.825351,9.7,128.7,nodal,completed
T005561,R008,D0117,V1,S3,2026-08-13T21:15:00,2026-08-13T21:22:12,2026-08-13T22:00:00,2026-08-13T22:05:15.534294,8.7,120.3,nodal,completed
T005562,R011,D0020,V2,S3,2026-08-13T21:15:00,2026-08-13T21:29:00,2026-08-13T22:00:00,2026-08-13T22:09:00.804971,8.6,150.5,nodal,completed
T005563,R011,D0032,V1,S3,2026-08-13T21:15:00,2026-08-13T21:18:48,2026-08-13T22:00:00,2026-08-13T22:01:59.643533,8.6,126.9,nodal,completed
T005564,R011,D0086,V1,S3,2026-08-13T21:15:00,2026-08-13T21:15:18,2026-08-13T22:00:00,2026-08-13T22:00:00,7.9,123.8,nodal,completed
T005565,R013,D0088,V5,S3,2026-08-13T21:15:00,2026-08-13T21:34:36,2026-08-13T22:00:00,2026-08-13T22:14:45.778584,10.6,236.1,cab,completed
T005566,R013,D0056,V1,S3,2026-08-13T21:15:00,2026-08-13T21:15:24,2026-08-13T22:00:00,2026-08-13T22:00:00,10.7,233.4,cab,completed
T005567,R013,D0038,V5,S3,2026-08-13T21:15:00,2026-08-13T21:30:30,2026-08-13T22:00:00,2026-08-13T22:10:46.853437,10.5,243.0,cab,completed
T005568,R013,D0010,V1,S3,2026-08-13T21:15:00,2026-08-13T21:25:00,2026-08-13T22:00:00,2026-08-13T22:08:24.082100,10.6,247.2,cab,completed
T005569,R013,D0100,V3,S3,2026-08-13T21:15:00,2026-08-13T21:20:06,2026-08-13T22:00:00,2026-08-13T22:00:51.839584,10.6,247.7,cab,completed
T005570,R018,D0059,V4,S3,2026-08-13T21:15:00,2026-08-13T21:20:42,2026-08-13T22:00:00,2026-08-13T22:05:02.558139,15.2,98.2,shuttle,completed
T005571,R020,D0066,V2,S3,2026-08-13T21:15:00,2026-08-13T21:15:00,2026-08-13T22:00:00,2026-08-13T22:00:00,9.9,156.1,nodal,completed
T005572,R020,D0112,V1,S3,2026-08-13T21:15:00,2026-08-13T21:16:24,2026-08-13T22:00:00,2026-08-13T22:00:00,10.3,139.7,nodal,completed
T005573,R020,D0011,V2,S3,2026-08-13T21:15:00,2026-08-13T21:15:54,2026-08-13T22:00:00,2026-08-13T22:00:00,10.3,166.5,nodal,completed
T005574,R022,D0053,V1,S3,2026-08-13T21:15:00,2026-08-13T21:25:06,2026-08-13T22:00:00,2026-08-13T22:09:31.281464,18.0,335.6,cab,completed
T005575,R022,D0009,V1,S3,2026-08-13T21:15:00,2026-08-13T21:18:30,2026-08-13T22:00:00,2026-08-13T22:00:38.238280,17.0,337.0,cab,completed
T005576,R022,D0089,V3,S3,2026-08-13T21:15:00,2026-08-13T21:22:42,2026-08-13T22:00:00,2026-08-13T22:03:24.423485,18.0,344.3,cab,completed
T005577,R022,D0023,V3,S3,2026-08-13T21:15:00,2026-08-13T21:15:06,2026-08-13T22:00:00,2026-08-13T22:00:00,18.2,352.0,cab,completed
T005578,R003,D0022,V5,S1,2026-08-14T08:15:00,2026-08-14T08:24:54,2026-08-14T09:00:00,2026-08-14T09:05:54.742003,21.0,134.7,shuttle,completed
T005579,R003,D0017,V2,S1,2026-08-14T08:15:00,2026-08-14T08:27:54,2026-08-14T09:00:00,2026-08-14T09:08:16.636954,23.6,161.9,shuttle,completed
T005580,R003,D0116,V5,S1,2026-08-14T08:15:00,2026-08-14T08:45:00,2026-08-14T09:00:00,2026-08-14T09:29:45.458678,23.6,153.0,shuttle,completed
T005581,R006,D0019,V4,S1,2026-08-14T08:15:00,2026-08-14T08:28:24,2026-08-14T09:00:00,2026-08-14T09:09:03.769863,20.2,130.7,shuttle,completed
T005582,R006,D0013,V5,S1,2026-08-14T08:15:00,2026-08-14T08:23:18,2026-08-14T09:00:00,2026-08-14T09:05:10.385554,20.5,142.5,shuttle,completed
T005583,R006,D0107,V2,S1,2026-08-14T08:15:00,2026-08-14T08:29:06,2026-08-14T09:00:00,2026-08-14T09:13:03.216121,19.9,152.0,shuttle,completed
T005584,R008,D0072,V2,S1,2026-08-14T08:15:00,2026-08-14T08:19:42,2026-08-14T09:00:00,2026-08-14T09:04:13.911237,9.0,171.7,nodal,completed
T005585,R008,D0017,V2,S1,2026-08-14T08:15:00,2026-08-14T08:31:54,2026-08-14T09:00:00,2026-08-14T09:14:25.379439,9.5,149.1,nodal,completed
T005586,R008,D0008,V1,S1,2026-08-14T08:15:00,2026-08-14T08:42:30,2026-08-14T09:00:00,2026-08-14T09:22:44.804057,9.3,129.9,nodal,completed
T005587,R008,D0012,V2,S1,2026-08-14T08:15:00,2026-08-14T08:28:54,2026-08-14T09:00:00,2026-08-14T09:11:05.623662,9.6,151.4,nodal,completed
T005588,R008,D0011,V2,S1,2026-08-14T08:15:00,2026-08-14T08:17:54,2026-08-14T09:00:00,2026-08-14T09:02:21.239127,8.9,142.4,nodal,completed
T005589,R008,D0029,V2,S1,2026-08-14T08:15:00,2026-08-14T08:24:36,2026-08-14T09:00:00,2026-08-14T09:09:25.003281,8.9,146.6,nodal,completed
T005590,R011,D0025,V2,S1,2026-08-14T08:15:00,2026-08-14T08:17:24,2026-08-14T09:00:00,2026-08-14T09:01:00.934573,7.8,137.4,nodal,completed
T005591,R011,D0011,V2,S1,2026-08-14T08:15:00,2026-08-14T08:25:36,2026-08-14T09:00:00,2026-08-14T09:06:54.647130,8.5,135.7,nodal,completed
T005592,R011,D0063,V2,S1,2026-08-14T08:15:00,2026-08-14T08:17:30,2026-08-14T09:00:00,2026-08-14T09:00:00,7.8,144.1,nodal,completed
T005593,R011,D0015,V1,S1,2026-08-14T08:15:00,2026-08-14T08:19:24,2026-08-14T09:00:00,2026-08-14T09:01:10.735943,7.9,122.4,nodal,completed
T005594,R011,D0107,V2,S1,2026-08-14T08:15:00,2026-08-14T08:16:24,2026-08-14T09:00:00,2026-08-14T09:00:00,8.5,137.8,nodal,completed
T005595,R011,D0009,V1,S1,2026-08-14T08:15:00,2026-08-14T08:19:18,2026-08-14T09:00:00,2026-08-14T09:03:55.434607,7.6,109.0,nodal,completed
T005596,R013,D0037,V3,S1,2026-08-14T08:15:00,2026-08-14T08:21:36,2026-08-14T09:00:00,2026-08-14T09:02:30.635109,11.8,246.4,cab,completed
T005597,R013,D0024,V1,S1,2026-08-14T08:15:00,2026-08-14T08:23:36,2026-08-14T09:00:00,2026-08-14T09:07:11.378378,10.8,250.8,cab,completed
T005598,R013,D0035,V1,S1,2026-08-14T08:15:00,2026-08-14T08:24:36,2026-08-14T09:00:00,2026-08-14T09:07:09.284761,10.8,236.9,cab,completed
T005599,R013,D0067,V3,S1,2026-08-14T08:15:00,2026-08-14T08:23:06,2026-08-14T09:00:00,2026-08-14T09:07:31.335637,11.4,241.6,cab,completed
T005600,R013,D0112,V1,S1,2026-08-14T08:15:00,2026-08-14T08:15:24,2026-08-14T09:00:00,2026-08-14T09:00:00,11.3,242.5,cab,completed
T005601,R013,D0033,V1,S1,2026-08-14T08:15:00,2026-08-14T08:24:06,2026-08-14T09:00:00,2026-08-14T09:06:12.555933,10.9,261.4,cab,completed
T005602,R013,D0099,V5,S1,2026-08-14T08:15:00,2026-08-14T08:20:36,2026-08-14T09:00:00,2026-08-14T09:03:13.682326,10.7,236.9,cab,completed
T005603,R013,D0083,V3,S1,2026-08-14T08:15:00,2026-08-14T08:15:48,2026-08-14T09:00:00,2026-08-14T09:00:00,11.2,240.4,cab,completed
T005604,R013,D0111,V1,S1,2026-08-14T08:15:00,2026-08-14T08:21:12,2026-08-14T09:00:00,2026-08-14T09:05:54.040679,10.5,245.6,cab,completed
T005605,R013,D0013,V5,S1,2026-08-14T08:15:00,2026-08-14T08:18:06,2026-08-14T09:00:00,2026-08-14T09:00:00,11.0,239.0,cab,completed
T005606,R013,D0085,V3,S1,2026-08-14T08:15:00,2026-08-14T08:18:06,2026-08-14T09:00:00,2026-08-14T09:00:00,11.6,253.0,cab,completed
T005607,R018,D0119,V4,S1,2026-08-14T08:15:00,2026-08-14T08:46:48,2026-08-14T09:00:00,2026-08-14T09:27:05.857926,15.5,105.4,shuttle,completed
T005608,R018,D0046,V5,S1,2026-08-14T08:15:00,2026-08-14T08:38:06,2026-08-14T09:00:00,2026-08-14T09:22:19.026368,16.1,104.0,shuttle,completed
T005609,R018,D0044,V4,S1,2026-08-14T08:15:00,2026-08-14T08:16:42,2026-08-14T09:00:00,2026-08-14T09:00:00,14.8,104.0,shuttle,completed
T005610,R020,D0068,V1,S1,2026-08-14T08:15:00,2026-08-14T08:15:30,2026-08-14T09:00:00,2026-08-14T09:00:00,9.6,159.2,nodal,completed
T005611,R020,D0020,V2,S1,2026-08-14T08:15:00,2026-08-14T08:30:24,2026-08-14T09:00:00,2026-08-14T09:12:05.649742,9.5,154.0,nodal,completed
T005612,R020,D0117,V1,S1,2026-08-14T08:15:00,2026-08-14T08:16:54,2026-08-14T09:00:00,2026-08-14T09:00:16.187942,10.0,144.6,nodal,completed
T005613,R020,D0080,V1,S1,2026-08-14T08:15:00,2026-08-14T08:18:00,2026-08-14T09:00:00,2026-08-14T09:00:00,10.1,140.7,nodal,completed
T005614,R020,D0043,V1,S1,2026-08-14T08:15:00,2026-08-14T08:29:12,2026-08-14T09:00:00,2026-08-14T09:12:26.875210,9.8,160.7,nodal,completed
T005615,R020,D0008,V1,S1,2026-08-14T08:15:00,2026-08-14T08:20:18,2026-08-14T09:00:00,2026-08-14T09:03:16.409654,9.5,126.4,nodal,completed
T005616,R022,D0004,V5,S1,2026-08-14T08:15:00,2026-08-14T08:46:18,2026-08-14T09:00:00,2026-08-14T09:27:57.819824,16.5,330.8,cab,completed
T005617,R022,D0043,V1,S1,2026-08-14T08:15:00,2026-08-14T08:26:18,2026-08-14T09:00:00,2026-08-14T09:10:34.698078,17.5,344.2,cab,completed
T005618,R022,D0003,V1,S1,2026-08-14T08:15:00,2026-08-14T08:28:42,2026-08-14T09:00:00,2026-08-14T09:09:47.192078,17.5,331.2,cab,completed
T005619,R022,D0089,V3,S1,2026-08-14T08:15:00,2026-08-14T08:18:00,2026-08-14T09:00:00,2026-08-14T09:00:00,16.7,331.5,cab,completed
T005620,R022,D0099,V5,S1,2026-08-14T08:15:00,2026-08-14T08:19:30,2026-08-14T09:00:00,2026-08-14T09:00:00,18.2,339.2,cab,completed
T005621,R022,D0032,V1,S1,2026-08-14T08:15:00,2026-08-14T08:15:54,2026-08-14T09:00:00,2026-08-14T09:00:00,18.2,361.6,cab,completed
T005622,R022,D0100,V3,S1,2026-08-14T08:15:00,2026-08-14T08:18:24,2026-08-14T09:00:00,2026-08-14T09:02:49.787645,17.4,337.4,cab,completed
T005623,R022,D0036,V3,S1,2026-08-14T08:15:00,2026-08-14T08:19:54,2026-08-14T09:00:00,2026-08-14T09:02:59.905110,18.0,347.5,cab,completed
T005624,R022,D0016,V5,S1,2026-08-14T08:15:00,2026-08-14T08:16:54,2026-08-14T09:00:00,2026-08-14T09:00:00,18.0,336.8,cab,completed
T005625,R022,D0100,V3,S1,2026-08-14T08:15:00,2026-08-14T08:18:12,2026-08-14T09:00:00,2026-08-14T09:02:45.800348,16.5,316.7,cab,completed
T005626,R022,D0033,V1,S1,2026-08-14T08:15:00,,2026-08-14T09:00:00,,16.2,314.9,cab,no_show
T005627,R022,D0016,V5,S1,2026-08-14T08:15:00,2026-08-14T08:20:36,2026-08-14T09:00:00,2026-08-14T09:05:31.077079,18.0,337.5,cab,completed
T005628,R003,D0004,V5,S2,2026-08-14T10:15:00,2026-08-14T10:23:54,2026-08-14T11:00:00,2026-08-14T11:07:57.279003,23.2,137.1,shuttle,completed
T005629,R003,D0109,V4,S2,2026-08-14T10:15:00,2026-08-14T10:31:12,2026-08-14T11:00:00,2026-08-14T11:15:54.966486,23.1,132.4,shuttle,completed
T005630,R006,D0044,V4,S2,2026-08-14T10:15:00,2026-08-14T10:25:06,2026-08-14T11:00:00,2026-08-14T11:09:56.596614,18.8,125.8,shuttle,completed
T005631,R006,D0091,V4,S2,2026-08-14T10:15:00,2026-08-14T10:47:12,2026-08-14T11:00:00,2026-08-14T11:29:08.387989,19.1,116.1,shuttle,completed
T005632,R008,D0110,V1,S2,2026-08-14T10:15:00,2026-08-14T10:16:48,2026-08-14T11:00:00,2026-08-14T11:00:00,9.4,143.7,nodal,completed
T005633,R008,D0078,V2,S2,2026-08-14T10:15:00,2026-08-14T10:16:06,2026-08-14T11:00:00,2026-08-14T11:00:00,9.2,139.5,nodal,completed
T005634,R008,D0005,V1,S2,2026-08-14T10:15:00,2026-08-14T10:33:30,2026-08-14T11:00:00,2026-08-14T11:17:05.176053,8.7,121.4,nodal,completed
T005635,R011,D0017,V2,S2,2026-08-14T10:15:00,2026-08-14T10:21:42,2026-08-14T11:00:00,2026-08-14T11:06:23.575639,7.9,145.1,nodal,completed
T005636,R011,D0054,V2,S2,2026-08-14T10:15:00,2026-08-14T10:15:42,2026-08-14T11:00:00,2026-08-14T11:00:36.170997,8.3,142.1,nodal,completed
T005637,R011,D0112,V1,S2,2026-08-14T10:15:00,2026-08-14T10:19:54,2026-08-14T11:00:00,2026-08-14T11:01:43.560969,8.5,116.8,nodal,completed
T005638,R011,D0117,V1,S2,2026-08-14T10:15:00,2026-08-14T10:18:36,2026-08-14T11:00:00,2026-08-14T11:00:24.015825,8.5,120.2,nodal,completed
T005639,R013,D0056,V1,S2,2026-08-14T10:15:00,2026-08-14T10:17:00,2026-08-14T11:00:00,2026-08-14T11:00:00,10.9,236.4,cab,completed
T005640,R013,D0064,V3,S2,2026-08-14T10:15:00,2026-08-14T10:19:24,2026-08-14T11:00:00,2026-08-14T11:04:01.356326,11.1,259.4,cab,completed
T005641,R013,D0101,V5,S2,2026-08-14T10:15:00,2026-08-14T10:28:54,2026-08-14T11:00:00,2026-08-14T11:12:49.437977,11.1,254.2,cab,completed
T005642,R013,D0089,V3,S2,2026-08-14T10:15:00,2026-08-14T10:17:48,2026-08-14T11:00:00,2026-08-14T11:00:09.775164,11.4,244.8,cab,completed
T005643,R013,D0031,V3,S2,2026-08-14T10:15:00,2026-08-14T10:15:12,2026-08-14T11:00:00,2026-08-14T11:00:00,11.1,251.6,cab,completed
T005644,R013,D0052,V1,S2,2026-08-14T10:15:00,2026-08-14T10:15:36,2026-08-14T11:00:00,2026-08-14T11:00:00,10.7,262.8,cab,completed
T005645,R013,D0022,V5,S2,2026-08-14T10:15:00,2026-08-14T10:18:00,2026-08-14T11:00:00,2026-08-14T11:00:00,10.6,229.5,cab,completed
T005646,R018,D0093,V4,S2,2026-08-14T10:15:00,2026-08-14T10:19:48,2026-08-14T11:00:00,2026-08-14T11:03:55.571728,16.2,99.9,shuttle,completed
T005647,R018,D0048,V5,S2,2026-08-14T10:15:00,2026-08-14T10:16:06,2026-08-14T11:00:00,2026-08-14T11:00:00,15.7,97.0,shuttle,completed
T005648,R020,D0107,V2,S2,2026-08-14T10:15:00,2026-08-14T10:17:18,2026-08-14T11:00:00,2026-08-14T11:00:00,10.3,151.7,nodal,completed
T005649,R020,D0053,V1,S2,2026-08-14T10:15:00,2026-08-14T10:33:42,2026-08-14T11:00:00,2026-08-14T11:17:24.008450,10.7,148.9,nodal,completed
T005650,R020,D0043,V1,S2,2026-08-14T10:15:00,2026-08-14T11:10:06,2026-08-14T11:00:00,2026-08-14T11:50:06.408427,10.2,148.1,nodal,completed
T005651,R020,D0097,V2,S2,2026-08-14T10:15:00,2026-08-14T10:23:30,2026-08-14T11:00:00,2026-08-14T11:04:06.629619,9.8,160.6,nodal,completed
T005652,R022,D0035,V1,S2,2026-08-14T10:15:00,2026-08-14T10:15:30,2026-08-14T11:00:00,2026-08-14T11:00:00,17.1,319.4,cab,completed
T005653,R022,D0095,V3,S2,2026-08-14T10:15:00,2026-08-14T10:16:12,2026-08-14T11:00:00,2026-08-14T11:00:00,18.2,346.5,cab,completed
T005654,R022,D0071,V5,S2,2026-08-14T10:15:00,2026-08-14T10:36:24,2026-08-14T11:00:00,2026-08-14T11:16:58.814867,17.7,338.5,cab,completed
T005655,R022,D0098,V5,S2,2026-08-14T10:15:00,2026-08-14T10:25:30,2026-08-14T11:00:00,2026-08-14T11:09:34.216223,16.8,331.5,cab,completed
T005656,R022,D0015,V1,S2,2026-08-14T10:15:00,2026-08-14T10:17:42,2026-08-14T11:00:00,2026-08-14T11:00:31.178404,17.8,329.3,cab,completed
T005657,R022,D0112,V1,S2,2026-08-14T10:15:00,2026-08-14T10:29:42,2026-08-14T11:00:00,2026-08-14T11:12:23.651177,17.1,325.5,cab,completed
T005658,R022,D0035,V1,S2,2026-08-14T10:15:00,2026-08-14T10:30:00,2026-08-14T11:00:00,,16.4,329.5,cab,cancelled
T005659,R022,D0006,V5,S2,2026-08-14T10:15:00,2026-08-14T10:17:24,2026-08-14T11:00:00,2026-08-14T11:00:00,16.8,319.7,cab,completed
T005660,R022,D0006,V5,S2,2026-08-14T10:15:00,2026-08-14T10:26:24,2026-08-14T11:00:00,2026-08-14T11:09:36.970120,18.3,353.9,cab,completed
T005661,R003,D0098,V5,S3,2026-08-14T21:15:00,2026-08-14T21:20:54,2026-08-14T22:00:00,2026-08-14T22:01:33.619833,23.1,140.4,shuttle,completed
T005662,R003,D0054,V2,S3,2026-08-14T21:15:00,2026-08-14T21:25:36,2026-08-14T22:00:00,2026-08-14T22:07:57.754280,23.6,159.9,shuttle,completed
T005663,R006,D0013,V5,S3,2026-08-14T21:15:00,2026-08-14T21:17:00,2026-08-14T22:00:00,2026-08-14T22:00:00,19.7,130.8,shuttle,completed
T005664,R008,D0020,V2,S3,2026-08-14T21:15:00,2026-08-14T21:16:36,2026-08-14T22:00:00,2026-08-14T22:01:15.522614,9.3,145.0,nodal,completed
T005665,R008,D0110,V1,S3,2026-08-14T21:15:00,2026-08-14T21:26:00,2026-08-14T22:00:00,2026-08-14T22:08:08.640177,8.6,124.3,nodal,completed
T005666,R011,D0051,V2,S3,2026-08-14T21:15:00,2026-08-14T21:27:24,2026-08-14T22:00:00,2026-08-14T22:08:39.655741,8.5,133.2,nodal,completed
T005667,R011,D0082,V1,S3,2026-08-14T21:15:00,2026-08-14T21:16:00,2026-08-14T22:00:00,2026-08-14T22:00:00,8.5,121.4,nodal,completed
T005668,R011,D0066,V2,S3,2026-08-14T21:15:00,2026-08-14T21:21:48,2026-08-14T22:00:00,2026-08-14T22:04:32.624075,7.9,126.8,nodal,completed
T005669,R013,D0108,V5,S3,2026-08-14T21:15:00,2026-08-14T21:21:54,2026-08-14T22:00:00,2026-08-14T22:02:23.424520,11.8,249.3,cab,completed
T005670,R013,D0004,V5,S3,2026-08-14T21:15:00,2026-08-14T21:18:54,2026-08-14T22:00:00,2026-08-14T22:00:53.638035,11.0,253.0,cab,completed
T005671,R013,D0058,V1,S3,2026-08-14T21:15:00,2026-08-14T21:25:48,2026-08-14T22:00:00,2026-08-14T22:09:30.682930,11.0,235.4,cab,completed
T005672,R013,D0049,V3,S3,2026-08-14T21:15:00,2026-08-14T21:24:24,2026-08-14T22:00:00,2026-08-14T22:05:21.867576,10.5,246.6,cab,completed
T005673,R013,D0076,V3,S3,2026-08-14T21:15:00,2026-08-14T21:15:12,2026-08-14T22:00:00,2026-08-14T22:00:00,10.7,237.6,cab,completed
T005674,R013,D0008,V1,S3,2026-08-14T21:15:00,2026-08-14T21:17:36,2026-08-14T22:00:00,2026-08-14T22:00:18.773942,10.5,235.5,cab,completed
T005675,R018,D0020,V2,S3,2026-08-14T21:15:00,,2026-08-14T22:00:00,,15.9,123.3,shuttle,no_show
T005676,R018,D0078,V2,S3,2026-08-14T21:15:00,2026-08-14T21:39:30,2026-08-14T22:00:00,2026-08-14T22:21:23.562610,14.9,117.2,shuttle,completed
T005677,R020,D0033,V1,S3,2026-08-14T21:15:00,2026-08-14T21:18:48,2026-08-14T22:00:00,2026-08-14T22:00:52.566216,10.0,144.0,nodal,completed
T005678,R020,D0003,V1,S3,2026-08-14T21:15:00,2026-08-14T21:25:18,2026-08-14T22:00:00,2026-08-14T22:08:31.243637,9.5,131.5,nodal,completed
T005679,R022,D0018,V5,S3,2026-08-14T21:15:00,2026-08-14T21:16:54,2026-08-14T22:00:00,2026-08-14T22:00:18.450047,16.3,324.4,cab,completed
T005680,R022,D0116,V5,S3,2026-08-14T21:15:00,2026-08-14T21:17:42,2026-08-14T22:00:00,2026-08-14T22:01:45.786633,16.9,327.8,cab,completed
T005681,R022,D0067,V3,S3,2026-08-14T21:15:00,2026-08-14T21:15:24,2026-08-14T22:00:00,2026-08-14T22:00:00,18.1,335.7,cab,completed
T005682,R022,D0069,V5,S3,2026-08-14T21:15:00,2026-08-14T21:17:24,2026-08-14T22:00:00,2026-08-14T22:00:09.414817,16.7,326.5,cab,completed
T005683,R003,D0116,V5,S1,2026-08-17T08:15:00,2026-08-17T08:27:30,2026-08-17T09:00:00,2026-08-17T09:10:28.080096,23.5,145.8,shuttle,completed
T005684,R003,D0022,V5,S1,2026-08-17T08:15:00,2026-08-17T08:30:30,2026-08-17T09:00:00,2026-08-17T09:13:49.274874,22.3,128.3,shuttle,completed
T005685,R003,D0104,V4,S1,2026-08-17T08:15:00,2026-08-17T08:19:06,2026-08-17T09:00:00,2026-08-17T09:03:36.742643,21.9,144.0,shuttle,completed
T005686,R006,D0073,V2,S1,2026-08-17T08:15:00,2026-08-17T08:29:18,2026-08-17T09:00:00,2026-08-17T09:11:05.779606,18.2,128.8,shuttle,completed
T005687,R006,D0104,V4,S1,2026-08-17T08:15:00,2026-08-17T08:32:12,2026-08-17T09:00:00,,20.4,120.8,shuttle,cancelled
T005688,R006,D0038,V5,S1,2026-08-17T08:15:00,2026-08-17T08:18:12,2026-08-17T09:00:00,2026-08-17T09:02:32.201230,19.0,129.7,shuttle,completed
T005689,R008,D0024,V1,S1,2026-08-17T08:15:00,2026-08-17T08:24:24,2026-08-17T09:00:00,2026-08-17T09:04:30.820265,9.3,126.7,nodal,completed
T005690,R008,D0063,V2,S1,2026-08-17T08:15:00,2026-08-17T08:17:48,2026-08-17T09:00:00,2026-08-17T09:00:00,9.3,146.9,nodal,completed
T005691,R008,D0107,V2,S1,2026-08-17T08:15:00,2026-08-17T08:19:48,2026-08-17T09:00:00,2026-08-17T09:03:27.117649,9.3,152.1,nodal,completed
T005692,R008,D0020,V2,S1,2026-08-17T08:15:00,2026-08-17T08:16:00,2026-08-17T09:00:00,2026-08-17T09:00:15.226775,9.1,156.0,nodal,completed
T005693,R008,D0052,V1,S1,2026-08-17T08:15:00,2026-08-17T08:27:54,2026-08-17T09:00:00,2026-08-17T09:10:02.362643,9.2,131.2,nodal,completed
T005694,R011,D0035,V1,S1,2026-08-17T08:15:00,2026-08-17T08:15:36,2026-08-17T09:00:00,2026-08-17T09:00:00,8.3,131.0,nodal,completed
T005695,R011,D0112,V1,S1,2026-08-17T08:15:00,2026-08-17T08:19:06,2026-08-17T09:00:00,2026-08-17T09:02:20.929207,7.8,120.6,nodal,completed
T005696,R011,D0106,V2,S1,2026-08-17T08:15:00,2026-08-17T08:19:36,2026-08-17T09:00:00,2026-08-17T09:00:00,8.0,128.9,nodal,completed
T005697,R011,D0001,V2,S1,2026-08-17T08:15:00,2026-08-17T08:16:24,2026-08-17T09:00:00,2026-08-17T09:00:00,7.9,136.6,nodal,completed
T005698,R011,D0097,V2,S1,2026-08-17T08:15:00,2026-08-17T08:16:30,2026-08-17T09:00:00,2026-08-17T09:00:00,8.0,134.7,nodal,completed
T005699,R011,D0063,V2,S1,2026-08-17T08:15:00,2026-08-17T08:17:30,2026-08-17T09:00:00,2026-08-17T09:00:00,8.5,138.6,nodal,completed
T005700,R013,D0009,V1,S1,2026-08-17T08:15:00,2026-08-17T08:24:12,2026-08-17T09:00:00,2026-08-17T09:06:53.543042,10.5,241.3,cab,completed
T005701,R013,D0018,V5,S1,2026-08-17T08:15:00,2026-08-17T08:21:06,2026-08-17T09:00:00,2026-08-17T09:02:53.550764,10.7,245.2,cab,completed
T005702,R013,D0064,V3,S1,2026-08-17T08:15:00,2026-08-17T08:23:36,2026-08-17T09:00:00,2026-08-17T09:04:54.007981,11.1,245.8,cab,completed
T005703,R013,D0049,V3,S1,2026-08-17T08:15:00,2026-08-17T08:30:18,2026-08-17T09:00:00,2026-08-17T09:11:04.380245,10.5,234.4,cab,completed
T005704,R013,D0010,V1,S1,2026-08-17T08:15:00,2026-08-17T08:20:12,2026-08-17T09:00:00,2026-08-17T09:00:46.462424,11.0,253.8,cab,completed
T005705,R013,D0035,V1,S1,2026-08-17T08:15:00,2026-08-17T08:17:12,2026-08-17T09:00:00,2026-08-17T09:00:00,11.8,251.4,cab,completed
T005706,R013,D0077,V5,S1,2026-08-17T08:15:00,2026-08-17T08:21:42,2026-08-17T09:00:00,2026-08-17T09:05:56.777917,11.4,255.8,cab,completed
T005707,R013,D0089,V3,S1,2026-08-17T08:15:00,2026-08-17T08:15:06,2026-08-17T09:00:00,2026-08-17T09:00:00,10.6,235.1,cab,completed
T005708,R013,D0049,V3,S1,2026-08-17T08:15:00,2026-08-17T08:15:48,2026-08-17T09:00:00,2026-08-17T09:00:00,10.7,246.5,cab,completed
T005709,R013,D0046,V5,S1,2026-08-17T08:15:00,2026-08-17T08:33:42,2026-08-17T09:00:00,2026-08-17T09:15:59.755699,11.0,240.9,cab,completed
T005710,R018,D0091,V4,S1,2026-08-17T08:15:00,2026-08-17T09:01:06,2026-08-17T09:00:00,2026-08-17T09:43:11.687706,15.7,99.3,shuttle,completed
T005711,R018,D0030,V2,S1,2026-08-17T08:15:00,2026-08-17T08:22:00,2026-08-17T09:00:00,2026-08-17T09:02:46.742748,14.6,112.4,shuttle,completed
T005712,R018,D0046,V5,S1,2026-08-17T08:15:00,2026-08-17T08:18:36,2026-08-17T09:00:00,2026-08-17T09:03:34.650988,16.2,112.3,shuttle,completed
T005713,R020,D0082,V1,S1,2026-08-17T08:15:00,2026-08-17T08:16:42,2026-08-17T09:00:00,2026-08-17T09:00:00,9.8,128.6,nodal,completed
T005714,R020,D0096,V2,S1,2026-08-17T08:15:00,2026-08-17T08:15:48,2026-08-17T09:00:00,2026-08-17T09:00:00,10.1,165.6,nodal,completed
T005715,R020,D0020,V2,S1,2026-08-17T08:15:00,2026-08-17T08:20:00,2026-08-17T09:00:00,2026-08-17T09:04:48.120984,9.8,149.3,nodal,completed
T005716,R020,D0010,V1,S1,2026-08-17T08:15:00,2026-08-17T08:26:54,2026-08-17T09:00:00,2026-08-17T09:07:04.800160,9.6,143.7,nodal,completed
T005717,R020,D0025,V2,S1,2026-08-17T08:15:00,2026-08-17T08:18:30,2026-08-17T09:00:00,2026-08-17T09:00:00,10.5,162.8,nodal,completed
T005718,R020,D0040,V1,S1,2026-08-17T08:15:00,2026-08-17T08:29:12,2026-08-17T09:00:00,2026-08-17T09:09:16.922724,9.9,136.2,nodal,completed
T005719,R022,D0022,V5,S1,2026-08-17T08:15:00,2026-08-17T08:22:42,2026-08-17T09:00:00,2026-08-17T09:04:22.556419,16.6,328.9,cab,completed
T005720,R022,D0077,V5,S1,2026-08-17T08:15:00,2026-08-17T08:15:18,2026-08-17T09:00:00,2026-08-17T09:00:00,16.9,322.3,cab,completed
T005721,R022,D0053,V1,S1,2026-08-17T08:15:00,2026-08-17T08:21:00,2026-08-17T09:00:00,2026-08-17T09:04:34.853303,17.6,341.2,cab,completed
T005722,R022,D0014,V5,S1,2026-08-17T08:15:00,2026-08-17T08:20:00,2026-08-17T09:00:00,2026-08-17T09:03:20.069216,16.5,328.0,cab,completed
T005723,R022,D0027,V3,S1,2026-08-17T08:15:00,2026-08-17T08:19:54,2026-08-17T09:00:00,2026-08-17T09:00:37.460523,18.2,347.5,cab,completed
T005724,R022,D0060,V3,S1,2026-08-17T08:15:00,2026-08-17T08:17:12,2026-08-17T09:00:00,2026-08-17T09:01:27.461118,16.5,327.1,cab,completed
T005725,R022,D0023,V3,S1,2026-08-17T08:15:00,2026-08-17T08:18:18,2026-08-17T09:00:00,2026-08-17T09:01:09.507739,17.3,338.4,cab,completed
T005726,R022,D0058,V1,S1,2026-08-17T08:15:00,2026-08-17T08:22:18,2026-08-17T09:00:00,2026-08-17T09:05:21.512729,18.1,340.2,cab,completed
T005727,R022,D0083,V3,S1,2026-08-17T08:15:00,2026-08-17T08:18:12,2026-08-17T09:00:00,2026-08-17T09:02:24.770956,18.1,345.7,cab,completed
T005728,R022,D0086,V1,S1,2026-08-17T08:15:00,2026-08-17T08:22:12,2026-08-17T09:00:00,2026-08-17T09:04:18.458863,17.9,335.5,cab,completed
T005729,R022,D0014,V5,S1,2026-08-17T08:15:00,2026-08-17T08:16:06,2026-08-17T09:00:00,2026-08-17T09:00:00,17.0,336.6,cab,completed
T005730,R022,D0056,V1,S1,2026-08-17T08:15:00,2026-08-17T08:18:00,2026-08-17T09:00:00,2026-08-17T09:02:15.434207,16.8,318.8,cab,completed
T005731,R003,D0074,V4,S2,2026-08-17T10:15:00,2026-08-17T10:22:12,2026-08-17T11:00:00,2026-08-17T11:03:08.029718,22.4,141.3,shuttle,completed
T005732,R003,D0103,V5,S2,2026-08-17T10:15:00,2026-08-17T10:27:42,2026-08-17T11:00:00,2026-08-17T11:09:40.828359,22.1,134.2,shuttle,completed
T005733,R006,D0118,V4,S2,2026-08-17T10:15:00,2026-08-17T10:16:54,2026-08-17T11:00:00,2026-08-17T11:00:00,19.6,125.6,shuttle,completed
T005734,R006,D0098,V5,S2,2026-08-17T10:15:00,2026-08-17T10:48:42,2026-08-17T11:00:00,2026-08-17T11:32:35.521209,18.6,121.3,shuttle,completed
T005735,R008,D0110,V1,S2,2026-08-17T10:15:00,2026-08-17T10:20:06,2026-08-17T11:00:00,2026-08-17T11:05:00.571880,9.7,127.8,nodal,completed
T005736,R008,D0052,V1,S2,2026-08-17T10:15:00,2026-08-17T10:15:00,2026-08-17T11:00:00,2026-08-17T11:00:00,9.6,137.8,nodal,completed
T005737,R008,D0080,V1,S2,2026-08-17T10:15:00,2026-08-17T10:38:18,2026-08-17T11:00:00,2026-08-17T11:20:23.548752,9.0,134.0,nodal,completed
T005738,R008,D0002,V2,S2,2026-08-17T10:15:00,2026-08-17T10:20:36,2026-08-17T11:00:00,2026-08-17T11:02:07.873054,9.1,151.8,nodal,completed
T005739,R011,D0012,V2,S2,2026-08-17T10:15:00,2026-08-17T10:15:36,2026-08-17T11:00:00,2026-08-17T11:00:07.476732,8.5,153.3,nodal,completed
T005740,R011,D0110,V1,S2,2026-08-17T10:15:00,2026-08-17T10:16:48,2026-08-17T11:00:00,2026-08-17T11:00:00,7.7,113.9,nodal,completed
T005741,R011,D0081,V2,S2,2026-08-17T10:15:00,2026-08-17T10:31:06,2026-08-17T11:00:00,2026-08-17T11:14:20.116217,8.5,152.5,nodal,completed
T005742,R011,D0032,V1,S2,2026-08-17T10:15:00,2026-08-17T10:17:12,2026-08-17T11:00:00,2026-08-17T11:01:27.954426,7.7,125.2,nodal,completed
T005743,R013,D0009,V1,S2,2026-08-17T10:15:00,2026-08-17T10:26:30,2026-08-17T11:00:00,2026-08-17T11:09:18.948114,11.3,245.1,cab,completed
T005744,R013,D0042,V5,S2,2026-08-17T10:15:00,2026-08-17T10:18:06,2026-08-17T11:00:00,2026-08-17T11:00:00,11.7,261.5,cab,completed
T005745,R013,D0046,V5,S2,2026-08-17T10:15:00,2026-08-17T10:22:00,2026-08-17T11:00:00,2026-08-17T11:06:28.385635,10.7,240.9,cab,completed
T005746,R013,D0067,V3,S2,2026-08-17T10:15:00,2026-08-17T10:16:06,2026-08-17T11:00:00,2026-08-17T11:00:00,11.6,245.4,cab,completed
T005747,R013,D0076,V3,S2,2026-08-17T10:15:00,2026-08-17T10:17:18,2026-08-17T11:00:00,2026-08-17T11:01:26.668182,11.7,259.4,cab,completed
T005748,R013,D0105,V3,S2,2026-08-17T10:15:00,2026-08-17T10:16:48,2026-08-17T11:00:00,2026-08-17T11:00:00,10.8,236.2,cab,completed
T005749,R013,D0016,V5,S2,2026-08-17T10:15:00,2026-08-17T10:55:54,2026-08-17T11:00:00,2026-08-17T11:40:48.905699,11.1,243.3,cab,completed
T005750,R018,D0073,V2,S2,2026-08-17T10:15:00,2026-08-17T10:16:00,2026-08-17T11:00:00,2026-08-17T11:00:00,15.5,121.3,shuttle,completed
T005751,R018,D0108,V5,S2,2026-08-17T10:15:00,2026-08-17T10:18:30,2026-08-17T11:00:00,2026-08-17T11:00:46.922230,15.5,107.1,shuttle,completed
T005752,R020,D0080,V1,S2,2026-08-17T10:15:00,2026-08-17T10:18:18,2026-08-17T11:00:00,2026-08-17T11:01:45.330203,9.8,130.9,nodal,completed
T005753,R020,D0024,V1,S2,2026-08-17T10:15:00,2026-08-17T10:23:54,2026-08-17T11:00:00,2026-08-17T11:07:55.307643,9.6,141.0,nodal,completed
T005754,R020,D0053,V1,S2,2026-08-17T10:15:00,2026-08-17T10:17:06,2026-08-17T11:00:00,2026-08-17T11:00:00,10.7,137.8,nodal,completed
T005755,R020,D0068,V1,S2,2026-08-17T10:15:00,2026-08-17T10:24:54,2026-08-17T11:00:00,2026-08-17T11:08:16.157304,10.8,156.4,nodal,completed
T005756,R022,D0055,V3,S2,2026-08-17T10:15:00,2026-08-17T10:23:54,2026-08-17T11:00:00,2026-08-17T11:08:41.722846,16.5,318.7,cab,completed
T005757,R022,D0008,V1,S2,2026-08-17T10:15:00,2026-08-17T10:21:18,2026-08-17T11:00:00,2026-08-17T11:03:33.583199,17.6,331.3,cab,completed
T005758,R022,D0111,V1,S2,2026-08-17T10:15:00,2026-08-17T10:37:36,2026-08-17T11:00:00,2026-08-17T11:17:58.903820,18.3,336.9,cab,completed
T005759,R022,D0062,V3,S2,2026-08-17T10:15:00,2026-08-17T10:17:12,2026-08-17T11:00:00,2026-08-17T11:00:09.546268,17.7,347.4,cab,completed
T005760,R022,D0086,V1,S2,2026-08-17T10:15:00,2026-08-17T10:28:00,2026-08-17T11:00:00,2026-08-17T11:08:43.713418,16.6,312.5,cab,completed
T005761,R022,D0050,V5,S2,2026-08-17T10:15:00,2026-08-17T10:22:18,2026-08-17T11:00:00,2026-08-17T11:05:41.574618,17.8,335.0,cab,completed
T005762,R022,D0083,V3,S2,2026-08-17T10:15:00,2026-08-17T10:28:54,2026-08-17T11:00:00,2026-08-17T11:09:45.150186,16.5,325.2,cab,completed
T005763,R022,D0068,V1,S2,2026-08-17T10:15:00,2026-08-17T10:48:12,2026-08-17T11:00:00,2026-08-17T11:29:06.829537,16.4,320.8,cab,completed
T005764,R003,D0014,V5,S3,2026-08-17T21:15:00,2026-08-17T21:15:54,2026-08-17T22:00:00,2026-08-17T22:00:00,22.0,138.1,shuttle,completed
T005765,R003,D0022,V5,S3,2026-08-17T21:15:00,2026-08-17T21:20:06,2026-08-17T22:00:00,2026-08-17T22:01:44.000529,23.3,140.2,shuttle,completed
T005766,R006,D0094,V2,S3,2026-08-17T21:15:00,2026-08-17T21:16:12,2026-08-17T22:00:00,2026-08-17T22:00:00,18.5,146.0,shuttle,completed
T005767,R008,D0003,V1,S3,2026-08-17T21:15:00,2026-08-17T21:20:00,2026-08-17T22:00:00,2026-08-17T22:01:10.977735,9.7,139.8,nodal,completed
T005768,R008,D0017,V2,S3,2026-08-17T21:15:00,2026-08-17T21:26:00,2026-08-17T22:00:00,2026-08-17T22:09:54.456229,9.5,154.0,nodal,completed
T005769,R011,D0110,V1,S3,2026-08-17T21:15:00,2026-08-17T21:15:18,2026-08-17T22:00:00,2026-08-17T22:00:00,8.2,127.5,nodal,completed
T005770,R011,D0015,V1,S3,2026-08-17T21:15:00,2026-08-17T21:20:00,2026-08-17T22:00:00,2026-08-17T22:02:25.882540,7.8,118.2,nodal,completed
T005771,R011,D0112,V1,S3,2026-08-17T21:15:00,2026-08-17T21:15:12,2026-08-17T22:00:00,2026-08-17T22:00:00,7.9,124.7,nodal,completed
T005772,R013,D0018,V5,S3,2026-08-17T21:15:00,2026-08-17T21:27:00,2026-08-17T22:00:00,2026-08-17T22:11:12.614292,11.5,250.8,cab,completed
T005773,R013,D0004,V5,S3,2026-08-17T21:15:00,2026-08-17T21:15:30,2026-08-17T22:00:00,2026-08-17T22:00:00,11.2,238.1,cab,completed
T005774,R013,D0048,V5,S3,2026-08-17T21:15:00,2026-08-17T21:18:18,2026-08-17T22:00:00,2026-08-17T22:02:23.743989,10.5,244.3,cab,completed
T005775,R013,D0027,V3,S3,2026-08-17T21:15:00,2026-08-17T21:15:24,2026-08-17T22:00:00,2026-08-17T22:00:00,11.7,250.0,cab,completed
T005776,R013,D0095,V3,S3,2026-08-17T21:15:00,2026-08-17T21:15:36,2026-08-17T22:00:00,2026-08-17T22:00:00,10.8,247.5,cab,completed
T005777,R013,D0068,V1,S3,2026-08-17T21:15:00,2026-08-17T21:26:42,2026-08-17T22:00:00,2026-08-17T22:08:05.531197,11.0,246.9,cab,completed
T005778,R018,D0017,V2,S3,2026-08-17T21:15:00,2026-08-17T21:26:36,2026-08-17T22:00:00,2026-08-17T22:08:48.306841,15.2,119.9,shuttle,completed
T005779,R018,D0020,V2,S3,2026-08-17T21:15:00,2026-08-17T21:20:18,2026-08-17T22:00:00,2026-08-17T22:01:48.030047,14.4,113.1,shuttle,completed
T005780,R020,D0032,V1,S3,2026-08-17T21:15:00,2026-08-17T21:25:54,2026-08-17T22:00:00,2026-08-17T22:08:34.115818,10.2,132.0,nodal,completed
T005781,R020,D0087,V2,S3,2026-08-17T21:15:00,,2026-08-17T22:00:00,,10.1,177.1,nodal,no_show
T005782,R022,D0058,V1,S3,2026-08-17T21:15:00,2026-08-17T21:16:54,2026-08-17T22:00:00,2026-08-17T22:00:00,16.8,323.4,cab,completed
T005783,R022,D0108,V5,S3,2026-08-17T21:15:00,2026-08-17T21:18:00,2026-08-17T22:00:00,2026-08-17T22:02:18.999498,17.0,322.0,cab,completed
T005784,R022,D0116,V5,S3,2026-08-17T21:15:00,2026-08-17T21:26:42,2026-08-17T22:00:00,2026-08-17T22:09:31.632092,16.2,315.7,cab,completed
T005785,R003,D0038,V5,S1,2026-08-18T08:15:00,2026-08-18T08:22:36,2026-08-18T09:00:00,2026-08-18T09:06:15.322644,21.4,126.0,shuttle,completed
T005786,R003,D0061,V4,S1,2026-08-18T08:15:00,2026-08-18T08:19:18,2026-08-18T09:00:00,2026-08-18T09:03:16.794199,22.3,126.8,shuttle,completed
T005787,R003,D0084,V4,S1,2026-08-18T08:15:00,2026-08-18T08:24:42,2026-08-18T09:00:00,2026-08-18T09:07:13.686208,23.0,145.3,shuttle,completed
T005788,R006,D0093,V4,S1,2026-08-18T08:15:00,2026-08-18T08:18:24,2026-08-18T09:00:00,2026-08-18T09:00:00,18.4,119.7,shuttle,completed
T005789,R006,D0004,V5,S1,2026-08-18T08:15:00,2026-08-18T08:24:36,2026-08-18T09:00:00,2026-08-18T09:05:59.796876,19.0,125.3,shuttle,completed
T005790,R006,D0120,V5,S1,2026-08-18T08:15:00,2026-08-18T08:44:18,2026-08-18T09:00:00,2026-08-18T09:28:36.450798,20.4,135.4,shuttle,completed
T005791,R008,D0052,V1,S1,2026-08-18T08:15:00,2026-08-18T08:21:42,2026-08-18T09:00:00,2026-08-18T09:02:44.397848,9.0,136.6,nodal,completed
T005792,R008,D0073,V2,S1,2026-08-18T08:15:00,2026-08-18T08:18:06,2026-08-18T09:00:00,2026-08-18T09:00:00,8.7,140.0,nodal,completed
T005793,R008,D0080,V1,S1,2026-08-18T08:15:00,2026-08-18T08:34:36,2026-08-18T09:00:00,2026-08-18T09:15:00.115160,9.2,137.4,nodal,completed
T005794,R008,D0058,V1,S1,2026-08-18T08:15:00,2026-08-18T08:21:48,2026-08-18T09:00:00,2026-08-18T09:06:26.060697,8.9,139.0,nodal,completed
T005795,R008,D0113,V2,S1,2026-08-18T08:15:00,2026-08-18T08:15:12,2026-08-18T09:00:00,2026-08-18T09:00:00,8.7,139.3,nodal,completed
T005796,R011,D0005,V1,S1,2026-08-18T08:15:00,2026-08-18T08:16:42,2026-08-18T09:00:00,2026-08-18T09:00:00,7.9,111.6,nodal,completed
T005797,R011,D0070,V2,S1,2026-08-18T08:15:00,2026-08-18T08:21:36,2026-08-18T09:00:00,2026-08-18T09:05:57.690388,8.2,132.6,nodal,completed
T005798,R011,D0068,V1,S1,2026-08-18T08:15:00,2026-08-18T08:18:24,2026-08-18T09:00:00,2026-08-18T09:02:20.030001,8.5,132.3,nodal,completed
T005799,R011,D0011,V2,S1,2026-08-18T08:15:00,2026-08-18T08:16:00,2026-08-18T09:00:00,2026-08-18T09:00:00,7.9,143.1,nodal,completed
T005800,R011,D0080,V1,S1,2026-08-18T08:15:00,,2026-08-18T09:00:00,,8.1,129.5,nodal,no_show
T005801,R011,D0008,V1,S1,2026-08-18T08:15:00,2026-08-18T08:15:54,2026-08-18T09:00:00,2026-08-18T09:00:00,8.6,125.8,nodal,completed
T005802,R013,D0058,V1,S1,2026-08-18T08:15:00,2026-08-18T08:16:42,2026-08-18T09:00:00,2026-08-18T09:00:01.579562,10.7,245.9,cab,completed
T005803,R013,D0086,V1,S1,2026-08-18T08:15:00,2026-08-18T08:23:06,2026-08-18T09:00:00,2026-08-18T09:04:44.734576,10.8,250.3,cab,completed
T005804,R013,D0080,V1,S1,2026-08-18T08:15:00,2026-08-18T08:37:00,2026-08-18T09:00:00,2026-08-18T09:17:05.670862,11.4,257.6,cab,completed
T005805,R013,D0032,V1,S1,2026-08-18T08:15:00,2026-08-18T08:20:48,2026-08-18T09:00:00,2026-08-18T09:01:46.498742,10.6,241.4,cab,completed
T005806,R013,D0112,V1,S1,2026-08-18T08:15:00,2026-08-18T08:23:36,2026-08-18T09:00:00,2026-08-18T09:03:56.722825,11.3,252.3,cab,completed
T005807,R013,D0042,V5,S1,2026-08-18T08:15:00,2026-08-18T08:16:12,2026-08-18T09:00:00,2026-08-18T09:00:00,10.8,242.2,cab,completed
T005808,R013,D0098,V5,S1,2026-08-18T08:15:00,2026-08-18T08:24:42,2026-08-18T09:00:00,2026-08-18T09:06:46.686246,11.9,266.1,cab,completed
T005809,R013,D0036,V3,S1,2026-08-18T08:15:00,2026-08-18T08:17:00,2026-08-18T09:00:00,2026-08-18T09:00:47.897929,11.2,244.3,cab,completed
T005810,R013,D0064,V3,S1,2026-08-18T08:15:00,2026-08-18T08:15:12,2026-08-18T09:00:00,2026-08-18T09:00:00,11.8,246.5,cab,completed
T005811,R013,D0024,V1,S1,2026-08-18T08:15:00,2026-08-18T08:18:12,2026-08-18T09:00:00,2026-08-18T09:02:16.838236,11.5,250.8,cab,completed
T005812,R013,D0024,V1,S1,2026-08-18T08:15:00,2026-08-18T08:18:36,2026-08-18T09:00:00,2026-08-18T09:02:51.385384,11.8,251.1,cab,completed
T005813,R018,D0104,V4,S1,2026-08-18T08:15:00,2026-08-18T08:28:12,2026-08-18T09:00:00,2026-08-18T09:08:32.468783,15.9,106.4,shuttle,completed
T005814,R018,D0018,V5,S1,2026-08-18T08:15:00,2026-08-18T08:18:36,2026-08-18T09:00:00,2026-08-18T09:00:00,14.3,98.5,shuttle,completed
T005815,R018,D0034,V4,S1,2026-08-18T08:15:00,2026-08-18T08:20:36,2026-08-18T09:00:00,2026-08-18T09:05:21.713160,14.5,100.5,shuttle,completed
T005816,R020,D0005,V1,S1,2026-08-18T08:15:00,2026-08-18T08:26:12,2026-08-18T09:00:00,2026-08-18T09:08:40.186207,10.1,150.6,nodal,completed
T005817,R020,D0094,V2,S1,2026-08-18T08:15:00,2026-08-18T08:34:18,2026-08-18T09:00:00,2026-08-18T09:16:41.230050,10.0,164.6,nodal,completed
T005818,R020,D0045,V1,S1,2026-08-18T08:15:00,2026-08-18T08:15:48,2026-08-18T09:00:00,2026-08-18T09:00:00,10.1,150.8,nodal,completed
T005819,R020,D0073,V2,S1,2026-08-18T08:15:00,2026-08-18T08:22:06,2026-08-18T09:00:00,2026-08-18T09:05:32.569078,10.6,169.8,nodal,completed
T005820,R020,D0002,V2,S1,2026-08-18T08:15:00,2026-08-18T08:16:00,2026-08-18T09:00:00,2026-08-18T09:00:00,9.6,163.3,nodal,completed
T005821,R020,D0003,V1,S1,2026-08-18T08:15:00,2026-08-18T08:45:06,2026-08-18T09:00:00,2026-08-18T09:27:41.867474,10.2,145.6,nodal,completed
T005822,R022,D0046,V5,S1,2026-08-18T08:15:00,2026-08-18T08:16:48,2026-08-18T09:00:00,2026-08-18T09:00:00,16.8,333.8,cab,completed
T005823,R022,D0042,V5,S1,2026-08-18T08:15:00,2026-08-18T08:24:30,2026-08-18T09:00:00,2026-08-18T09:05:48.280580,16.8,315.9,cab,completed
T005824,R022,D0035,V1,S1,2026-08-18T08:15:00,2026-08-18T08:34:12,2026-08-18T09:00:00,2026-08-18T09:17:57.950032,17.1,328.7,cab,completed
T005825,R022,D0095,V3,S1,2026-08-18T08:15:00,2026-08-18T08:23:12,2026-08-18T09:00:00,2026-08-18T09:04:31.897798,17.0,335.6,cab,completed
T005826,R022,D0024,V1,S1,2026-08-18T08:15:00,2026-08-18T08:31:24,2026-08-18T09:00:00,2026-08-18T09:13:22.865740,18.1,352.6,cab,completed
T005827,R022,D0053,V1,S1,2026-08-18T08:15:00,2026-08-18T08:47:48,2026-08-18T09:00:00,2026-08-18T09:29:52.058098,17.7,333.6,cab,completed
T005828,R022,D0031,V3,S1,2026-08-18T08:15:00,2026-08-18T08:20:36,2026-08-18T09:00:00,2026-08-18T09:02:10.653881,17.6,333.8,cab,completed
T005829,R022,D0079,V3,S1,2026-08-18T08:15:00,2026-08-18T08:19:36,2026-08-18T09:00:00,2026-08-18T09:04:23.414813,17.4,356.3,cab,completed
T005830,R022,D0105,V3,S1,2026-08-18T08:15:00,2026-08-18T08:15:54,2026-08-18T09:00:00,2026-08-18T09:00:00,18.0,338.0,cab,completed
T005831,R022,D0079,V3,S1,2026-08-18T08:15:00,2026-08-18T08:21:00,2026-08-18T09:00:00,2026-08-18T09:04:47.712823,17.8,345.4,cab,completed
T005832,R022,D0110,V1,S1,2026-08-18T08:15:00,2026-08-18T08:17:48,2026-08-18T09:00:00,2026-08-18T09:02:24.744214,16.5,318.3,cab,completed
T005833,R003,D0021,V4,S2,2026-08-18T10:15:00,2026-08-18T10:15:42,2026-08-18T11:00:00,2026-08-18T11:00:00,22.4,139.9,shuttle,completed
T005834,R003,D0116,V5,S2,2026-08-18T10:15:00,2026-08-18T10:17:54,2026-08-18T11:00:00,2026-08-18T11:00:09.740672,23.6,144.5,shuttle,completed
T005835,R006,D0029,V2,S2,2026-08-18T10:15:00,2026-08-18T10:15:48,2026-08-18T11:00:00,2026-08-18T11:00:34.393534,19.5,154.3,shuttle,completed
T005836,R006,D0070,V2,S2,2026-08-18T10:15:00,2026-08-18T10:17:12,2026-08-18T11:00:00,2026-08-18T11:00:12.627130,18.4,129.6,shuttle,completed
T005837,R008,D0081,V2,S2,2026-08-18T10:15:00,2026-08-18T10:22:12,2026-08-18T11:00:00,2026-08-18T11:05:26.958079,8.6,149.8,nodal,completed
T005838,R008,D0024,V1,S2,2026-08-18T10:15:00,2026-08-18T10:21:36,2026-08-18T11:00:00,2026-08-18T11:02:48.539859,9.2,140.5,nodal,completed
T005839,R008,D0002,V2,S2,2026-08-18T10:15:00,2026-08-18T10:21:12,2026-08-18T11:00:00,2026-08-18T11:03:22.812879,9.5,152.2,nodal,completed
T005840,R011,D0056,V1,S2,2026-08-18T10:15:00,2026-08-18T10:17:00,2026-08-18T11:00:00,2026-08-18T11:00:00,8.3,130.9,nodal,completed
T005841,R011,D0063,V2,S2,2026-08-18T10:15:00,2026-08-18T10:15:00,2026-08-18T11:00:00,2026-08-18T11:00:00,8.1,145.4,nodal,completed
T005842,R011,D0009,V1,S2,2026-08-18T10:15:00,2026-08-18T10:15:12,2026-08-18T11:00:00,2026-08-18T11:00:00,8.3,132.1,nodal,completed
T005843,R011,D0015,V1,S2,2026-08-18T10:15:00,2026-08-18T10:26:48,2026-08-18T11:00:00,2026-08-18T11:10:00.395195,7.7,118.3,nodal,completed
T005844,R013,D0024,V1,S2,2026-08-18T10:15:00,2026-08-18T10:17:24,2026-08-18T11:00:00,2026-08-18T11:00:19.152334,11.2,239.0,cab,completed
T005845,R013,D0035,V1,S2,2026-08-18T10:15:00,2026-08-18T10:22:42,2026-08-18T11:00:00,2026-08-18T11:07:23.255133,11.4,257.3,cab,completed
T005846,R013,D0033,V1,S2,2026-08-18T10:15:00,2026-08-18T10:16:42,2026-08-18T11:00:00,2026-08-18T11:00:00,11.6,258.8,cab,completed
T005847,R013,D0022,V5,S2,2026-08-18T10:15:00,2026-08-18T10:15:06,2026-08-18T11:00:00,2026-08-18T11:00:00,10.7,232.5,cab,completed
T005848,R013,D0086,V1,S2,2026-08-18T10:15:00,2026-08-18T10:18:12,2026-08-18T11:00:00,2026-08-18T11:02:54.718553,10.9,253.4,cab,completed
T005849,R013,D0077,V5,S2,2026-08-18T10:15:00,2026-08-18T10:33:06,2026-08-18T11:00:00,2026-08-18T11:17:05.312984,11.5,256.6,cab,completed
T005850,R013,D0039,V3,S2,2026-08-18T10:15:00,2026-08-18T10:15:48,2026-08-18T11:00:00,2026-08-18T11:00:00,11.4,249.8,cab,completed
T005851,R018,D0050,V5,S2,2026-08-18T10:15:00,2026-08-18T10:18:12,2026-08-18T11:00:00,2026-08-18T11:00:05.487484,14.6,102.5,shuttle,completed
T005852,R018,D0048,V5,S2,2026-08-18T10:15:00,2026-08-18T10:37:00,2026-08-18T11:00:00,2026-08-18T11:21:58.646380,15.9,102.9,shuttle,completed
T005853,R020,D0113,V2,S2,2026-08-18T10:15:00,2026-08-18T10:18:54,2026-08-18T11:00:00,2026-08-18T11:00:00,10.2,172.8,nodal,completed
T005854,R020,D0112,V1,S2,2026-08-18T10:15:00,2026-08-18T10:16:48,2026-08-18T11:00:00,2026-08-18T11:00:00,10.6,139.7,nodal,completed
T005855,R020,D0106,V2,S2,2026-08-18T10:15:00,2026-08-18T10:20:24,2026-08-18T11:00:00,2026-08-18T11:00:28.866436,10.6,171.0,nodal,completed
T005856,R020,D0073,V2,S2,2026-08-18T10:15:00,2026-08-18T10:16:18,2026-08-18T11:00:00,2026-08-18T11:00:00,10.6,177.7,nodal,completed
T005857,R022,D0004,V5,S2,2026-08-18T10:15:00,2026-08-18T10:16:06,2026-08-18T11:00:00,2026-08-18T11:00:00,17.1,323.1,cab,completed
T005858,R022,D0047,V3,S2,2026-08-18T10:15:00,2026-08-18T10:16:12,2026-08-18T11:00:00,2026-08-18T11:00:00,17.6,330.0,cab,completed
T005859,R022,D0058,V1,S2,2026-08-18T10:15:00,2026-08-18T10:18:06,2026-08-18T11:00:00,2026-08-18T11:00:32.433029,16.2,316.5,cab,completed
T005860,R022,D0013,V5,S2,2026-08-18T10:15:00,2026-08-18T10:16:12,2026-08-18T11:00:00,2026-08-18T11:00:34.729674,16.7,321.5,cab,completed
T005861,R022,D0065,V3,S2,2026-08-18T10:15:00,,2026-08-18T11:00:00,,17.3,323.8,cab,no_show
T005862,R022,D0045,V1,S2,2026-08-18T10:15:00,2026-08-18T10:19:12,2026-08-18T11:00:00,2026-08-18T11:03:05.880168,16.9,319.5,cab,completed
T005863,R022,D0108,V5,S2,2026-08-18T10:15:00,2026-08-18T10:54:42,2026-08-18T11:00:00,2026-08-18T11:38:02.108481,16.3,326.0,cab,completed
T005864,R022,D0060,V3,S2,2026-08-18T10:15:00,2026-08-18T10:26:30,2026-08-18T11:00:00,2026-08-18T11:09:32.148220,18.4,344.7,cab,completed
T005865,R003,D0102,V4,S3,2026-08-18T21:15:00,2026-08-18T21:20:06,2026-08-18T22:00:00,2026-08-18T22:00:12.444674,22.9,130.9,shuttle,completed
T005866,R003,D0113,V2,S3,2026-08-18T21:15:00,2026-08-18T21:17:36,2026-08-18T22:00:00,2026-08-18T22:02:04.854822,21.0,155.3,shuttle,completed
T005867,R006,D0004,V5,S3,2026-08-18T21:15:00,2026-08-18T21:18:00,2026-08-18T22:00:00,2026-08-18T22:02:53.555371,19.5,123.9,shuttle,completed
T005868,R008,D0106,V2,S3,2026-08-18T21:15:00,2026-08-18T21:18:54,2026-08-18T22:00:00,2026-08-18T22:00:29.082988,8.6,148.3,nodal,completed
T005869,R008,D0001,V2,S3,2026-08-18T21:15:00,2026-08-18T21:15:48,2026-08-18T22:00:00,2026-08-18T22:00:00,9.0,156.8,nodal,completed
T005870,R011,D0057,V2,S3,2026-08-18T21:15:00,2026-08-18T21:16:18,2026-08-18T22:00:00,2026-08-18T22:00:00,7.8,135.5,nodal,completed
T005871,R011,D0045,V1,S3,2026-08-18T21:15:00,2026-08-18T21:16:36,2026-08-18T22:00:00,2026-08-18T22:00:00,8.5,133.1,nodal,completed
T005872,R011,D0012,V2,S3,2026-08-18T21:15:00,2026-08-18T21:15:30,2026-08-18T22:00:00,2026-08-18T22:00:00,8.6,141.6,nodal,completed
T005873,R013,D0049,V3,S3,2026-08-18T21:15:00,2026-08-18T21:16:24,2026-08-18T22:00:00,2026-08-18T22:01:12.520194,11.2,244.1,cab,completed
T005874,R013,D0047,V3,S3,2026-08-18T21:15:00,2026-08-18T21:17:06,2026-08-18T22:00:00,2026-08-18T22:01:13.191422,10.6,234.3,cab,completed
T005875,R013,D0095,V3,S3,2026-08-18T21:15:00,2026-08-18T21:16:42,2026-08-18T22:00:00,2026-08-18T22:00:00,11.3,252.5,cab,completed
T005876,R013,D0045,V1,S3,2026-08-18T21:15:00,2026-08-18T21:25:06,2026-08-18T22:00:00,2026-08-18T22:07:08.434682,11.1,244.4,cab,completed
T005877,R013,D0045,V1,S3,2026-08-18T21:15:00,2026-08-18T21:24:00,2026-08-18T22:00:00,2026-08-18T22:08:26.650868,10.7,234.8,cab,completed
T005878,R018,D0119,V4,S3,2026-08-18T21:15:00,2026-08-18T21:28:36,2026-08-18T22:00:00,2026-08-18T22:10:09.185402,16.0,97.5,shuttle,completed
T005879,R018,D0101,V5,S3,2026-08-18T21:15:00,2026-08-18T21:28:54,2026-08-18T22:00:00,2026-08-18T22:12:09.167035,14.4,87.4,shuttle,completed
T005880,R020,D0005,V1,S3,2026-08-18T21:15:00,2026-08-18T21:40:06,2026-08-18T22:00:00,2026-08-18T22:21:14.971860,10.7,146.8,nodal,completed
T005881,R020,D0087,V2,S3,2026-08-18T21:15:00,2026-08-18T21:16:06,2026-08-18T22:00:00,2026-08-18T22:00:00,9.6,162.5,nodal,completed
T005882,R022,D0006,V5,S3,2026-08-18T21:15:00,2026-08-18T21:15:12,2026-08-18T22:00:00,2026-08-18T22:00:00,17.9,344.1,cab,completed
T005883,R022,D0052,V1,S3,2026-08-18T21:15:00,2026-08-18T21:36:12,2026-08-18T22:00:00,2026-08-18T22:17:21.497462,17.8,336.1,cab,completed
T005884,R022,D0079,V3,S3,2026-08-18T21:15:00,2026-08-18T21:16:12,2026-08-18T22:00:00,2026-08-18T22:00:14.989477,17.9,331.2,cab,completed
T005885,R022,D0069,V5,S3,2026-08-18T21:15:00,2026-08-18T21:15:48,2026-08-18T22:00:00,2026-08-18T22:00:00,17.0,324.4,cab,completed
T005886,R003,D0113,V2,S1,2026-08-19T08:15:00,2026-08-19T08:18:06,2026-08-19T09:00:00,2026-08-19T09:00:00,21.8,165.9,shuttle,completed
T005887,R003,D0007,V4,S1,2026-08-19T08:15:00,2026-08-19T08:20:18,2026-08-19T09:00:00,2026-08-19T09:04:49.580758,22.8,135.8,shuttle,completed
T005888,R003,D0022,V5,S1,2026-08-19T08:15:00,2026-08-19T08:23:24,2026-08-19T09:00:00,2026-08-19T09:07:15.898389,22.9,132.3,shuttle,completed
T005889,R006,D0081,V2,S1,2026-08-19T08:15:00,2026-08-19T08:20:36,2026-08-19T09:00:00,2026-08-19T09:02:01.975961,19.9,144.7,shuttle,completed
T005890,R006,D0020,V2,S1,2026-08-19T08:15:00,2026-08-19T08:17:18,2026-08-19T09:00:00,2026-08-19T09:00:00,20.0,162.3,shuttle,completed
T005891,R006,D0007,V4,S1,2026-08-19T08:15:00,2026-08-19T08:15:06,2026-08-19T09:00:00,2026-08-19T09:00:00,18.5,118.2,shuttle,completed
T005892,R008,D0066,V2,S1,2026-08-19T08:15:00,2026-08-19T08:15:12,2026-08-19T09:00:00,2026-08-19T09:00:00,8.7,142.1,nodal,completed
T005893,R008,D0003,V1,S1,2026-08-19T08:15:00,2026-08-19T08:33:12,2026-08-19T09:00:00,2026-08-19T09:17:10.469006,9.3,136.7,nodal,completed
T005894,R008,D0106,V2,S1,2026-08-19T08:15:00,2026-08-19T08:15:36,2026-08-19T09:00:00,2026-08-19T09:00:00,8.7,152.2,nodal,completed
T005895,R008,D0045,V1,S1,2026-08-19T08:15:00,2026-08-19T08:18:30,2026-08-19T09:00:00,2026-08-19T09:00:00,9.4,127.7,nodal,completed
T005896,R008,D0107,V2,S1,2026-08-19T08:15:00,2026-08-19T08:29:24,2026-08-19T09:00:00,2026-08-19T09:13:06.504975,9.6,162.2,nodal,completed
T005897,R011,D0043,V1,S1,2026-08-19T08:15:00,2026-08-19T08:24:30,2026-08-19T09:00:00,2026-08-19T09:04:44.097161,8.3,124.5,nodal,completed
T005898,R011,D0090,V2,S1,2026-08-19T08:15:00,2026-08-19T08:19:00,2026-08-19T09:00:00,2026-08-19T09:02:45.458490,8.2,132.3,nodal,completed
T005899,R011,D0086,V1,S1,2026-08-19T08:15:00,2026-08-19T08:18:24,2026-08-19T09:00:00,2026-08-19T09:01:41.490596,7.8,122.5,nodal,completed
T005900,R011,D0040,V1,S1,2026-08-19T08:15:00,2026-08-19T08:27:18,2026-08-19T09:00:00,2026-08-19T09:10:57.865926,7.7,129.2,nodal,completed
T005901,R011,D0020,V2,S1,2026-08-19T08:15:00,2026-08-19T08:15:18,2026-08-19T09:00:00,2026-08-19T09:00:13.195011,7.9,140.3,nodal,completed
T005902,R011,D0052,V1,S1,2026-08-19T08:15:00,2026-08-19T08:17:30,2026-08-19T09:00:00,2026-08-19T09:00:24.567801,8.6,124.4,nodal,completed
T005903,R013,D0052,V1,S1,2026-08-19T08:15:00,2026-08-19T08:18:36,2026-08-19T09:00:00,2026-08-19T09:01:28.690201,11.1,238.3,cab,completed
T005904,R013,D0064,V3,S1,2026-08-19T08:15:00,2026-08-19T08:17:30,2026-08-19T09:00:00,2026-08-19T09:00:00,11.8,256.7,cab,completed
T005905,R013,D0037,V3,S1,2026-08-19T08:15:00,2026-08-19T08:15:24,2026-08-19T09:00:00,2026-08-19T09:00:00,11.7,243.9,cab,completed
T005906,R013,D0100,V3,S1,2026-08-19T08:15:00,2026-08-19T08:16:36,2026-08-19T09:00:00,2026-08-19T09:01:17.911123,11.0,241.3,cab,completed
T005907,R013,D0079,V3,S1,2026-08-19T08:15:00,2026-08-19T08:17:18,2026-08-19T09:00:00,2026-08-19T09:00:00,11.2,255.5,cab,completed
T005908,R013,D0095,V3,S1,2026-08-19T08:15:00,2026-08-19T08:18:24,2026-08-19T09:00:00,2026-08-19T09:00:56.835029,11.6,246.8,cab,completed
T005909,R013,D0056,V1,S1,2026-08-19T08:15:00,2026-08-19T08:23:48,2026-08-19T09:00:00,2026-08-19T09:08:15.662663,11.6,276.9,cab,completed
T005910,R013,D0071,V5,S1,2026-08-19T08:15:00,2026-08-19T08:15:12,2026-08-19T09:00:00,2026-08-19T09:00:03.731748,11.6,254.5,cab,completed
T005911,R013,D0032,V1,S1,2026-08-19T08:15:00,2026-08-19T08:17:48,2026-08-19T09:00:00,2026-08-19T09:00:14.077015,11.6,255.2,cab,completed
T005912,R013,D0008,V1,S1,2026-08-19T08:15:00,2026-08-19T08:17:12,2026-08-19T09:00:00,2026-08-19T09:00:00,10.8,235.2,cab,completed
T005913,R013,D0086,V1,S1,2026-08-19T08:15:00,2026-08-19T08:17:48,2026-08-19T09:00:00,2026-08-19T09:00:43.011437,11.2,252.5,cab,completed
T005914,R018,D0038,V5,S1,2026-08-19T08:15:00,2026-08-19T08:21:48,2026-08-19T09:00:00,2026-08-19T09:04:16.242766,15.4,92.8,shuttle,completed
T005915,R018,D0019,V4,S1,2026-08-19T08:15:00,2026-08-19T08:36:36,2026-08-19T09:00:00,2026-08-19T09:18:37.592673,14.8,93.3,shuttle,completed
T005916,R018,D0063,V2,S1,2026-08-19T08:15:00,,2026-08-19T09:00:00,2026-08-19T09:00:19.888673,15.8,124.4,shuttle,completed
T005917,R020,D0068,V1,S1,2026-08-19T08:15:00,2026-08-19T08:44:30,2026-08-19T09:00:00,2026-08-19T09:24:30.305842,9.8,144.4,nodal,completed
T005918,R020,D0113,V2,S1,2026-08-19T08:15:00,2026-08-19T08:17:18,2026-08-19T09:00:00,2026-08-19T09:01:48.214349,10.7,177.2,nodal,completed
T005919,R020,D0090,V2,S1,2026-08-19T08:15:00,,2026-08-19T09:00:00,,10.6,163.6,nodal,no_show
T005920,R020,D0110,V1,S1,2026-08-19T08:15:00,2026-08-19T08:51:48,2026-08-19T09:00:00,2026-08-19T09:36:22.578942,9.8,145.7,nodal,completed
T005921,R020,D0058,V1,S1,2026-08-19T08:15:00,2026-08-19T08:20:48,2026-08-19T09:00:00,2026-08-19T09:01:19.734110,10.2,149.2,nodal,completed
T005922,R020,D0066,V2,S1,2026-08-19T08:15:00,2026-08-19T08:31:48,2026-08-19T09:00:00,2026-08-19T09:13:37.933204,9.7,163.6,nodal,completed
T005923,R022,D0111,V1,S1,2026-08-19T08:15:00,2026-08-19T08:25:42,2026-08-19T09:00:00,2026-08-19T09:05:47.839438,16.3,321.9,cab,completed
T005924,R022,D0062,V3,S1,2026-08-19T08:15:00,2026-08-19T08:37:00,2026-08-19T09:00:00,2026-08-19T09:19:42.172862,16.2,321.4,cab,completed
T005925,R022,D0042,V5,S1,2026-08-19T08:15:00,2026-08-19T08:20:48,2026-08-19T09:00:00,2026-08-19T09:03:49.452102,16.9,318.2,cab,completed
T005926,R022,D0062,V3,S1,2026-08-19T08:15:00,2026-08-19T08:26:36,2026-08-19T09:00:00,2026-08-19T09:10:23.682954,16.9,329.0,cab,completed
T005927,R022,D0035,V1,S1,2026-08-19T08:15:00,2026-08-19T08:21:12,2026-08-19T09:00:00,2026-08-19T09:03:51.103816,17.5,344.9,cab,completed
T005928,R022,D0039,V3,S1,2026-08-19T08:15:00,2026-08-19T08:16:00,2026-08-19T09:00:00,2026-08-19T09:00:00,17.3,338.5,cab,completed
T005929,R022,D0027,V3,S1,2026-08-19T08:15:00,2026-08-19T08:16:54,2026-08-19T09:00:00,2026-08-19T09:00:00,17.4,329.8,cab,completed
T005930,R022,D0098,V5,S1,2026-08-19T08:15:00,2026-08-19T08:15:12,2026-08-19T09:00:00,2026-08-19T09:00:00,16.3,319.6,cab,completed
T005931,R022,D0024,V1,S1,2026-08-19T08:15:00,2026-08-19T08:26:54,2026-08-19T09:00:00,2026-08-19T09:09:59.391979,17.6,344.7,cab,completed
T005932,R022,D0043,V1,S1,2026-08-19T08:15:00,2026-08-19T08:15:12,2026-08-19T09:00:00,2026-08-19T09:00:00,17.3,337.1,cab,completed
T005933,R022,D0085,V3,S1,2026-08-19T08:15:00,2026-08-19T08:15:00,2026-08-19T09:00:00,2026-08-19T09:00:00,16.6,329.5,cab,completed
T005934,R022,D0035,V1,S1,2026-08-19T08:15:00,2026-08-19T08:22:12,2026-08-19T09:00:00,2026-08-19T09:02:39.041715,17.9,349.5,cab,completed
T005935,R003,D0090,V2,S2,2026-08-19T10:15:00,2026-08-19T10:16:30,2026-08-19T11:00:00,2026-08-19T11:00:00,22.1,169.3,shuttle,completed
T005936,R003,D0034,V4,S2,2026-08-19T10:15:00,2026-08-19T10:17:36,2026-08-19T11:00:00,2026-08-19T11:00:27.337548,21.3,127.9,shuttle,completed
T005937,R006,D0069,V5,S2,2026-08-19T10:15:00,2026-08-19T10:28:00,2026-08-19T11:00:00,2026-08-19T11:10:17.634119,18.9,117.0,shuttle,completed
T005938,R006,D0044,V4,S2,2026-08-19T10:15:00,2026-08-19T10:19:12,2026-08-19T11:00:00,2026-08-19T11:00:14.800079,20.0,123.8,shuttle,completed
T005939,R008,D0068,V1,S2,2026-08-19T10:15:00,2026-08-19T10:15:48,2026-08-19T11:00:00,2026-08-19T11:00:00,9.6,132.7,nodal,completed
T005940,R008,D0058,V1,S2,2026-08-19T10:15:00,2026-08-19T10:15:12,2026-08-19T11:00:00,2026-08-19T11:00:00,9.7,137.9,nodal,completed
T005941,R008,D0009,V1,S2,2026-08-19T10:15:00,2026-08-19T10:17:42,2026-08-19T11:00:00,2026-08-19T11:00:00,9.1,132.7,nodal,completed
T005942,R011,D0025,V2,S2,2026-08-19T10:15:00,,2026-08-19T11:00:00,,7.8,130.9,nodal,no_show
T005943,R011,D0107,V2,S2,2026-08-19T10:15:00,2026-08-19T10:17:36,2026-08-19T11:00:00,2026-08-19T11:00:14.017901,7.8,129.5,nodal,completed
T005944,R011,D0068,V1,S2,2026-08-19T10:15:00,2026-08-19T10:15:06,2026-08-19T11:00:00,2026-08-19T11:00:00,8.3,132.4,nodal,completed
T005945,R011,D0017,V2,S2,2026-08-19T10:15:00,2026-08-19T10:15:30,2026-08-19T11:00:00,2026-08-19T11:00:00,7.6,152.1,nodal,completed
T005946,R013,D0018,V5,S2,2026-08-19T10:15:00,2026-08-19T10:20:48,2026-08-19T11:00:00,2026-08-19T11:03:24.446917,10.7,260.2,cab,completed
T005947,R013,D0006,V5,S2,2026-08-19T10:15:00,2026-08-19T10:21:54,2026-08-19T11:00:00,2026-08-19T11:02:37.782654,11.7,252.4,cab,completed
T005948,R013,D0080,V1,S2,2026-08-19T10:15:00,2026-08-19T10:17:18,2026-08-19T11:00:00,2026-08-19T11:00:00,10.7,244.8,cab,completed
T005949,R013,D0120,V5,S2,2026-08-19T10:15:00,2026-08-19T10:15:48,2026-08-19T11:00:00,2026-08-19T11:00:00,10.6,236.3,cab,completed
T005950,R013,D0100,V3,S2,2026-08-19T10:15:00,2026-08-19T10:17:48,2026-08-19T11:00:00,2026-08-19T11:00:00,11.8,264.3,cab,completed
T005951,R013,D0062,V3,S2,2026-08-19T10:15:00,2026-08-19T10:18:18,2026-08-19T11:00:00,2026-08-19T11:02:59.248722,10.6,246.8,cab,completed
T005952,R013,D0062,V3,S2,2026-08-19T10:15:00,2026-08-19T10:18:42,2026-08-19T11:00:00,2026-08-19T11:00:00,11.0,235.8,cab,completed
T005953,R018,D0116,V5,S2,2026-08-19T10:15:00,2026-08-19T10:20:06,2026-08-19T11:00:00,2026-08-19T11:00:22.875780,15.6,105.6,shuttle,completed
T005954,R018,D0004,V5,S2,2026-08-19T10:15:00,2026-08-19T10:27:30,2026-08-19T11:00:00,2026-08-19T11:08:51.353683,15.4,106.8,shuttle,completed
T005955,R020,D0056,V1,S2,2026-08-19T10:15:00,2026-08-19T10:22:12,2026-08-19T11:00:00,2026-08-19T11:05:46.624070,10.6,151.0,nodal,completed
T005956,R020,D0003,V1,S2,2026-08-19T10:15:00,2026-08-19T10:19:54,2026-08-19T11:00:00,2026-08-19T11:02:01.986726,9.6,146.3,nodal,completed
T005957,R020,D0003,V1,S2,2026-08-19T10:15:00,2026-08-19T10:24:00,2026-08-19T11:00:00,2026-08-19T11:04:19.658532,9.9,137.8,nodal,completed
T005958,R020,D0080,V1,S2,2026-08-19T10:15:00,2026-08-19T10:19:06,2026-08-19T11:00:00,2026-08-19T11:03:31.678661,10.6,146.3,nodal,completed
T005959,R022,D0039,V3,S2,2026-08-19T10:15:00,2026-08-19T10:19:24,2026-08-19T11:00:00,2026-08-19T11:01:59.009429,16.5,312.9,cab,completed
T005960,R022,D0023,V3,S2,2026-08-19T10:15:00,2026-08-19T10:19:18,2026-08-19T11:00:00,2026-08-19T11:00:39.328338,17.3,323.2,cab,completed
T005961,R022,D0010,V1,S2,2026-08-19T10:15:00,2026-08-19T10:16:48,2026-08-19T11:00:00,2026-08-19T11:00:00,17.8,335.9,cab,completed
T005962,R022,D0052,V1,S2,2026-08-19T10:15:00,2026-08-19T10:26:54,2026-08-19T11:00:00,2026-08-19T11:08:11.580206,16.6,332.3,cab,completed
T005963,R022,D0080,V1,S2,2026-08-19T10:15:00,2026-08-19T10:17:42,2026-08-19T11:00:00,2026-08-19T11:01:35.238941,16.7,322.1,cab,completed
T005964,R022,D0052,V1,S2,2026-08-19T10:15:00,2026-08-19T10:30:00,2026-08-19T11:00:00,2026-08-19T11:14:02.903180,16.6,318.3,cab,completed
T005965,R022,D0098,V5,S2,2026-08-19T10:15:00,2026-08-19T10:22:12,2026-08-19T11:00:00,2026-08-19T11:06:59.532913,16.4,318.2,cab,completed
T005966,R022,D0046,V5,S2,2026-08-19T10:15:00,2026-08-19T10:16:18,2026-08-19T11:00:00,2026-08-19T11:00:00,18.3,339.7,cab,completed
T005967,R003,D0072,V2,S3,2026-08-19T21:15:00,2026-08-19T21:18:12,2026-08-19T22:00:00,2026-08-19T22:00:00,21.0,155.5,shuttle,completed
T005968,R003,D0001,V2,S3,2026-08-19T21:15:00,2026-08-19T21:17:12,2026-08-19T22:00:00,2026-08-19T22:00:00,23.0,164.6,shuttle,completed
T005969,R006,D0091,V4,S3,2026-08-19T21:15:00,2026-08-19T21:19:48,2026-08-19T22:00:00,2026-08-19T22:01:14.913074,20.2,130.4,shuttle,completed
T005970,R008,D0054,V2,S3,2026-08-19T21:15:00,,2026-08-19T22:00:00,,9.3,160.0,nodal,no_show
T005971,R008,D0024,V1,S3,2026-08-19T21:15:00,2026-08-19T21:16:30,2026-08-19T22:00:00,2026-08-19T22:00:00,8.6,129.0,nodal,completed
T005972,R011,D0081,V2,S3,2026-08-19T21:15:00,2026-08-19T21:17:24,2026-08-19T22:00:00,2026-08-19T22:00:00,8.6,141.1,nodal,completed
T005973,R011,D0011,V2,S3,2026-08-19T21:15:00,2026-08-19T21:18:54,2026-08-19T22:00:00,2026-08-19T22:00:00,7.8,135.5,nodal,completed
T005974,R011,D0008,V1,S3,2026-08-19T21:15:00,2026-08-19T21:15:12,2026-08-19T22:00:00,2026-08-19T22:00:00,7.6,113.4,nodal,completed
T005975,R013,D0120,V5,S3,2026-08-19T21:15:00,2026-08-19T21:20:36,2026-08-19T22:00:00,2026-08-19T22:01:44.823517,11.4,240.1,cab,completed
T005976,R013,D0076,V3,S3,2026-08-19T21:15:00,2026-08-19T21:16:18,2026-08-19T22:00:00,2026-08-19T22:00:00,11.6,245.7,cab,completed
T005977,R013,D0005,V1,S3,2026-08-19T21:15:00,2026-08-19T21:22:54,2026-08-19T22:00:00,2026-08-19T22:05:13.685003,11.7,246.9,cab,completed
T005978,R013,D0099,V5,S3,2026-08-19T21:15:00,2026-08-19T21:39:18,2026-08-19T22:00:00,2026-08-19T22:20:48.706358,11.1,236.8,cab,completed
T005979,R013,D0031,V3,S3,2026-08-19T21:15:00,2026-08-19T21:15:24,2026-08-19T22:00:00,2026-08-19T22:00:23.150226,11.0,251.1,cab,completed
T005980,R018,D0017,V2,S3,2026-08-19T21:15:00,,2026-08-19T22:00:00,,16.0,120.3,shuttle,no_show
T005981,R018,D0041,V4,S3,2026-08-19T21:15:00,2026-08-19T21:20:48,2026-08-19T22:00:00,2026-08-19T22:02:27.331521,14.7,91.9,shuttle,completed
T005982,R020,D0032,V1,S3,2026-08-19T21:15:00,2026-08-19T21:18:06,2026-08-19T22:00:00,2026-08-19T22:02:07.672683,10.6,137.3,nodal,completed
T005983,R020,D0020,V2,S3,2026-08-19T21:15:00,2026-08-19T21:18:30,2026-08-19T22:00:00,2026-08-19T22:01:07.016496,10.0,153.9,nodal,completed
T005984,R020,D0035,V1,S3,2026-08-19T21:15:00,2026-08-19T21:17:12,2026-08-19T22:00:00,2026-08-19T22:02:07.306207,9.7,142.9,nodal,completed
T005985,R022,D0065,V3,S3,2026-08-19T21:15:00,2026-08-19T21:20:30,2026-08-19T22:00:00,2026-08-19T22:03:25.657103,18.0,341.5,cab,completed
T005986,R022,D0047,V3,S3,2026-08-19T21:15:00,2026-08-19T21:15:42,2026-08-19T22:00:00,2026-08-19T22:00:00,18.3,344.8,cab,completed
T005987,R022,D0064,V3,S3,2026-08-19T21:15:00,2026-08-19T21:17:12,2026-08-19T22:00:00,2026-08-19T22:00:00,16.6,329.5,cab,completed
T005988,R022,D0003,V1,S3,2026-08-19T21:15:00,2026-08-19T21:35:48,2026-08-19T22:00:00,2026-08-19T22:20:40.897403,16.4,322.7,cab,completed
T005989,R003,D0070,V2,S1,2026-08-20T08:15:00,2026-08-20T08:21:12,2026-08-20T09:00:00,2026-08-20T09:06:08.129174,21.3,157.4,shuttle,completed
T005990,R003,D0090,V2,S1,2026-08-20T08:15:00,2026-08-20T08:18:36,2026-08-20T09:00:00,2026-08-20T09:00:59.329220,20.9,147.9,shuttle,completed
T005991,R003,D0094,V2,S1,2026-08-20T08:15:00,2026-08-20T08:20:42,2026-08-20T09:00:00,2026-08-20T09:01:43.817631,22.5,160.6,shuttle,completed
T005992,R006,D0030,V2,S1,2026-08-20T08:15:00,2026-08-20T08:17:42,2026-08-20T09:00:00,2026-08-20T09:02:22.697803,19.8,153.2,shuttle,completed
T005993,R006,D0034,V4,S1,2026-08-20T08:15:00,2026-08-20T08:20:12,2026-08-20T09:00:00,2026-08-20T09:01:51.864044,20.2,126.6,shuttle,completed
T005994,R006,D0102,V4,S1,2026-08-20T08:15:00,2026-08-20T08:25:36,2026-08-20T09:00:00,2026-08-20T09:08:42.374842,18.2,116.8,shuttle,completed
T005995,R008,D0068,V1,S1,2026-08-20T08:15:00,2026-08-20T08:20:42,2026-08-20T09:00:00,2026-08-20T09:03:40.787562,9.5,137.9,nodal,completed
T005996,R008,D0072,V2,S1,2026-08-20T08:15:00,2026-08-20T08:19:18,2026-08-20T09:00:00,2026-08-20T09:01:41.386236,9.6,150.2,nodal,completed
T005997,R008,D0097,V2,S1,2026-08-20T08:15:00,2026-08-20T08:17:42,2026-08-20T09:00:00,2026-08-20T09:01:07.992950,9.3,156.9,nodal,completed
T005998,R008,D0097,V2,S1,2026-08-20T08:15:00,2026-08-20T08:24:42,2026-08-20T09:00:00,2026-08-20T09:08:50.768280,9.4,160.6,nodal,completed
T005999,R008,D0008,V1,S1,2026-08-20T08:15:00,2026-08-20T08:26:18,2026-08-20T09:00:00,2026-08-20T09:07:45.030346,8.7,118.7,nodal,completed
T006000,R008,D0003,V1,S1,2026-08-20T08:15:00,2026-08-20T08:21:00,2026-08-20T09:00:00,2026-08-20T09:04:27.132139,8.9,129.3,nodal,completed
T006001,R011,D0045,V1,S1,2026-08-20T08:15:00,2026-08-20T08:19:18,2026-08-20T09:00:00,2026-08-20T09:01:54.618084,7.8,129.6,nodal,completed
T006002,R011,D0110,V1,S1,2026-08-20T08:15:00,2026-08-20T08:24:54,2026-08-20T09:00:00,2026-08-20T09:06:54.278024,7.9,125.9,nodal,completed
T006003,R011,D0063,V2,S1,2026-08-20T08:15:00,2026-08-20T08:17:06,2026-08-20T09:00:00,2026-08-20T09:01:06.399276,8.0,144.1,nodal,completed
T006004,R011,D0096,V2,S1,2026-08-20T08:15:00,2026-08-20T08:15:42,2026-08-20T09:00:00,2026-08-20T09:00:00,8.0,133.9,nodal,completed
T006005,R011,D0045,V1,S1,2026-08-20T08:15:00,2026-08-20T08:15:24,2026-08-20T09:00:00,2026-08-20T09:00:10.656704,7.9,121.5,nodal,completed
T006006,R011,D0032,V1,S1,2026-08-20T08:15:00,2026-08-20T08:17:30,2026-08-20T09:00:00,2026-08-20T09:00:45.220678,8.2,119.2,nodal,completed
T006007,R013,D0085,V3,S1,2026-08-20T08:15:00,2026-08-20T08:17:36,2026-08-20T09:00:00,2026-08-20T09:02:31.316028,11.3,257.8,cab,completed
T006008,R013,D0045,V1,S1,2026-08-20T08:15:00,2026-08-20T08:15:12,2026-08-20T09:00:00,2026-08-20T09:00:00,11.4,244.7,cab,completed
T006009,R013,D0047,V3,S1,2026-08-20T08:15:00,2026-08-20T08:17:30,2026-08-20T09:00:00,2026-08-20T09:00:00,11.6,251.2,cab,completed
T006010,R013,D0003,V1,S1,2026-08-20T08:15:00,2026-08-20T08:19:06,2026-08-20T09:00:00,2026-08-20T09:00:14.640041,11.4,249.7,cab,completed
T006011,R013,D0045,V1,S1,2026-08-20T08:15:00,2026-08-20T08:31:18,2026-08-20T09:00:00,2026-08-20T09:15:01.058567,11.4,240.3,cab,completed
T006012,R013,D0046,V5,S1,2026-08-20T08:15:00,2026-08-20T08:52:12,2026-08-20T09:00:00,2026-08-20T09:32:50.868404,11.7,254.5,cab,completed
T006013,R013,D0086,V1,S1,2026-08-20T08:15:00,2026-08-20T08:30:36,2026-08-20T09:00:00,2026-08-20T09:11:32.528215,11.6,261.8,cab,completed
T006014,R013,D0069,V5,S1,2026-08-20T08:15:00,,2026-08-20T09:00:00,,11.5,259.7,cab,no_show
T006015,R013,D0016,V5,S1,2026-08-20T08:15:00,2026-08-20T08:18:54,2026-08-20T09:00:00,2026-08-20T09:00:14.091297,11.8,258.5,cab,completed
T006016,R013,D0060,V3,S1,2026-08-20T08:15:00,2026-08-20T08:20:42,2026-08-20T09:00:00,2026-08-20T09:04:31.512140,11.8,251.4,cab,completed
T006017,R018,D0019,V4,S1,2026-08-20T08:15:00,2026-08-20T08:29:18,2026-08-20T09:00:00,2026-08-20T09:11:05.065743,15.1,100.5,shuttle,completed
T006018,R018,D0066,V2,S1,2026-08-20T08:15:00,2026-08-20T08:18:00,2026-08-20T09:00:00,2026-08-20T09:01:30.705064,15.6,113.7,shuttle,completed
T006019,R018,D0046,V5,S1,2026-08-20T08:15:00,2026-08-20T08:17:42,2026-08-20T09:00:00,2026-08-20T09:00:12.084396,14.9,121.7,shuttle,completed
T006020,R020,D0002,V2,S1,2026-08-20T08:15:00,2026-08-20T08:15:12,2026-08-20T09:00:00,2026-08-20T09:00:00,10.2,165.9,nodal,completed
T006021,R020,D0107,V2,S1,2026-08-20T08:15:00,2026-08-20T08:21:48,2026-08-20T09:00:00,2026-08-20T09:02:58.256615,9.9,169.3,nodal,completed
T006022,R020,D0051,V2,S1,2026-08-20T08:15:00,2026-08-20T08:19:42,2026-08-20T09:00:00,2026-08-20T09:01:48.924150,10.6,181.8,nodal,completed
T006023,R020,D0081,V2,S1,2026-08-20T08:15:00,2026-08-20T08:16:06,2026-08-20T09:00:00,2026-08-20T09:00:00,10.2,163.8,nodal,completed
T006024,R020,D0097,V2,S1,2026-08-20T08:15:00,2026-08-20T08:15:24,2026-08-20T09:00:00,,10.5,174.2,nodal,cancelled
T006025,R020,D0082,V1,S1,2026-08-20T08:15:00,2026-08-20T08:15:18,2026-08-20T09:00:00,2026-08-20T09:00:00,9.7,131.8,nodal,completed
T006026,R020,D0110,V1,S1,2026-08-20T08:15:00,2026-08-20T08:35:30,2026-08-20T09:00:00,2026-08-20T09:16:14.786143,10.3,159.9,nodal,completed
T006027,R022,D0003,V1,S1,2026-08-20T08:15:00,2026-08-20T08:17:00,2026-08-20T09:00:00,2026-08-20T09:00:00,16.6,331.9,cab,completed
T006028,R022,D0108,V5,S1,2026-08-20T08:15:00,2026-08-20T08:20:06,2026-08-20T09:00:00,2026-08-20T09:03:28.278507,17.0,334.3,cab,completed
T006029,R022,D0046,V5,S1,2026-08-20T08:15:00,2026-08-20T08:16:24,2026-08-20T09:00:00,2026-08-20T09:00:00,16.6,322.0,cab,completed
T006030,R022,D0053,V1,S1,2026-08-20T08:15:00,2026-08-20T08:21:00,2026-08-20T09:00:00,2026-08-20T09:01:55.170397,16.7,331.1,cab,completed
T006031,R022,D0086,V1,S1,2026-08-20T08:15:00,2026-08-20T08:15:42,2026-08-20T09:00:00,2026-08-20T09:00:00,17.8,344.9,cab,completed
T006032,R022,D0042,V5,S1,2026-08-20T08:15:00,2026-08-20T08:18:00,2026-08-20T09:00:00,2026-08-20T09:00:29.176842,16.6,331.7,cab,completed
T006033,R022,D0065,V3,S1,2026-08-20T08:15:00,2026-08-20T08:16:24,2026-08-20T09:00:00,2026-08-20T09:00:32.851290,17.7,338.2,cab,completed
T006034,R022,D0085,V3,S1,2026-08-20T08:15:00,2026-08-20T08:16:36,2026-08-20T09:00:00,2026-08-20T09:00:00,16.5,317.7,cab,completed
T006035,R022,D0010,V1,S1,2026-08-20T08:15:00,2026-08-20T08:24:18,2026-08-20T09:00:00,2026-08-20T09:07:14.546927,17.5,331.4,cab,completed
T006036,R022,D0015,V1,S1,2026-08-20T08:15:00,2026-08-20T08:17:24,2026-08-20T09:00:00,2026-08-20T09:01:08.559983,17.6,333.4,cab,completed
T006037,R003,D0101,V5,S2,2026-08-20T10:15:00,2026-08-20T10:31:30,2026-08-20T11:00:00,2026-08-20T11:16:29.177495,21.8,131.0,shuttle,completed
T006038,R006,D0007,V4,S2,2026-08-20T10:15:00,2026-08-20T10:22:48,2026-08-20T11:00:00,2026-08-20T11:03:52.064621,18.1,106.1,shuttle,completed
T006039,R006,D0077,V5,S2,2026-08-20T10:15:00,,2026-08-20T11:00:00,,18.6,108.4,shuttle,no_show
T006040,R008,D0078,V2,S2,2026-08-20T10:15:00,2026-08-20T10:18:30,2026-08-20T11:00:00,2026-08-20T11:00:48.683789,9.3,161.0,nodal,completed
T006041,R008,D0045,V1,S2,2026-08-20T10:15:00,2026-08-20T10:20:54,2026-08-20T11:00:00,2026-08-20T11:01:26.033793,8.9,143.6,nodal,completed
T006042,R008,D0080,V1,S2,2026-08-20T10:15:00,2026-08-20T10:18:12,2026-08-20T11:00:00,2026-08-20T11:00:42.430485,8.6,124.6,nodal,completed
T006043,R011,D0040,V1,S2,2026-08-20T10:15:00,2026-08-20T10:16:06,2026-08-20T11:00:00,2026-08-20T11:00:00,8.6,130.7,nodal,completed
T006044,R011,D0090,V2,S2,2026-08-20T10:15:00,2026-08-20T10:18:12,2026-08-20T11:00:00,2026-08-20T11:00:36.363678,8.5,150.4,nodal,completed
T006045,R011,D0078,V2,S2,2026-08-20T10:15:00,2026-08-20T10:22:42,2026-08-20T11:00:00,2026-08-20T11:04:38.405417,8.6,146.7,nodal,completed
T006046,R011,D0043,V1,S2,2026-08-20T10:15:00,2026-08-20T10:19:54,2026-08-20T11:00:00,2026-08-20T11:03:10.938875,7.8,140.0,nodal,completed
T006047,R013,D0046,V5,S2,2026-08-20T10:15:00,2026-08-20T10:15:36,2026-08-20T11:00:00,2026-08-20T11:00:00,10.5,238.0,cab,completed
T006048,R013,D0103,V5,S2,2026-08-20T10:15:00,2026-08-20T10:33:24,2026-08-20T11:00:00,2026-08-20T11:16:38.311218,11.4,244.7,cab,completed
T006049,R013,D0037,V3,S2,2026-08-20T10:15:00,2026-08-20T10:21:30,2026-08-20T11:00:00,2026-08-20T11:04:10.365637,10.9,240.8,cab,completed
T006050,R013,D0047,V3,S2,2026-08-20T10:15:00,2026-08-20T10:19:18,2026-08-20T11:00:00,2026-08-20T11:02:38.511804,10.6,248.2,cab,completed
T006051,R013,D0031,V3,S2,2026-08-20T10:15:00,2026-08-20T10:21:12,2026-08-20T11:00:00,2026-08-20T11:05:02.689230,10.9,237.1,cab,completed
T006052,R013,D0037,V3,S2,2026-08-20T10:15:00,2026-08-20T10:16:18,2026-08-20T11:00:00,2026-08-20T11:00:42.706347,10.7,231.7,cab,completed
T006053,R013,D0038,V5,S2,2026-08-20T10:15:00,2026-08-20T10:16:00,2026-08-20T11:00:00,2026-08-20T11:00:00,10.9,233.7,cab,completed
T006054,R018,D0004,V5,S2,2026-08-20T10:15:00,2026-08-20T10:15:36,2026-08-20T11:00:00,2026-08-20T11:00:00,15.6,100.2,shuttle,completed
T006055,R018,D0118,V4,S2,2026-08-20T10:15:00,2026-08-20T10:19:06,2026-08-20T11:00:00,2026-08-20T11:02:02.833899,15.4,100.4,shuttle,completed
T006056,R020,D0045,V1,S2,2026-08-20T10:15:00,2026-08-20T10:16:48,2026-08-20T11:00:00,2026-08-20T11:00:00,10.4,148.1,nodal,completed
T006057,R020,D0057,V2,S2,2026-08-20T10:15:00,2026-08-20T10:26:54,2026-08-20T11:00:00,2026-08-20T11:10:23.110343,10.1,164.2,nodal,completed
T006058,R020,D0035,V1,S2,2026-08-20T10:15:00,2026-08-20T10:17:30,2026-08-20T11:00:00,2026-08-20T11:01:20.624247,10.8,148.2,nodal,completed
T006059,R020,D0035,V1,S2,2026-08-20T10:15:00,2026-08-20T10:15:48,2026-08-20T11:00:00,2026-08-20T11:00:00,9.7,138.8,nodal,completed
T006060,R020,D0094,V2,S2,2026-08-20T10:15:00,2026-08-20T10:15:00,2026-08-20T11:00:00,2026-08-20T11:00:00,10.2,154.8,nodal,completed
T006061,R022,D0116,V5,S2,2026-08-20T10:15:00,2026-08-20T10:22:06,2026-08-20T11:00:00,2026-08-20T11:04:21.530421,18.0,338.7,cab,completed
T006062,R022,D0005,V1,S2,2026-08-20T10:15:00,2026-08-20T10:40:06,2026-08-20T11:00:00,2026-08-20T11:24:26.465226,18.3,339.6,cab,completed
T006063,R022,D0005,V1,S2,2026-08-20T10:15:00,2026-08-20T10:35:30,2026-08-20T11:00:00,2026-08-20T11:18:42.603792,17.4,327.5,cab,completed
T006064,R022,D0099,V5,S2,2026-08-20T10:15:00,2026-08-20T10:15:36,2026-08-20T11:00:00,2026-08-20T11:00:00,17.2,337.8,cab,completed
T006065,R022,D0049,V3,S2,2026-08-20T10:15:00,2026-08-20T10:15:12,2026-08-20T11:00:00,2026-08-20T11:00:00,17.5,333.0,cab,completed
T006066,R022,D0003,V1,S2,2026-08-20T10:15:00,2026-08-20T10:30:54,2026-08-20T11:00:00,2026-08-20T11:13:51.870187,17.8,343.4,cab,completed
T006067,R022,D0052,V1,S2,2026-08-20T10:15:00,2026-08-20T10:15:30,2026-08-20T11:00:00,2026-08-20T11:00:00,17.6,328.3,cab,completed
T006068,R022,D0100,V3,S2,2026-08-20T10:15:00,2026-08-20T10:18:00,2026-08-20T11:00:00,2026-08-20T11:00:00,16.3,311.5,cab,completed
T006069,R003,D0096,V2,S3,2026-08-20T21:15:00,2026-08-20T21:15:12,2026-08-20T22:00:00,2026-08-20T22:00:00,21.0,157.2,shuttle,completed
T006070,R003,D0030,V2,S3,2026-08-20T21:15:00,2026-08-20T21:30:36,2026-08-20T22:00:00,2026-08-20T22:13:56.864336,21.0,162.4,shuttle,completed
T006071,R006,D0115,V4,S3,2026-08-20T21:15:00,2026-08-20T21:18:12,2026-08-20T22:00:00,2026-08-20T22:00:00,18.4,117.3,shuttle,completed
T006072,R008,D0024,V1,S3,2026-08-20T21:15:00,2026-08-20T21:30:36,2026-08-20T22:00:00,2026-08-20T22:11:55.801056,9.3,124.8,nodal,completed
T006073,R008,D0005,V1,S3,2026-08-20T21:15:00,2026-08-20T21:21:42,2026-08-20T22:00:00,2026-08-20T22:02:11.503449,8.6,118.6,nodal,completed
T006074,R011,D0008,V1,S3,2026-08-20T21:15:00,2026-08-20T21:22:54,2026-08-20T22:00:00,2026-08-20T22:03:23.721803,8.0,118.9,nodal,completed
T006075,R011,D0054,V2,S3,2026-08-20T21:15:00,2026-08-20T21:17:24,2026-08-20T22:00:00,2026-08-20T22:02:19.727574,8.4,153.9,nodal,completed
T006076,R011,D0068,V1,S3,2026-08-20T21:15:00,2026-08-20T21:20:54,2026-08-20T22:00:00,2026-08-20T22:04:24.660055,8.1,140.5,nodal,completed
T006077,R013,D0079,V3,S3,2026-08-20T21:15:00,2026-08-20T21:21:00,2026-08-20T22:00:00,2026-08-20T22:05:27.823708,10.5,230.8,cab,completed
T006078,R013,D0024,V1,S3,2026-08-20T21:15:00,2026-08-20T21:25:30,2026-08-20T22:00:00,2026-08-20T22:06:20.956098,11.0,242.0,cab,completed
T006079,R013,D0043,V1,S3,2026-08-20T21:15:00,2026-08-20T21:18:36,2026-08-20T22:00:00,2026-08-20T22:02:53.122175,11.8,257.6,cab,completed
T006080,R013,D0003,V1,S3,2026-08-20T21:15:00,2026-08-20T21:17:00,2026-08-20T22:00:00,2026-08-20T22:00:00,11.7,258.8,cab,completed
T006081,R013,D0040,V1,S3,2026-08-20T21:15:00,2026-08-20T21:40:06,2026-08-20T22:00:00,2026-08-20T22:24:18.444949,11.7,258.2,cab,completed
T006082,R018,D0059,V4,S3,2026-08-20T21:15:00,2026-08-20T21:15:54,2026-08-20T22:00:00,2026-08-20T22:00:00,14.8,98.0,shuttle,completed
T006083,R018,D0016,V5,S3,2026-08-20T21:15:00,2026-08-20T21:23:18,2026-08-20T22:00:00,2026-08-20T22:03:45.138160,14.8,100.4,shuttle,completed
T006084,R020,D0117,V1,S3,2026-08-20T21:15:00,,2026-08-20T22:00:00,,10.1,150.2,nodal,no_show
T006085,R020,D0086,V1,S3,2026-08-20T21:15:00,2026-08-20T21:20:18,2026-08-20T22:00:00,2026-08-20T22:00:42.418553,9.9,144.5,nodal,completed
T006086,R022,D0033,V1,S3,2026-08-20T21:15:00,2026-08-20T21:21:18,2026-08-20T22:00:00,2026-08-20T22:02:43.586656,17.4,327.2,cab,completed
T006087,R022,D0088,V5,S3,2026-08-20T21:15:00,2026-08-20T21:18:12,2026-08-20T22:00:00,2026-08-20T22:01:30.725020,16.8,327.3,cab,completed
T006088,R022,D0101,V5,S3,2026-08-20T21:15:00,2026-08-20T21:18:12,2026-08-20T22:00:00,2026-08-20T22:01:00.252999,16.3,313.3,cab,completed
T006089,R022,D0043,V1,S3,2026-08-20T21:15:00,2026-08-20T21:17:54,2026-08-20T22:00:00,2026-08-20T22:00:00,16.2,314.8,cab,completed
T006090,R003,D0044,V4,S1,2026-08-21T08:15:00,2026-08-21T08:35:06,2026-08-21T09:00:00,2026-08-21T09:18:15.619261,21.0,151.8,shuttle,completed
T006091,R003,D0114,V2,S1,2026-08-21T08:15:00,2026-08-21T08:23:18,2026-08-21T09:00:00,2026-08-21T09:07:03.618031,22.1,167.0,shuttle,completed
T006092,R003,D0020,V2,S1,2026-08-21T08:15:00,2026-08-21T08:16:00,2026-08-21T09:00:00,2026-08-21T09:00:00,23.7,183.5,shuttle,completed
T006093,R006,D0034,V4,S1,2026-08-21T08:15:00,2026-08-21T08:18:24,2026-08-21T09:00:00,2026-08-21T09:03:03.598658,20.5,136.9,shuttle,completed
T006094,R006,D0106,V2,S1,2026-08-21T08:15:00,2026-08-21T08:15:06,2026-08-21T09:00:00,2026-08-21T09:00:00,19.0,158.2,shuttle,completed
T006095,R006,D0101,V5,S1,2026-08-21T08:15:00,2026-08-21T08:15:36,2026-08-21T09:00:00,2026-08-21T09:00:00,19.6,126.6,shuttle,completed
T006096,R008,D0032,V1,S1,2026-08-21T08:15:00,2026-08-21T08:18:30,2026-08-21T09:00:00,2026-08-21T09:02:51.648216,9.2,133.4,nodal,completed
T006097,R008,D0094,V2,S1,2026-08-21T08:15:00,,2026-08-21T09:00:00,,9.5,158.5,nodal,no_show
T006098,R008,D0052,V1,S1,2026-08-21T08:15:00,2026-08-21T08:21:42,2026-08-21T09:00:00,2026-08-21T09:06:13.950066,9.4,127.5,nodal,completed
T006099,R008,D0094,V2,S1,2026-08-21T08:15:00,2026-08-21T08:19:06,2026-08-21T09:00:00,2026-08-21T09:02:50.202363,8.8,154.8,nodal,completed
T006100,R008,D0056,V1,S1,2026-08-21T08:15:00,2026-08-21T08:23:00,2026-08-21T09:00:00,2026-08-21T09:04:54.198935,9.2,124.8,nodal,completed
T006101,R011,D0025,V2,S1,2026-08-21T08:15:00,2026-08-21T08:17:42,2026-08-21T09:00:00,2026-08-21T09:01:17.147312,8.0,140.8,nodal,completed
T006102,R011,D0029,V2,S1,2026-08-21T08:15:00,2026-08-21T08:17:48,2026-08-21T09:00:00,2026-08-21T09:00:25.064380,8.6,168.2,nodal,completed
T006103,R011,D0010,V1,S1,2026-08-21T08:15:00,2026-08-21T08:20:30,2026-08-21T09:00:00,2026-08-21T09:01:49.180187,7.9,119.6,nodal,completed
T006104,R011,D0097,V2,S1,2026-08-21T08:15:00,2026-08-21T08:19:00,2026-08-21T09:00:00,2026-08-21T09:00:00,8.6,143.6,nodal,completed
T006105,R011,D0068,V1,S1,2026-08-21T08:15:00,2026-08-21T08:15:12,2026-08-21T09:00:00,2026-08-21T09:00:00,8.2,115.6,nodal,completed
T006106,R013,D0033,V1,S1,2026-08-21T08:15:00,2026-08-21T08:20:12,2026-08-21T09:00:00,2026-08-21T09:00:14.806126,11.0,249.5,cab,completed
T006107,R013,D0116,V5,S1,2026-08-21T08:15:00,2026-08-21T08:17:30,2026-08-21T09:00:00,2026-08-21T09:00:00,10.7,237.0,cab,completed
T006108,R013,D0111,V1,S1,2026-08-21T08:15:00,2026-08-21T08:15:48,2026-08-21T09:00:00,2026-08-21T09:00:12.581559,11.8,251.3,cab,completed
T006109,R013,D0068,V1,S1,2026-08-21T08:15:00,2026-08-21T08:16:18,2026-08-21T09:00:00,2026-08-21T09:00:28.290987,11.4,249.2,cab,completed
T006110,R013,D0065,V3,S1,2026-08-21T08:15:00,2026-08-21T08:15:48,2026-08-21T09:00:00,2026-08-21T09:00:00,11.1,238.9,cab,completed
T006111,R013,D0103,V5,S1,2026-08-21T08:15:00,2026-08-21T08:21:00,2026-08-21T09:00:00,2026-08-21T09:04:28.132189,11.3,238.9,cab,completed
T006112,R013,D0076,V3,S1,2026-08-21T08:15:00,2026-08-21T08:19:06,2026-08-21T09:00:00,2026-08-21T09:00:00,10.9,252.4,cab,completed
T006113,R013,D0071,V5,S1,2026-08-21T08:15:00,2026-08-21T08:16:06,2026-08-21T09:00:00,2026-08-21T09:00:09.143408,10.9,245.9,cab,completed
T006114,R013,D0080,V1,S1,2026-08-21T08:15:00,2026-08-21T09:00:48,2026-08-21T09:00:00,2026-08-21T09:42:57.262512,11.0,240.2,cab,completed
T006115,R013,D0116,V5,S1,2026-08-21T08:15:00,2026-08-21T08:24:12,2026-08-21T09:00:00,2026-08-21T09:04:32.282324,11.4,250.9,cab,completed
T006116,R018,D0022,V5,S1,2026-08-21T08:15:00,2026-08-21T08:16:36,2026-08-21T09:00:00,2026-08-21T09:01:35.745105,14.6,98.3,shuttle,completed
T006117,R018,D0075,V4,S1,2026-08-21T08:15:00,2026-08-21T08:17:12,2026-08-21T09:00:00,2026-08-21T09:00:18.656262,15.0,103.8,shuttle,completed
T006118,R018,D0113,V2,S1,2026-08-21T08:15:00,2026-08-21T08:24:30,2026-08-21T09:00:00,2026-08-21T09:07:38.979047,15.8,126.1,shuttle,completed
T006119,R020,D0045,V1,S1,2026-08-21T08:15:00,2026-08-21T08:18:48,2026-08-21T09:00:00,2026-08-21T09:01:59.839801,10.4,152.0,nodal,completed
T006120,R020,D0053,V1,S1,2026-08-21T08:15:00,2026-08-21T08:16:12,2026-08-21T09:00:00,2026-08-21T09:00:00,10.3,147.9,nodal,completed
T006121,R020,D0053,V1,S1,2026-08-21T08:15:00,2026-08-21T08:23:54,2026-08-21T09:00:00,2026-08-21T09:05:52.180649,9.6,131.3,nodal,completed
T006122,R020,D0087,V2,S1,2026-08-21T08:15:00,2026-08-21T08:18:00,2026-08-21T09:00:00,2026-08-21T09:00:00,10.7,164.5,nodal,completed
T006123,R020,D0032,V1,S1,2026-08-21T08:15:00,2026-08-21T08:18:06,2026-08-21T09:00:00,2026-08-21T09:02:50.596743,9.9,145.8,nodal,completed
T006124,R020,D0096,V2,S1,2026-08-21T08:15:00,2026-08-21T08:16:42,2026-08-21T09:00:00,2026-08-21T09:00:00,10.7,177.6,nodal,completed
T006125,R020,D0053,V1,S1,2026-08-21T08:15:00,2026-08-21T08:23:06,2026-08-21T09:00:00,2026-08-21T09:06:07.288907,10.4,144.2,nodal,completed
T006126,R022,D0101,V5,S1,2026-08-21T08:15:00,2026-08-21T08:26:18,2026-08-21T09:00:00,2026-08-21T09:06:47.957833,17.3,337.0,cab,completed
T006127,R022,D0039,V3,S1,2026-08-21T08:15:00,,2026-08-21T09:00:00,2026-08-21T09:02:06.729425,17.0,318.7,cab,completed
T006128,R022,D0082,V1,S1,2026-08-21T08:15:00,2026-08-21T08:21:30,2026-08-21T09:00:00,2026-08-21T09:05:44.402732,17.3,331.8,cab,completed
T006129,R022,D0006,V5,S1,2026-08-21T08:15:00,2026-08-21T08:16:42,2026-08-21T09:00:00,2026-08-21T09:01:38.428391,17.7,328.2,cab,completed
T006130,R022,D0108,V5,S1,2026-08-21T08:15:00,2026-08-21T08:15:06,2026-08-21T09:00:00,2026-08-21T09:00:00,16.5,313.1,cab,completed
T006131,R022,D0052,V1,S1,2026-08-21T08:15:00,2026-08-21T08:30:42,2026-08-21T09:00:00,2026-08-21T09:11:53.531352,17.5,339.0,cab,completed
T006132,R022,D0045,V1,S1,2026-08-21T08:15:00,2026-08-21T08:25:30,2026-08-21T09:00:00,2026-08-21T09:09:58.873264,17.8,347.2,cab,completed
T006133,R022,D0035,V1,S1,2026-08-21T08:15:00,2026-08-21T08:20:06,2026-08-21T09:00:00,2026-08-21T09:04:02.525693,16.3,312.0,cab,completed
T006134,R022,D0077,V5,S1,2026-08-21T08:15:00,2026-08-21T08:18:54,2026-08-21T09:00:00,2026-08-21T09:00:00,17.0,323.6,cab,completed
T006135,R022,D0028,V3,S1,2026-08-21T08:15:00,2026-08-21T08:16:00,2026-08-21T09:00:00,2026-08-21T09:00:24.598387,16.7,323.2,cab,completed
T006136,R022,D0009,V1,S1,2026-08-21T08:15:00,2026-08-21T08:34:54,2026-08-21T09:00:00,2026-08-21T09:18:23.697967,16.9,323.8,cab,completed
T006137,R022,D0031,V3,S1,2026-08-21T08:15:00,2026-08-21T08:16:36,2026-08-21T09:00:00,2026-08-21T09:00:00,16.5,330.0,cab,completed
T006138,R003,D0091,V4,S2,2026-08-21T10:15:00,2026-08-21T10:33:48,2026-08-21T11:00:00,2026-08-21T11:17:26.666879,22.3,155.9,shuttle,completed
T006139,R003,D0088,V5,S2,2026-08-21T10:15:00,2026-08-21T10:26:06,2026-08-21T11:00:00,2026-08-21T11:07:03.819589,22.3,131.6,shuttle,completed
T006140,R006,D0057,V2,S2,2026-08-21T10:15:00,2026-08-21T10:15:06,2026-08-21T11:00:00,2026-08-21T11:00:00,18.8,151.8,shuttle,completed
T006141,R006,D0099,V5,S2,2026-08-21T10:15:00,2026-08-21T10:24:18,2026-08-21T11:00:00,2026-08-21T11:07:15.866083,19.3,130.4,shuttle,completed
T006142,R008,D0070,V2,S2,2026-08-21T10:15:00,2026-08-21T10:15:06,2026-08-21T11:00:00,2026-08-21T11:00:00,8.9,146.2,nodal,completed
T006143,R008,D0096,V2,S2,2026-08-21T10:15:00,2026-08-21T10:17:36,2026-08-21T11:00:00,2026-08-21T11:02:30.745560,9.5,159.1,nodal,completed
T006144,R008,D0073,V2,S2,2026-08-21T10:15:00,2026-08-21T10:18:00,2026-08-21T11:00:00,2026-08-21T11:00:00,9.3,146.9,nodal,completed
T006145,R011,D0024,V1,S2,2026-08-21T10:15:00,2026-08-21T10:31:42,2026-08-21T11:00:00,2026-08-21T11:11:44.467283,7.7,109.4,nodal,completed
T006146,R011,D0087,V2,S2,2026-08-21T10:15:00,2026-08-21T10:21:30,2026-08-21T11:00:00,2026-08-21T11:04:54.055504,8.4,149.0,nodal,completed
T006147,R011,D0072,V2,S2,2026-08-21T10:15:00,2026-08-21T10:23:24,2026-08-21T11:00:00,2026-08-21T11:05:20.358878,8.0,149.9,nodal,completed
T006148,R011,D0002,V2,S2,2026-08-21T10:15:00,2026-08-21T10:18:24,2026-08-21T11:00:00,2026-08-21T11:03:03.516377,7.9,136.8,nodal,completed
T006149,R013,D0042,V5,S2,2026-08-21T10:15:00,2026-08-21T10:26:54,2026-08-21T11:00:00,2026-08-21T11:08:34.500553,11.5,257.2,cab,completed
T006150,R013,D0112,V1,S2,2026-08-21T10:15:00,2026-08-21T10:35:18,2026-08-21T11:00:00,2026-08-21T11:15:42.454794,10.8,241.6,cab,completed
T006151,R013,D0064,V3,S2,2026-08-21T10:15:00,2026-08-21T10:21:36,2026-08-21T11:00:00,2026-08-21T11:02:43.184262,10.5,227.0,cab,completed
T006152,R013,D0085,V3,S2,2026-08-21T10:15:00,2026-08-21T10:16:06,2026-08-21T11:00:00,2026-08-21T11:00:00,11.9,253.0,cab,completed
T006153,R013,D0098,V5,S2,2026-08-21T10:15:00,2026-08-21T10:20:18,2026-08-21T11:00:00,2026-08-21T11:00:47.511952,10.5,240.2,cab,completed
T006154,R013,D0049,V3,S2,2026-08-21T10:15:00,2026-08-21T10:31:54,2026-08-21T11:00:00,2026-08-21T11:13:22.538457,10.6,231.6,cab,completed
T006155,R013,D0005,V1,S2,2026-08-21T10:15:00,2026-08-21T10:18:54,2026-08-21T11:00:00,2026-08-21T11:00:00,10.9,232.8,cab,completed
T006156,R018,D0011,V2,S2,2026-08-21T10:15:00,2026-08-21T10:16:00,2026-08-21T11:00:00,2026-08-21T11:00:00,15.9,118.7,shuttle,completed
T006157,R018,D0099,V5,S2,2026-08-21T10:15:00,2026-08-21T10:21:36,2026-08-21T11:00:00,2026-08-21T11:02:55.160421,15.3,110.8,shuttle,completed
T006158,R020,D0056,V1,S2,2026-08-21T10:15:00,2026-08-21T10:18:54,2026-08-21T11:00:00,2026-08-21T11:00:29.012181,10.5,146.6,nodal,completed
T006159,R020,D0090,V2,S2,2026-08-21T10:15:00,2026-08-21T10:26:54,2026-08-21T11:00:00,2026-08-21T11:09:57.231109,10.6,176.3,nodal,completed
T006160,R020,D0057,V2,S2,2026-08-21T10:15:00,2026-08-21T10:15:06,2026-08-21T11:00:00,2026-08-21T11:00:00,10.8,164.4,nodal,completed
T006161,R020,D0035,V1,S2,2026-08-21T10:15:00,2026-08-21T10:19:24,2026-08-21T11:00:00,2026-08-21T11:00:50.314841,10.0,145.8,nodal,completed
T006162,R022,D0009,V1,S2,2026-08-21T10:15:00,2026-08-21T10:29:18,2026-08-21T11:00:00,2026-08-21T11:12:40.627655,16.5,334.5,cab,completed
T006163,R022,D0105,V3,S2,2026-08-21T10:15:00,2026-08-21T10:15:24,2026-08-21T11:00:00,2026-08-21T11:00:00,16.6,322.6,cab,completed
T006164,R022,D0116,V5,S2,2026-08-21T10:15:00,2026-08-21T10:25:24,2026-08-21T11:00:00,2026-08-21T11:07:36.057827,16.5,324.9,cab,completed
T006165,R022,D0060,V3,S2,2026-08-21T10:15:00,2026-08-21T10:15:30,2026-08-21T11:00:00,2026-08-21T11:00:00,16.9,328.2,cab,completed
T006166,R022,D0076,V3,S2,2026-08-21T10:15:00,2026-08-21T10:15:48,2026-08-21T11:00:00,2026-08-21T11:00:00,18.2,350.2,cab,completed
T006167,R022,D0085,V3,S2,2026-08-21T10:15:00,2026-08-21T10:19:54,2026-08-21T11:00:00,2026-08-21T11:00:02.542427,16.8,324.8,cab,completed
T006168,R022,D0116,V5,S2,2026-08-21T10:15:00,2026-08-21T10:16:12,2026-08-21T11:00:00,2026-08-21T11:00:00,16.6,325.9,cab,completed
T006169,R022,D0015,V1,S2,2026-08-21T10:15:00,2026-08-21T10:22:06,2026-08-21T11:00:00,2026-08-21T11:05:28.245942,17.4,337.9,cab,completed
T006170,R003,D0020,V2,S3,2026-08-21T21:15:00,2026-08-21T21:16:12,2026-08-21T22:00:00,2026-08-21T22:00:00,22.1,165.4,shuttle,completed
T006171,R003,D0071,V5,S3,2026-08-21T21:15:00,2026-08-21T21:23:18,2026-08-21T22:00:00,2026-08-21T22:07:37.493762,21.8,134.1,shuttle,completed
T006172,R006,D0103,V5,S3,2026-08-21T21:15:00,2026-08-21T21:22:30,2026-08-21T22:00:00,2026-08-21T22:04:22.176206,19.0,123.6,shuttle,completed
T006173,R008,D0052,V1,S3,2026-08-21T21:15:00,2026-08-21T21:27:42,2026-08-21T22:00:00,2026-08-21T22:10:58.347326,8.9,125.5,nodal,completed
T006174,R008,D0011,V2,S3,2026-08-21T21:15:00,2026-08-21T21:15:36,2026-08-21T22:00:00,2026-08-21T22:00:00,9.0,147.0,nodal,completed
T006175,R011,D0009,V1,S3,2026-08-21T21:15:00,2026-08-21T21:27:06,2026-08-21T22:00:00,2026-08-21T22:07:28.371662,8.0,129.0,nodal,completed
T006176,R011,D0029,V2,S3,2026-08-21T21:15:00,2026-08-21T21:16:06,2026-08-21T22:00:00,2026-08-21T22:00:00,8.5,154.9,nodal,completed
T006177,R011,D0080,V1,S3,2026-08-21T21:15:00,2026-08-21T21:17:12,2026-08-21T22:00:00,2026-08-21T22:00:00,8.4,131.7,nodal,completed
T006178,R013,D0085,V3,S3,2026-08-21T21:15:00,2026-08-21T21:24:00,2026-08-21T22:00:00,2026-08-21T22:05:07.042357,11.6,243.9,cab,completed
T006179,R013,D0065,V3,S3,2026-08-21T21:15:00,2026-08-21T21:16:24,2026-08-21T22:00:00,2026-08-21T22:00:00,11.3,250.8,cab,completed
T006180,R013,D0009,V1,S3,2026-08-21T21:15:00,2026-08-21T21:16:48,2026-08-21T22:00:00,2026-08-21T22:00:00,11.4,247.5,cab,completed
T006181,R013,D0015,V1,S3,2026-08-21T21:15:00,2026-08-21T21:22:42,2026-08-21T22:00:00,2026-08-21T22:03:50.145312,10.6,244.1,cab,completed
T006182,R013,D0088,V5,S3,2026-08-21T21:15:00,2026-08-21T21:16:00,2026-08-21T22:00:00,2026-08-21T22:00:00,11.3,243.4,cab,completed
T006183,R013,D0120,V5,S3,2026-08-21T21:15:00,,2026-08-21T22:00:00,2026-08-21T22:00:00,11.2,248.8,cab,completed
T006184,R018,D0034,V4,S3,2026-08-21T21:15:00,2026-08-21T21:19:00,2026-08-21T22:00:00,2026-08-21T22:03:16.259812,14.8,105.9,shuttle,completed
T006185,R018,D0046,V5,S3,2026-08-21T21:15:00,2026-08-21T21:15:54,2026-08-21T22:00:00,2026-08-21T22:00:00,15.0,100.1,shuttle,completed
T006186,R020,D0110,V1,S3,2026-08-21T21:15:00,2026-08-21T21:22:06,2026-08-21T22:00:00,2026-08-21T22:04:03.244166,9.7,144.1,nodal,completed
T006187,R020,D0058,V1,S3,2026-08-21T21:15:00,2026-08-21T21:30:36,2026-08-21T22:00:00,2026-08-21T22:15:11.788374,10.2,134.6,nodal,completed
T006188,R020,D0005,V1,S3,2026-08-21T21:15:00,2026-08-21T21:20:36,2026-08-21T22:00:00,2026-08-21T22:05:04.945287,10.3,135.4,nodal,completed
T006189,R022,D0105,V3,S3,2026-08-21T21:15:00,,2026-08-21T22:00:00,,18.1,342.2,cab,no_show
T006190,R022,D0027,V3,S3,2026-08-21T21:15:00,2026-08-21T21:15:18,2026-08-21T22:00:00,2026-08-21T22:00:00,16.5,320.4,cab,completed
T006191,R022,D0053,V1,S3,2026-08-21T21:15:00,2026-08-21T21:16:30,2026-08-21T22:00:00,2026-08-21T22:00:00,18.1,341.1,cab,completed
T006192,R022,D0047,V3,S3,2026-08-21T21:15:00,2026-08-21T21:15:30,2026-08-21T22:00:00,,18.3,352.7,cab,cancelled
T006193,R003,D0057,V2,S1,2026-08-24T08:15:00,2026-08-24T08:19:00,2026-08-24T09:00:00,2026-08-24T09:00:08.281387,21.2,164.3,shuttle,completed
T006194,R003,D0074,V4,S1,2026-08-24T08:15:00,2026-08-24T08:21:36,2026-08-24T09:00:00,2026-08-24T09:05:00.534400,23.2,146.9,shuttle,completed
T006195,R003,D0050,V5,S1,2026-08-24T08:15:00,2026-08-24T08:23:36,2026-08-24T09:00:00,2026-08-24T09:05:55.808770,21.5,139.9,shuttle,completed
T006196,R006,D0115,V4,S1,2026-08-24T08:15:00,2026-08-24T08:27:42,2026-08-24T09:00:00,2026-08-24T09:09:47.333651,19.1,112.7,shuttle,completed
T006197,R006,D0075,V4,S1,2026-08-24T08:15:00,2026-08-24T08:22:24,2026-08-24T09:00:00,,18.3,119.4,shuttle,cancelled
T006198,R006,D0093,V4,S1,2026-08-24T08:15:00,2026-08-24T08:16:18,2026-08-24T09:00:00,2026-08-24T09:01:08.086706,20.3,146.7,shuttle,completed
T006199,R008,D0002,V2,S1,2026-08-24T08:15:00,2026-08-24T08:22:12,2026-08-24T09:00:00,2026-08-24T09:05:48.836118,9.6,166.4,nodal,completed
T006200,R008,D0112,V1,S1,2026-08-24T08:15:00,2026-08-24T08:23:36,2026-08-24T09:00:00,2026-08-24T09:05:46.337079,9.1,137.0,nodal,completed
T006201,R008,D0001,V2,S1,2026-08-24T08:15:00,2026-08-24T08:19:30,2026-08-24T09:00:00,2026-08-24T09:00:06.926823,9.2,153.5,nodal,completed
T006202,R008,D0087,V2,S1,2026-08-24T08:15:00,2026-08-24T08:18:30,2026-08-24T09:00:00,2026-08-24T09:02:50.736543,9.0,148.0,nodal,completed
T006203,R008,D0070,V2,S1,2026-08-24T08:15:00,2026-08-24T08:18:06,2026-08-24T09:00:00,2026-08-24T09:00:00,9.3,161.5,nodal,completed
T006204,R011,D0097,V2,S1,2026-08-24T08:15:00,2026-08-24T08:19:36,2026-08-24T09:00:00,2026-08-24T09:00:03.544812,7.6,144.5,nodal,completed
T006205,R011,D0033,V1,S1,2026-08-24T08:15:00,2026-08-24T08:20:54,2026-08-24T09:00:00,2026-08-24T09:02:32.018600,8.0,133.7,nodal,completed
T006206,R011,D0090,V2,S1,2026-08-24T08:15:00,,2026-08-24T09:00:00,,8.1,145.5,nodal,no_show
T006207,R011,D0030,V2,S1,2026-08-24T08:15:00,2026-08-24T08:15:36,2026-08-24T09:00:00,2026-08-24T09:00:00,7.7,148.5,nodal,completed
T006208,R011,D0012,V2,S1,2026-08-24T08:15:00,2026-08-24T08:15:06,2026-08-24T09:00:00,2026-08-24T09:00:00,7.6,137.8,nodal,completed
T006209,R011,D0011,V2,S1,2026-08-24T08:15:00,2026-08-24T08:22:24,2026-08-24T09:00:00,2026-08-24T09:04:16.585281,8.5,150.8,nodal,completed
T006210,R013,D0046,V5,S1,2026-08-24T08:15:00,2026-08-24T08:16:00,2026-08-24T09:00:00,2026-08-24T09:00:46.830891,11.4,255.0,cab,completed
T006211,R013,D0027,V3,S1,2026-08-24T08:15:00,2026-08-24T08:19:30,2026-08-24T09:00:00,2026-08-24T09:03:24.546247,11.7,252.8,cab,completed
T006212,R013,D0023,V3,S1,2026-08-24T08:15:00,2026-08-24T08:16:12,2026-08-24T09:00:00,2026-08-24T09:00:00,10.6,234.2,cab,completed
T006213,R013,D0085,V3,S1,2026-08-24T08:15:00,2026-08-24T08:16:12,2026-08-24T09:00:00,2026-08-24T09:00:59.047017,10.7,243.8,cab,completed
T006214,R013,D0006,V5,S1,2026-08-24T08:15:00,2026-08-24T08:17:12,2026-08-24T09:00:00,2026-08-24T09:00:00,10.7,249.3,cab,completed
T006215,R013,D0116,V5,S1,2026-08-24T08:15:00,2026-08-24T08:16:12,2026-08-24T09:00:00,2026-08-24T09:00:26.408421,11.8,258.9,cab,completed
T006216,R013,D0071,V5,S1,2026-08-24T08:15:00,2026-08-24T08:15:18,2026-08-24T09:00:00,2026-08-24T09:00:00,10.5,228.4,cab,completed
T006217,R013,D0035,V1,S1,2026-08-24T08:15:00,2026-08-24T08:18:24,2026-08-24T09:00:00,,10.9,250.3,cab,cancelled
T006218,R013,D0045,V1,S1,2026-08-24T08:15:00,2026-08-24T08:19:54,2026-08-24T09:00:00,2026-08-24T09:01:33.075176,11.8,251.4,cab,completed
T006219,R013,D0088,V5,S1,2026-08-24T08:15:00,2026-08-24T08:17:30,2026-08-24T09:00:00,2026-08-24T09:00:21.156875,11.8,264.4,cab,completed
T006220,R013,D0068,V1,S1,2026-08-24T08:15:00,2026-08-24T08:15:00,2026-08-24T09:00:00,2026-08-24T09:00:00,11.5,254.1,cab,completed
T006221,R018,D0006,V5,S1,2026-08-24T08:15:00,,2026-08-24T09:00:00,2026-08-24T09:00:00,14.3,99.2,shuttle,completed
T006222,R018,D0013,V5,S1,2026-08-24T08:15:00,2026-08-24T08:34:36,2026-08-24T09:00:00,2026-08-24T09:15:48.312581,15.9,108.8,shuttle,completed
T006223,R018,D0013,V5,S1,2026-08-24T08:15:00,2026-08-24T08:18:12,2026-08-24T09:00:00,2026-08-24T09:02:54.658001,14.5,105.9,shuttle,completed
T006224,R020,D0072,V2,S1,2026-08-24T08:15:00,2026-08-24T08:17:54,2026-08-24T09:00:00,2026-08-24T09:00:00,10.4,171.0,nodal,completed
T006225,R020,D0054,V2,S1,2026-08-24T08:15:00,2026-08-24T08:19:42,2026-08-24T09:00:00,2026-08-24T09:00:00,9.8,171.6,nodal,completed
T006226,R020,D0058,V1,S1,2026-08-24T08:15:00,2026-08-24T08:17:00,2026-08-24T09:00:00,2026-08-24T09:00:00,9.6,145.9,nodal,completed
T006227,R020,D0078,V2,S1,2026-08-24T08:15:00,,2026-08-24T09:00:00,,10.1,165.7,nodal,no_show
T006228,R020,D0032,V1,S1,2026-08-24T08:15:00,2026-08-24T08:15:48,2026-08-24T09:00:00,2026-08-24T09:00:19.149521,9.9,148.5,nodal,completed
T006229,R020,D0073,V2,S1,2026-08-24T08:15:00,2026-08-24T08:16:36,2026-08-24T09:00:00,2026-08-24T09:00:00,9.7,162.3,nodal,completed
T006230,R022,D0086,V1,S1,2026-08-24T08:15:00,2026-08-24T08:16:12,2026-08-24T09:00:00,2026-08-24T09:00:00,16.7,333.7,cab,completed
T006231,R022,D0038,V5,S1,2026-08-24T08:15:00,2026-08-24T08:18:18,2026-08-24T09:00:00,2026-08-24T09:01:50.826413,17.7,332.4,cab,completed
T006232,R022,D0105,V3,S1,2026-08-24T08:15:00,2026-08-24T08:18:24,2026-08-24T09:00:00,2026-08-24T09:00:00,16.9,323.7,cab,completed
T006233,R022,D0116,V5,S1,2026-08-24T08:15:00,2026-08-24T08:34:18,2026-08-24T09:00:00,2026-08-24T09:15:53.155442,16.9,319.2,cab,completed
T006234,R022,D0103,V5,S1,2026-08-24T08:15:00,2026-08-24T08:16:54,2026-08-24T09:00:00,2026-08-24T09:00:00,18.2,337.2,cab,completed
T006235,R022,D0076,V3,S1,2026-08-24T08:15:00,2026-08-24T08:23:18,2026-08-24T09:00:00,2026-08-24T09:08:15.421056,17.4,340.6,cab,completed
T006236,R022,D0040,V1,S1,2026-08-24T08:15:00,2026-08-24T08:32:54,2026-08-24T09:00:00,2026-08-24T09:16:20.879195,18.0,349.8,cab,completed
T006237,R022,D0071,V5,S1,2026-08-24T08:15:00,2026-08-24T08:29:06,2026-08-24T09:00:00,2026-08-24T09:12:50.447206,16.5,328.5,cab,completed
T006238,R022,D0047,V3,S1,2026-08-24T08:15:00,2026-08-24T08:32:12,2026-08-24T09:00:00,2026-08-24T09:13:05.017602,16.4,319.8,cab,completed
T006239,R022,D0064,V3,S1,2026-08-24T08:15:00,2026-08-24T08:17:36,2026-08-24T09:00:00,2026-08-24T09:00:00,17.8,342.9,cab,completed
T006240,R022,D0031,V3,S1,2026-08-24T08:15:00,,2026-08-24T09:00:00,,17.7,348.1,cab,no_show
T006241,R022,D0038,V5,S1,2026-08-24T08:15:00,2026-08-24T08:18:12,2026-08-24T09:00:00,2026-08-24T09:03:09.446628,17.5,331.9,cab,completed
T006242,R003,D0046,V5,S2,2026-08-24T10:15:00,2026-08-24T10:17:54,2026-08-24T11:00:00,2026-08-24T11:00:30.370957,21.5,124.8,shuttle,completed
T006243,R003,D0084,V4,S2,2026-08-24T10:15:00,2026-08-24T10:16:36,2026-08-24T11:00:00,2026-08-24T11:00:41.177030,22.7,133.0,shuttle,completed
T006244,R006,D0084,V4,S2,2026-08-24T10:15:00,2026-08-24T10:38:18,2026-08-24T11:00:00,2026-08-24T11:19:59.251670,19.4,112.8,shuttle,completed
T006245,R006,D0017,V2,S2,2026-08-24T10:15:00,2026-08-24T10:18:36,2026-08-24T11:00:00,2026-08-24T11:02:13.311489,18.1,147.2,shuttle,completed
T006246,R008,D0082,V1,S2,2026-08-24T10:15:00,2026-08-24T10:20:42,2026-08-24T11:00:00,2026-08-24T11:01:36.239459,9.4,141.6,nodal,completed
T006247,R008,D0058,V1,S2,2026-08-24T10:15:00,2026-08-24T10:20:54,2026-08-24T11:00:00,2026-08-24T11:01:10.592270,9.1,133.4,nodal,completed
T006248,R008,D0003,V1,S2,2026-08-24T10:15:00,2026-08-24T10:19:42,2026-08-24T11:00:00,2026-08-24T11:00:00,9.5,128.3,nodal,completed
T006249,R011,D0035,V1,S2,2026-08-24T10:15:00,2026-08-24T10:15:18,2026-08-24T11:00:00,2026-08-24T11:00:00,8.5,118.9,nodal,completed
T006250,R011,D0035,V1,S2,2026-08-24T10:15:00,2026-08-24T10:29:18,2026-08-24T11:00:00,2026-08-24T11:09:28.802462,7.6,125.4,nodal,completed
T006251,R011,D0096,V2,S2,2026-08-24T10:15:00,2026-08-24T10:16:00,2026-08-24T11:00:00,2026-08-24T11:00:00,7.7,146.2,nodal,completed
T006252,R011,D0017,V2,S2,2026-08-24T10:15:00,2026-08-24T10:19:06,2026-08-24T11:00:00,2026-08-24T11:00:44.937160,8.4,145.0,nodal,completed
T006253,R013,D0100,V3,S2,2026-08-24T10:15:00,2026-08-24T10:20:48,2026-08-24T11:00:00,2026-08-24T11:05:25.013065,10.6,231.2,cab,completed
T006254,R013,D0049,V3,S2,2026-08-24T10:15:00,2026-08-24T10:25:48,2026-08-24T11:00:00,2026-08-24T11:06:07.561752,11.1,245.4,cab,completed
T006255,R013,D0088,V5,S2,2026-08-24T10:15:00,2026-08-24T10:19:12,2026-08-24T11:00:00,2026-08-24T11:03:18.414519,11.8,262.5,cab,completed
T006256,R013,D0112,V1,S2,2026-08-24T10:15:00,2026-08-24T10:17:06,2026-08-24T11:00:00,2026-08-24T11:00:00,11.2,237.4,cab,completed
T006257,R013,D0040,V1,S2,2026-08-24T10:15:00,2026-08-24T10:18:48,2026-08-24T11:00:00,2026-08-24T11:02:56.976521,11.3,254.0,cab,completed
T006258,R013,D0040,V1,S2,2026-08-24T10:15:00,2026-08-24T10:23:24,2026-08-24T11:00:00,2026-08-24T11:03:56.744702,10.5,229.3,cab,completed
T006259,R013,D0014,V5,S2,2026-08-24T10:15:00,2026-08-24T10:22:18,2026-08-24T11:00:00,2026-08-24T11:02:37.929938,11.5,243.8,cab,completed
T006260,R018,D0019,V4,S2,2026-08-24T10:15:00,2026-08-24T10:17:24,2026-08-24T11:00:00,2026-08-24T11:02:19.787853,15.0,101.5,shuttle,completed
T006261,R018,D0048,V5,S2,2026-08-24T10:15:00,2026-08-24T10:28:42,2026-08-24T11:00:00,2026-08-24T11:12:58.136084,16.1,103.5,shuttle,completed
T006262,R020,D0114,V2,S2,2026-08-24T10:15:00,2026-08-24T10:15:48,2026-08-24T11:00:00,2026-08-24T11:00:00,10.2,173.8,nodal,completed
T006263,R020,D0011,V2,S2,2026-08-24T10:15:00,2026-08-24T10:17:48,2026-08-24T11:00:00,2026-08-24T11:01:04.020987,9.5,155.7,nodal,completed
T006264,R020,D0056,V1,S2,2026-08-24T10:15:00,2026-08-24T10:42:36,2026-08-24T11:00:00,2026-08-24T11:24:01.285536,9.6,127.1,nodal,completed
T006265,R020,D0111,V1,S2,2026-08-24T10:15:00,2026-08-24T10:16:36,2026-08-24T11:00:00,2026-08-24T11:00:00,10.6,145.1,nodal,completed
T006266,R022,D0098,V5,S2,2026-08-24T10:15:00,2026-08-24T10:22:06,2026-08-24T11:00:00,2026-08-24T11:05:36.918727,17.7,339.0,cab,completed
T006267,R022,D0053,V1,S2,2026-08-24T10:15:00,2026-08-24T10:19:12,2026-08-24T11:00:00,2026-08-24T11:01:41.311715,16.9,319.3,cab,completed
T006268,R022,D0058,V1,S2,2026-08-24T10:15:00,2026-08-24T10:37:30,2026-08-24T11:00:00,2026-08-24T11:21:57.397745,18.2,344.3,cab,completed
T006269,R022,D0055,V3,S2,2026-08-24T10:15:00,2026-08-24T10:17:42,2026-08-24T11:00:00,2026-08-24T11:01:57.779861,16.8,330.4,cab,completed
T006270,R022,D0060,V3,S2,2026-08-24T10:15:00,2026-08-24T10:15:30,2026-08-24T11:00:00,2026-08-24T11:00:24.685539,17.5,328.5,cab,completed
T006271,R022,D0076,V3,S2,2026-08-24T10:15:00,2026-08-24T10:16:42,2026-08-24T11:00:00,2026-08-24T11:01:09.958983,17.9,344.1,cab,completed
T006272,R022,D0077,V5,S2,2026-08-24T10:15:00,2026-08-24T10:18:24,2026-08-24T11:00:00,2026-08-24T11:00:00,16.8,331.9,cab,completed
T006273,R003,D0102,V4,S3,2026-08-24T21:15:00,2026-08-24T21:26:30,2026-08-24T22:00:00,2026-08-24T22:07:40.882025,22.4,129.7,shuttle,completed
T006274,R003,D0093,V4,S3,2026-08-24T21:15:00,2026-08-24T21:20:12,2026-08-24T22:00:00,2026-08-24T22:02:01.649078,23.3,150.3,shuttle,completed
T006275,R006,D0017,V2,S3,2026-08-24T21:15:00,2026-08-24T21:23:24,2026-08-24T22:00:00,2026-08-24T22:06:54.777847,18.6,145.8,shuttle,completed
T006276,R008,D0090,V2,S3,2026-08-24T21:15:00,2026-08-24T21:20:24,2026-08-24T22:00:00,,9.5,160.1,nodal,cancelled
T006277,R008,D0058,V1,S3,2026-08-24T21:15:00,2026-08-24T21:18:48,2026-08-24T22:00:00,2026-08-24T22:02:39.632322,9.2,137.9,nodal,completed
T006278,R011,D0043,V1,S3,2026-08-24T21:15:00,2026-08-24T21:20:30,2026-08-24T22:00:00,2026-08-24T22:01:29.031001,8.2,148.0,nodal,completed
T006279,R011,D0029,V2,S3,2026-08-24T21:15:00,2026-08-24T21:17:48,2026-08-24T22:00:00,2026-08-24T22:00:00,7.9,138.5,nodal,completed
T006280,R011,D0052,V1,S3,2026-08-24T21:15:00,2026-08-24T21:21:18,2026-08-24T22:00:00,2026-08-24T22:03:36.826184,7.8,120.9,nodal,completed
T006281,R013,D0085,V3,S3,2026-08-24T21:15:00,2026-08-24T21:17:12,2026-08-24T22:00:00,2026-08-24T22:00:00,11.4,241.4,cab,completed
T006282,R013,D0055,V3,S3,2026-08-24T21:15:00,2026-08-24T21:15:18,2026-08-24T22:00:00,2026-08-24T22:00:00,11.0,252.9,cab,completed
T006283,R013,D0048,V5,S3,2026-08-24T21:15:00,2026-08-24T21:35:24,2026-08-24T22:00:00,2026-08-24T22:18:55.523456,11.0,249.3,cab,completed
T006284,R013,D0058,V1,S3,2026-08-24T21:15:00,2026-08-24T21:46:18,2026-08-24T22:00:00,2026-08-24T22:27:14.544514,11.5,255.7,cab,completed
T006285,R013,D0068,V1,S3,2026-08-24T21:15:00,2026-08-24T21:15:06,2026-08-24T22:00:00,2026-08-24T22:00:00,10.6,234.1,cab,completed
T006286,R013,D0042,V5,S3,2026-08-24T21:15:00,2026-08-24T21:18:06,2026-08-24T22:00:00,2026-08-24T22:00:00,10.7,240.0,cab,completed
T006287,R018,D0113,V2,S3,2026-08-24T21:15:00,2026-08-24T21:32:30,2026-08-24T22:00:00,2026-08-24T22:13:43.067911,15.6,127.6,shuttle,completed
T006288,R018,D0078,V2,S3,2026-08-24T21:15:00,2026-08-24T21:19:30,2026-08-24T22:00:00,2026-08-24T22:00:20.515470,15.5,115.1,shuttle,completed
T006289,R020,D0114,V2,S3,2026-08-24T21:15:00,2026-08-24T21:17:24,2026-08-24T22:00:00,2026-08-24T22:01:01.811311,9.7,162.2,nodal,completed
T006290,R020,D0017,V2,S3,2026-08-24T21:15:00,,2026-08-24T22:00:00,2026-08-24T22:00:00,10.3,161.0,nodal,completed
T006291,R020,D0073,V2,S3,2026-08-24T21:15:00,2026-08-24T21:18:24,2026-08-24T22:00:00,2026-08-24T22:00:00,10.5,165.3,nodal,completed
T006292,R022,D0056,V1,S3,2026-08-24T21:15:00,2026-08-24T21:15:48,2026-08-24T22:00:00,2026-08-24T22:00:00,18.2,353.3,cab,completed
T006293,R022,D0076,V3,S3,2026-08-24T21:15:00,2026-08-24T21:25:00,2026-08-24T22:00:00,2026-08-24T22:08:19.384311,16.4,317.3,cab,completed
T006294,R022,D0085,V3,S3,2026-08-24T21:15:00,2026-08-24T21:19:18,2026-08-24T22:00:00,2026-08-24T22:02:01.753111,16.5,313.7,cab,completed
T006295,R022,D0077,V5,S3,2026-08-24T21:15:00,2026-08-24T21:18:36,2026-08-24T22:00:00,2026-08-24T22:01:51.906611,17.1,329.0,cab,completed
T006296,R003,D0118,V4,S1,2026-08-25T08:15:00,2026-08-25T08:15:18,2026-08-25T09:00:00,2026-08-25T09:00:00,21.4,126.6,shuttle,completed
T006297,R003,D0074,V4,S1,2026-08-25T08:15:00,2026-08-25T08:17:12,2026-08-25T09:00:00,2026-08-25T09:00:55.769284,22.3,145.5,shuttle,completed
T006298,R003,D0019,V4,S1,2026-08-25T08:15:00,2026-08-25T08:17:12,2026-08-25T09:00:00,2026-08-25T09:00:00,21.2,125.0,shuttle,completed
T006299,R006,D0116,V5,S1,2026-08-25T08:15:00,2026-08-25T08:23:12,2026-08-25T09:00:00,2026-08-25T09:06:19.066389,19.0,117.2,shuttle,completed
T006300,R006,D0034,V4,S1,2026-08-25T08:15:00,2026-08-25T08:50:06,2026-08-25T09:00:00,2026-08-25T09:30:43.215252,18.4,118.6,shuttle,completed
T006301,R006,D0113,V2,S1,2026-08-25T08:15:00,2026-08-25T08:17:30,2026-08-25T09:00:00,2026-08-25T09:00:00,20.3,150.6,shuttle,completed
T006302,R008,D0087,V2,S1,2026-08-25T08:15:00,2026-08-25T08:15:12,2026-08-25T09:00:00,2026-08-25T09:00:00,9.6,167.9,nodal,completed
T006303,R008,D0035,V1,S1,2026-08-25T08:15:00,2026-08-25T08:15:36,2026-08-25T09:00:00,2026-08-25T09:00:00,9.6,143.3,nodal,completed
T006304,R008,D0052,V1,S1,2026-08-25T08:15:00,2026-08-25T08:30:36,2026-08-25T09:00:00,2026-08-25T09:12:44.576887,9.2,129.8,nodal,completed
T006305,R008,D0002,V2,S1,2026-08-25T08:15:00,2026-08-25T08:16:30,2026-08-25T09:00:00,2026-08-25T09:00:00,9.1,158.3,nodal,completed
T006306,R008,D0073,V2,S1,2026-08-25T08:15:00,2026-08-25T08:15:54,2026-08-25T09:00:00,2026-08-25T09:00:00,9.3,164.8,nodal,completed
T006307,R011,D0003,V1,S1,2026-08-25T08:15:00,2026-08-25T08:43:00,2026-08-25T09:00:00,2026-08-25T09:25:52.958756,8.0,112.4,nodal,completed
T006308,R011,D0081,V2,S1,2026-08-25T08:15:00,2026-08-25T08:22:36,2026-08-25T09:00:00,2026-08-25T09:02:54.968928,7.8,148.7,nodal,completed
T006309,R011,D0003,V1,S1,2026-08-25T08:15:00,2026-08-25T08:18:00,2026-08-25T09:00:00,2026-08-25T09:00:00,7.8,125.6,nodal,completed
T006310,R011,D0053,V1,S1,2026-08-25T08:15:00,2026-08-25T08:22:12,2026-08-25T09:00:00,2026-08-25T09:05:19.799845,7.8,124.2,nodal,completed
T006311,R011,D0051,V2,S1,2026-08-25T08:15:00,2026-08-25T08:16:06,2026-08-25T09:00:00,2026-08-25T09:00:00,8.0,147.2,nodal,completed
T006312,R011,D0009,V1,S1,2026-08-25T08:15:00,2026-08-25T08:16:24,2026-08-25T09:00:00,2026-08-25T09:00:26.813190,7.8,112.3,nodal,completed
T006313,R013,D0018,V5,S1,2026-08-25T08:15:00,2026-08-25T08:28:36,2026-08-25T09:00:00,2026-08-25T09:13:27.950714,11.0,243.7,cab,completed
T006314,R013,D0009,V1,S1,2026-08-25T08:15:00,2026-08-25T08:17:42,2026-08-25T09:00:00,2026-08-25T09:00:31.767001,11.7,248.6,cab,completed
T006315,R013,D0009,V1,S1,2026-08-25T08:15:00,2026-08-25T08:21:24,2026-08-25T09:00:00,2026-08-25T09:03:16.772013,11.2,247.6,cab,completed
T006316,R013,D0071,V5,S1,2026-08-25T08:15:00,2026-08-25T08:15:12,2026-08-25T09:00:00,2026-08-25T09:00:00,11.2,265.9,cab,completed
T006317,R013,D0033,V1,S1,2026-08-25T08:15:00,2026-08-25T08:29:42,2026-08-25T09:00:00,2026-08-25T09:13:31.346396,10.5,237.0,cab,completed
T006318,R013,D0031,V3,S1,2026-08-25T08:15:00,2026-08-25T08:16:48,2026-08-25T09:00:00,2026-08-25T09:00:00,11.0,237.6,cab,completed
T006319,R013,D0103,V5,S1,2026-08-25T08:15:00,2026-08-25T08:16:06,2026-08-25T09:00:00,2026-08-25T09:00:00,11.1,244.3,cab,completed
T006320,R013,D0079,V3,S1,2026-08-25T08:15:00,2026-08-25T08:16:00,2026-08-25T09:00:00,2026-08-25T09:00:00,11.5,247.0,cab,completed
T006321,R013,D0043,V1,S1,2026-08-25T08:15:00,2026-08-25T08:25:18,2026-08-25T09:00:00,2026-08-25T09:09:55.263138,10.5,244.0,cab,completed
T006322,R013,D0062,V3,S1,2026-08-25T08:15:00,2026-08-25T08:17:24,2026-08-25T09:00:00,2026-08-25T09:00:39.597132,11.9,249.6,cab,completed
T006323,R013,D0079,V3,S1,2026-08-25T08:15:00,2026-08-25T08:17:54,2026-08-25T09:00:00,2026-08-25T09:01:24.414465,11.3,248.4,cab,completed
T006324,R018,D0004,V5,S1,2026-08-25T08:15:00,2026-08-25T08:19:18,2026-08-25T09:00:00,2026-08-25T09:03:51.078406,15.8,105.3,shuttle,completed
T006325,R018,D0070,V2,S1,2026-08-25T08:15:00,2026-08-25T08:17:12,2026-08-25T09:00:00,2026-08-25T09:00:17.374426,14.8,115.7,shuttle,completed
T006326,R018,D0115,V4,S1,2026-08-25T08:15:00,2026-08-25T08:33:30,2026-08-25T09:00:00,2026-08-25T09:15:33.349228,15.1,95.9,shuttle,completed
T006327,R020,D0107,V2,S1,2026-08-25T08:15:00,2026-08-25T08:24:00,2026-08-25T09:00:00,2026-08-25T09:06:15.651754,10.6,177.1,nodal,completed
T006328,R020,D0035,V1,S1,2026-08-25T08:15:00,2026-08-25T08:41:54,2026-08-25T09:00:00,2026-08-25T09:26:10.493671,10.0,146.0,nodal,completed
T006329,R020,D0052,V1,S1,2026-08-25T08:15:00,2026-08-25T08:23:06,2026-08-25T09:00:00,2026-08-25T09:06:20.687408,9.9,133.7,nodal,completed
T006330,R020,D0015,V1,S1,2026-08-25T08:15:00,2026-08-25T08:15:12,2026-08-25T09:00:00,2026-08-25T09:00:00,9.7,129.6,nodal,completed
T006331,R020,D0112,V1,S1,2026-08-25T08:15:00,2026-08-25T08:29:06,2026-08-25T09:00:00,2026-08-25T09:09:06.806397,10.7,136.8,nodal,completed
T006332,R020,D0107,V2,S1,2026-08-25T08:15:00,2026-08-25T08:16:36,2026-08-25T09:00:00,2026-08-25T09:00:00,10.6,174.9,nodal,completed
T006333,R020,D0032,V1,S1,2026-08-25T08:15:00,2026-08-25T08:18:12,2026-08-25T09:00:00,2026-08-25T09:00:00,10.2,138.9,nodal,completed
T006334,R022,D0099,V5,S1,2026-08-25T08:15:00,2026-08-25T08:26:54,2026-08-25T09:00:00,2026-08-25T09:11:28.603007,16.4,329.3,cab,completed
T006335,R022,D0031,V3,S1,2026-08-25T08:15:00,2026-08-25T08:16:54,2026-08-25T09:00:00,2026-08-25T09:00:00,17.1,337.3,cab,completed
T006336,R022,D0045,V1,S1,2026-08-25T08:15:00,2026-08-25T08:30:00,2026-08-25T09:00:00,2026-08-25T09:10:22.941622,17.8,347.7,cab,completed
T006337,R022,D0053,V1,S1,2026-08-25T08:15:00,2026-08-25T08:18:12,2026-08-25T09:00:00,2026-08-25T09:00:00,16.4,321.4,cab,completed
T006338,R022,D0038,V5,S1,2026-08-25T08:15:00,2026-08-25T08:45:18,2026-08-25T09:00:00,2026-08-25T09:26:21.040439,17.7,334.4,cab,completed
T006339,R022,D0050,V5,S1,2026-08-25T08:15:00,2026-08-25T08:35:48,2026-08-25T09:00:00,2026-08-25T09:20:00.599846,17.2,331.0,cab,completed
T006340,R022,D0067,V3,S1,2026-08-25T08:15:00,2026-08-25T08:21:54,2026-08-25T09:00:00,2026-08-25T09:04:49.794788,17.4,328.2,cab,completed
T006341,R022,D0071,V5,S1,2026-08-25T08:15:00,2026-08-25T08:17:30,2026-08-25T09:00:00,2026-08-25T09:01:27.022713,18.2,345.4,cab,completed
T006342,R022,D0103,V5,S1,2026-08-25T08:15:00,2026-08-25T08:19:30,2026-08-25T09:00:00,2026-08-25T09:02:54.820720,17.0,335.2,cab,completed
T006343,R022,D0080,V1,S1,2026-08-25T08:15:00,2026-08-25T08:16:24,2026-08-25T09:00:00,2026-08-25T09:00:00,18.1,347.9,cab,completed
T006344,R022,D0028,V3,S1,2026-08-25T08:15:00,2026-08-25T08:17:30,2026-08-25T09:00:00,2026-08-25T09:00:00,18.1,337.2,cab,completed
T006345,R022,D0022,V5,S1,2026-08-25T08:15:00,2026-08-25T08:21:42,2026-08-25T09:00:00,2026-08-25T09:03:32.639214,17.9,348.9,cab,completed
T006346,R003,D0018,V5,S2,2026-08-25T10:15:00,2026-08-25T10:41:36,2026-08-25T11:00:00,2026-08-25T11:25:34.428031,22.1,130.4,shuttle,completed
T006347,R003,D0074,V4,S2,2026-08-25T10:15:00,2026-08-25T10:15:42,2026-08-25T11:00:00,2026-08-25T11:00:00,21.4,129.3,shuttle,completed
T006348,R006,D0057,V2,S2,2026-08-25T10:15:00,2026-08-25T10:23:30,2026-08-25T11:00:00,2026-08-25T11:04:32.257157,18.8,146.1,shuttle,completed
T006349,R006,D0011,V2,S2,2026-08-25T10:15:00,2026-08-25T10:32:36,2026-08-25T11:00:00,2026-08-25T11:16:16.378562,20.2,163.3,shuttle,completed
T006350,R008,D0057,V2,S2,2026-08-25T10:15:00,2026-08-25T10:16:18,2026-08-25T11:00:00,2026-08-25T11:00:00,9.2,151.2,nodal,completed
T006351,R008,D0003,V1,S2,2026-08-25T10:15:00,2026-08-25T10:38:12,2026-08-25T11:00:00,2026-08-25T11:20:34.531032,8.8,132.4,nodal,completed
T006352,R008,D0086,V1,S2,2026-08-25T10:15:00,2026-08-25T10:22:12,2026-08-25T11:00:00,2026-08-25T11:04:22.844939,9.2,141.5,nodal,completed
T006353,R011,D0030,V2,S2,2026-08-25T10:15:00,2026-08-25T10:28:18,2026-08-25T11:00:00,2026-08-25T11:12:22.555816,7.7,132.6,nodal,completed
T006354,R011,D0040,V1,S2,2026-08-25T10:15:00,2026-08-25T10:27:18,2026-08-25T11:00:00,2026-08-25T11:12:14.445343,8.5,119.6,nodal,completed
T006355,R011,D0112,V1,S2,2026-08-25T10:15:00,2026-08-25T10:20:30,2026-08-25T11:00:00,2026-08-25T11:02:40.250516,8.4,134.0,nodal,completed
T006356,R011,D0087,V2,S2,2026-08-25T10:15:00,2026-08-25T10:20:48,2026-08-25T11:00:00,2026-08-25T11:03:16.496525,8.6,140.3,nodal,completed
T006357,R013,D0064,V3,S2,2026-08-25T10:15:00,2026-08-25T10:18:06,2026-08-25T11:00:00,2026-08-25T11:01:32.404638,11.2,254.1,cab,completed
T006358,R013,D0077,V5,S2,2026-08-25T10:15:00,2026-08-25T10:16:54,2026-08-25T11:00:00,2026-08-25T11:00:00,11.2,251.9,cab,completed
T006359,R013,D0103,V5,S2,2026-08-25T10:15:00,2026-08-25T10:31:54,2026-08-25T11:00:00,2026-08-25T11:16:32.191297,10.9,242.3,cab,completed
T006360,R013,D0076,V3,S2,2026-08-25T10:15:00,2026-08-25T10:19:18,2026-08-25T11:00:00,2026-08-25T11:01:09.028636,11.3,258.1,cab,completed
T006361,R013,D0064,V3,S2,2026-08-25T10:15:00,2026-08-25T10:18:30,2026-08-25T11:00:00,2026-08-25T11:00:03.651662,11.8,255.7,cab,completed
T006362,R013,D0079,V3,S2,2026-08-25T10:15:00,2026-08-25T10:21:06,2026-08-25T11:00:00,2026-08-25T11:03:23.294376,11.9,253.6,cab,completed
T006363,R013,D0098,V5,S2,2026-08-25T10:15:00,2026-08-25T10:17:36,2026-08-25T11:00:00,2026-08-25T11:01:59.234031,10.6,235.4,cab,completed
T006364,R013,D0089,V3,S2,2026-08-25T10:15:00,2026-08-25T10:15:36,2026-08-25T11:00:00,2026-08-25T11:00:00,11.6,248.9,cab,completed
T006365,R018,D0054,V2,S2,2026-08-25T10:15:00,2026-08-25T10:15:24,2026-08-25T11:00:00,2026-08-25T11:00:00,15.4,120.9,shuttle,completed
T006366,R018,D0012,V2,S2,2026-08-25T10:15:00,2026-08-25T10:15:36,2026-08-25T11:00:00,2026-08-25T11:00:00,14.4,117.9,shuttle,completed
T006367,R020,D0056,V1,S2,2026-08-25T10:15:00,2026-08-25T10:17:30,2026-08-25T11:00:00,2026-08-25T11:00:30.548285,10.1,144.0,nodal,completed
T006368,R020,D0086,V1,S2,2026-08-25T10:15:00,2026-08-25T10:24:12,2026-08-25T11:00:00,2026-08-25T11:04:23.171219,10.3,149.9,nodal,completed
T006369,R020,D0058,V1,S2,2026-08-25T10:15:00,2026-08-25T10:16:36,2026-08-25T11:00:00,2026-08-25T11:00:00,9.5,137.0,nodal,completed
T006370,R020,D0012,V2,S2,2026-08-25T10:15:00,2026-08-25T10:37:36,2026-08-25T11:00:00,2026-08-25T11:21:23.639578,10.8,171.5,nodal,completed
T006371,R022,D0111,V1,S2,2026-08-25T10:15:00,2026-08-25T10:22:30,2026-08-25T11:00:00,2026-08-25T11:06:31.051984,16.2,310.0,cab,completed
T006372,R022,D0042,V5,S2,2026-08-25T10:15:00,2026-08-25T10:20:42,2026-08-25T11:00:00,2026-08-25T11:00:59.348850,17.1,330.3,cab,completed
T006373,R022,D0028,V3,S2,2026-08-25T10:15:00,2026-08-25T10:15:54,2026-08-25T11:00:00,2026-08-25T11:00:00,17.0,333.5,cab,completed
T006374,R022,D0010,V1,S2,2026-08-25T10:15:00,2026-08-25T10:18:54,2026-08-25T11:00:00,2026-08-25T11:01:18.201313,17.8,346.8,cab,completed
T006375,R022,D0056,V1,S2,2026-08-25T10:15:00,2026-08-25T10:18:42,2026-08-25T11:00:00,2026-08-25T11:00:04.776403,18.1,346.9,cab,completed
T006376,R022,D0088,V5,S2,2026-08-25T10:15:00,2026-08-25T10:20:00,2026-08-25T11:00:00,2026-08-25T11:02:35.847163,17.4,343.1,cab,completed
T006377,R022,D0032,V1,S2,2026-08-25T10:15:00,2026-08-25T10:23:12,2026-08-25T11:00:00,2026-08-25T11:06:14.352336,17.9,344.2,cab,completed
T006378,R022,D0089,V3,S2,2026-08-25T10:15:00,2026-08-25T10:20:18,2026-08-25T11:00:00,2026-08-25T11:01:48.816666,16.2,312.6,cab,completed
T006379,R003,D0090,V2,S3,2026-08-25T21:15:00,2026-08-25T21:17:42,2026-08-25T22:00:00,2026-08-25T22:00:00,21.6,162.9,shuttle,completed
T006380,R003,D0084,V4,S3,2026-08-25T21:15:00,2026-08-25T21:20:48,2026-08-25T22:00:00,2026-08-25T22:02:05.738599,23.3,140.5,shuttle,completed
T006381,R006,D0098,V5,S3,2026-08-25T21:15:00,2026-08-25T21:22:12,2026-08-25T22:00:00,2026-08-25T22:03:10.976227,18.9,112.1,shuttle,completed
T006382,R008,D0096,V2,S3,2026-08-25T21:15:00,2026-08-25T21:15:48,2026-08-25T22:00:00,2026-08-25T22:00:00,9.4,158.7,nodal,completed
T006383,R008,D0056,V1,S3,2026-08-25T21:15:00,2026-08-25T21:16:12,2026-08-25T22:00:00,2026-08-25T22:00:07.044470,9.6,140.1,nodal,completed
T006384,R011,D0011,V2,S3,2026-08-25T21:15:00,2026-08-25T21:30:12,2026-08-25T22:00:00,2026-08-25T22:10:15.641996,8.0,136.5,nodal,completed
T006385,R011,D0015,V1,S3,2026-08-25T21:15:00,2026-08-25T21:23:36,2026-08-25T22:00:00,2026-08-25T22:06:57.783094,8.5,130.7,nodal,completed
T006386,R011,D0005,V1,S3,2026-08-25T21:15:00,,2026-08-25T22:00:00,2026-08-25T22:03:51.294531,8.2,120.4,nodal,completed
T006387,R013,D0050,V5,S3,2026-08-25T21:15:00,2026-08-25T21:31:24,2026-08-25T22:00:00,,10.7,250.1,cab,cancelled
T006388,R013,D0046,V5,S3,2026-08-25T21:15:00,2026-08-25T21:18:48,2026-08-25T22:00:00,2026-08-25T22:00:00,11.0,249.1,cab,completed
T006389,R013,D0086,V1,S3,2026-08-25T21:15:00,2026-08-25T21:18:48,2026-08-25T22:00:00,2026-08-25T22:00:44.704391,11.1,249.9,cab,completed
T006390,R013,D0088,V5,S3,2026-08-25T21:15:00,2026-08-25T21:26:54,2026-08-25T22:00:00,2026-08-25T22:09:08.563829,11.8,261.4,cab,completed
T006391,R013,D0028,V3,S3,2026-08-25T21:15:00,2026-08-25T21:17:42,2026-08-25T22:00:00,2026-08-25T22:01:37.769692,11.5,244.7,cab,completed
T006392,R018,D0073,V2,S3,2026-08-25T21:15:00,2026-08-25T21:45:00,2026-08-25T22:00:00,2026-08-25T22:29:14.086606,15.4,121.5,shuttle,completed
T006393,R020,D0096,V2,S3,2026-08-25T21:15:00,2026-08-25T21:16:12,2026-08-25T22:00:00,2026-08-25T22:00:00,10.3,175.7,nodal,completed
T006394,R020,D0114,V2,S3,2026-08-25T21:15:00,2026-08-25T21:15:48,2026-08-25T22:00:00,2026-08-25T22:00:00,9.7,166.3,nodal,completed
T006395,R020,D0066,V2,S3,2026-08-25T21:15:00,2026-08-25T21:21:00,2026-08-25T22:00:00,2026-08-25T22:03:43.441709,9.6,156.5,nodal,completed
T006396,R022,D0085,V3,S3,2026-08-25T21:15:00,2026-08-25T21:23:42,2026-08-25T22:00:00,2026-08-25T22:07:01.808417,17.9,345.5,cab,completed
T006397,R022,D0060,V3,S3,2026-08-25T21:15:00,2026-08-25T21:16:24,2026-08-25T22:00:00,2026-08-25T22:00:00,17.4,323.8,cab,completed
T006398,R022,D0058,V1,S3,2026-08-25T21:15:00,2026-08-25T21:25:54,2026-08-25T22:00:00,2026-08-25T22:06:35.192707,17.6,335.4,cab,completed
T006399,R022,D0112,V1,S3,2026-08-25T21:15:00,,2026-08-25T22:00:00,,16.2,323.1,cab,no_show
T006400,R003,D0116,V5,S1,2026-08-26T08:15:00,2026-08-26T08:18:30,2026-08-26T09:00:00,2026-08-26T09:03:25.426208,22.2,133.1,shuttle,completed
T006401,R003,D0012,V2,S1,2026-08-26T08:15:00,2026-08-26T08:16:18,2026-08-26T09:00:00,2026-08-26T09:00:00,22.3,162.1,shuttle,completed
T006402,R003,D0084,V4,S1,2026-08-26T08:15:00,2026-08-26T08:25:54,2026-08-26T09:00:00,2026-08-26T09:10:11.738623,22.1,130.4,shuttle,completed
T006403,R006,D0107,V2,S1,2026-08-26T08:15:00,2026-08-26T08:20:12,2026-08-26T09:00:00,2026-08-26T09:03:15.857287,18.2,152.3,shuttle,completed
T006404,R006,D0101,V5,S1,2026-08-26T08:15:00,2026-08-26T08:18:36,2026-08-26T09:00:00,2026-08-26T09:00:56.340832,18.6,124.4,shuttle,completed
T006405,R006,D0108,V5,S1,2026-08-26T08:15:00,2026-08-26T08:17:36,2026-08-26T09:00:00,2026-08-26T09:01:59.940270,18.1,120.7,shuttle,completed
T006406,R008,D0040,V1,S1,2026-08-26T08:15:00,2026-08-26T08:18:24,2026-08-26T09:00:00,2026-08-26T09:02:49.933019,8.9,135.2,nodal,completed
T006407,R008,D0033,V1,S1,2026-08-26T08:15:00,,2026-08-26T09:00:00,,8.8,125.2,nodal,no_show
T006408,R008,D0114,V2,S1,2026-08-26T08:15:00,2026-08-26T08:15:48,2026-08-26T09:00:00,2026-08-26T09:00:00,9.5,164.5,nodal,completed
T006409,R008,D0114,V2,S1,2026-08-26T08:15:00,2026-08-26T08:16:00,2026-08-26T09:00:00,2026-08-26T09:00:00,8.6,141.2,nodal,completed
T006410,R008,D0032,V1,S1,2026-08-26T08:15:00,2026-08-26T08:32:30,2026-08-26T09:00:00,2026-08-26T09:14:33.821015,9.1,135.2,nodal,completed
T006411,R011,D0053,V1,S1,2026-08-26T08:15:00,2026-08-26T08:27:12,2026-08-26T09:00:00,2026-08-26T09:08:16.004087,8.5,137.4,nodal,completed
T006412,R011,D0011,V2,S1,2026-08-26T08:15:00,2026-08-26T08:20:24,2026-08-26T09:00:00,2026-08-26T09:05:15.061554,8.3,143.1,nodal,completed
T006413,R011,D0005,V1,S1,2026-08-26T08:15:00,2026-08-26T08:16:54,2026-08-26T09:00:00,2026-08-26T09:00:00,8.2,131.6,nodal,completed
T006414,R011,D0111,V1,S1,2026-08-26T08:15:00,2026-08-26T08:15:42,2026-08-26T09:00:00,2026-08-26T09:00:00,7.7,126.6,nodal,completed
T006415,R011,D0033,V1,S1,2026-08-26T08:15:00,2026-08-26T08:21:42,2026-08-26T09:00:00,2026-08-26T09:03:42.998882,8.0,122.7,nodal,completed
T006416,R011,D0045,V1,S1,2026-08-26T08:15:00,2026-08-26T08:22:36,2026-08-26T09:00:00,2026-08-26T09:03:16.745203,8.2,114.9,nodal,completed
T006417,R013,D0085,V3,S1,2026-08-26T08:15:00,2026-08-26T08:24:36,2026-08-26T09:00:00,2026-08-26T09:07:38.200682,11.7,258.2,cab,completed
T006418,R013,D0098,V5,S1,2026-08-26T08:15:00,,2026-08-26T09:00:00,2026-08-26T09:07:12.264945,11.3,254.5,cab,completed
T006419,R013,D0065,V3,S1,2026-08-26T08:15:00,2026-08-26T08:16:54,2026-08-26T09:00:00,2026-08-26T09:00:00,10.9,232.9,cab,completed
T006420,R013,D0039,V3,S1,2026-08-26T08:15:00,2026-08-26T08:20:00,2026-08-26T09:00:00,2026-08-26T09:03:50.213814,11.5,255.6,cab,completed
T006421,R013,D0060,V3,S1,2026-08-26T08:15:00,2026-08-26T08:18:24,2026-08-26T09:00:00,2026-08-26T09:03:17.902941,11.1,235.5,cab,completed
T006422,R013,D0038,V5,S1,2026-08-26T08:15:00,2026-08-26T08:25:18,2026-08-26T09:00:00,2026-08-26T09:06:46.729880,11.2,242.0,cab,completed
T006423,R013,D0045,V1,S1,2026-08-26T08:15:00,2026-08-26T08:30:12,2026-08-26T09:00:00,2026-08-26T09:14:17.878334,11.5,275.5,cab,completed
T006424,R013,D0039,V3,S1,2026-08-26T08:15:00,2026-08-26T08:16:24,2026-08-26T09:00:00,2026-08-26T09:00:00,11.4,254.7,cab,completed
T006425,R013,D0058,V1,S1,2026-08-26T08:15:00,2026-08-26T08:21:24,2026-08-26T09:00:00,2026-08-26T09:04:50.965957,11.0,242.8,cab,completed
T006426,R013,D0033,V1,S1,2026-08-26T08:15:00,2026-08-26T08:23:54,2026-08-26T09:00:00,2026-08-26T09:08:47.710579,10.8,232.4,cab,completed
T006427,R013,D0016,V5,S1,2026-08-26T08:15:00,2026-08-26T08:20:12,2026-08-26T09:00:00,2026-08-26T09:02:30.255075,11.7,250.9,cab,completed
T006428,R018,D0011,V2,S1,2026-08-26T08:15:00,2026-08-26T08:31:48,2026-08-26T09:00:00,2026-08-26T09:12:42.177154,14.7,124.5,shuttle,completed
T006429,R018,D0074,V4,S1,2026-08-26T08:15:00,2026-08-26T08:15:54,2026-08-26T09:00:00,2026-08-26T09:00:00,14.8,92.7,shuttle,completed
T006430,R018,D0104,V4,S1,2026-08-26T08:15:00,2026-08-26T08:16:30,2026-08-26T09:00:00,2026-08-26T09:00:00,14.3,107.1,shuttle,completed
T006431,R020,D0096,V2,S1,2026-08-26T08:15:00,2026-08-26T08:23:06,2026-08-26T09:00:00,2026-08-26T09:06:03.110297,9.7,163.1,nodal,completed
T006432,R020,D0054,V2,S1,2026-08-26T08:15:00,2026-08-26T08:15:30,2026-08-26T09:00:00,2026-08-26T09:00:00,10.3,176.7,nodal,completed
T006433,R020,D0072,V2,S1,2026-08-26T08:15:00,2026-08-26T08:25:36,2026-08-26T09:00:00,2026-08-26T09:10:26.875984,10.1,164.8,nodal,completed
T006434,R020,D0086,V1,S1,2026-08-26T08:15:00,2026-08-26T08:25:00,2026-08-26T09:00:00,2026-08-26T09:05:46.600050,10.5,149.6,nodal,completed
T006435,R020,D0001,V2,S1,2026-08-26T08:15:00,2026-08-26T08:23:00,2026-08-26T09:00:00,2026-08-26T09:05:50.865616,10.3,181.2,nodal,completed
T006436,R020,D0094,V2,S1,2026-08-26T08:15:00,2026-08-26T08:18:30,2026-08-26T09:00:00,2026-08-26T09:00:00,10.0,157.1,nodal,completed
T006437,R022,D0117,V1,S1,2026-08-26T08:15:00,2026-08-26T08:20:00,2026-08-26T09:00:00,2026-08-26T09:00:48.974645,17.3,331.5,cab,completed
T006438,R022,D0053,V1,S1,2026-08-26T08:15:00,2026-08-26T08:25:30,2026-08-26T09:00:00,2026-08-26T09:06:16.491592,16.3,310.0,cab,completed
T006439,R022,D0056,V1,S1,2026-08-26T08:15:00,2026-08-26T08:20:42,2026-08-26T09:00:00,2026-08-26T09:01:22.014389,16.9,317.8,cab,completed
T006440,R022,D0027,V3,S1,2026-08-26T08:15:00,2026-08-26T08:16:24,2026-08-26T09:00:00,2026-08-26T09:00:00,16.7,328.9,cab,completed
T006441,R022,D0004,V5,S1,2026-08-26T08:15:00,2026-08-26T08:19:18,2026-08-26T09:00:00,2026-08-26T09:00:00,17.0,327.1,cab,completed
T006442,R022,D0050,V5,S1,2026-08-26T08:15:00,2026-08-26T08:16:06,2026-08-26T09:00:00,2026-08-26T09:00:00,16.9,333.4,cab,completed
T006443,R022,D0067,V3,S1,2026-08-26T08:15:00,2026-08-26T08:15:36,2026-08-26T09:00:00,2026-08-26T09:00:00,17.7,341.2,cab,completed
T006444,R022,D0013,V5,S1,2026-08-26T08:15:00,2026-08-26T08:20:12,2026-08-26T09:00:00,2026-08-26T09:03:42.381554,16.2,308.1,cab,completed
T006445,R022,D0103,V5,S1,2026-08-26T08:15:00,2026-08-26T08:25:24,2026-08-26T09:00:00,2026-08-26T09:09:55.094140,17.1,320.6,cab,completed
T006446,R022,D0065,V3,S1,2026-08-26T08:15:00,2026-08-26T08:19:54,2026-08-26T09:00:00,2026-08-26T09:03:23.774346,16.7,318.5,cab,completed
T006447,R022,D0083,V3,S1,2026-08-26T08:15:00,2026-08-26T08:21:48,2026-08-26T09:00:00,2026-08-26T09:05:50.214560,16.2,315.3,cab,completed
T006448,R022,D0065,V3,S1,2026-08-26T08:15:00,2026-08-26T08:16:54,2026-08-26T09:00:00,2026-08-26T09:00:00,16.6,321.1,cab,completed
T006449,R003,D0044,V4,S2,2026-08-26T10:15:00,2026-08-26T10:19:24,2026-08-26T11:00:00,2026-08-26T11:00:10.381743,21.8,127.1,shuttle,completed
T006450,R006,D0063,V2,S2,2026-08-26T10:15:00,2026-08-26T10:18:00,2026-08-26T11:00:00,2026-08-26T11:02:03.797100,20.5,166.9,shuttle,completed
T006451,R006,D0022,V5,S2,2026-08-26T10:15:00,2026-08-26T10:24:12,2026-08-26T11:00:00,2026-08-26T11:07:36.902329,19.0,129.9,shuttle,completed
T006452,R008,D0080,V1,S2,2026-08-26T10:15:00,2026-08-26T10:25:24,2026-08-26T11:00:00,2026-08-26T11:06:21.941861,9.6,130.1,nodal,completed
T006453,R008,D0051,V2,S2,2026-08-26T10:15:00,2026-08-26T10:21:00,2026-08-26T11:00:00,2026-08-26T11:02:08.986490,9.2,159.4,nodal,completed
T006454,R008,D0045,V1,S2,2026-08-26T10:15:00,2026-08-26T10:33:12,2026-08-26T11:00:00,2026-08-26T11:17:09.390233,8.8,134.4,nodal,completed
T006455,R011,D0094,V2,S2,2026-08-26T10:15:00,2026-08-26T10:20:24,2026-08-26T11:00:00,2026-08-26T11:00:40.368449,8.0,138.9,nodal,completed
T006456,R011,D0068,V1,S2,2026-08-26T10:15:00,,2026-08-26T11:00:00,2026-08-26T11:00:00,7.8,115.3,nodal,completed
T006457,R011,D0051,V2,S2,2026-08-26T10:15:00,2026-08-26T10:35:30,2026-08-26T11:00:00,2026-08-26T11:20:25.740764,8.1,144.0,nodal,completed
T006458,R011,D0114,V2,S2,2026-08-26T10:15:00,,2026-08-26T11:00:00,2026-08-26T11:19:19.125972,8.6,157.1,nodal,completed
T006459,R013,D0116,V5,S2,2026-08-26T10:15:00,2026-08-26T10:17:42,2026-08-26T11:00:00,2026-08-26T11:00:00,11.2,253.5,cab,completed
T006460,R013,D0100,V3,S2,2026-08-26T10:15:00,2026-08-26T10:18:54,2026-08-26T11:00:00,2026-08-26T11:01:35.715116,11.5,258.9,cab,completed
T006461,R013,D0100,V3,S2,2026-08-26T10:15:00,2026-08-26T10:16:00,2026-08-26T11:00:00,2026-08-26T11:00:53.146079,10.7,243.1,cab,completed
T006462,R013,D0082,V1,S2,2026-08-26T10:15:00,2026-08-26T10:27:06,2026-08-26T11:00:00,2026-08-26T11:11:24.233051,11.6,258.3,cab,completed
T006463,R013,D0048,V5,S2,2026-08-26T10:15:00,2026-08-26T10:24:00,2026-08-26T11:00:00,2026-08-26T11:04:50.322081,11.0,235.2,cab,completed
T006464,R013,D0064,V3,S2,2026-08-26T10:15:00,2026-08-26T10:21:30,2026-08-26T11:00:00,2026-08-26T11:05:59.713973,11.0,246.7,cab,completed
T006465,R013,D0003,V1,S2,2026-08-26T10:15:00,2026-08-26T10:19:42,2026-08-26T11:00:00,2026-08-26T11:01:09.163920,11.3,242.4,cab,completed
T006466,R018,D0030,V2,S2,2026-08-26T10:15:00,2026-08-26T10:17:48,2026-08-26T11:00:00,2026-08-26T11:02:13.154934,14.4,132.4,shuttle,completed
T006467,R018,D0096,V2,S2,2026-08-26T10:15:00,2026-08-26T10:22:48,2026-08-26T11:00:00,2026-08-26T11:06:40.594518,14.6,120.6,shuttle,completed
T006468,R020,D0111,V1,S2,2026-08-26T10:15:00,2026-08-26T10:17:48,2026-08-26T11:00:00,2026-08-26T11:00:00,9.9,133.2,nodal,completed
T006469,R020,D0005,V1,S2,2026-08-26T10:15:00,2026-08-26T10:23:36,2026-08-26T11:00:00,2026-08-26T11:06:02.354116,9.9,135.5,nodal,completed
T006470,R020,D0110,V1,S2,2026-08-26T10:15:00,2026-08-26T10:15:00,2026-08-26T11:00:00,2026-08-26T11:00:00,9.5,138.6,nodal,completed
T006471,R020,D0106,V2,S2,2026-08-26T10:15:00,2026-08-26T10:25:30,2026-08-26T11:00:00,2026-08-26T11:06:18.469892,9.9,157.6,nodal,completed
T006472,R022,D0116,V5,S2,2026-08-26T10:15:00,2026-08-26T10:27:48,2026-08-26T11:00:00,2026-08-26T11:09:23.232651,16.7,320.9,cab,completed
T006473,R022,D0082,V1,S2,2026-08-26T10:15:00,2026-08-26T10:28:30,2026-08-26T11:00:00,2026-08-26T11:11:01.713740,16.6,335.0,cab,completed
T006474,R022,D0043,V1,S2,2026-08-26T10:15:00,2026-08-26T10:19:54,2026-08-26T11:00:00,2026-08-26T11:00:26.603789,17.3,336.0,cab,completed
T006475,R022,D0032,V1,S2,2026-08-26T10:15:00,2026-08-26T10:15:18,2026-08-26T11:00:00,2026-08-26T11:00:15.229370,17.3,337.3,cab,completed
T006476,R022,D0009,V1,S2,2026-08-26T10:15:00,,2026-08-26T11:00:00,2026-08-26T11:06:19.710788,16.4,322.1,cab,completed
T006477,R022,D0055,V3,S2,2026-08-26T10:15:00,2026-08-26T10:18:24,2026-08-26T11:00:00,2026-08-26T11:02:42.874245,17.8,348.9,cab,completed
T006478,R022,D0116,V5,S2,2026-08-26T10:15:00,2026-08-26T10:16:12,2026-08-26T11:00:00,2026-08-26T11:00:34.642630,17.6,331.4,cab,completed
T006479,R022,D0052,V1,S2,2026-08-26T10:15:00,2026-08-26T10:25:12,2026-08-26T11:00:00,2026-08-26T11:06:50.608144,18.3,350.0,cab,completed
T006480,R003,D0001,V2,S3,2026-08-26T21:15:00,2026-08-26T21:15:00,2026-08-26T22:00:00,2026-08-26T22:00:00,21.2,183.0,shuttle,completed
T006481,R003,D0108,V5,S3,2026-08-26T21:15:00,2026-08-26T21:31:48,2026-08-26T22:00:00,2026-08-26T22:16:43.712061,22.1,131.7,shuttle,completed
T006482,R006,D0013,V5,S3,2026-08-26T21:15:00,2026-08-26T21:23:18,2026-08-26T22:00:00,2026-08-26T22:05:07.078257,20.5,126.6,shuttle,completed
T006483,R008,D0056,V1,S3,2026-08-26T21:15:00,2026-08-26T21:15:24,2026-08-26T22:00:00,2026-08-26T22:00:00,8.7,122.2,nodal,completed
T006484,R008,D0009,V1,S3,2026-08-26T21:15:00,2026-08-26T21:25:18,2026-08-26T22:00:00,2026-08-26T22:06:55.630084,9.1,122.6,nodal,completed
T006485,R011,D0097,V2,S3,2026-08-26T21:15:00,2026-08-26T21:20:42,2026-08-26T22:00:00,2026-08-26T22:01:12.974777,7.9,148.7,nodal,completed
T006486,R011,D0043,V1,S3,2026-08-26T21:15:00,2026-08-26T21:29:36,2026-08-26T22:00:00,2026-08-26T22:11:32.462073,7.9,123.4,nodal,completed
T006487,R011,D0024,V1,S3,2026-08-26T21:15:00,2026-08-26T21:21:06,2026-08-26T22:00:00,2026-08-26T22:01:49.347867,7.9,117.9,nodal,completed
T006488,R013,D0062,V3,S3,2026-08-26T21:15:00,2026-08-26T21:17:54,2026-08-26T22:00:00,2026-08-26T22:00:00,11.2,242.1,cab,completed
T006489,R013,D0039,V3,S3,2026-08-26T21:15:00,2026-08-26T21:17:00,2026-08-26T22:00:00,2026-08-26T22:00:00,11.8,247.6,cab,completed
T006490,R013,D0028,V3,S3,2026-08-26T21:15:00,,2026-08-26T22:00:00,,11.3,263.7,cab,no_show
T006491,R013,D0043,V1,S3,2026-08-26T21:15:00,2026-08-26T21:18:42,2026-08-26T22:00:00,2026-08-26T22:00:00,11.2,244.1,cab,completed
T006492,R013,D0071,V5,S3,2026-08-26T21:15:00,2026-08-26T21:31:18,2026-08-26T22:00:00,2026-08-26T22:14:56.090227,11.2,254.3,cab,completed
T006493,R018,D0119,V4,S3,2026-08-26T21:15:00,2026-08-26T21:16:48,2026-08-26T22:00:00,2026-08-26T22:00:09.240713,15.5,103.1,shuttle,completed
T006494,R018,D0084,V4,S3,2026-08-26T21:15:00,2026-08-26T21:42:54,2026-08-26T22:00:00,2026-08-26T22:27:00.756084,16.1,102.4,shuttle,completed
T006495,R020,D0035,V1,S3,2026-08-26T21:15:00,2026-08-26T21:23:48,2026-08-26T22:00:00,2026-08-26T22:04:22.111981,10.3,143.9,nodal,completed
T006496,R020,D0040,V1,S3,2026-08-26T21:15:00,2026-08-26T21:18:18,2026-08-26T22:00:00,2026-08-26T22:00:00,10.1,147.8,nodal,completed
T006497,R022,D0116,V5,S3,2026-08-26T21:15:00,2026-08-26T21:36:24,2026-08-26T22:00:00,2026-08-26T22:18:58.335408,16.4,325.8,cab,completed
T006498,R022,D0018,V5,S3,2026-08-26T21:15:00,2026-08-26T21:36:48,2026-08-26T22:00:00,2026-08-26T22:17:26.031155,17.2,323.4,cab,completed
T006499,R022,D0009,V1,S3,2026-08-26T21:15:00,2026-08-26T21:30:54,2026-08-26T22:00:00,2026-08-26T22:15:50.820905,16.3,309.5,cab,completed
T006500,R022,D0100,V3,S3,2026-08-26T21:15:00,2026-08-26T21:20:18,2026-08-26T22:00:00,2026-08-26T22:02:40.318778,17.4,339.6,cab,completed
T006501,R003,D0019,V4,S1,2026-08-27T08:15:00,2026-08-27T08:16:54,2026-08-27T09:00:00,2026-08-27T09:00:00,22.1,136.1,shuttle,completed
T006502,R003,D0020,V2,S1,2026-08-27T08:15:00,2026-08-27T08:16:18,2026-08-27T09:00:00,2026-08-27T09:01:05.825601,23.1,174.6,shuttle,completed
T006503,R003,D0057,V2,S1,2026-08-27T08:15:00,2026-08-27T08:18:06,2026-08-27T09:00:00,2026-08-27T09:00:00,20.9,169.4,shuttle,completed
T006504,R006,D0107,V2,S1,2026-08-27T08:15:00,2026-08-27T08:17:30,2026-08-27T09:00:00,2026-08-27T09:00:00,20.0,162.3,shuttle,completed
T006505,R006,D0120,V5,S1,2026-08-27T08:15:00,2026-08-27T08:21:06,2026-08-27T09:00:00,2026-08-27T09:05:16.354241,19.3,124.4,shuttle,completed
T006506,R006,D0092,V4,S1,2026-08-27T08:15:00,2026-08-27T08:17:12,2026-08-27T09:00:00,2026-08-27T09:00:00,18.6,119.6,shuttle,completed
T006507,R008,D0087,V2,S1,2026-08-27T08:15:00,2026-08-27T08:16:36,2026-08-27T09:00:00,2026-08-27T09:00:00,8.9,155.3,nodal,completed
T006508,R008,D0001,V2,S1,2026-08-27T08:15:00,,2026-08-27T09:00:00,,8.6,156.5,nodal,no_show
T006509,R008,D0063,V2,S1,2026-08-27T08:15:00,,2026-08-27T09:00:00,,8.7,151.5,nodal,no_show
T006510,R008,D0070,V2,S1,2026-08-27T08:15:00,2026-08-27T08:22:54,2026-08-27T09:00:00,2026-08-27T09:07:20.895879,9.3,181.0,nodal,completed
T006511,R008,D0097,V2,S1,2026-08-27T08:15:00,2026-08-27T08:17:24,2026-08-27T09:00:00,2026-08-27T09:00:00,9.7,165.5,nodal,completed
T006512,R008,D0040,V1,S1,2026-08-27T08:15:00,2026-08-27T08:29:30,2026-08-27T09:00:00,2026-08-27T09:14:02.531728,8.7,122.4,nodal,completed
T006513,R011,D0066,V2,S1,2026-08-27T08:15:00,2026-08-27T08:34:36,2026-08-27T09:00:00,2026-08-27T09:17:10.497988,8.2,144.1,nodal,completed
T006514,R011,D0068,V1,S1,2026-08-27T08:15:00,2026-08-27T08:16:06,2026-08-27T09:00:00,2026-08-27T09:00:52.223782,8.5,119.9,nodal,completed
T006515,R011,D0114,V2,S1,2026-08-27T08:15:00,,2026-08-27T09:00:00,2026-08-27T09:04:22.900495,8.4,149.6,nodal,completed
T006516,R011,D0005,V1,S1,2026-08-27T08:15:00,2026-08-27T08:20:12,2026-08-27T09:00:00,2026-08-27T09:00:30.665744,7.9,129.2,nodal,completed
T006517,R011,D0058,V1,S1,2026-08-27T08:15:00,2026-08-27T08:27:48,2026-08-27T09:00:00,2026-08-27T09:09:29.810656,8.5,124.4,nodal,completed
T006518,R011,D0057,V2,S1,2026-08-27T08:15:00,2026-08-27T08:19:48,2026-08-27T09:00:00,2026-08-27T09:01:15.846532,8.4,155.4,nodal,completed
T006519,R013,D0080,V1,S1,2026-08-27T08:15:00,2026-08-27T08:17:06,2026-08-27T09:00:00,2026-08-27T09:00:04.243585,11.6,252.2,cab,completed
T006520,R013,D0040,V1,S1,2026-08-27T08:15:00,2026-08-27T08:56:00,2026-08-27T09:00:00,2026-08-27T09:36:12.610453,10.7,249.1,cab,completed
T006521,R013,D0028,V3,S1,2026-08-27T08:15:00,2026-08-27T08:23:36,2026-08-27T09:00:00,2026-08-27T09:07:19.778752,11.6,249.7,cab,completed
T006522,R013,D0067,V3,S1,2026-08-27T08:15:00,2026-08-27T08:15:30,2026-08-27T09:00:00,2026-08-27T09:00:00,10.7,262.7,cab,completed
T006523,R013,D0037,V3,S1,2026-08-27T08:15:00,2026-08-27T08:21:54,2026-08-27T09:00:00,2026-08-27T09:04:27.503980,11.5,261.7,cab,completed
T006524,R013,D0006,V5,S1,2026-08-27T08:15:00,2026-08-27T08:17:30,2026-08-27T09:00:00,2026-08-27T09:00:00,10.9,233.9,cab,completed
T006525,R013,D0079,V3,S1,2026-08-27T08:15:00,2026-08-27T08:15:54,2026-08-27T09:00:00,2026-08-27T09:00:00,11.6,243.3,cab,completed
T006526,R013,D0022,V5,S1,2026-08-27T08:15:00,2026-08-27T08:22:06,2026-08-27T09:00:00,2026-08-27T09:02:43.411811,10.5,238.0,cab,completed
T006527,R013,D0062,V3,S1,2026-08-27T08:15:00,2026-08-27T08:18:00,2026-08-27T09:00:00,2026-08-27T09:00:00,11.6,256.6,cab,completed
T006528,R013,D0085,V3,S1,2026-08-27T08:15:00,2026-08-27T08:18:30,2026-08-27T09:00:00,2026-08-27T09:00:00,11.3,245.2,cab,completed
T006529,R013,D0016,V5,S1,2026-08-27T08:15:00,2026-08-27T08:17:06,2026-08-27T09:00:00,2026-08-27T09:00:00,10.5,231.6,cab,completed
T006530,R018,D0088,V5,S1,2026-08-27T08:15:00,2026-08-27T08:43:06,2026-08-27T09:00:00,2026-08-27T09:23:37.771454,14.5,92.0,shuttle,completed
T006531,R018,D0071,V5,S1,2026-08-27T08:15:00,2026-08-27T08:22:42,2026-08-27T09:00:00,2026-08-27T09:03:05.366013,14.4,90.2,shuttle,completed
T006532,R018,D0012,V2,S1,2026-08-27T08:15:00,2026-08-27T08:16:54,2026-08-27T09:00:00,2026-08-27T09:00:00,14.5,119.9,shuttle,completed
T006533,R020,D0070,V2,S1,2026-08-27T08:15:00,2026-08-27T08:37:06,2026-08-27T09:00:00,2026-08-27T09:17:22.743901,10.0,163.1,nodal,completed
T006534,R020,D0010,V1,S1,2026-08-27T08:15:00,2026-08-27T08:17:48,2026-08-27T09:00:00,2026-08-27T09:00:00,10.6,140.0,nodal,completed
T006535,R020,D0033,V1,S1,2026-08-27T08:15:00,2026-08-27T08:23:24,2026-08-27T09:00:00,2026-08-27T09:04:40.651311,10.3,151.6,nodal,completed
T006536,R020,D0117,V1,S1,2026-08-27T08:15:00,2026-08-27T08:27:06,2026-08-27T09:00:00,2026-08-27T09:08:02.799652,10.0,132.2,nodal,completed
T006537,R020,D0025,V2,S1,2026-08-27T08:15:00,2026-08-27T08:16:18,2026-08-27T09:00:00,2026-08-27T09:00:00,10.7,171.4,nodal,completed
T006538,R020,D0072,V2,S1,2026-08-27T08:15:00,2026-08-27T08:28:00,2026-08-27T09:00:00,2026-08-27T09:10:32.822339,10.8,168.4,nodal,completed
T006539,R022,D0083,V3,S1,2026-08-27T08:15:00,2026-08-27T08:18:06,2026-08-27T09:00:00,2026-08-27T09:00:00,17.9,341.9,cab,completed
T006540,R022,D0037,V3,S1,2026-08-27T08:15:00,2026-08-27T08:17:24,2026-08-27T09:00:00,2026-08-27T09:02:01.395992,17.3,338.1,cab,completed
T006541,R022,D0071,V5,S1,2026-08-27T08:15:00,2026-08-27T08:21:18,2026-08-27T09:00:00,2026-08-27T09:01:28.708050,17.2,336.3,cab,completed
T006542,R022,D0086,V1,S1,2026-08-27T08:15:00,2026-08-27T08:56:06,2026-08-27T09:00:00,2026-08-27T09:40:24.609807,17.2,332.3,cab,completed
T006543,R022,D0013,V5,S1,2026-08-27T08:15:00,2026-08-27T08:30:00,2026-08-27T09:00:00,2026-08-27T09:13:24.048240,18.0,339.5,cab,completed
T006544,R022,D0015,V1,S1,2026-08-27T08:15:00,2026-08-27T08:18:00,2026-08-27T09:00:00,2026-08-27T09:01:16.734032,18.3,356.0,cab,completed
T006545,R022,D0056,V1,S1,2026-08-27T08:15:00,2026-08-27T08:18:36,2026-08-27T09:00:00,2026-08-27T09:01:15.730216,16.6,327.9,cab,completed
T006546,R022,D0033,V1,S1,2026-08-27T08:15:00,2026-08-27T08:23:48,2026-08-27T09:00:00,2026-08-27T09:05:12.060588,17.0,330.3,cab,completed
T006547,R022,D0028,V3,S1,2026-08-27T08:15:00,2026-08-27T08:32:24,2026-08-27T09:00:00,2026-08-27T09:12:38.173045,16.2,315.1,cab,completed
T006548,R022,D0028,V3,S1,2026-08-27T08:15:00,2026-08-27T08:27:54,2026-08-27T09:00:00,2026-08-27T09:11:02.983425,18.4,344.9,cab,completed
T006549,R022,D0004,V5,S1,2026-08-27T08:15:00,2026-08-27T08:31:36,2026-08-27T09:00:00,2026-08-27T09:14:49.161009,17.2,334.6,cab,completed
T006550,R022,D0033,V1,S1,2026-08-27T08:15:00,2026-08-27T08:15:48,2026-08-27T09:00:00,2026-08-27T09:00:00,17.1,320.5,cab,completed
T006551,R003,D0011,V2,S2,2026-08-27T10:15:00,2026-08-27T10:24:54,2026-08-27T11:00:00,2026-08-27T11:05:35.063592,23.3,186.8,shuttle,completed
T006552,R003,D0014,V5,S2,2026-08-27T10:15:00,2026-08-27T10:29:00,2026-08-27T11:00:00,2026-08-27T11:13:00.384633,21.9,140.8,shuttle,completed
T006553,R006,D0059,V4,S2,2026-08-27T10:15:00,,2026-08-27T11:00:00,,18.1,115.5,shuttle,no_show
T006554,R006,D0116,V5,S2,2026-08-27T10:15:00,2026-08-27T10:19:24,2026-08-27T11:00:00,2026-08-27T11:02:21.088468,18.8,123.2,shuttle,completed
T006555,R008,D0106,V2,S2,2026-08-27T10:15:00,2026-08-27T10:18:12,2026-08-27T11:00:00,2026-08-27T11:00:00,8.7,148.9,nodal,completed
T006556,R008,D0024,V1,S2,2026-08-27T10:15:00,2026-08-27T10:16:36,2026-08-27T11:00:00,2026-08-27T11:00:00,9.6,128.7,nodal,completed
T006557,R008,D0002,V2,S2,2026-08-27T10:15:00,2026-08-27T10:17:42,2026-08-27T11:00:00,2026-08-27T11:00:53.288459,9.4,166.4,nodal,completed
T006558,R011,D0009,V1,S2,2026-08-27T10:15:00,2026-08-27T10:20:12,2026-08-27T11:00:00,2026-08-27T11:05:10.969468,7.8,116.0,nodal,completed
T006559,R011,D0063,V2,S2,2026-08-27T10:15:00,2026-08-27T10:16:24,2026-08-27T11:00:00,2026-08-27T11:00:30.416413,8.4,156.0,nodal,completed
T006560,R011,D0009,V1,S2,2026-08-27T10:15:00,2026-08-27T10:24:06,2026-08-27T11:00:00,2026-08-27T11:08:15.138791,8.2,126.2,nodal,completed
T006561,R011,D0011,V2,S2,2026-08-27T10:15:00,2026-08-27T10:19:48,2026-08-27T11:00:00,2026-08-27T11:01:10.951045,8.2,138.4,nodal,completed
T006562,R013,D0060,V3,S2,2026-08-27T10:15:00,2026-08-27T10:16:00,2026-08-27T11:00:00,2026-08-27T11:00:00,11.0,237.8,cab,completed
T006563,R013,D0046,V5,S2,2026-08-27T10:15:00,2026-08-27T10:21:54,2026-08-27T11:00:00,2026-08-27T11:03:17.717043,10.6,230.5,cab,completed
T006564,R013,D0086,V1,S2,2026-08-27T10:15:00,2026-08-27T10:17:18,2026-08-27T11:00:00,2026-08-27T11:01:51.832317,10.7,244.4,cab,completed
T006565,R013,D0052,V1,S2,2026-08-27T10:15:00,2026-08-27T10:16:06,2026-08-27T11:00:00,2026-08-27T11:00:42.599423,11.6,255.7,cab,completed
T006566,R013,D0116,V5,S2,2026-08-27T10:15:00,2026-08-27T10:17:42,2026-08-27T11:00:00,2026-08-27T11:00:00,10.5,244.7,cab,completed
T006567,R013,D0110,V1,S2,2026-08-27T10:15:00,2026-08-27T10:19:00,2026-08-27T11:00:00,2026-08-27T11:01:44.377931,11.9,253.4,cab,completed
T006568,R013,D0040,V1,S2,2026-08-27T10:15:00,2026-08-27T10:34:36,2026-08-27T11:00:00,2026-08-27T11:17:23.300226,11.1,236.1,cab,completed
T006569,R018,D0116,V5,S2,2026-08-27T10:15:00,2026-08-27T10:29:00,2026-08-27T11:00:00,2026-08-27T11:09:33.745804,15.4,106.6,shuttle,completed
T006570,R018,D0017,V2,S2,2026-08-27T10:15:00,2026-08-27T10:23:36,2026-08-27T11:00:00,,16.0,132.8,shuttle,cancelled
T006571,R020,D0035,V1,S2,2026-08-27T10:15:00,2026-08-27T10:37:24,2026-08-27T11:00:00,2026-08-27T11:20:50.536502,9.8,128.9,nodal,completed
T006572,R020,D0082,V1,S2,2026-08-27T10:15:00,2026-08-27T10:22:24,2026-08-27T11:00:00,2026-08-27T11:07:17.407796,10.1,135.3,nodal,completed
T006573,R020,D0072,V2,S2,2026-08-27T10:15:00,2026-08-27T10:16:48,2026-08-27T11:00:00,2026-08-27T11:00:00,10.0,192.2,nodal,completed
T006574,R020,D0010,V1,S2,2026-08-27T10:15:00,2026-08-27T10:29:06,2026-08-27T11:00:00,2026-08-27T11:09:33.649286,9.7,130.5,nodal,completed
T006575,R022,D0089,V3,S2,2026-08-27T10:15:00,,2026-08-27T11:00:00,2026-08-27T11:01:43.264475,17.1,333.6,cab,completed
T006576,R022,D0069,V5,S2,2026-08-27T10:15:00,2026-08-27T10:16:42,2026-08-27T11:00:00,2026-08-27T11:00:00,17.5,330.3,cab,completed
T006577,R022,D0071,V5,S2,2026-08-27T10:15:00,2026-08-27T10:19:48,2026-08-27T11:00:00,2026-08-27T11:02:09.225843,18.1,337.5,cab,completed
T006578,R022,D0052,V1,S2,2026-08-27T10:15:00,2026-08-27T10:23:00,2026-08-27T11:00:00,2026-08-27T11:04:33.887321,17.3,327.1,cab,completed
T006579,R022,D0112,V1,S2,2026-08-27T10:15:00,2026-08-27T10:20:24,2026-08-27T11:00:00,2026-08-27T11:04:17.877342,17.1,342.2,cab,completed
T006580,R022,D0116,V5,S2,2026-08-27T10:15:00,2026-08-27T10:16:36,2026-08-27T11:00:00,2026-08-27T11:00:00,16.3,309.1,cab,completed
T006581,R022,D0077,V5,S2,2026-08-27T10:15:00,2026-08-27T10:17:18,2026-08-27T11:00:00,2026-08-27T11:00:00,16.3,308.6,cab,completed
T006582,R022,D0069,V5,S2,2026-08-27T10:15:00,2026-08-27T10:30:36,2026-08-27T11:00:00,2026-08-27T11:13:47.587801,18.0,346.5,cab,completed
T006583,R003,D0098,V5,S3,2026-08-27T21:15:00,2026-08-27T21:37:06,2026-08-27T22:00:00,2026-08-27T22:19:15.675760,22.7,129.9,shuttle,completed
T006584,R003,D0018,V5,S3,2026-08-27T21:15:00,2026-08-27T21:17:12,2026-08-27T22:00:00,2026-08-27T22:01:58.944676,21.3,124.0,shuttle,completed
T006585,R006,D0026,V4,S3,2026-08-27T21:15:00,2026-08-27T21:23:36,2026-08-27T22:00:00,2026-08-27T22:04:28.479802,18.4,112.3,shuttle,completed
T006586,R008,D0107,V2,S3,2026-08-27T21:15:00,2026-08-27T21:15:18,2026-08-27T22:00:00,2026-08-27T22:00:00,9.5,153.9,nodal,completed
T006587,R008,D0043,V1,S3,2026-08-27T21:15:00,2026-08-27T21:47:24,2026-08-27T22:00:00,2026-08-27T22:32:01.815459,9.5,128.7,nodal,completed
T006588,R011,D0106,V2,S3,2026-08-27T21:15:00,,2026-08-27T22:00:00,,8.0,135.9,nodal,no_show
T006589,R011,D0051,V2,S3,2026-08-27T21:15:00,2026-08-27T21:16:24,2026-08-27T22:00:00,2026-08-27T22:00:10.594025,7.7,132.7,nodal,completed
T006590,R011,D0110,V1,S3,2026-08-27T21:15:00,2026-08-27T21:21:06,2026-08-27T22:00:00,2026-08-27T22:03:24.942580,8.5,124.2,nodal,completed
T006591,R013,D0048,V5,S3,2026-08-27T21:15:00,2026-08-27T21:17:24,2026-08-27T22:00:00,2026-08-27T22:00:00,11.3,253.6,cab,completed
T006592,R013,D0003,V1,S3,2026-08-27T21:15:00,2026-08-27T21:27:42,2026-08-27T22:00:00,2026-08-27T22:11:46.695470,11.3,244.0,cab,completed
T006593,R013,D0112,V1,S3,2026-08-27T21:15:00,2026-08-27T21:20:48,2026-08-27T22:00:00,2026-08-27T22:02:00.185863,11.1,242.3,cab,completed
T006594,R013,D0036,V3,S3,2026-08-27T21:15:00,,2026-08-27T22:00:00,2026-08-27T22:03:02.201297,11.4,241.4,cab,completed
T006595,R013,D0049,V3,S3,2026-08-27T21:15:00,2026-08-27T21:17:48,2026-08-27T22:00:00,2026-08-27T22:00:00,11.1,251.8,cab,completed
T006596,R013,D0036,V3,S3,2026-08-27T21:15:00,2026-08-27T21:19:06,2026-08-27T22:00:00,2026-08-27T22:00:53.106597,11.3,258.0,cab,completed
T006597,R018,D0030,V2,S3,2026-08-27T21:15:00,2026-08-27T21:18:06,2026-08-27T22:00:00,2026-08-27T22:01:46.738410,15.8,124.1,shuttle,completed
T006598,R018,D0071,V5,S3,2026-08-27T21:15:00,2026-08-27T21:16:00,2026-08-27T22:00:00,2026-08-27T22:00:00,15.8,112.3,shuttle,completed
T006599,R020,D0054,V2,S3,2026-08-27T21:15:00,2026-08-27T21:20:48,2026-08-27T22:00:00,2026-08-27T22:05:30.836289,10.1,182.9,nodal,completed
T006600,R020,D0011,V2,S3,2026-08-27T21:15:00,2026-08-27T21:24:48,2026-08-27T22:00:00,2026-08-27T22:07:15.567641,9.6,163.4,nodal,completed
T006601,R020,D0052,V1,S3,2026-08-27T21:15:00,2026-08-27T21:18:48,2026-08-27T22:00:00,2026-08-27T22:00:00,10.0,138.3,nodal,completed
T006602,R022,D0105,V3,S3,2026-08-27T21:15:00,2026-08-27T21:15:12,2026-08-27T22:00:00,2026-08-27T22:00:08.793918,17.4,334.8,cab,completed
T006603,R022,D0069,V5,S3,2026-08-27T21:15:00,2026-08-27T21:22:00,2026-08-27T22:00:00,2026-08-27T22:02:06.866217,18.2,342.2,cab,completed
T006604,R022,D0080,V1,S3,2026-08-27T21:15:00,2026-08-27T21:26:24,2026-08-27T22:00:00,2026-08-27T22:08:24.669862,17.4,330.2,cab,completed
T006605,R022,D0095,V3,S3,2026-08-27T21:15:00,2026-08-27T21:17:06,2026-08-27T22:00:00,2026-08-27T22:00:10.791836,17.0,330.5,cab,completed
T006606,R003,D0034,V4,S1,2026-08-28T08:15:00,2026-08-28T08:26:30,2026-08-28T09:00:00,2026-08-28T09:09:05.580437,22.2,127.0,shuttle,completed
T006607,R003,D0084,V4,S1,2026-08-28T08:15:00,2026-08-28T08:23:18,2026-08-28T09:00:00,2026-08-28T09:05:22.676792,21.0,134.3,shuttle,completed
T006608,R003,D0106,V2,S1,2026-08-28T08:15:00,2026-08-28T08:15:42,2026-08-28T09:00:00,2026-08-28T09:00:24.543697,22.0,175.6,shuttle,completed
T006609,R006,D0070,V2,S1,2026-08-28T08:15:00,2026-08-28T08:18:06,2026-08-28T09:00:00,2026-08-28T09:00:00,18.1,166.0,shuttle,completed
T006610,R006,D0071,V5,S1,2026-08-28T08:15:00,2026-08-28T08:19:24,2026-08-28T09:00:00,2026-08-28T09:00:00.297004,19.2,116.0,shuttle,completed
T006611,R006,D0019,V4,S1,2026-08-28T08:15:00,2026-08-28T08:19:12,2026-08-28T09:00:00,2026-08-28T09:00:42.807840,19.7,130.4,shuttle,completed
T006612,R008,D0090,V2,S1,2026-08-28T08:15:00,2026-08-28T08:19:42,2026-08-28T09:00:00,2026-08-28T09:04:41.256369,8.6,151.6,nodal,completed
T006613,R008,D0012,V2,S1,2026-08-28T08:15:00,2026-08-28T08:22:36,2026-08-28T09:00:00,2026-08-28T09:03:36.628581,9.1,163.4,nodal,completed
T006614,R008,D0097,V2,S1,2026-08-28T08:15:00,2026-08-28T08:16:36,2026-08-28T09:00:00,2026-08-28T09:00:00,9.0,166.2,nodal,completed
T006615,R008,D0107,V2,S1,2026-08-28T08:15:00,2026-08-28T08:19:12,2026-08-28T09:00:00,2026-08-28T09:01:38.102800,9.0,164.4,nodal,completed
T006616,R008,D0063,V2,S1,2026-08-28T08:15:00,2026-08-28T08:20:24,2026-08-28T09:00:00,2026-08-28T09:01:49.848680,9.6,173.3,nodal,completed
T006617,R008,D0035,V1,S1,2026-08-28T08:15:00,2026-08-28T08:19:36,2026-08-28T09:00:00,2026-08-28T09:01:16.829079,9.5,129.1,nodal,completed
T006618,R011,D0117,V1,S1,2026-08-28T08:15:00,2026-08-28T08:33:06,2026-08-28T09:00:00,2026-08-28T09:16:26.603155,7.8,128.5,nodal,completed
T006619,R011,D0011,V2,S1,2026-08-28T08:15:00,2026-08-28T08:16:06,2026-08-28T09:00:00,2026-08-28T09:00:00,7.6,133.4,nodal,completed
T006620,R011,D0112,V1,S1,2026-08-28T08:15:00,2026-08-28T08:19:54,2026-08-28T09:00:00,2026-08-28T09:02:25.804441,8.5,122.3,nodal,completed
T006621,R011,D0112,V1,S1,2026-08-28T08:15:00,2026-08-28T08:27:36,2026-08-28T09:00:00,2026-08-28T09:11:19.976692,8.5,127.2,nodal,completed
T006622,R011,D0010,V1,S1,2026-08-28T08:15:00,2026-08-28T08:15:06,2026-08-28T09:00:00,2026-08-28T09:00:00,8.5,134.6,nodal,completed
T006623,R011,D0057,V2,S1,2026-08-28T08:15:00,2026-08-28T08:16:54,2026-08-28T09:00:00,2026-08-28T09:00:00,8.6,145.4,nodal,completed
T006624,R013,D0089,V3,S1,2026-08-28T08:15:00,2026-08-28T08:20:24,2026-08-28T09:00:00,2026-08-28T09:03:04.672277,11.3,243.0,cab,completed
T006625,R013,D0048,V5,S1,2026-08-28T08:15:00,2026-08-28T08:26:54,2026-08-28T09:00:00,2026-08-28T09:11:53.995171,10.5,242.5,cab,completed
T006626,R013,D0067,V3,S1,2026-08-28T08:15:00,2026-08-28T08:15:18,2026-08-28T09:00:00,2026-08-28T09:00:00,11.7,258.3,cab,completed
T006627,R013,D0047,V3,S1,2026-08-28T08:15:00,2026-08-28T08:20:48,2026-08-28T09:00:00,2026-08-28T09:04:19.166543,11.1,235.7,cab,completed
T006628,R013,D0076,V3,S1,2026-08-28T08:15:00,2026-08-28T08:17:18,2026-08-28T09:00:00,2026-08-28T09:02:03.282599,10.7,247.2,cab,completed
T006629,R013,D0008,V1,S1,2026-08-28T08:15:00,2026-08-28T08:17:48,2026-08-28T09:00:00,2026-08-28T09:00:00,11.9,247.0,cab,completed
T006630,R013,D0031,V3,S1,2026-08-28T08:15:00,2026-08-28T08:21:12,2026-08-28T09:00:00,2026-08-28T09:05:40.250618,11.3,253.3,cab,completed
T006631,R013,D0039,V3,S1,2026-08-28T08:15:00,2026-08-28T08:17:00,2026-08-28T09:00:00,2026-08-28T09:00:00,10.9,237.4,cab,completed
T006632,R013,D0088,V5,S1,2026-08-28T08:15:00,2026-08-28T08:28:42,2026-08-28T09:00:00,2026-08-28T09:10:41.353438,10.7,238.0,cab,completed
T006633,R013,D0095,V3,S1,2026-08-28T08:15:00,,2026-08-28T09:00:00,2026-08-28T09:00:12.870742,11.3,243.9,cab,completed
T006634,R013,D0071,V5,S1,2026-08-28T08:15:00,2026-08-28T08:24:30,2026-08-28T09:00:00,2026-08-28T09:08:02.534268,11.2,248.6,cab,completed
T006635,R018,D0050,V5,S1,2026-08-28T08:15:00,2026-08-28T08:16:00,2026-08-28T09:00:00,2026-08-28T09:00:00,15.3,94.9,shuttle,completed
T006636,R018,D0118,V4,S1,2026-08-28T08:15:00,2026-08-28T08:19:36,2026-08-28T09:00:00,2026-08-28T09:03:56.682568,14.9,100.6,shuttle,completed
T006637,R018,D0013,V5,S1,2026-08-28T08:15:00,2026-08-28T08:15:48,2026-08-28T09:00:00,2026-08-28T09:00:00,15.8,94.7,shuttle,completed
T006638,R020,D0081,V2,S1,2026-08-28T08:15:00,2026-08-28T08:25:54,2026-08-28T09:00:00,2026-08-28T09:07:53.857275,9.8,166.8,nodal,completed
T006639,R020,D0005,V1,S1,2026-08-28T08:15:00,2026-08-28T08:16:48,2026-08-28T09:00:00,2026-08-28T09:00:52.250289,10.2,151.4,nodal,completed
T006640,R020,D0024,V1,S1,2026-08-28T08:15:00,2026-08-28T08:19:24,2026-08-28T09:00:00,2026-08-28T09:03:09.468352,10.4,150.9,nodal,completed
T006641,R020,D0003,V1,S1,2026-08-28T08:15:00,2026-08-28T08:15:00,2026-08-28T09:00:00,2026-08-28T09:00:00,10.0,137.2,nodal,completed
T006642,R020,D0035,V1,S1,2026-08-28T08:15:00,2026-08-28T08:20:42,2026-08-28T09:00:00,2026-08-28T09:03:13.167420,10.3,151.0,nodal,completed
T006643,R020,D0070,V2,S1,2026-08-28T08:15:00,2026-08-28T08:15:36,2026-08-28T09:00:00,2026-08-28T09:00:00,9.9,176.6,nodal,completed
T006644,R022,D0060,V3,S1,2026-08-28T08:15:00,2026-08-28T08:19:36,2026-08-28T09:00:00,2026-08-28T09:04:01.869380,17.5,344.6,cab,completed
T006645,R022,D0038,V5,S1,2026-08-28T08:15:00,2026-08-28T08:40:48,2026-08-28T09:00:00,2026-08-28T09:25:29.474383,18.2,347.2,cab,completed
T006646,R022,D0039,V3,S1,2026-08-28T08:15:00,2026-08-28T08:19:42,2026-08-28T09:00:00,2026-08-28T09:04:10.250306,17.9,345.9,cab,completed
T006647,R022,D0043,V1,S1,2026-08-28T08:15:00,2026-08-28T08:15:00,2026-08-28T09:00:00,2026-08-28T09:00:00,17.5,330.1,cab,completed
T006648,R022,D0076,V3,S1,2026-08-28T08:15:00,2026-08-28T08:19:48,2026-08-28T09:00:00,2026-08-28T09:01:28.392872,17.9,347.1,cab,completed
T006649,R022,D0082,V1,S1,2026-08-28T08:15:00,2026-08-28T08:18:36,2026-08-28T09:00:00,2026-08-28T09:03:34.528655,16.2,309.5,cab,completed
T006650,R022,D0037,V3,S1,2026-08-28T08:15:00,2026-08-28T08:15:24,2026-08-28T09:00:00,2026-08-28T09:00:00,17.3,337.4,cab,completed
T006651,R022,D0016,V5,S1,2026-08-28T08:15:00,2026-08-28T08:54:30,2026-08-28T09:00:00,2026-08-28T09:37:07.912148,18.1,349.6,cab,completed
T006652,R022,D0053,V1,S1,2026-08-28T08:15:00,2026-08-28T08:17:30,2026-08-28T09:00:00,2026-08-28T09:00:00,16.4,313.4,cab,completed
T006653,R022,D0076,V3,S1,2026-08-28T08:15:00,,2026-08-28T09:00:00,,16.9,325.9,cab,no_show
T006654,R022,D0010,V1,S1,2026-08-28T08:15:00,2026-08-28T08:17:36,2026-08-28T09:00:00,2026-08-28T09:00:00,17.0,331.7,cab,completed
T006655,R022,D0048,V5,S1,2026-08-28T08:15:00,2026-08-28T08:50:30,2026-08-28T09:00:00,2026-08-28T09:33:03.352182,17.7,333.4,cab,completed
T006656,R003,D0116,V5,S2,2026-08-28T10:15:00,2026-08-28T10:17:54,2026-08-28T11:00:00,2026-08-28T11:00:00,23.4,132.6,shuttle,completed
T006657,R003,D0092,V4,S2,2026-08-28T10:15:00,2026-08-28T10:18:12,2026-08-28T11:00:00,2026-08-28T11:02:30.398556,23.4,133.8,shuttle,completed
T006658,R006,D0108,V5,S2,2026-08-28T10:15:00,,2026-08-28T11:00:00,,20.4,136.2,shuttle,no_show
T006659,R006,D0104,V4,S2,2026-08-28T10:15:00,2026-08-28T10:30:30,2026-08-28T11:00:00,2026-08-28T11:12:23.909640,19.0,118.0,shuttle,completed
T006660,R008,D0030,V2,S2,2026-08-28T10:15:00,2026-08-28T10:16:24,2026-08-28T11:00:00,2026-08-28T11:00:00,9.3,154.9,nodal,completed
T006661,R008,D0057,V2,S2,2026-08-28T10:15:00,2026-08-28T10:19:12,2026-08-28T11:00:00,2026-08-28T11:00:00,8.6,157.6,nodal,completed
T006662,R008,D0054,V2,S2,2026-08-28T10:15:00,2026-08-28T10:26:54,2026-08-28T11:00:00,2026-08-28T11:10:22.639628,9.2,156.4,nodal,completed
T006663,R011,D0096,V2,S2,2026-08-28T10:15:00,2026-08-28T10:15:30,2026-08-28T11:00:00,2026-08-28T11:00:00,8.0,148.7,nodal,completed
T006664,R011,D0052,V1,S2,2026-08-28T10:15:00,2026-08-28T10:26:12,2026-08-28T11:00:00,2026-08-28T11:07:52.801872,8.3,121.1,nodal,completed
T006665,R011,D0025,V2,S2,2026-08-28T10:15:00,2026-08-28T10:15:24,2026-08-28T11:00:00,2026-08-28T11:00:00,8.1,141.5,nodal,completed
T006666,R011,D0073,V2,S2,2026-08-28T10:15:00,2026-08-28T10:15:48,2026-08-28T11:00:00,2026-08-28T11:00:00,8.1,164.3,nodal,completed
T006667,R013,D0055,V3,S2,2026-08-28T10:15:00,2026-08-28T10:15:24,2026-08-28T11:00:00,2026-08-28T11:00:00,11.3,246.7,cab,completed
T006668,R013,D0048,V5,S2,2026-08-28T10:15:00,2026-08-28T10:17:48,2026-08-28T11:00:00,2026-08-28T11:01:36.704973,11.0,234.6,cab,completed
T006669,R013,D0028,V3,S2,2026-08-28T10:15:00,2026-08-28T10:17:12,2026-08-28T11:00:00,2026-08-28T11:00:02.393656,11.4,241.0,cab,completed
T006670,R013,D0068,V1,S2,2026-08-28T10:15:00,2026-08-28T10:18:18,2026-08-28T11:00:00,2026-08-28T11:00:58.396994,10.8,249.9,cab,completed
T006671,R013,D0064,V3,S2,2026-08-28T10:15:00,,2026-08-28T11:00:00,,11.4,252.4,cab,no_show
T006672,R013,D0112,V1,S2,2026-08-28T10:15:00,2026-08-28T10:24:06,2026-08-28T11:00:00,2026-08-28T11:05:27.643241,11.2,270.6,cab,completed
T006673,R013,D0053,V1,S2,2026-08-28T10:15:00,2026-08-28T10:17:06,2026-08-28T11:00:00,2026-08-28T11:00:00,10.9,249.8,cab,completed
T006674,R013,D0053,V1,S2,2026-08-28T10:15:00,2026-08-28T10:17:12,2026-08-28T11:00:00,2026-08-28T11:00:00,11.3,258.0,cab,completed
T006675,R018,D0075,V4,S2,2026-08-28T10:15:00,2026-08-28T10:15:18,2026-08-28T11:00:00,2026-08-28T11:00:00,14.3,89.2,shuttle,completed
T006676,R018,D0097,V2,S2,2026-08-28T10:15:00,2026-08-28T10:17:30,2026-08-28T11:00:00,2026-08-28T11:00:00,15.5,127.1,shuttle,completed
T006677,R020,D0087,V2,S2,2026-08-28T10:15:00,2026-08-28T10:23:18,2026-08-28T11:00:00,2026-08-28T11:03:18.069167,10.0,160.6,nodal,completed
T006678,R020,D0015,V1,S2,2026-08-28T10:15:00,2026-08-28T10:21:24,2026-08-28T11:00:00,2026-08-28T11:04:16.600235,10.5,141.0,nodal,completed
T006679,R020,D0011,V2,S2,2026-08-28T10:15:00,2026-08-28T10:24:00,2026-08-28T11:00:00,2026-08-28T11:07:20.219469,10.6,183.7,nodal,completed
T006680,R020,D0030,V2,S2,2026-08-28T10:15:00,2026-08-28T10:32:54,2026-08-28T11:00:00,2026-08-28T11:12:59.502884,10.3,169.2,nodal,completed
T006681,R022,D0018,V5,S2,2026-08-28T10:15:00,2026-08-28T10:26:30,2026-08-28T11:00:00,2026-08-28T11:09:55.716023,17.5,332.2,cab,completed
T006682,R022,D0018,V5,S2,2026-08-28T10:15:00,2026-08-28T10:20:24,2026-08-28T11:00:00,2026-08-28T11:04:09.475347,17.3,327.4,cab,completed
T006683,R022,D0043,V1,S2,2026-08-28T10:15:00,2026-08-28T10:19:12,2026-08-28T11:00:00,2026-08-28T11:01:42.602719,17.7,338.3,cab,completed
T006684,R022,D0076,V3,S2,2026-08-28T10:15:00,2026-08-28T10:30:42,2026-08-28T11:00:00,2026-08-28T11:14:19.447659,16.7,316.7,cab,completed
T006685,R022,D0016,V5,S2,2026-08-28T10:15:00,2026-08-28T10:20:48,2026-08-28T11:00:00,2026-08-28T11:05:00.238066,18.0,341.8,cab,completed
T006686,R022,D0052,V1,S2,2026-08-28T10:15:00,2026-08-28T10:17:00,2026-08-28T11:00:00,2026-08-28T11:00:25.518187,16.6,316.3,cab,completed
T006687,R022,D0014,V5,S2,2026-08-28T10:15:00,2026-08-28T10:15:36,2026-08-28T11:00:00,2026-08-28T11:00:00,17.6,329.6,cab,completed
T006688,R003,D0091,V4,S3,2026-08-28T21:15:00,2026-08-28T21:15:06,2026-08-28T22:00:00,2026-08-28T22:00:00,21.1,134.0,shuttle,completed
T006689,R003,D0091,V4,S3,2026-08-28T21:15:00,2026-08-28T21:36:00,2026-08-28T22:00:00,2026-08-28T22:18:03.370940,21.0,122.6,shuttle,completed
T006690,R006,D0063,V2,S3,2026-08-28T21:15:00,2026-08-28T21:19:30,2026-08-28T22:00:00,2026-08-28T22:02:21.583706,19.4,145.1,shuttle,completed
T006691,R008,D0025,V2,S3,2026-08-28T21:15:00,2026-08-28T21:24:42,2026-08-28T22:00:00,2026-08-28T22:07:03.824121,8.7,158.5,nodal,completed
T006692,R008,D0032,V1,S3,2026-08-28T21:15:00,2026-08-28T21:29:06,2026-08-28T22:00:00,2026-08-28T22:12:35.109355,9.0,123.3,nodal,completed
T006693,R011,D0009,V1,S3,2026-08-28T21:15:00,2026-08-28T21:17:54,2026-08-28T22:00:00,2026-08-28T22:01:30.549070,8.5,120.6,nodal,completed
T006694,R011,D0087,V2,S3,2026-08-28T21:15:00,2026-08-28T21:17:42,2026-08-28T22:00:00,2026-08-28T22:00:00,7.9,153.3,nodal,completed
T006695,R011,D0053,V1,S3,2026-08-28T21:15:00,2026-08-28T21:16:24,2026-08-28T22:00:00,2026-08-28T22:00:00,7.9,131.0,nodal,completed
T006696,R013,D0065,V3,S3,2026-08-28T21:15:00,2026-08-28T21:17:42,2026-08-28T22:00:00,2026-08-28T22:00:00,10.6,228.4,cab,completed
T006697,R013,D0028,V3,S3,2026-08-28T21:15:00,2026-08-28T21:20:24,2026-08-28T22:00:00,2026-08-28T22:01:56.758903,11.8,252.5,cab,completed
T006698,R013,D0039,V3,S3,2026-08-28T21:15:00,2026-08-28T21:15:06,2026-08-28T22:00:00,2026-08-28T22:00:00,11.5,262.0,cab,completed
T006699,R013,D0053,V1,S3,2026-08-28T21:15:00,2026-08-28T21:22:12,2026-08-28T22:00:00,2026-08-28T22:03:23.673677,11.6,246.8,cab,completed
T006700,R013,D0042,V5,S3,2026-08-28T21:15:00,2026-08-28T21:16:00,2026-08-28T22:00:00,2026-08-28T22:00:00,11.3,249.2,cab,completed
T006701,R013,D0038,V5,S3,2026-08-28T21:15:00,2026-08-28T21:16:18,2026-08-28T22:00:00,2026-08-28T22:00:00,11.0,248.1,cab,completed
T006702,R018,D0042,V5,S3,2026-08-28T21:15:00,2026-08-28T21:27:00,2026-08-28T22:00:00,2026-08-28T22:08:57.433650,16.0,101.3,shuttle,completed
T006703,R018,D0016,V5,S3,2026-08-28T21:15:00,2026-08-28T21:25:18,2026-08-28T22:00:00,2026-08-28T22:06:34.637590,14.3,102.7,shuttle,completed
T006704,R020,D0010,V1,S3,2026-08-28T21:15:00,2026-08-28T21:19:00,2026-08-28T22:00:00,2026-08-28T22:01:14.008291,9.9,141.5,nodal,completed
T006705,R020,D0045,V1,S3,2026-08-28T21:15:00,2026-08-28T21:18:00,2026-08-28T22:00:00,2026-08-28T22:02:21.452529,9.7,139.0,nodal,completed
T006706,R020,D0001,V2,S3,2026-08-28T21:15:00,2026-08-28T21:15:36,2026-08-28T22:00:00,2026-08-28T22:00:00,10.7,180.2,nodal,completed
T006707,R022,D0040,V1,S3,2026-08-28T21:15:00,2026-08-28T21:22:12,2026-08-28T22:00:00,2026-08-28T22:02:43.573275,17.0,327.3,cab,completed
T006708,R022,D0095,V3,S3,2026-08-28T21:15:00,2026-08-28T21:15:54,2026-08-28T22:00:00,2026-08-28T22:00:00,18.1,362.9,cab,completed
T006709,R022,D0016,V5,S3,2026-08-28T21:15:00,2026-08-28T21:19:12,2026-08-28T22:00:00,2026-08-28T22:00:08.606071,18.1,349.8,cab,completed
T006710,R022,D0024,V1,S3,2026-08-28T21:15:00,2026-08-28T21:24:54,2026-08-28T22:00:00,2026-08-28T22:07:02.185640,17.5,337.0,cab,completed
T006711,R003,D0074,V4,S1,2026-08-31T08:15:00,2026-08-31T08:15:30,2026-08-31T09:00:00,2026-08-31T09:00:00,23.0,139.3,shuttle,completed
T006712,R003,D0018,V5,S1,2026-08-31T08:15:00,2026-08-31T08:18:06,2026-08-31T09:00:00,2026-08-31T09:02:18.294419,23.0,146.6,shuttle,completed
T006713,R003,D0048,V5,S1,2026-08-31T08:15:00,2026-08-31T08:19:12,2026-08-31T09:00:00,2026-08-31T09:03:15.425936,20.9,134.4,shuttle,completed
T006714,R006,D0063,V2,S1,2026-08-31T08:15:00,2026-08-31T08:25:06,2026-08-31T09:00:00,2026-08-31T09:08:42.498105,18.4,139.0,shuttle,completed
T006715,R006,D0013,V5,S1,2026-08-31T08:15:00,2026-08-31T08:40:30,2026-08-31T09:00:00,2026-08-31T09:25:18.443548,20.3,123.9,shuttle,completed
T006716,R006,D0075,V4,S1,2026-08-31T08:15:00,2026-08-31T08:36:42,2026-08-31T09:00:00,2026-08-31T09:17:54.315521,20.2,116.4,shuttle,completed
T006717,R008,D0052,V1,S1,2026-08-31T08:15:00,2026-08-31T08:22:18,2026-08-31T09:00:00,2026-08-31T09:05:08.513567,9.3,125.8,nodal,completed
T006718,R008,D0040,V1,S1,2026-08-31T08:15:00,2026-08-31T08:24:06,2026-08-31T09:00:00,2026-08-31T09:05:30.467462,8.8,125.8,nodal,completed
T006719,R008,D0082,V1,S1,2026-08-31T08:15:00,2026-08-31T08:19:42,2026-08-31T09:00:00,2026-08-31T09:00:10.277815,9.2,137.6,nodal,completed
T006720,R008,D0066,V2,S1,2026-08-31T08:15:00,2026-08-31T08:18:12,2026-08-31T09:00:00,2026-08-31T09:00:26.352138,9.1,158.1,nodal,completed
T006721,R008,D0029,V2,S1,2026-08-31T08:15:00,2026-08-31T08:16:24,2026-08-31T09:00:00,2026-08-31T09:00:00,9.2,162.1,nodal,completed
T006722,R008,D0045,V1,S1,2026-08-31T08:15:00,2026-08-31T08:17:06,2026-08-31T09:00:00,2026-08-31T09:00:00,9.2,139.4,nodal,completed
T006723,R011,D0078,V2,S1,2026-08-31T08:15:00,2026-08-31T08:16:18,2026-08-31T09:00:00,2026-08-31T09:00:50.871641,7.8,146.6,nodal,completed
T006724,R011,D0051,V2,S1,2026-08-31T08:15:00,2026-08-31T08:15:42,2026-08-31T09:00:00,2026-08-31T09:00:00,8.5,175.3,nodal,completed
T006725,R011,D0057,V2,S1,2026-08-31T08:15:00,2026-08-31T08:29:54,2026-08-31T09:00:00,2026-08-31T09:11:13.171682,8.2,150.6,nodal,completed
T006726,R011,D0051,V2,S1,2026-08-31T08:15:00,2026-08-31T08:17:24,2026-08-31T09:00:00,2026-08-31T09:00:00,7.8,147.0,nodal,completed
T006727,R011,D0080,V1,S1,2026-08-31T08:15:00,2026-08-31T08:17:12,2026-08-31T09:00:00,2026-08-31T09:00:00,8.0,119.7,nodal,completed
T006728,R013,D0101,V5,S1,2026-08-31T08:15:00,2026-08-31T08:17:12,2026-08-31T09:00:00,2026-08-31T09:00:00,10.5,231.6,cab,completed
T006729,R013,D0039,V3,S1,2026-08-31T08:15:00,2026-08-31T08:15:06,2026-08-31T09:00:00,2026-08-31T09:00:00,11.5,253.3,cab,completed
T006730,R013,D0055,V3,S1,2026-08-31T08:15:00,2026-08-31T08:18:12,2026-08-31T09:00:00,2026-08-31T09:00:13.481540,10.9,242.3,cab,completed
T006731,R013,D0103,V5,S1,2026-08-31T08:15:00,2026-08-31T08:23:06,2026-08-31T09:00:00,2026-08-31T09:07:48.104053,11.0,251.5,cab,completed
T006732,R013,D0031,V3,S1,2026-08-31T08:15:00,2026-08-31T08:22:18,2026-08-31T09:00:00,2026-08-31T09:06:11.642185,11.7,253.9,cab,completed
T006733,R013,D0079,V3,S1,2026-08-31T08:15:00,2026-08-31T08:19:12,2026-08-31T09:00:00,2026-08-31T09:02:27.141311,10.7,244.3,cab,completed
T006734,R013,D0120,V5,S1,2026-08-31T08:15:00,2026-08-31T08:19:00,2026-08-31T09:00:00,2026-08-31T09:00:52.307141,11.6,261.6,cab,completed
T006735,R013,D0111,V1,S1,2026-08-31T08:15:00,2026-08-31T08:19:30,2026-08-31T09:00:00,2026-08-31T09:03:16.665968,11.4,250.6,cab,completed
T006736,R013,D0028,V3,S1,2026-08-31T08:15:00,2026-08-31T08:15:00,2026-08-31T09:00:00,2026-08-31T09:00:00,11.0,244.0,cab,completed
T006737,R013,D0058,V1,S1,2026-08-31T08:15:00,2026-08-31T08:15:06,2026-08-31T09:00:00,2026-08-31T09:00:00,10.5,242.8,cab,completed
T006738,R018,D0094,V2,S1,2026-08-31T08:15:00,2026-08-31T08:27:54,2026-08-31T09:00:00,2026-08-31T09:11:36.839547,14.8,127.4,shuttle,completed
T006739,R018,D0119,V4,S1,2026-08-31T08:15:00,2026-08-31T08:28:36,2026-08-31T09:00:00,2026-08-31T09:08:47.416808,15.3,97.3,shuttle,completed
T006740,R018,D0090,V2,S1,2026-08-31T08:15:00,2026-08-31T08:15:12,2026-08-31T09:00:00,2026-08-31T09:00:00,15.6,137.5,shuttle,completed
T006741,R020,D0002,V2,S1,2026-08-31T08:15:00,2026-08-31T08:19:00,2026-08-31T09:00:00,2026-08-31T09:01:26.055709,9.6,170.4,nodal,completed
T006742,R020,D0086,V1,S1,2026-08-31T08:15:00,2026-08-31T08:19:24,2026-08-31T09:00:00,2026-08-31T09:00:05.228303,10.8,149.6,nodal,completed
T006743,R020,D0015,V1,S1,2026-08-31T08:15:00,2026-08-31T08:25:24,2026-08-31T09:00:00,2026-08-31T09:10:03.135226,10.6,145.1,nodal,completed
T006744,R020,D0032,V1,S1,2026-08-31T08:15:00,,2026-08-31T09:00:00,2026-08-31T09:00:23.764425,10.2,150.3,nodal,completed
T006745,R020,D0033,V1,S1,2026-08-31T08:15:00,2026-08-31T08:18:18,2026-08-31T09:00:00,2026-08-31T09:00:47.664245,10.6,142.6,nodal,completed
T006746,R020,D0017,V2,S1,2026-08-31T08:15:00,2026-08-31T08:18:42,2026-08-31T09:00:00,2026-08-31T09:03:06.717954,10.8,173.0,nodal,completed
T006747,R020,D0097,V2,S1,2026-08-31T08:15:00,,2026-08-31T09:00:00,,9.9,175.0,nodal,no_show
T006748,R022,D0043,V1,S1,2026-08-31T08:15:00,2026-08-31T08:18:36,2026-08-31T09:00:00,2026-08-31T09:00:00,17.8,334.9,cab,completed
T006749,R022,D0116,V5,S1,2026-08-31T08:15:00,2026-08-31T08:26:30,2026-08-31T09:00:00,2026-08-31T09:08:17.953931,16.7,330.7,cab,completed
T006750,R022,D0116,V5,S1,2026-08-31T08:15:00,2026-08-31T08:19:24,2026-08-31T09:00:00,2026-08-31T09:02:00.211885,18.1,340.7,cab,completed
T006751,R022,D0024,V1,S1,2026-08-31T08:15:00,2026-08-31T08:29:24,2026-08-31T09:00:00,2026-08-31T09:10:31.966550,17.6,342.9,cab,completed
T006752,R022,D0028,V3,S1,2026-08-31T08:15:00,2026-08-31T08:17:54,2026-08-31T09:00:00,2026-08-31T09:00:00,16.3,323.8,cab,completed
T006753,R022,D0009,V1,S1,2026-08-31T08:15:00,2026-08-31T08:17:06,2026-08-31T09:00:00,2026-08-31T09:00:00,18.1,353.2,cab,completed
T006754,R022,D0024,V1,S1,2026-08-31T08:15:00,2026-08-31T08:23:12,2026-08-31T09:00:00,2026-08-31T09:05:28.718495,18.2,340.7,cab,completed
T006755,R022,D0116,V5,S1,2026-08-31T08:15:00,2026-08-31T08:23:12,2026-08-31T09:00:00,2026-08-31T09:05:15.277702,17.0,329.3,cab,completed
T006756,R022,D0117,V1,S1,2026-08-31T08:15:00,2026-08-31T08:17:30,2026-08-31T09:00:00,2026-08-31T09:01:20.959559,18.1,345.9,cab,completed
T006757,R022,D0055,V3,S1,2026-08-31T08:15:00,2026-08-31T08:19:42,2026-08-31T09:00:00,2026-08-31T09:01:43.778515,18.3,342.4,cab,completed
T006758,R022,D0040,V1,S1,2026-08-31T08:15:00,2026-08-31T08:32:54,2026-08-31T09:00:00,2026-08-31T09:14:46.728451,17.5,336.3,cab,completed
T006759,R022,D0022,V5,S1,2026-08-31T08:15:00,2026-08-31T08:20:48,2026-08-31T09:00:00,2026-08-31T09:05:20.215251,18.2,340.5,cab,completed
T006760,R003,D0044,V4,S2,2026-08-31T10:15:00,2026-08-31T10:22:06,2026-08-31T11:00:00,2026-08-31T11:05:51.029330,22.7,147.7,shuttle,completed
T006761,R003,D0109,V4,S2,2026-08-31T10:15:00,2026-08-31T10:16:42,2026-08-31T11:00:00,2026-08-31T11:00:00,21.2,121.8,shuttle,completed
T006762,R006,D0020,V2,S2,2026-08-31T10:15:00,2026-08-31T10:22:48,2026-08-31T11:00:00,2026-08-31T11:06:09.171155,20.2,176.6,shuttle,completed
T006763,R006,D0017,V2,S2,2026-08-31T10:15:00,2026-08-31T10:20:18,2026-08-31T11:00:00,2026-08-31T11:00:33.827343,18.1,139.1,shuttle,completed
T006764,R008,D0054,V2,S2,2026-08-31T10:15:00,2026-08-31T10:19:36,2026-08-31T11:00:00,2026-08-31T11:00:00,9.6,166.8,nodal,completed
T006765,R008,D0025,V2,S2,2026-08-31T10:15:00,2026-08-31T10:20:24,2026-08-31T11:00:00,2026-08-31T11:00:50.536364,9.1,161.9,nodal,completed
T006766,R008,D0011,V2,S2,2026-08-31T10:15:00,2026-08-31T10:20:24,2026-08-31T11:00:00,2026-08-31T11:01:59.053320,9.4,154.7,nodal,completed
T006767,R011,D0010,V1,S2,2026-08-31T10:15:00,2026-08-31T10:15:18,2026-08-31T11:00:00,2026-08-31T11:00:00,8.0,122.2,nodal,completed
T006768,R011,D0086,V1,S2,2026-08-31T10:15:00,2026-08-31T10:21:24,2026-08-31T11:00:00,2026-08-31T11:05:15.225087,8.5,127.8,nodal,completed
T006769,R011,D0045,V1,S2,2026-08-31T10:15:00,2026-08-31T10:44:36,2026-08-31T11:00:00,2026-08-31T11:25:37.685032,7.7,127.5,nodal,completed
T006770,R011,D0043,V1,S2,2026-08-31T10:15:00,2026-08-31T10:19:00,2026-08-31T11:00:00,2026-08-31T11:00:00,8.6,131.9,nodal,completed
T006771,R013,D0077,V5,S2,2026-08-31T10:15:00,2026-08-31T10:16:24,2026-08-31T11:00:00,2026-08-31T11:00:48.389681,10.6,248.0,cab,completed
T006772,R013,D0068,V1,S2,2026-08-31T10:15:00,2026-08-31T10:42:24,2026-08-31T11:00:00,2026-08-31T11:26:37.197546,11.0,250.1,cab,completed
T006773,R013,D0015,V1,S2,2026-08-31T10:15:00,2026-08-31T10:16:48,2026-08-31T11:00:00,2026-08-31T11:00:00,11.0,243.1,cab,completed
T006774,R013,D0098,V5,S2,2026-08-31T10:15:00,2026-08-31T10:16:42,2026-08-31T11:00:00,2026-08-31T11:00:19.141324,10.6,241.7,cab,completed
T006775,R013,D0085,V3,S2,2026-08-31T10:15:00,2026-08-31T10:17:48,2026-08-31T11:00:00,2026-08-31T11:00:00,11.7,252.0,cab,completed
T006776,R013,D0045,V1,S2,2026-08-31T10:15:00,2026-08-31T10:19:42,2026-08-31T11:00:00,2026-08-31T11:00:26.411079,11.4,258.4,cab,completed
T006777,R013,D0033,V1,S2,2026-08-31T10:15:00,2026-08-31T10:17:48,2026-08-31T11:00:00,2026-08-31T11:00:00,11.7,248.1,cab,completed
T006778,R013,D0060,V3,S2,2026-08-31T10:15:00,2026-08-31T10:15:36,2026-08-31T11:00:00,2026-08-31T11:00:00,11.0,250.2,cab,completed
T006779,R018,D0070,V2,S2,2026-08-31T10:15:00,2026-08-31T10:30:18,2026-08-31T11:00:00,2026-08-31T11:13:59.459865,15.8,134.2,shuttle,completed
T006780,R018,D0077,V5,S2,2026-08-31T10:15:00,2026-08-31T10:41:12,2026-08-31T11:00:00,2026-08-31T11:25:35.747165,15.4,109.9,shuttle,completed
T006781,R020,D0035,V1,S2,2026-08-31T10:15:00,2026-08-31T10:18:00,2026-08-31T11:00:00,2026-08-31T11:00:00,9.8,134.1,nodal,completed
T006782,R020,D0054,V2,S2,2026-08-31T10:15:00,2026-08-31T10:17:54,2026-08-31T11:00:00,2026-08-31T11:00:00,10.0,174.6,nodal,completed
T006783,R020,D0073,V2,S2,2026-08-31T10:15:00,2026-08-31T10:15:30,2026-08-31T11:00:00,2026-08-31T11:00:00,10.4,171.7,nodal,completed
T006784,R020,D0087,V2,S2,2026-08-31T10:15:00,2026-08-31T10:17:36,2026-08-31T11:00:00,2026-08-31T11:01:49.035167,10.2,176.5,nodal,completed
T006785,R022,D0010,V1,S2,2026-08-31T10:15:00,2026-08-31T10:18:00,2026-08-31T11:00:00,2026-08-31T11:02:07.752292,16.6,319.8,cab,completed
T006786,R022,D0022,V5,S2,2026-08-31T10:15:00,2026-08-31T10:16:36,2026-08-31T11:00:00,2026-08-31T11:00:00,17.2,329.1,cab,completed
T006787,R022,D0100,V3,S2,2026-08-31T10:15:00,,2026-08-31T11:00:00,2026-08-31T11:00:00,16.3,316.6,cab,completed
T006788,R022,D0005,V1,S2,2026-08-31T10:15:00,2026-08-31T10:41:36,2026-08-31T11:00:00,2026-08-31T11:26:15.222207,16.2,326.5,cab,completed
T006789,R022,D0108,V5,S2,2026-08-31T10:15:00,2026-08-31T10:15:36,2026-08-31T11:00:00,2026-08-31T11:00:00,16.6,331.4,cab,completed
T006790,R022,D0110,V1,S2,2026-08-31T10:15:00,2026-08-31T10:23:06,2026-08-31T11:00:00,2026-08-31T11:05:46.712590,17.1,338.8,cab,completed
T006791,R022,D0086,V1,S2,2026-08-31T10:15:00,2026-08-31T10:17:06,2026-08-31T11:00:00,2026-08-31T11:00:01.281013,16.5,317.4,cab,completed
T006792,R022,D0052,V1,S2,2026-08-31T10:15:00,2026-08-31T10:19:06,2026-08-31T11:00:00,2026-08-31T11:01:10.554698,16.2,309.6,cab,completed
T006793,R003,D0022,V5,S3,2026-08-31T21:15:00,2026-08-31T21:17:48,2026-08-31T22:00:00,2026-08-31T22:00:00,22.4,129.1,shuttle,completed
T006794,R003,D0087,V2,S3,2026-08-31T21:15:00,,2026-08-31T22:00:00,2026-08-31T22:05:04.305712,23.0,178.6,shuttle,completed
T006795,R006,D0075,V4,S3,2026-08-31T21:15:00,2026-08-31T21:15:24,2026-08-31T22:00:00,2026-08-31T22:00:00,20.4,122.7,shuttle,completed
T006796,R008,D0096,V2,S3,2026-08-31T21:15:00,2026-08-31T21:17:30,2026-08-31T22:00:00,2026-08-31T22:01:00.054240,9.0,153.2,nodal,completed
T006797,R008,D0029,V2,S3,2026-08-31T21:15:00,2026-08-31T21:25:18,2026-08-31T22:00:00,2026-08-31T22:07:38.292974,8.7,146.5,nodal,completed
T006798,R011,D0040,V1,S3,2026-08-31T21:15:00,2026-08-31T21:20:36,2026-08-31T22:00:00,2026-08-31T22:03:13.014848,8.1,125.2,nodal,completed
T006799,R011,D0107,V2,S3,2026-08-31T21:15:00,,2026-08-31T22:00:00,2026-08-31T22:00:10.115198,8.4,147.2,nodal,completed
T006800,R011,D0117,V1,S3,2026-08-31T21:15:00,2026-08-31T21:15:12,2026-08-31T22:00:00,2026-08-31T22:00:00,8.1,124.6,nodal,completed
T006801,R013,D0018,V5,S3,2026-08-31T21:15:00,2026-08-31T21:15:24,2026-08-31T22:00:00,2026-08-31T22:00:00,11.7,250.1,cab,completed
T006802,R013,D0048,V5,S3,2026-08-31T21:15:00,2026-08-31T21:21:30,2026-08-31T22:00:00,2026-08-31T22:05:25.803648,10.7,231.0,cab,completed
T006803,R013,D0009,V1,S3,2026-08-31T21:15:00,2026-08-31T21:17:06,2026-08-31T22:00:00,2026-08-31T22:01:35.794491,11.7,263.5,cab,completed
T006804,R013,D0112,V1,S3,2026-08-31T21:15:00,2026-08-31T21:17:18,2026-08-31T22:00:00,2026-08-31T22:00:00,10.7,255.6,cab,completed
T006805,R013,D0016,V5,S3,2026-08-31T21:15:00,2026-08-31T21:21:24,2026-08-31T22:00:00,2026-08-31T22:01:42.438177,10.5,231.1,cab,completed
T006806,R018,D0090,V2,S3,2026-08-31T21:15:00,2026-08-31T21:17:42,2026-08-31T22:00:00,2026-08-31T22:01:48.698861,16.2,125.8,shuttle,completed
T006807,R020,D0051,V2,S3,2026-08-31T21:15:00,2026-08-31T21:16:36,2026-08-31T22:00:00,2026-08-31T22:00:00,9.7,175.9,nodal,completed
T006808,R020,D0032,V1,S3,2026-08-31T21:15:00,2026-08-31T21:18:18,2026-08-31T22:00:00,2026-08-31T22:01:39.248242,10.1,136.3,nodal,completed
T006809,R022,D0046,V5,S3,2026-08-31T21:15:00,2026-08-31T21:30:42,2026-08-31T22:00:00,2026-08-31T22:12:24.484210,18.1,342.1,cab,completed
T006810,R022,D0048,V5,S3,2026-08-31T21:15:00,2026-08-31T21:31:12,2026-08-31T22:00:00,2026-08-31T22:12:55.059459,17.5,335.9,cab,completed
T006811,R022,D0089,V3,S3,2026-08-31T21:15:00,2026-08-31T21:17:48,2026-08-31T22:00:00,2026-08-31T22:00:00,16.3,317.9,cab,completed
T006812,R022,D0060,V3,S3,2026-08-31T21:15:00,2026-08-31T21:27:42,2026-08-31T22:00:00,2026-08-31T22:12:24.013335,18.3,343.3,cab,completed
T004111,R022,D0047,V3,S2,2026-07-24T10:15:00,2026-07-24T10:15:36,2026-07-24T11:00:00,2026-07-24T11:00:00,16.4,317.1,cab,completed
T002942,R003,D0001,V2,S2,2026-07-09T10:15:00,2026-07-09T10:26:36,2026-07-09T11:00:00,2026-07-09T11:09:15.238707,21.8,138.4,shuttle,completed
T001371,R020,D0005,V1,S1,2026-06-18T08:15:00,2026-06-18T08:15:42,2026-06-18T09:00:00,2026-06-18T09:00:00,10.4,147.9,nodal,completed
T002406,R018,D0098,V5,S1,2026-07-02T08:15:00,2026-07-02T08:21:36,2026-07-02T09:00:00,2026-07-02T09:03:51.881609,16.2,109.3,shuttle,completed
T006510,R008,D0070,V2,S1,2026-08-27T08:15:00,2026-08-27T08:22:54,2026-08-27T09:00:00,2026-08-27T09:07:20.895879,9.3,181.0,nodal,completed
T004214,R022,D0035,V1,S2,2026-07-27T10:15:00,2026-07-27T10:18:00,2026-07-27T11:00:00,2026-07-27T11:00:01.235495,17.2,327.1,cab,completed
T005494,R013,D0062,V3,S1,2026-08-13T08:15:00,2026-08-13T08:16:06,2026-08-13T09:00:00,2026-08-13T09:00:00,11.2,242.8,cab,completed
T000764,R022,D0036,V3,S1,2026-06-10T08:15:00,2026-06-10T08:16:06,2026-06-10T09:00:00,2026-06-10T09:00:00,18.3,360.2,cab,completed
T006377,R022,D0032,V1,S2,2026-08-25T10:15:00,2026-08-25T10:23:12,2026-08-25T11:00:00,2026-08-25T11:06:14.352336,17.9,344.2,cab,completed
T002192,R013,D0071,V5,S1,2026-06-30T08:15:00,2026-06-30T08:27:18,2026-06-30T09:00:00,2026-06-30T09:08:36.794938,10.6,242.1,cab,completed
T003320,R011,D0087,V2,S1,2026-07-15T08:15:00,2026-07-15T08:25:24,2026-07-15T09:00:00,2026-07-15T09:09:18.538075,8.3,127.9,nodal,completed
T001898,R022,D0022,V5,S1,2026-06-25T08:15:00,2026-06-25T08:22:06,2026-06-25T09:00:00,2026-06-25T09:02:15.402051,18.0,348.5,cab,completed
T005667,R011,D0082,V1,S3,2026-08-14T21:15:00,2026-08-14T21:16:00,2026-08-14T22:00:00,2026-08-14T22:00:00,8.5,121.4,nodal,completed
T001057,R018,D0004,V5,S1,2026-06-15T08:15:00,2026-06-15T08:15:42,2026-06-15T09:00:00,2026-06-15T09:00:00,14.7,122.8,shuttle,completed
T000682,R018,D0063,V2,S2,2026-06-09T10:15:00,2026-06-09T10:25:12,2026-06-09T11:00:00,2026-06-09T11:05:15.146851,14.6,106.3,shuttle,completed
T000170,R018,D0091,V4,S2,2026-06-02T10:15:00,2026-06-02T10:30:30,2026-06-02T11:00:00,2026-06-02T11:15:00.376735,16.0,100.2,shuttle,completed
T000240,R022,D0032,V1,S1,2026-06-03T08:15:00,2026-06-03T08:32:18,2026-06-03T09:00:00,2026-06-03T09:13:37.822688,16.7,317.9,cab,completed
T003210,R008,D0056,V1,S1,2026-07-14T08:15:00,2026-07-14T08:16:24,2026-07-14T09:00:00,2026-07-14T09:00:00,9.5,140.0,nodal,completed
T006443,R022,D0067,V3,S1,2026-08-26T08:15:00,2026-08-26T08:15:36,2026-08-26T09:00:00,2026-08-26T09:00:00,17.7,341.2,cab,completed
T001671,R013,D0022,V5,S1,2026-06-23T08:15:00,2026-06-23T08:25:30,2026-06-23T09:00:00,2026-06-23T09:08:11.338285,11.0,248.4,cab,completed
T002182,R008,D0053,V1,S1,2026-06-30T08:15:00,2026-06-30T08:30:12,2026-06-30T09:00:00,2026-06-30T09:12:26.680981,9.3,126.9,nodal,completed
T000133,R020,D0024,V1,S1,2026-06-02T08:15:00,2026-06-02T08:25:30,2026-06-02T09:00:00,2026-06-02T09:09:57.654785,10.2,133.0,nodal,completed
T001766,R011,D0070,V2,S1,2026-06-24T08:15:00,2026-06-24T08:40:54,2026-06-24T09:00:00,2026-06-24T09:24:46.291240,8.5,126.9,nodal,completed
T003318,R008,D0090,V2,S1,2026-07-15T08:15:00,2026-07-15T08:22:54,2026-07-15T09:00:00,2026-07-15T09:04:25.890078,9.6,131.2,nodal,completed
T000684,R020,D0045,V1,S2,2026-06-09T10:15:00,2026-06-09T10:25:48,2026-06-09T11:00:00,2026-06-09T11:09:57.555543,10.5,144.5,nodal,completed
T002499,R013,D0004,V5,S1,2026-07-03T08:15:00,2026-07-03T08:29:36,2026-07-03T09:00:00,2026-07-03T09:14:09.400139,11.3,249.4,cab,completed
T006759,R022,D0022,V5,S1,2026-08-31T08:15:00,2026-08-31T08:20:48,2026-08-31T09:00:00,2026-08-31T09:05:20.215251,18.2,340.5,cab,completed
T002078,R011,D0024,V1,S1,2026-06-29T08:15:00,2026-06-29T08:16:42,2026-06-29T09:00:00,2026-06-29T09:00:00,8.1,114.3,nodal,completed
T003102,R006,D0048,V5,S1,2026-07-13T08:15:00,2026-07-13T08:24:30,2026-07-13T09:00:00,2026-07-13T09:04:30.039002,18.4,113.0,shuttle,completed
T003692,R020,D0110,V1,S2,2026-07-20T10:15:00,2026-07-20T10:15:18,2026-07-20T11:00:00,2026-07-20T11:00:00,9.6,138.1,nodal,completed
T005396,R013,D0065,V3,S1,2026-08-12T08:15:00,2026-08-12T08:19:48,2026-08-12T09:00:00,2026-08-12T09:04:33.884257,11.2,240.7,cab,completed
T005718,R020,D0040,V1,S1,2026-08-17T08:15:00,2026-08-17T08:29:12,2026-08-17T09:00:00,2026-08-17T09:09:16.922724,9.9,136.2,nodal,completed
T005571,R020,D0066,V2,S3,2026-08-13T21:15:00,2026-08-13T21:15:00,2026-08-13T22:00:00,2026-08-13T22:00:00,9.9,156.1,nodal,completed
T003635,R011,D0066,V2,S1,2026-07-20T08:15:00,2026-07-20T08:17:48,2026-07-20T09:00:00,2026-07-20T09:00:00,8.4,120.3,nodal,completed
