trip_id,base_fare,surcharge,total_cost,billing_month
T000001,15,15.6,147.6,2026-06
T000002,15,15.4,148.4,2026-06
T000003,15,6.5,128.5,2026-06
T000004,15,14.4,129.4,2026-06
T000005,15,11.2,119.7,2026-06
T000006,15,0.7,117.7,2026-06
T000007,40,2.6,120.0,2026-06
T000008,40,12.8,131.1,2026-06
T000009,40,10.9,134.6,2026-06
T000010,40,4.3,123.5,2026-06
T000011,40,14.7,137.5,2026-06
T000012,40,10.8,128.2,2026-06
T000013,40,0.2,114.0,2026-06
T000014,40,16.6,127.7,2026-06
T000015,40,24.5,141.0,2026-06
T000016,40,2.8,118.4,2026-06
T000017,80,19.4,264.6,2026-06
T000018,80,0.5,241.5,2026-06
T000019,80,19.8,248.2,2026-06
T000020,80,3.3,242.9,2026-06
T000021,80,7.8,243.2,2026-06
T000022,80,7.0,243.8,2026-06
T000023,80,11.2,241.0,2026-06
T000024,80,5.6,236.8,2026-06
T000025,80,7.0,245.2,2026-06
T000026,80,7.7,236.1,2026-06
T000027,80,10.1,255.3,2026-06
T000028,15,6.9,97.9,2026-06
T000029,15,2.0,95.5,2026-06
T000030,15,5.9,99.4,2026-06
T000031,40,25.3,153.5,2026-06
T000032,40,6.9,135.1,2026-06
T000033,40,15.0,145.9,2026-06
T000034,40,15.4,142.7,2026-06
T000035,40,22.9,160.1,2026-06
T000036,40,19.9,146.3,2026-06
T000037,80,2.7,317.9,2026-06
T000038,80,13.8,329.0,2026-06
T000039,80,6.6,327.4,2026-06
T000040,80,7.7,314.5,2026-06
T000041,80,31.0,350.4,2026-06
T000042,80,12.1,338.5,2026-06
T000043,80,9.8,333.4,2026-06
T000044,80,7.4,325.4,2026-06
T000045,80,16.8,340.4,2026-06
T000046,80,15.1,324.7,2026-06
T000047,80,18.3,353.1,2026-06
T000048,80,15.2,338.8,2026-06
T000049,15,3.9,123.9,2026-06
T000050,15,30.4,160.9,2026-06
T000051,15,9.4,118.4,2026-06
T000052,15,9.8,124.8,2026-06
T000053,40,3.1,125.0,2026-06
T000054,40,9.9,127.3,2026-06
T000055,40,17.0,143.4,2026-06
T000056,40,6.4,122.0,2026-06
T000057,40,17.8,132.5,2026-06
T000058,40,11.0,126.6,2026-06
T000059,40,11.8,128.3,2026-06
T000060,80,3.2,244.2,2026-06
T000061,80,4.8,243.0,2026-06
T000062,80,15.6,253.8,2026-06
T000063,80,3.5,233.3,2026-06
T000064,80,11.0,253.4,2026-06
T000065,80,9.5,247.7,2026-06
T000066,80,2.3,244.7,2026-06
T000067,15,15.1,107.6,2026-06
T000068,15,18.1,111.6,2026-06
T000069,40,13.1,144.9,2026-06
T000070,40,15.2,141.6,2026-06
T000071,40,16.7,149.4,2026-06
T000072,40,9.6,143.2,2026-06
T000073,80,14.2,326.6,2026-06
T000074,80,15.1,342.9,2026-06
T000075,80,8.9,338.1,2026-06
T000076,80,1.8,326.8,2026-06
T000077,80,18.6,350.6,2026-06
T000078,80,11.7,329.7,2026-06
T000079,80,11.5,346.3,2026-06
T000080,80,15.4,339.0,2026-06
T000081,15,17.4,149.9,2026-06
T000082,15,17.1,142.1,2026-06
T000083,15,6.9,122.4,2026-06
T000084,40,17.7,141.4,2026-06
T000085,40,11.3,135.0,2026-06
T000086,40,2.0,112.2,2026-06
T000087,40,3.6,117.4,2026-06
T000088,40,11.0,126.6,2026-06
T000089,80,5.5,246.5,2026-06
T000090,80,17.1,244.1,2026-06
T000091,80,2.6,245.0,2026-06
T000092,80,0.3,241.3,2026-06
T000093,80,14.7,251.5,2026-06
T000094,15,4.4,93.4,2026-06
T000095,15,16.3,105.8,2026-06
T000096,40,3.9,136.6,2026-06
T000097,40,4.0,139.4,2026-06
T000098,80,2.0,338.2,2026-06
T000099,80,13.7,320.5,2026-06
T000100,80,14.6,325.6,2026-06
T000101,80,13.7,337.3,2026-06
T000102,15,17.9,145.9,2026-06
T000103,15,8.4,137.9,2026-06
T000104,15,12.2,141.2,2026-06
T000105,15,15.0,131.0,2026-06
T000106,15,11.9,125.4,2026-06
T000107,15,7.7,113.7,2026-06
T000108,40,18.7,145.1,2026-06
T000109,40,10.9,131.9,2026-06
T000110,40,15.8,137.7,2026-06
T000111,40,9.6,127.9,2026-06
T000112,40,9.4,131.3,2026-06
T000113,40,15.7,133.1,2026-06
T000114,40,19.0,135.5,2026-06
T000115,40,6.5,122.1,2026-06
T000116,40,11.4,120.7,2026-06
T000117,40,15.6,130.3,2026-06
T000118,40,9.7,124.4,2026-06
T000119,80,0.8,239.0,2026-06
T000120,80,5.5,245.1,2026-06
T000121,80,18.2,255.0,2026-06
T000122,80,14.8,243.2,2026-06
T000123,80,4.0,249.2,2026-06
T000124,80,4.6,241.4,2026-06
T000125,80,23.4,267.2,2026-06
T000126,80,14.6,241.6,2026-06
T000127,80,29.1,267.3,2026-06
T000128,80,1.1,242.1,2026-06
T000129,80,9.6,238.0,2026-06
T000130,15,18.6,105.1,2026-06
T000131,15,18.9,110.9,2026-06
T000132,15,3.7,91.2,2026-06
T000133,40,1.2,133.0,2026-06
T000134,40,0.3,133.0,2026-06
T000135,40,2.2,129.5,2026-06
T000136,40,17.1,148.0,2026-06
T000137,40,19.5,145.9,2026-06
T000138,40,5.6,136.5,2026-06
T000139,80,13.3,343.9,2026-06
T000140,80,4.5,322.5,2026-06
T000141,80,8.7,339.3,2026-06
T000142,80,14.8,351.0,2026-06
T000143,80,8.7,323.9,2026-06
T000144,80,16.5,330.3,2026-06
T000145,80,6.0,321.2,2026-06
T000146,80,5.0,339.8,2026-06
T000147,80,17.3,336.7,2026-06
T000148,80,12.9,328.1,2026-06
T000149,80,0.2,319.6,2026-06
T000150,80,15.6,323.8,2026-06
T000151,15,18.1,146.6,2026-06
T000152,15,12.9,140.9,2026-06
T000153,15,33.5,151.0,2026-06
T000154,15,9.1,122.6,2026-06
T000155,40,8.7,128.8,2026-06
T000156,40,2.3,124.2,2026-06
T000157,40,17.4,141.1,2026-06
T000158,40,9.9,122.8,2026-06
T000159,40,8.3,120.3,2026-06
T000160,40,7.2,124.6,2026-06
T000161,40,19.3,134.9,2026-06
T000162,80,2.9,241.1,2026-06
T000163,80,7.8,244.6,2026-06
T000164,80,8.5,241.1,2026-06
T000165,80,10.7,248.9,2026-06
T000166,80,1.8,235.8,2026-06
T000167,80,18.6,254.0,2026-06
T000168,80,3.1,230.1,2026-06
T000169,15,15.2,106.7,2026-06
T000170,15,5.2,100.2,2026-06
T000171,40,9.2,138.3,2026-06
T000172,40,16.3,152.6,2026-06
T000173,40,4.4,139.8,2026-06
T000174,40,18.7,146.0,2026-06
T000175,80,2.6,310.8,2026-06
T000176,80,9.1,334.1,2026-06
T000177,80,15.8,324.0,2026-06
T000178,80,15.5,348.9,2026-06
T000179,80,15.7,350.5,2026-06
T000180,80,0.8,331.4,2026-06
T000181,80,2.8,326.4,2026-06
T000182,15,14.5,141.0,2026-06
T000183,15,5.0,118.5,2026-06
T000184,40,3.1,129.5,2026-06
T000185,40,27.1,152.6,2026-06
T000186,40,18.3,129.4,2026-06
T000187,40,0.8,111.0,2026-06
T000188,40,7.2,117.4,2026-06
T000189,80,7.4,247.0,2026-06
T000190,80,12.6,245.2,2026-06
T000191,80,7.6,245.8,2026-06
T000192,80,4.0,240.8,2026-06
T000193,80,14.7,245.9,2026-06
T000194,80,9.8,236.8,2026-06
T000195,15,18.8,106.8,2026-06
T000196,15,12.6,106.6,2026-06
T000197,40,5.8,135.8,2026-06
T000198,40,5.5,135.5,2026-06
T000199,40,16.3,153.5,2026-06
T000200,80,15.9,345.1,2026-06
T000201,80,10.0,316.8,2026-06
T000202,80,6.5,341.3,2026-06
T000203,80,11.5,323.9,2026-06
T000204,15,11.5,141.5,2026-06
T000205,15,12.8,133.8,2026-06
T000206,15,0.8,124.8,2026-06
T000207,15,18.4,126.9,2026-06
T000208,15,17.8,135.3,2026-06
T000209,15,17.0,132.5,2026-06
T000210,40,14.6,132.9,2026-06
T000211,40,1.0,122.0,2026-06
T000212,40,11.8,136.4,2026-06
T000213,40,11.0,130.2,2026-06
T000214,40,10.6,132.5,2026-06
T000215,40,19.4,135.9,2026-06
T000216,40,1.7,118.2,2026-06
T000217,40,17.6,127.8,2026-06
T000218,40,12.5,127.2,2026-06
T000219,40,5.6,123.0,2026-06
T000220,80,5.4,250.6,2026-06
T000221,80,1.1,235.1,2026-06
T000222,80,5.4,232.4,2026-06
T000223,80,2.6,236.6,2026-06
T000224,80,12.5,240.9,2026-06
T000225,80,17.1,251.1,2026-06
T000226,80,10.9,254.7,2026-06
T000227,80,18.8,264.0,2026-06
T000228,80,17.5,248.7,2026-06
T000229,80,16.4,253.2,2026-06
T000230,80,2.9,248.1,2026-06
T000231,15,8.7,101.7,2026-06
T000232,15,15.6,111.1,2026-06
T000233,15,10.1,104.1,2026-06
T000234,40,4.0,134.0,2026-06
T000235,40,7.4,135.6,2026-06
T000236,40,6.4,140.9,2026-06
T000237,40,12.9,139.3,2026-06
T000238,40,16.5,144.7,2026-06
T000239,40,2.4,135.1,2026-06
T000240,80,4.1,317.9,2026-06
T000241,80,6.6,317.6,2026-06
T000242,80,13.6,320.4,2026-06
T000243,80,16.6,337.4,2026-06
T000244,80,19.5,348.7,2026-06
T000245,80,6.6,323.2,2026-06
T000246,80,19.4,334.6,2026-06
T000247,80,28.2,347.6,2026-06
T000248,80,18.4,337.8,2026-06
T000249,80,16.1,349.5,2026-06
T000250,80,18.7,333.9,2026-06
T000251,80,11.3,334.9,2026-06
T000252,15,16.8,147.8,2026-06
T000253,15,17.9,146.4,2026-06
T000254,15,12.7,119.7,2026-06
T000255,15,1.4,111.4,2026-06
T000256,40,7.6,131.3,2026-06
T000257,40,11.4,136.9,2026-06
T000258,40,17.2,143.6,2026-06
T000259,40,14.4,126.4,2026-06
T000260,40,17.0,133.5,2026-06
T000261,40,9.9,121.0,2026-06
T000262,40,2.3,115.2,2026-06
T000263,80,13.1,258.3,2026-06
T000264,80,2.4,235.0,2026-06
T000265,80,0.7,229.1,2026-06
T000266,80,6.7,249.1,2026-06
T000267,80,14.5,255.5,2026-06
T000268,80,1.9,247.1,2026-06
T000269,80,14.6,258.4,2026-06
T000270,15,14.1,108.1,2026-06
T000271,15,19.1,110.6,2026-06
T000272,40,16.8,154.0,2026-06
T000273,40,17.2,152.6,2026-06
T000274,40,13.1,141.3,2026-06
T000275,40,8.9,143.4,2026-06
T000276,80,2.7,334.7,2026-06
T000277,80,7.0,318.0,2026-06
T000278,80,4.1,330.5,2026-06
T000279,80,13.4,346.8,2026-06
T000280,80,6.5,332.9,2026-06
T000281,80,16.7,351.5,2026-06
T000282,80,20.0,343.6,2026-06
T000283,80,8.0,334.4,2026-06
T000284,15,3.5,130.0,2026-06
T000285,15,5.6,129.1,2026-06
T000286,15,18.0,131.5,2026-06
T000287,40,4.1,123.3,2026-06
T000288,40,17.5,141.2,2026-06
T000289,40,7.3,121.1,2026-06
T000290,40,5.9,117.9,2026-06
T000291,40,21.5,129.9,2026-06
T000292,80,9.2,247.4,2026-06
T000293,80,13.2,247.2,2026-06
T000294,80,12.5,250.7,2026-06
T000295,80,3.6,241.8,2026-06
T000296,80,17.7,246.1,2026-06
T000297,80,13.7,253.3,2026-06
T000298,15,0.6,87.1,2026-06
T000299,15,9.7,98.2,2026-06
T000300,40,3.1,132.2,2026-06
T000301,40,0.2,132.9,2026-06
T000302,40,3.7,138.2,2026-06
T000303,80,16.1,328.5,2026-06
T000304,80,6.2,329.8,2026-06
T000305,80,13.7,330.3,2026-06
T000306,80,7.9,320.3,2026-06
T000307,15,30.0,153.0,2026-06
T000308,15,15.0,148.5,2026-06
T000309,15,18.6,141.1,2026-06
T000310,15,12.0,122.0,2026-06
T000311,15,5.6,119.6,2026-06
T000312,15,8.1,125.1,2026-06
T000313,40,4.5,125.5,2026-06
T000314,40,17.5,142.1,2026-06
T000315,40,19.3,144.8,2026-06
T000316,40,9.8,135.3,2026-06
T000317,40,15.8,136.8,2026-06
T000318,40,2.9,118.5,2026-06
T000319,40,16.0,128.0,2026-06
T000320,40,14.4,129.1,2026-06
T000321,40,0.6,117.1,2026-06
T000322,40,7.2,121.9,2026-06
T000323,40,6.9,116.2,2026-06
T000324,80,12.5,245.1,2026-06
T000325,80,18.9,245.9,2026-06
T000326,80,10.2,245.6,2026-06
T000327,80,18.0,252.0,2026-06
T000328,80,17.6,257.2,2026-06
T000329,80,9.8,252.2,2026-06
T000330,80,13.6,244.8,2026-06
T000331,80,17.2,252.6,2026-06
T000332,80,0.3,227.3,2026-06
T000333,80,16.9,252.3,2026-06
T000334,15,0.5,96.0,2026-06
T000335,15,11.7,106.7,2026-06
T000336,15,13.4,104.4,2026-06
T000337,40,14.2,149.6,2026-06
T000338,40,5.0,133.2,2026-06
T000339,40,13.6,143.6,2026-06
T000340,40,18.9,153.4,2026-06
T000341,40,7.8,134.2,2026-06
T000342,40,9.5,138.6,2026-06
T000343,80,12.5,323.5,2026-06
T000344,80,6.3,324.3,2026-06
T000345,80,1.3,310.9,2026-06
T000346,80,3.1,321.1,2026-06
T000347,80,3.1,316.9,2026-06
T000348,80,26.7,339.1,2026-06
T000349,80,4.0,315.0,2026-06
T000350,80,7.7,317.3,2026-06
T000351,80,16.6,323.4,2026-06
T000352,80,18.8,345.2,2026-06
T000353,80,19.4,345.8,2026-06
T000354,80,0.6,328.4,2026-06
T000355,15,12.8,136.8,2026-06
T000356,15,2.2,127.7,2026-06
T000357,15,10.0,127.5,2026-06
T000358,15,11.9,125.4,2026-06
T000359,40,3.9,123.1,2026-06
T000360,40,3.8,129.3,2026-06
T000361,40,8.1,133.6,2026-06
T000362,40,6.7,116.9,2026-06
T000363,40,14.5,124.7,2026-06
T000364,40,9.9,121.0,2026-06
T000365,40,4.1,118.8,2026-06
T000366,80,15.8,249.8,2026-06
T000367,80,16.0,251.4,2026-06
T000368,80,4.4,234.2,2026-06
T000369,80,18.6,247.0,2026-06
T000370,80,18.4,253.8,2026-06
T000371,80,6.5,248.9,2026-06
T000372,80,14.2,249.6,2026-06
T000373,80,10.4,250.0,2026-06
T000374,15,5.9,92.9,2026-06
T000375,15,11.3,104.8,2026-06
T000376,40,10.8,137.2,2026-06
T000377,40,18.6,155.8,2026-06
T000378,40,19.7,147.0,2026-06
T000379,40,12.3,138.7,2026-06
T000380,80,19.8,340.6,2026-06
T000381,80,9.7,316.5,2026-06
T000382,80,0.8,330.0,2026-06
T000383,80,4.6,329.6,2026-06
T000384,80,16.4,328.8,2026-06
T000385,80,15.8,345.0,2026-06
T000386,80,8.6,315.4,2026-06
T000387,80,5.8,335.0,2026-06
T000388,15,19.5,149.0,2026-06
T000389,15,12.8,143.3,2026-06
T000390,15,6.2,112.2,2026-06
T000391,40,5.8,132.2,2026-06
T000392,40,2.7,127.3,2026-06
T000393,40,19.0,129.2,2026-06
T000394,40,0.4,110.6,2026-06
T000395,40,17.2,128.3,2026-06
T000396,80,11.1,252.1,2026-06
T000397,80,4.1,249.3,2026-06
T000398,80,8.3,236.7,2026-06
T000399,80,10.7,257.3,2026-06
T000400,80,18.5,255.3,2026-06
T000401,15,0.6,94.6,2026-06
T000402,15,15.3,103.3,2026-06
T000403,40,5.1,140.5,2026-06
T000404,40,13.9,140.3,2026-06
T000405,40,18.9,148.9,2026-06
T000406,80,28.8,337.0,2026-06
T000407,80,4.4,322.4,2026-06
T000408,80,4.5,321.1,2026-06
T000409,80,11.1,329.1,2026-06
T000410,15,12.5,133.5,2026-06
T000411,15,16.1,145.6,2026-06
T000412,15,6.6,129.6,2026-06
T000413,15,19.4,128.9,2026-06
T000414,15,1.8,113.8,2026-06
T000415,15,8.4,116.4,2026-06
T000416,40,10.5,135.1,2026-06
T000417,40,0.7,120.8,2026-06
T000418,40,10.2,133.9,2026-06
T000419,40,10.6,132.5,2026-06
T000420,40,12.9,130.3,2026-06
T000421,40,17.0,141.6,2026-06
T000422,40,7.3,122.9,2026-06
T000423,40,10.6,122.6,2026-06
T000424,40,10.1,125.7,2026-06
T000425,40,2.6,112.8,2026-06
T000426,40,21.8,130.2,2026-06
T000427,80,0.6,243.0,2026-06
T000428,80,4.7,241.5,2026-06
T000429,80,14.9,250.3,2026-06
T000430,80,0.1,238.3,2026-06
T000431,80,11.6,244.2,2026-06
T000432,80,15.2,242.2,2026-06
T000433,80,10.7,241.9,2026-06
T000434,80,3.3,245.7,2026-06
T000435,80,10.2,254.0,2026-06
T000436,80,13.7,242.1,2026-06
T000437,80,6.9,235.3,2026-06
T000438,15,18.1,108.1,2026-06
T000439,15,1.9,88.4,2026-06
T000440,15,11.2,99.2,2026-06
T000441,40,11.9,143.7,2026-06
T000442,40,2.8,131.9,2026-06
T000443,40,11.9,138.3,2026-06
T000444,40,4.6,137.3,2026-06
T000445,40,8.0,141.6,2026-06
T000446,40,5.5,138.2,2026-06
T000447,80,11.8,328.4,2026-06
T000448,80,9.5,319.1,2026-06
T000449,80,12.0,328.6,2026-06
T000450,80,11.1,340.3,2026-06
T000451,80,19.1,338.5,2026-06
T000452,80,7.9,316.1,2026-06
T000453,80,6.2,332.6,2026-06
T000454,80,0.1,336.3,2026-06
T000455,80,30.7,350.1,2026-06
T000456,80,9.6,338.8,2026-06
T000457,80,2.6,313.6,2026-06
T000458,15,0.7,129.2,2026-06
T000459,15,15.7,141.7,2026-06
T000460,15,32.8,140.8,2026-06
T000461,15,4.0,109.5,2026-06
T000462,40,1.6,123.5,2026-06
T000463,40,0.1,122.9,2026-06
T000464,40,1.9,127.4,2026-06
T000465,40,30.4,147.8,2026-06
T000466,40,8.8,125.3,2026-06
T000467,40,12.9,123.1,2026-06
T000468,40,4.3,118.1,2026-06
T000469,80,2.1,243.1,2026-06
T000470,80,16.1,245.9,2026-06
T000471,80,13.3,257.1,2026-06
T000472,80,14.4,245.6,2026-06
T000473,80,14.9,248.9,2026-06
T000474,80,17.6,262.8,2026-06
T000475,80,10.9,240.7,2026-06
T000476,80,16.5,261.7,2026-06
T000477,15,0.8,87.3,2026-06
T000478,15,8.5,100.5,2026-06
T000479,40,0.0,130.9,2026-06
T000480,40,12.0,142.0,2026-06
T000481,40,17.7,147.7,2026-06
T000482,40,19.8,152.5,2026-06
T000483,40,1.6,128.9,2026-06
T000484,80,1.7,333.7,2026-06
T000485,80,1.2,319.2,2026-06
T000486,80,17.3,331.1,2026-06
T000487,80,14.4,350.6,2026-06
T000488,80,5.6,318.0,2026-06
T000489,80,7.9,331.5,2026-06
T000490,80,11.7,338.1,2026-06
T000491,80,0.4,328.2,2026-06
T000492,15,3.1,127.6,2026-06
T000493,15,0.5,133.0,2026-06
T000494,15,12.1,119.6,2026-06
T000495,40,16.4,137.4,2026-06
T000496,40,11.2,130.4,2026-06
T000497,40,9.9,126.4,2026-06
T000498,40,4.6,121.1,2026-06
T000499,40,6.2,120.9,2026-06
T000500,80,11.3,256.5,2026-06
T000501,80,0.2,235.6,2026-06
T000502,80,7.0,245.2,2026-06
T000503,80,15.1,253.3,2026-06
T000504,80,10.0,248.2,2026-06
T000505,15,17.3,111.8,2026-06
T000506,15,0.4,92.9,2026-06
T000507,40,18.4,153.8,2026-06
T000508,40,16.3,146.3,2026-06
T000509,80,2.0,332.6,2026-06
T000510,80,10.7,332.9,2026-06
T000511,80,18.3,346.1,2026-06
T000512,15,3.2,134.2,2026-06
T000513,15,5.2,129.7,2026-06
T000514,15,6.2,126.7,2026-06
T000515,15,6.7,113.2,2026-06
T000516,15,15.1,121.1,2026-06
T000517,15,7.1,120.1,2026-06
T000518,40,19.2,137.5,2026-06
T000519,40,11.3,131.4,2026-06
T000520,40,5.4,122.8,2026-06
T000521,40,17.4,140.2,2026-06
T000522,40,8.7,127.9,2026-06
T000523,40,2.9,128.4,2026-06
T000524,40,6.5,117.6,2026-06
T000525,40,19.7,137.1,2026-06
T000526,40,19.6,131.6,2026-06
T000527,40,14.5,129.2,2026-06
T000528,40,14.6,128.4,2026-06
T000529,40,4.1,119.7,2026-06
T000530,80,4.9,238.9,2026-06
T000531,80,4.9,240.3,2026-06
T000532,80,18.2,260.6,2026-06
T000533,80,5.1,239.1,2026-06
T000534,80,8.2,253.4,2026-06
T000535,80,10.6,246.0,2026-06
T000536,80,3.5,230.5,2026-06
T000537,80,17.9,254.7,2026-06
T000538,80,14.4,245.6,2026-06
T000539,80,15.2,249.2,2026-06
T000540,80,15.8,248.4,2026-06
T000541,15,16.3,104.3,2026-06
T000542,15,1.6,90.6,2026-06
T000543,15,8.6,96.6,2026-06
T000544,40,11.1,144.7,2026-06
T000545,40,8.6,144.0,2026-06
T000546,40,10.6,137.9,2026-06
T000547,40,11.2,148.4,2026-06
T000548,40,1.7,127.2,2026-06
T000549,40,8.7,143.2,2026-06
T000550,80,8.0,314.8,2026-06
T000551,80,5.8,329.4,2026-06
T000552,80,3.6,339.8,2026-06
T000553,80,2.8,316.6,2026-06
T000554,80,4.2,339.0,2026-06
T000555,80,17.7,346.9,2026-06
T000556,80,0.2,318.2,2026-06
T000557,80,12.0,342.6,2026-06
T000558,80,5.0,341.2,2026-06
T000559,80,34.4,355.2,2026-06
T000560,15,17.1,140.6,2026-06
T000561,15,2.4,121.9,2026-06
T000562,15,17.8,132.8,2026-06
T000563,15,13.8,124.8,2026-06
T000564,40,12.1,134.0,2026-06
T000565,40,18.0,137.2,2026-06
T000566,40,0.8,127.2,2026-06
T000567,40,17.4,129.4,2026-06
T000568,40,3.8,115.8,2026-06
T000569,40,16.2,131.8,2026-06
T000570,40,8.9,122.7,2026-06
T000571,80,11.6,240.0,2026-06
T000572,80,19.4,247.8,2026-06
T000573,80,4.0,246.4,2026-06
T000574,80,6.7,250.5,2026-06
T000575,80,5.3,246.3,2026-06
T000576,80,2.1,229.1,2026-06
T000577,80,4.9,247.3,2026-06
T000578,80,8.6,246.8,2026-06
T000579,15,15.7,110.7,2026-06
T000580,15,5.5,92.0,2026-06
T000581,40,18.1,149.9,2026-06
T000582,40,1.3,138.5,2026-06
T000583,40,21.7,152.6,2026-06
T000584,40,5.6,137.4,2026-06
T000585,80,13.9,326.3,2026-06
T000586,80,1.3,326.3,2026-06
T000587,80,13.2,343.8,2026-06
T000588,80,13.6,340.0,2026-06
T000589,80,15.5,350.3,2026-06
T000590,80,18.9,329.9,2026-06
T000591,80,12.9,325.3,2026-06
T000592,80,4.8,336.8,2026-06
T000593,15,7.1,127.1,2026-06
T000594,15,6.2,131.2,2026-06
T000595,15,6.0,116.5,2026-06
T000596,40,0.6,126.1,2026-06
T000597,40,17.6,140.4,2026-06
T000598,40,5.7,122.2,2026-06
T000599,40,17.1,131.8,2026-06
T000600,40,16.2,131.8,2026-06
T000601,80,17.3,255.5,2026-06
T000602,80,14.4,241.4,2026-06
T000603,80,1.6,245.4,2026-06
T000604,80,0.6,240.2,2026-06
T000605,80,15.8,255.4,2026-06
T000606,80,15.9,251.3,2026-06
T000607,15,15.3,108.3,2026-06
T000608,15,11.2,97.7,2026-06
T000609,40,14.5,142.7,2026-06
T000610,40,19.8,153.4,2026-06
T000611,40,11.1,147.4,2026-06
T000612,80,20.8,354.2,2026-06
T000613,80,14.2,339.2,2026-06
T000614,80,13.2,328.4,2026-06
T000615,15,16.8,146.8,2026-06
T000616,15,19.6,152.6,2026-06
T000617,15,17.0,144.5,2026-06
T000618,15,13.9,119.9,2026-06
T000619,15,7.1,118.1,2026-06
T000620,15,9.2,119.7,2026-06
T000621,40,4.1,124.2,2026-06
T000622,40,11.0,132.9,2026-06
T000623,40,12.9,135.7,2026-06
T000624,40,18.1,137.3,2026-06
T000625,40,4.7,126.6,2026-06
T000626,40,14.1,126.1,2026-06
T000627,40,11.4,127.0,2026-06
T000628,40,4.6,122.0,2026-06
T000629,40,15.0,132.4,2026-06
T000630,40,2.7,120.1,2026-06
T000631,40,2.4,118.0,2026-06
T000632,80,13.0,248.4,2026-06
T000633,80,1.3,229.7,2026-06
T000634,80,16.8,257.8,2026-06
T000635,80,3.7,230.7,2026-06
T000636,80,3.1,235.7,2026-06
T000637,80,17.1,245.5,2026-06
T000638,80,4.2,241.0,2026-06
T000639,80,2.5,235.1,2026-06
T000640,80,12.7,253.7,2026-06
T000641,80,8.1,254.7,2026-06
T000642,80,6.0,240.0,2026-06
T000643,15,12.8,100.8,2026-06
T000644,15,2.1,89.6,2026-06
T000645,15,13.1,102.1,2026-06
T000646,40,3.3,132.4,2026-06
T000647,40,19.0,150.8,2026-06
T000648,40,7.2,141.7,2026-06
T000649,40,8.2,143.6,2026-06
T000650,40,20.9,153.6,2026-06
T000651,40,3.3,139.6,2026-06
T000652,80,17.9,335.9,2026-06
T000653,80,12.3,330.3,2026-06
T000654,80,5.0,316.0,2026-06
T000655,80,5.6,320.8,2026-06
T000656,80,4.4,316.8,2026-06
T000657,80,5.9,315.5,2026-06
T000658,80,7.9,339.9,2026-06
T000659,80,1.0,327.4,2026-06
T000660,80,14.3,330.9,2026-06
T000661,80,16.1,332.7,2026-06
T000662,80,2.4,333.0,2026-06
T000663,15,1.7,128.2,2026-06
T000664,15,4.2,128.7,2026-06
T000665,15,3.7,120.2,2026-06
T000666,15,1.1,108.1,2026-06
T000667,40,1.5,127.9,2026-06
T000668,40,4.8,122.2,2026-06
T000669,40,9.0,134.5,2026-06
T000670,40,0.1,116.6,2026-06
T000671,40,8.5,125.9,2026-06
T000672,40,2.6,111.9,2026-06
T000673,40,14.2,131.6,2026-06
T000674,80,9.4,240.6,2026-06
T000675,80,5.0,233.4,2026-06
T000676,80,15.6,249.6,2026-06
T000677,80,1.0,235.0,2026-06
T000678,80,19.8,260.8,2026-06
T000679,80,17.3,252.7,2026-06
T000680,80,12.5,253.5,2026-06
T000681,15,14.6,101.1,2026-06
T000682,15,18.3,106.3,2026-06
T000683,40,12.9,138.4,2026-06
T000684,40,10.0,144.5,2026-06
T000685,40,19.2,155.5,2026-06
T000686,40,17.5,151.1,2026-06
T000687,80,7.1,323.7,2026-06
T000688,80,9.8,322.2,2026-06
T000689,80,16.1,350.9,2026-06
T000690,80,6.5,330.1,2026-06
T000691,80,9.1,318.7,2026-06
T000692,80,30.1,339.7,2026-06
T000693,80,8.7,343.5,2026-06
T000694,80,3.5,313.1,2026-06
T000695,15,12.1,145.1,2026-06
T000696,15,14.8,146.3,2026-06
T000697,15,8.9,122.4,2026-06
T000698,40,17.6,142.2,2026-06
T000699,40,15.1,133.4,2026-06
T000700,40,16.8,129.7,2026-06
T000701,40,3.6,117.4,2026-06
T000702,40,10.7,119.1,2026-06
T000703,80,4.4,242.6,2026-06
T000704,80,15.3,242.3,2026-06
T000705,80,9.4,240.6,2026-06
T000706,80,8.4,241.0,2026-06
T000707,80,16.2,244.6,2026-06
T000708,80,2.1,245.9,2026-06
T000709,15,9.4,104.9,2026-06
T000710,15,17.1,108.6,2026-06
T000711,40,3.6,136.3,2026-06
T000712,40,15.1,146.9,2026-06
T000713,80,11.2,340.4,2026-06
T000714,80,8.4,341.8,2026-06
T000715,80,18.7,339.5,2026-06
T000716,80,14.0,323.6,2026-06
T000717,15,12.2,145.7,2026-06
T000718,15,8.9,130.4,2026-06
T000719,15,15.7,149.2,2026-06
T000720,15,10.5,120.5,2026-06
T000721,15,0.1,115.6,2026-06
T000722,15,10.8,122.8,2026-06
T000723,40,12.0,139.3,2026-06
T000724,40,14.0,139.5,2026-06
T000725,40,11.5,131.6,2026-06
T000726,40,18.3,142.0,2026-06
T000727,40,8.0,135.3,2026-06
T000728,40,10.1,127.5,2026-06
T000729,40,13.2,127.9,2026-06
T000730,40,12.2,125.1,2026-06
T000731,40,9.8,124.5,2026-06
T000732,40,6.4,118.4,2026-06
T000733,40,6.5,122.1,2026-06
T000734,80,0.4,242.8,2026-06
T000735,80,6.8,249.2,2026-06
T000736,80,7.6,243.0,2026-06
T000737,80,16.0,259.8,2026-06
T000738,80,16.0,244.4,2026-06
T000739,80,18.9,248.7,2026-06
T000740,80,3.0,242.6,2026-06
T000741,80,18.6,254.0,2026-06
T000742,80,19.2,258.8,2026-06
T000743,80,14.4,252.6,2026-06
T000744,15,19.0,108.5,2026-06
T000745,15,19.5,108.5,2026-06
T000746,15,13.4,102.4,2026-06
T000747,40,16.6,151.1,2026-06
T000748,40,10.9,138.2,2026-06
T000749,40,18.2,145.5,2026-06
T000750,40,7.8,134.2,2026-06
T000751,40,5.3,141.6,2026-06
T000752,40,1.0,128.3,2026-06
T000753,80,2.8,319.4,2026-06
T000754,80,19.2,328.8,2026-06
T000755,80,6.1,335.3,2026-06
T000756,80,11.8,325.6,2026-06
T000757,80,13.2,343.8,2026-06
T000758,80,3.5,334.1,2026-06
T000759,80,10.5,317.3,2026-06
T000760,80,2.7,324.9,2026-06
T000761,80,16.5,331.7,2026-06
T000762,80,10.7,323.1,2026-06
T000763,80,7.3,314.1,2026-06
T000764,80,24.0,360.2,2026-06
T000765,15,9.6,140.6,2026-06
T000766,15,17.3,143.3,2026-06
T000767,15,9.5,120.5,2026-06
T000768,15,2.5,115.5,2026-06
T000769,40,10.7,131.7,2026-06
T000770,40,16.3,138.2,2026-06
T000771,40,7.2,131.8,2026-06
T000772,40,33.6,151.0,2026-06
T000773,40,13.4,122.7,2026-06
T000774,40,7.4,124.8,2026-06
T000775,40,22.1,134.1,2026-06
T000776,80,6.3,238.9,2026-06
T000777,80,9.9,246.7,2026-06
T000778,80,34.1,265.3,2026-06
T000779,80,1.4,228.4,2026-06
T000780,80,1.7,231.5,2026-06
T000781,80,17.4,245.8,2026-06
T000782,80,2.4,233.6,2026-06
T000783,80,12.3,254.7,2026-06
T000784,15,15.3,109.3,2026-06
T000785,15,0.9,93.4,2026-06
T000786,40,4.6,133.7,2026-06
T000787,40,11.7,146.2,2026-06
T000788,40,18.4,145.7,2026-06
T000789,40,7.3,138.2,2026-06
T000790,80,16.6,352.8,2026-06
T000791,80,4.9,339.7,2026-06
T000792,80,15.0,334.4,2026-06
T000793,80,3.8,323.2,2026-06
T000794,80,2.8,339.0,2026-06
T000795,80,3.7,316.1,2026-06
T000796,80,2.3,338.5,2026-06
T000797,15,16.6,139.1,2026-06
T000798,15,12.7,135.7,2026-06
T000799,15,5.1,117.1,2026-06
T000800,40,16.6,143.9,2026-06
T000801,40,13.2,131.5,2026-06
T000802,40,14.6,125.7,2026-06
T000803,40,19.4,132.3,2026-06
T000804,40,4.1,113.4,2026-06
T000805,80,13.9,249.3,2026-06
T000806,80,12.9,252.5,2026-06
T000807,80,7.1,242.5,2026-06
T000808,80,16.2,243.2,2026-06
T000809,80,10.5,244.5,2026-06
T000810,15,1.1,93.1,2026-06
T000811,15,16.9,110.9,2026-06
T000812,40,16.7,153.9,2026-06
T000813,40,17.2,146.3,2026-06
T000814,40,13.0,143.0,2026-06
T000815,80,14.8,331.4,2026-06
T000816,80,6.9,338.9,2026-06
T000817,80,1.1,331.7,2026-06
T000818,80,14.4,332.4,2026-06
T000819,15,18.1,144.1,2026-06
T000820,15,14.8,144.8,2026-06
T000821,15,5.1,129.6,2026-06
T000822,15,5.9,116.9,2026-06
T000823,15,8.1,121.6,2026-06
T000824,15,7.0,123.0,2026-06
T000825,40,5.3,130.8,2026-06
T000826,40,11.7,132.7,2026-06
T000827,40,13.0,140.3,2026-06
T000828,40,13.4,133.5,2026-06
T000829,40,11.7,138.1,2026-06
T000830,40,1.1,123.9,2026-06
T000831,40,18.7,128.9,2026-06
T000832,40,3.3,119.8,2026-06
T000833,40,4.0,116.9,2026-06
T000834,40,11.2,127.7,2026-06
T000835,40,17.6,133.2,2026-06
T000836,80,5.9,248.3,2026-06
T000837,80,18.9,252.9,2026-06
T000838,80,8.6,249.6,2026-06
T000839,80,10.4,245.8,2026-06
T000840,80,8.0,243.4,2026-06
T000841,80,10.8,239.2,2026-06
T000842,80,18.2,263.4,2026-06
T000843,80,13.7,244.9,2026-06
T000844,80,10.5,241.7,2026-06
T000845,80,15.7,249.7,2026-06
T000846,15,5.8,100.8,2026-06
T000847,15,17.7,109.2,2026-06
T000848,15,19.4,112.9,2026-06
T000849,40,17.2,147.2,2026-06
T000850,40,20.0,154.5,2026-06
T000851,40,4.2,139.6,2026-06
T000852,40,19.2,153.7,2026-06
T000853,40,1.6,136.1,2026-06
T000854,40,5.9,138.6,2026-06
T000855,80,7.4,333.8,2026-06
T000856,80,3.4,332.6,2026-06
T000857,80,2.5,312.1,2026-06
T000858,80,7.1,327.9,2026-06
T000859,80,2.1,336.9,2026-06
T000860,80,15.4,323.6,2026-06
T000861,80,10.8,345.6,2026-06
T000862,80,11.4,333.6,2026-06
T000863,80,13.7,345.7,2026-06
T000864,80,5.2,326.0,2026-06
T000865,80,7.0,322.2,2026-06
T000866,80,8.3,340.3,2026-06
T000867,15,11.9,144.9,2026-06
T000868,15,14.3,139.3,2026-06
T000869,15,0.1,115.1,2026-06
T000870,15,11.9,121.9,2026-06
T000871,40,9.8,131.7,2026-06
T000872,40,12.4,135.2,2026-06
T000873,40,4.6,130.1,2026-06
T000874,40,3.0,119.5,2026-06
T000875,40,10.2,123.1,2026-06
T000876,40,16.8,126.1,2026-06
T000877,40,11.8,123.8,2026-06
T000878,80,6.2,234.6,2026-06
T000879,80,17.2,251.2,2026-06
T000880,80,10.8,250.4,2026-06
T000881,80,15.6,248.2,2026-06
T000882,80,20.0,251.2,2026-06
T000883,80,17.5,245.9,2026-06
T000884,80,18.5,256.7,2026-06
T000885,15,6.2,101.7,2026-06
T000886,15,13.3,103.3,2026-06
T000887,40,16.0,146.9,2026-06
T000888,40,17.1,145.3,2026-06
T000889,40,7.0,141.5,2026-06
T000890,40,4.4,129.9,2026-06
T000891,80,11.8,332.6,2026-06
T000892,80,9.6,330.4,2026-06
T000893,80,12.0,325.8,2026-06
T000894,80,16.3,337.1,2026-06
T000895,80,10.6,325.8,2026-06
T000896,80,12.4,345.8,2026-06
T000897,80,14.9,334.3,2026-06
T000898,80,12.5,324.9,2026-06
T000899,15,14.0,141.0,2026-06
T000900,15,3.1,123.6,2026-06
T000901,15,10.2,124.7,2026-06
T000902,40,8.4,128.5,2026-06
T000903,40,1.3,120.5,2026-06
T000904,40,0.9,112.9,2026-06
T000905,40,2.2,111.5,2026-06
T000906,40,11.2,128.6,2026-06
T000907,80,7.7,252.9,2026-06
T000908,80,7.6,237.4,2026-06
T000909,80,3.6,250.2,2026-06
T000910,80,10.3,237.3,2026-06
T000911,80,9.0,248.6,2026-06
T000912,80,8.5,243.9,2026-06
T000913,15,14.3,106.3,2026-06
T000914,15,5.8,93.3,2026-06
T000915,40,1.7,129.9,2026-06
T000916,40,16.9,153.2,2026-06
T000917,40,0.3,136.6,2026-06
T000918,80,4.4,312.6,2026-06
T000919,80,10.8,334.4,2026-06
T000920,80,14.0,330.6,2026-06
T000921,80,2.2,320.2,2026-06
T000922,15,17.6,144.1,2026-06
T000923,15,8.5,133.0,2026-06
T000924,15,4.0,124.5,2026-06
T000925,15,18.5,126.5,2026-06
T000926,15,1.6,117.6,2026-06
T000927,15,13.3,123.8,2026-06
T000928,40,7.8,135.1,2026-06
T000929,40,13.1,131.4,2026-06
T000930,40,12.6,138.1,2026-06
T000931,40,18.2,142.8,2026-06
T000932,40,14.3,138.9,2026-06
T000933,40,13.2,132.4,2026-06
T000934,40,8.2,116.6,2026-06
T000935,40,19.2,135.7,2026-06
T000936,40,17.5,133.1,2026-06
T000937,40,15.3,127.3,2026-06
T000938,40,0.5,115.2,2026-06
T000939,40,12.9,124.0,2026-06
T000940,80,18.1,256.3,2026-06
T000941,80,5.0,243.2,2026-06
T000942,80,7.2,251.0,2026-06
T000943,80,19.4,254.8,2026-06
T000944,80,15.4,246.6,2026-06
T000945,80,6.2,245.8,2026-06
T000946,80,16.1,244.5,2026-06
T000947,80,15.5,255.1,2026-06
T000948,80,18.7,259.7,2026-06
T000949,80,13.8,259.0,2026-06
T000950,80,16.1,259.9,2026-06
T000951,15,9.8,102.8,2026-06
T000952,15,17.7,105.2,2026-06
T000953,15,4.9,96.9,2026-06
T000954,40,19.1,151.8,2026-06
T000955,40,9.0,137.2,2026-06
T000956,40,12.1,137.6,2026-06
T000957,40,12.4,141.5,2026-06
T000958,40,14.7,151.0,2026-06
T000959,40,0.9,130.0,2026-06
T000960,80,19.0,345.4,2026-06
T000961,80,13.2,329.8,2026-06
T000962,80,28.1,340.5,2026-06
T000963,80,18.7,338.1,2026-06
T000964,80,15.7,347.7,2026-06
T000965,80,16.5,345.7,2026-06
T000966,80,10.0,328.0,2026-06
T000967,80,3.5,325.7,2026-06
T000968,80,14.0,320.8,2026-06
T000969,80,13.9,334.7,2026-06
T000970,80,16.4,351.2,2026-06
T000971,80,14.7,336.9,2026-06
T000972,15,4.8,135.8,2026-06
T000973,15,13.1,145.1,2026-06
T000974,15,5.4,122.9,2026-06
T000975,15,0.3,108.8,2026-06
T000976,40,4.5,130.0,2026-06
T000977,40,9.0,126.4,2026-06
T000978,40,13.1,134.1,2026-06
T000979,40,7.6,118.7,2026-06
T000980,40,10.0,126.5,2026-06
T000981,40,12.7,125.6,2026-06
T000982,40,4.3,116.3,2026-06
T000983,80,15.0,249.0,2026-06
T000984,80,19.2,249.0,2026-06
T000985,80,10.3,244.3,2026-06
T000986,80,15.9,255.5,2026-06
T000987,80,10.9,254.7,2026-06
T000988,80,15.5,242.5,2026-06
T000989,80,20.8,260.4,2026-06
T000990,15,10.7,101.7,2026-06
T000991,15,3.3,89.8,2026-06
T000992,40,0.8,129.9,2026-06
T000993,40,1.3,135.8,2026-06
T000994,40,10.8,140.8,2026-06
T000995,40,1.2,128.5,2026-06
T000996,80,11.1,324.9,2026-06
T000997,80,16.6,350.0,2026-06
T000998,80,13.8,331.8,2026-06
T000999,80,14.8,342.6,2026-06
T001000,80,10.6,335.6,2026-06
T001001,80,17.6,341.2,2026-06
T001002,80,1.2,333.2,2026-06
T001003,80,0.5,338.1,2026-06
T001004,80,18.4,344.8,2026-06
T001005,15,17.8,145.3,2026-06
T001006,15,6.4,139.4,2026-06
T001007,15,12.7,123.2,2026-06
T001008,40,17.0,142.5,2026-06
T001009,40,5.4,128.2,2026-06
T001010,40,16.1,132.6,2026-06
T001011,40,8.3,118.5,2026-06
T001012,40,7.2,118.3,2026-06
T001013,80,13.3,245.9,2026-06
T001014,80,19.2,257.4,2026-06
T001015,80,2.9,243.9,2026-06
T001016,80,0.2,237.0,2026-06
T001017,80,15.2,252.0,2026-06
T001018,80,0.9,244.7,2026-06
T001019,15,11.4,97.9,2026-06
T001020,15,19.8,112.3,2026-06
T001021,40,12.8,143.7,2026-06
T001022,40,14.2,146.0,2026-06
T001023,80,10.1,330.9,2026-06
T001024,80,7.2,319.6,2026-06
T001025,80,16.6,347.2,2026-06
T001026,80,7.1,315.3,2026-06
T001027,15,9.5,134.5,2026-06
T001028,15,5.4,138.9,2026-06
T001029,15,0.5,120.0,2026-06
T001030,15,9.4,115.4,2026-06
T001031,15,3.5,117.0,2026-06
T001032,15,2.1,112.1,2026-06
T001033,40,14.6,133.8,2026-06
T001034,40,0.2,126.6,2026-06
T001035,40,7.7,127.8,2026-06
T001036,40,7.7,130.5,2026-06
T001037,40,4.8,130.3,2026-06
T001038,40,6.6,129.4,2026-06
T001039,40,5.9,120.6,2026-06
T001040,40,3.3,117.1,2026-06
T001041,40,19.5,129.7,2026-06
T001042,40,5.1,117.1,2026-06
T001043,40,5.1,114.4,2026-06
T001044,40,5.9,116.1,2026-06
T001045,80,9.2,255.8,2026-06
T001046,80,5.0,247.4,2026-06
T001047,80,0.6,244.4,2026-06
T001048,80,3.6,240.4,2026-06
T001049,80,6.6,236.4,2026-06
T001050,80,3.3,248.5,2026-06
T001051,80,15.9,242.9,2026-06
T001052,80,5.4,249.2,2026-06
T001053,80,15.4,242.4,2026-06
T001054,80,11.8,243.0,2026-06
T001055,80,16.7,253.5,2026-06
T001056,15,1.3,91.3,2026-06
T001057,15,34.3,122.8,2026-06
T001058,15,15.4,102.4,2026-06
T001059,40,12.8,141.9,2026-06
T001060,40,19.3,155.6,2026-06
T001061,40,16.9,149.6,2026-06
T001062,40,0.5,126.9,2026-06
T001063,40,4.5,131.8,2026-06
T001064,40,13.8,148.3,2026-06
T001065,80,12.4,333.2,2026-06
T001066,80,7.2,328.0,2026-06
T001067,80,10.8,333.0,2026-06
T001068,80,8.9,333.9,2026-06
T001069,80,12.9,339.3,2026-06
T001070,80,17.5,352.3,2026-06
T001071,80,1.0,337.2,2026-06
T001072,80,9.9,334.9,2026-06
T001073,80,1.7,314.1,2026-06
T001074,80,12.6,340.4,2026-06
T001075,80,16.3,341.3,2026-06
T001076,80,8.6,322.4,2026-06
T001077,15,18.6,141.1,2026-06
T001078,15,19.2,141.2,2026-06
T001079,15,12.0,125.0,2026-06
T001080,15,6.7,123.2,2026-06
T001081,40,10.0,130.1,2026-06
T001082,40,3.0,129.4,2026-06
T001083,40,9.6,127.0,2026-06
T001084,40,2.5,119.9,2026-06
T001085,40,18.8,129.0,2026-06
T001086,40,14.6,127.5,2026-06
T001087,40,11.6,124.5,2026-06
T001088,80,0.0,236.8,2026-06
T001089,80,12.1,239.1,2026-06
T001090,80,9.0,241.6,2026-06
T001091,80,0.7,237.5,2026-06
T001092,80,7.4,242.8,2026-06
T001093,80,15.2,249.2,2026-06
T001094,80,15.1,251.9,2026-06
T001095,15,2.8,91.8,2026-06
T001096,15,6.0,95.5,2026-06
T001097,40,23.3,149.7,2026-06
T001098,40,2.3,136.8,2026-06
T001099,40,0.0,133.6,2026-06
T001100,40,6.9,140.5,2026-06
T001101,80,4.2,330.6,2026-06
T001102,80,13.1,325.5,2026-06
T001103,80,12.9,347.7,2026-06
T001104,80,8.5,326.5,2026-06
T001105,80,6.7,341.5,2026-06
T001106,80,14.2,332.2,2026-06
T001107,80,15.3,338.9,2026-06
T001108,80,17.9,324.7,2026-06
T001109,80,9.0,342.4,2026-06
T001110,15,18.4,141.9,2026-06
T001111,15,19.7,145.2,2026-06
T001112,15,16.1,125.6,2026-06
T001113,40,14.0,132.3,2026-06
T001114,40,0.1,124.7,2026-06
T001115,40,18.2,128.4,2026-06
T001116,40,5.6,115.8,2026-06
T001117,40,12.8,127.5,2026-06
T001118,80,2.3,247.5,2026-06
T001119,80,1.3,231.1,2026-06
T001120,80,11.9,240.3,2026-06
T001121,80,15.2,245.0,2026-06
T001122,80,8.6,249.6,2026-06
T001123,15,19.2,106.2,2026-06
T001124,15,6.1,99.6,2026-06
T001125,40,5.0,131.4,2026-06
T001126,40,10.2,137.5,2026-06
T001127,80,2.3,314.7,2026-06
T001128,80,17.6,341.2,2026-06
T001129,80,18.6,342.2,2026-06
T001130,80,17.4,342.4,2026-06
T001131,15,12.1,139.6,2026-06
T001132,15,5.5,131.0,2026-06
T001133,15,13.7,146.7,2026-06
T001134,15,5.1,122.1,2026-06
T001135,15,3.2,116.7,2026-06
T001136,15,19.2,134.2,2026-06
T001137,40,5.7,132.1,2026-06
T001138,40,7.1,132.6,2026-06
T001139,40,10.5,136.9,2026-06
T001140,40,6.3,131.8,2026-06
T001141,40,7.9,128.0,2026-06
T001142,40,9.2,132.9,2026-06
T001143,40,1.1,112.2,2026-06
T001144,40,1.5,109.9,2026-06
T001145,40,0.4,116.0,2026-06
T001146,40,17.5,128.6,2026-06
T001147,40,15.7,132.2,2026-06
T001148,80,8.7,249.7,2026-06
T001149,80,1.2,231.0,2026-06
T001150,80,17.2,261.0,2026-06
T001151,80,19.2,264.4,2026-06
T001152,80,19.0,258.6,2026-06
T001153,80,2.5,237.9,2026-06
T001154,80,18.3,263.5,2026-06
T001155,80,13.9,240.9,2026-06
T001156,80,12.4,259.0,2026-06
T001157,80,19.5,250.7,2026-06
T001158,80,10.2,245.6,2026-06
T001159,15,8.4,99.4,2026-06
T001160,15,3.5,99.5,2026-06
T001161,15,4.2,91.2,2026-06
T001162,40,6.9,136.0,2026-06
T001163,40,10.8,140.8,2026-06
T001164,40,11.1,139.3,2026-06
T001165,40,5.7,136.6,2026-06
T001166,40,17.2,150.8,2026-06
T001167,40,18.0,153.4,2026-06
T001168,80,10.2,339.4,2026-06
T001169,80,11.6,333.8,2026-06
T001170,80,7.3,323.9,2026-06
T001171,80,5.3,317.7,2026-06
T001172,80,15.0,334.4,2026-06
T001173,80,6.4,328.6,2026-06
T001174,80,0.5,307.3,2026-06
T001175,80,15.4,322.2,2026-06
T001176,80,13.0,340.8,2026-06
T001177,80,9.0,343.8,2026-06
T001178,80,9.6,324.8,2026-06
T001179,15,9.4,139.4,2026-06
T001180,15,5.6,128.1,2026-06
T001181,15,12.3,123.8,2026-06
T001182,15,13.0,125.5,2026-06
T001183,40,18.8,143.4,2026-06
T001184,40,1.1,126.6,2026-06
T001185,40,16.1,135.3,2026-06
T001186,40,8.3,121.2,2026-06
T001187,40,1.7,115.5,2026-06
T001188,40,10.8,121.9,2026-06
T001189,40,24.4,141.8,2026-06
T001190,80,12.7,256.5,2026-06
T001191,80,8.4,248.0,2026-06
T001192,80,14.8,253.0,2026-06
T001193,80,15.2,250.6,2026-06
T001194,80,13.7,251.9,2026-06
T001195,80,5.3,243.5,2026-06
T001196,80,7.5,242.9,2026-06
T001197,80,12.3,250.5,2026-06
T001198,15,5.9,96.9,2026-06
T001199,15,30.7,118.2,2026-06
T001200,40,19.1,144.6,2026-06
T001201,40,18.7,154.1,2026-06
T001202,40,6.4,132.8,2026-06
T001203,40,17.3,154.5,2026-06
T001204,80,12.6,320.8,2026-06
T001205,80,6.5,317.5,2026-06
T001206,80,3.8,330.2,2026-06
T001207,80,24.0,360.2,2026-06
T001208,80,15.3,350.1,2026-06
T001209,80,3.4,320.0,2026-06
T001210,80,17.6,351.0,2026-06
T001211,80,18.5,330.9,2026-06
T001212,15,8.7,134.7,2026-06
T001213,15,9.0,129.0,2026-06
T001214,15,32.9,142.9,2026-06
T001215,40,18.6,139.6,2026-06
T001216,40,9.8,130.8,2026-06
T001217,40,4.9,117.8,2026-06
T001218,40,4.9,118.7,2026-06
T001219,40,11.1,123.1,2026-06
T001220,80,14.8,246.0,2026-06
T001221,80,8.3,245.1,2026-06
T001222,80,3.6,236.2,2026-06
T001223,80,17.2,251.2,2026-06
T001224,80,8.7,246.9,2026-06
T001225,15,8.6,95.1,2026-06
T001226,15,3.9,90.4,2026-06
T001227,40,6.5,141.9,2026-06
T001228,40,1.5,132.4,2026-06
T001229,40,12.0,141.1,2026-06
T001230,80,10.4,343.8,2026-06
T001231,80,5.6,319.4,2026-06
T001232,80,2.5,316.3,2026-06
T001233,80,10.7,337.1,2026-06
T001234,15,19.0,143.0,2026-06
T001235,15,17.7,150.7,2026-06
T001236,15,12.4,142.9,2026-06
T001237,15,3.0,113.0,2026-06
T001238,15,10.2,126.2,2026-06
T001239,15,8.9,121.9,2026-06
T001240,40,11.1,131.2,2026-06
T001241,40,9.2,126.6,2026-06
T001242,40,11.9,132.9,2026-06
T001243,40,14.3,134.4,2026-06
T001244,40,4.2,131.5,2026-06
T001245,40,33.0,145.0,2026-06
T001246,40,7.6,121.4,2026-06
T001247,40,7.9,119.0,2026-06
T001248,40,18.6,128.8,2026-06
T001249,40,20.8,133.7,2026-06
T001250,40,5.3,116.4,2026-06
T001251,80,16.1,250.1,2026-06
T001252,80,4.7,247.1,2026-06
T001253,80,31.7,261.5,2026-06
T001254,80,17.2,256.8,2026-06
T001255,80,4.8,250.0,2026-06
T001256,80,18.6,245.6,2026-06
T001257,80,19.7,248.1,2026-06
T001258,80,1.4,246.6,2026-06
T001259,80,17.0,253.8,2026-06
T001260,80,2.8,229.8,2026-06
T001261,80,16.3,255.9,2026-06
T001262,15,28.6,122.6,2026-06
T001263,15,5.3,95.8,2026-06
T001264,15,5.3,98.8,2026-06
T001265,40,14.7,150.1,2026-06
T001266,40,8.5,144.8,2026-06
T001267,40,19.3,151.1,2026-06
T001268,40,9.3,137.5,2026-06
T001269,40,14.2,143.3,2026-06
T001270,40,13.2,147.7,2026-06
T001271,80,0.7,310.3,2026-06
T001272,80,11.0,343.0,2026-06
T001273,80,3.4,328.4,2026-06
T001274,80,14.3,337.9,2026-06
T001275,80,18.0,333.2,2026-06
T001276,80,1.1,314.9,2026-06
T001277,80,13.4,344.0,2026-06
T001278,80,3.9,335.9,2026-06
T001279,80,6.0,343.6,2026-06
T001280,80,27.9,361.3,2026-06
T001281,80,18.9,341.1,2026-06
T001282,80,16.2,328.6,2026-06
T001283,15,15.7,142.7,2026-06
T001284,15,28.0,155.0,2026-06
T001285,15,9.2,115.2,2026-06
T001286,15,14.2,120.2,2026-06
T001287,40,10.4,129.6,2026-06
T001288,40,5.6,127.5,2026-06
T001289,40,10.2,132.1,2026-06
T001290,40,26.0,139.8,2026-06
T001291,40,7.4,119.4,2026-06
T001292,40,1.9,119.3,2026-06
T001293,40,16.5,130.3,2026-06
T001294,80,14.4,258.2,2026-06
T001295,80,10.5,254.3,2026-06
T001296,80,18.0,256.2,2026-06
T001297,80,4.5,237.1,2026-06
T001298,80,15.1,250.5,2026-06
T001299,80,3.2,247.0,2026-06
T001300,80,2.6,243.6,2026-06
T001301,80,8.0,246.2,2026-06
T001302,15,9.9,97.9,2026-06
T001303,15,5.1,93.1,2026-06
T001304,40,19.3,153.8,2026-06
T001305,40,8.0,137.1,2026-06
T001306,40,15.5,146.4,2026-06
T001307,40,2.6,130.8,2026-06
T001308,40,12.4,148.7,2026-06
T001309,80,0.8,320.2,2026-06
T001310,80,10.1,321.1,2026-06
T001311,80,1.3,312.3,2026-06
T001312,80,15.9,328.3,2026-06
T001313,80,3.5,332.7,2026-06
T001314,80,4.6,325.4,2026-06
T001315,80,16.1,338.3,2026-06
T001316,80,19.1,337.1,2026-06
T001317,15,12.6,133.1,2026-06
T001318,15,19.8,144.8,2026-06
T001319,15,0.1,107.1,2026-06
T001320,40,7.9,125.3,2026-06
T001321,40,0.3,118.6,2026-06
T001322,40,14.6,126.6,2026-06
T001323,40,18.7,129.8,2026-06
T001324,40,16.4,125.7,2026-06
T001325,80,9.8,255.0,2026-06
T001326,80,15.0,253.2,2026-06
T001327,80,11.0,240.8,2026-06
T001328,80,14.4,254.0,2026-06
T001329,80,1.3,229.7,2026-06
T001330,15,12.3,107.3,2026-06
T001331,15,9.8,100.8,2026-06
T001332,40,5.2,136.1,2026-06
T001333,40,10.5,140.5,2026-06
T001334,80,2.1,322.9,2026-06
T001335,80,12.5,338.9,2026-06
T001336,80,3.1,322.5,2026-06
T001337,80,13.7,345.7,2026-06
T001338,15,3.4,132.4,2026-06
T001339,15,1.5,130.5,2026-06
T001340,15,17.4,149.4,2026-06
T001341,15,15.6,127.1,2026-06
T001342,15,17.3,127.3,2026-06
T001343,15,19.5,130.5,2026-06
T001344,40,5.9,129.6,2026-06
T001345,40,3.3,130.6,2026-06
T001346,40,19.1,140.1,2026-06
T001347,40,17.0,141.6,2026-06
T001348,40,10.6,132.5,2026-06
T001349,40,8.9,129.9,2026-06
T001350,40,16.1,133.5,2026-06
T001351,40,6.0,121.6,2026-06
T001352,40,15.7,128.6,2026-06
T001353,40,12.9,122.2,2026-06
T001354,40,15.7,124.1,2026-06
T001355,40,5.7,123.1,2026-06
T001356,80,15.6,248.2,2026-06
T001357,80,1.5,234.1,2026-06
T001358,80,12.8,251.0,2026-06
T001359,80,11.5,251.1,2026-06
T001360,80,13.6,258.8,2026-06
T001361,80,2.1,230.5,2026-06
T001362,80,3.5,250.1,2026-06
T001363,80,8.6,237.0,2026-06
T001364,80,10.7,246.1,2026-06
T001365,80,7.0,241.0,2026-06
T001366,80,15.2,256.2,2026-06
T001367,15,13.2,104.2,2026-06
T001368,15,21.3,115.8,2026-06
T001369,15,8.9,99.9,2026-06
T001370,40,2.9,137.4,2026-06
T001371,40,14.3,147.9,2026-06
T001372,40,5.9,133.2,2026-06
T001373,40,10.0,142.7,2026-06
T001374,40,12.7,143.6,2026-06
T001375,40,4.8,131.2,2026-06
T001376,80,3.2,322.6,2026-06
T001377,80,18.6,335.2,2026-06
T001378,80,11.3,340.5,2026-06
T001379,80,8.2,334.6,2026-06
T001380,80,13.5,346.9,2026-06
T001381,80,28.0,337.6,2026-06
T001382,80,18.7,342.3,2026-06
T001383,80,7.7,314.5,2026-06
T001384,80,32.6,367.4,2026-06
T001385,80,7.7,314.5,2026-06
T001386,80,19.4,350.0,2026-06
T001387,80,19.4,351.4,2026-06
T001388,15,6.1,126.6,2026-06
T001389,15,12.1,144.1,2026-06
T001390,15,17.7,132.7,2026-06
T001391,15,4.9,116.9,2026-06
T001392,40,7.6,133.1,2026-06
T001393,40,2.4,127.0,2026-06
T001394,40,12.3,130.6,2026-06
T001395,40,15.6,125.8,2026-06
T001396,40,26.4,139.3,2026-06
T001397,40,10.0,121.1,2026-06
T001398,40,16.1,131.7,2026-06
T001399,80,10.6,251.6,2026-06
T001400,80,18.0,252.0,2026-06
T001401,80,16.8,253.6,2026-06
T001402,80,11.1,249.3,2026-06
T001403,80,4.6,240.0,2026-06
T001404,80,4.0,236.6,2026-06
T001405,80,9.5,242.1,2026-06
T001406,15,17.2,109.2,2026-06
T001407,15,1.4,91.9,2026-06
T001408,40,7.9,139.7,2026-06
T001409,40,6.4,135.5,2026-06
T001410,40,4.0,134.0,2026-06
T001411,40,7.7,134.1,2026-06
T001412,40,1.3,134.9,2026-06
T001413,80,1.7,309.9,2026-06
T001414,80,7.4,326.8,2026-06
T001415,80,8.3,336.1,2026-06
T001416,80,12.9,332.3,2026-06
T001417,80,18.1,351.5,2026-06
T001418,80,13.9,333.3,2026-06
T001419,80,15.5,350.3,2026-06
T001420,80,3.1,322.5,2026-06
T001421,80,17.2,326.8,2026-06
T001422,15,19.2,145.2,2026-06
T001423,15,3.7,123.7,2026-06
T001424,15,9.8,120.8,2026-06
T001425,40,16.5,138.4,2026-06
T001426,40,1.7,121.8,2026-06
T001427,40,8.5,122.3,2026-06
T001428,40,15.3,124.6,2026-06
T001429,40,10.6,126.2,2026-06
T001430,80,15.5,248.1,2026-06
T001431,80,15.1,254.7,2026-06
T001432,80,4.2,249.4,2026-06
T001433,80,12.6,243.8,2026-06
T001434,80,5.8,235.6,2026-06
T001435,80,9.1,243.1,2026-06
T001436,15,7.3,95.8,2026-06
T001437,15,12.9,108.9,2026-06
T001438,40,1.2,131.2,2026-06
T001439,40,3.1,138.5,2026-06
T001440,40,5.2,132.5,2026-06
T001441,80,10.0,337.8,2026-06
T001442,80,15.2,338.8,2026-06
T001443,80,2.1,314.5,2026-06
T001444,80,20.4,356.6,2026-06
T001445,15,10.7,143.2,2026-06
T001446,15,17.3,148.8,2026-06
T001447,15,13.2,145.2,2026-06
T001448,15,17.0,129.5,2026-06
T001449,15,1.9,111.9,2026-06
T001450,15,11.9,122.9,2026-06
T001451,40,12.8,130.2,2026-06
T001452,40,6.5,124.8,2026-06
T001453,40,8.5,130.4,2026-06
T001454,40,16.5,138.4,2026-06
T001455,40,13.6,135.5,2026-06
T001456,40,0.9,118.3,2026-06
T001457,40,12.1,125.0,2026-06
T001458,40,13.6,130.1,2026-06
T001459,40,0.7,117.2,2026-06
T001460,40,15.1,131.6,2026-06
T001461,40,12.6,126.4,2026-06
T001462,40,12.5,120.9,2026-06
T001463,80,13.4,240.4,2026-06
T001464,80,1.7,231.5,2026-06
T001465,80,18.5,245.5,2026-06
T001466,80,17.6,244.6,2026-06
T001467,80,14.1,257.9,2026-06
T001468,80,8.9,249.9,2026-06
T001469,80,5.9,245.5,2026-06
T001470,80,19.2,258.8,2026-06
T001471,80,17.5,247.3,2026-06
T001472,80,18.5,258.1,2026-06
T001473,80,0.0,242.4,2026-06
T001474,15,10.7,101.2,2026-06
T001475,15,18.4,107.4,2026-06
T001476,15,19.2,115.2,2026-06
T001477,40,19.7,147.9,2026-06
T001478,40,9.3,139.3,2026-06
T001479,40,12.4,140.6,2026-06
T001480,40,2.5,134.3,2026-06
T001481,40,3.9,133.9,2026-06
T001482,40,15.9,149.5,2026-06
T001483,80,7.0,318.0,2026-06
T001484,80,15.6,347.6,2026-06
T001485,80,13.4,349.6,2026-06
T001486,80,5.4,322.0,2026-06
T001487,80,9.4,340.0,2026-06
T001488,80,10.3,328.3,2026-06
T001489,80,5.5,315.1,2026-06
T001490,80,10.7,325.9,2026-06
T001491,80,10.0,328.0,2026-06
T001492,80,13.3,343.9,2026-06
T001493,80,7.9,341.3,2026-06
T001494,15,9.6,132.1,2026-06
T001495,15,12.7,139.2,2026-06
T001496,15,6.6,121.6,2026-06
T001497,15,3.7,119.7,2026-06
T001498,40,2.1,120.4,2026-06
T001499,40,5.8,131.3,2026-06
T001500,40,11.8,137.3,2026-06
T001501,40,18.1,140.9,2026-06
T001502,40,18.5,127.8,2026-06
T001503,40,12.0,123.1,2026-06
T001504,40,5.7,117.7,2026-06
T001505,40,0.1,109.4,2026-06
T001506,80,9.3,240.5,2026-06
T001507,80,9.3,236.3,2026-06
T001508,80,13.8,240.8,2026-06
T001509,80,15.5,250.9,2026-06
T001510,80,3.8,239.2,2026-06
T001511,80,15.4,250.8,2026-06
T001512,80,0.4,227.4,2026-06
T001513,80,5.7,243.9,2026-06
T001514,15,19.2,113.2,2026-06
T001515,15,7.2,99.2,2026-06
T001516,40,16.9,148.7,2026-06
T001517,40,16.2,149.8,2026-06
T001518,40,19.9,150.8,2026-06
T001519,40,12.7,142.7,2026-06
T001520,80,14.7,349.5,2026-06
T001521,80,14.6,331.2,2026-06
T001522,80,6.8,324.8,2026-06
T001523,80,10.3,336.7,2026-06
T001524,80,12.4,334.6,2026-06
T001525,80,1.7,328.1,2026-06
T001526,80,15.4,334.8,2026-06
T001527,80,18.6,354.8,2026-06
T001528,15,6.6,131.1,2026-06
T001529,15,8.5,134.0,2026-06
T001530,15,8.6,124.6,2026-06
T001531,40,12.4,129.8,2026-06
T001532,40,31.6,152.6,2026-06
T001533,40,6.2,119.1,2026-06
T001534,40,21.4,135.2,2026-06
T001535,40,3.9,112.3,2026-06
T001536,80,15.9,242.9,2026-06
T001537,80,13.3,255.7,2026-06
T001538,80,30.7,267.5,2026-06
T001539,80,18.9,251.5,2026-06
T001540,80,8.8,237.2,2026-06
T001541,15,7.0,95.5,2026-06
T001542,15,3.0,90.5,2026-06
T001543,40,11.6,139.8,2026-06
T001544,40,19.8,156.1,2026-06
T001545,40,2.2,132.2,2026-06
T001546,80,14.1,350.3,2026-06
T001547,80,18.4,335.0,2026-06
T001548,80,15.7,336.5,2026-06
T001549,80,15.9,339.5,2026-06
T001550,15,6.5,126.5,2026-06
T001551,15,8.3,141.3,2026-06
T001552,15,5.3,137.8,2026-06
T001553,15,11.5,119.5,2026-06
T001554,15,16.1,124.6,2026-06
T001555,15,1.3,107.3,2026-06
T001556,40,7.0,132.5,2026-06
T001557,40,19.2,146.5,2026-06
T001558,40,17.4,141.1,2026-06
T001559,40,14.6,137.4,2026-06
T001560,40,3.5,123.6,2026-06
T001561,40,5.3,113.7,2026-06
T001562,40,15.7,131.3,2026-06
T001563,40,13.8,130.3,2026-06
T001564,40,16.8,129.7,2026-06
T001565,40,14.1,128.8,2026-06
T001566,80,13.8,253.4,2026-06
T001567,80,18.2,262.0,2026-06
T001568,80,0.4,241.4,2026-06
T001569,80,21.3,253.9,2026-06
T001570,80,4.6,248.4,2026-06
T001571,80,5.4,245.0,2026-06
T001572,80,14.1,241.1,2026-06
T001573,80,6.0,240.0,2026-06
T001574,80,13.7,246.3,2026-06
T001575,80,1.0,247.6,2026-06
T001576,80,14.5,259.7,2026-06
T001577,15,5.0,99.5,2026-06
T001578,15,23.4,115.9,2026-06
T001579,15,14.7,103.2,2026-06
T001580,40,9.2,142.8,2026-06
T001581,40,19.5,146.8,2026-06
T001582,40,18.1,145.4,2026-06
T001583,40,15.2,142.5,2026-06
T001584,40,10.7,147.0,2026-06
T001585,40,26.4,152.8,2026-06
T001586,40,15.7,144.8,2026-06
T001587,80,5.3,335.9,2026-06
T001588,80,18.5,336.5,2026-06
T001589,80,12.0,332.8,2026-06
T001590,80,8.9,331.1,2026-06
T001591,80,15.9,346.5,2026-06
T001592,80,16.5,324.7,2026-06
T001593,80,10.8,335.8,2026-06
T001594,80,11.3,337.7,2026-06
T001595,80,18.6,340.8,2026-06
T001596,80,15.7,344.9,2026-06
T001597,80,15.9,347.9,2026-06
T001598,80,18.7,347.9,2026-06
T001599,15,5.5,135.0,2026-06
T001600,15,28.3,152.8,2026-06
T001601,15,3.7,119.2,2026-06
T001602,15,1.1,114.1,2026-06
T001603,40,0.4,121.4,2026-06
T001604,40,19.4,139.5,2026-06
T001605,40,9.0,132.7,2026-06
T001606,40,14.3,123.6,2026-06
T001607,40,10.1,126.6,2026-06
T001608,40,15.7,132.2,2026-06
T001609,80,6.8,233.8,2026-06
T001610,80,2.2,239.0,2026-06
T001611,80,19.8,252.4,2026-06
T001612,80,11.8,241.6,2026-06
T001613,80,17.0,259.4,2026-06
T001614,80,6.8,253.4,2026-06
T001615,80,17.4,261.2,2026-06
T001616,15,8.1,101.6,2026-06
T001617,15,15.9,104.9,2026-06
T001618,40,7.7,140.4,2026-06
T001619,40,13.2,143.2,2026-06
T001620,40,7.9,145.1,2026-06
T001621,40,13.1,145.8,2026-06
T001622,80,17.0,328.0,2026-06
T001623,80,3.0,314.0,2026-06
T001624,80,17.9,338.7,2026-06
T001625,80,11.5,325.3,2026-06
T001626,80,6.7,328.9,2026-06
T001627,80,15.7,322.5,2026-06
T001628,80,13.5,335.7,2026-06
T001629,80,6.5,323.1,2026-06
T001630,15,1.4,133.4,2026-06
T001631,15,14.9,144.9,2026-06
T001632,15,17.6,131.1,2026-06
T001633,40,15.8,141.3,2026-06
T001634,40,1.3,127.7,2026-06
T001635,40,17.2,131.9,2026-06
T001636,40,17.5,134.9,2026-06
T001637,40,5.7,118.6,2026-06
T001638,80,5.9,242.7,2026-06
T001639,80,29.6,256.6,2026-06
T001640,80,14.7,255.7,2026-06
T001641,80,19.6,248.0,2026-06
T001642,80,6.9,243.7,2026-06
T001643,15,5.0,94.0,2026-06
T001644,15,5.2,94.2,2026-06
T001645,40,4.8,137.5,2026-06
T001646,40,13.2,141.4,2026-06
T001647,40,14.4,149.8,2026-06
T001648,80,18.4,347.6,2026-06
T001649,80,4.5,316.9,2026-06
T001650,80,15.4,329.2,2026-06
T001651,80,2.9,319.5,2026-06
T001652,15,17.2,145.7,2026-06
T001653,15,8.9,128.9,2026-06
T001654,15,19.7,147.7,2026-06
T001655,15,0.6,108.1,2026-06
T001656,15,10.2,120.7,2026-06
T001657,15,1.9,107.9,2026-06
T001658,40,4.5,123.7,2026-06
T001659,40,1.1,120.3,2026-06
T001660,40,2.9,125.7,2026-06
T001661,40,12.3,137.8,2026-06
T001662,40,19.5,144.1,2026-06
T001663,40,6.7,129.5,2026-06
T001664,40,9.0,125.5,2026-06
T001665,40,6.0,123.4,2026-06
T001666,40,4.6,120.2,2026-06
T001667,40,19.3,136.7,2026-06
T001668,40,10.0,125.6,2026-06
T001669,40,16.4,129.3,2026-06
T001670,80,3.2,230.2,2026-06
T001671,80,14.4,248.4,2026-06
T001672,80,2.1,247.3,2026-06
T001673,80,16.6,256.2,2026-06
T001674,80,2.9,249.5,2026-06
T001675,80,14.8,257.2,2026-06
T001676,80,11.6,247.0,2026-06
T001677,80,7.7,240.3,2026-06
T001678,80,18.6,261.0,2026-06
T001679,80,26.1,253.1,2026-06
T001680,80,3.4,238.8,2026-06
T001681,15,5.8,93.3,2026-06
T001682,15,1.7,97.2,2026-06
T001683,15,11.5,107.5,2026-06
T001684,40,5.7,133.9,2026-06
T001685,40,8.7,135.1,2026-06
T001686,40,15.2,142.5,2026-06
T001687,40,15.1,148.7,2026-06
T001688,40,11.7,148.9,2026-06
T001689,40,4.5,130.9,2026-06
T001690,80,4.5,316.9,2026-06
T001691,80,9.6,322.0,2026-06
T001692,80,19.8,328.0,2026-06
T001693,80,25.7,335.3,2026-06
T001694,80,1.8,315.6,2026-06
T001695,80,18.8,331.2,2026-06
T001696,80,14.4,329.6,2026-06
T001697,80,19.0,351.0,2026-06
T001698,80,20.2,332.6,2026-06
T001699,80,9.1,331.3,2026-06
T001700,80,4.7,326.9,2026-06
T001701,15,2.3,130.8,2026-06
T001702,15,8.2,137.7,2026-06
T001703,15,33.4,147.9,2026-06
T001704,15,18.2,131.2,2026-06
T001705,40,16.8,136.9,2026-06
T001706,40,5.8,124.1,2026-06
T001707,40,14.1,140.5,2026-06
T001708,40,2.0,112.2,2026-06
T001709,40,8.9,119.1,2026-06
T001710,40,6.4,117.5,2026-06
T001711,40,6.0,123.4,2026-06
T001712,80,6.9,233.9,2026-06
T001713,80,1.1,235.1,2026-06
T001714,80,1.5,243.9,2026-06
T001715,80,15.7,256.7,2026-06
T001716,80,18.6,255.4,2026-06
T001717,80,4.0,238.0,2026-06
T001718,80,6.7,249.1,2026-06
T001719,15,4.3,93.8,2026-06
T001720,15,10.9,104.4,2026-06
T001721,40,11.4,146.8,2026-06
T001722,40,4.6,141.8,2026-06
T001723,40,1.1,130.2,2026-06
T001724,40,14.0,144.0,2026-06
T001725,80,18.5,350.5,2026-06
T001726,80,16.2,335.6,2026-06
T001727,80,13.3,341.1,2026-06
T001728,80,15.5,323.7,2026-06
T001729,80,11.2,339.0,2026-06
T001730,80,12.5,329.1,2026-06
T001731,80,14.6,348.0,2026-06
T001732,80,17.1,328.1,2026-06
T001733,15,0.6,131.1,2026-06
T001734,15,0.7,131.7,2026-06
T001735,15,13.1,122.1,2026-06
T001736,40,1.4,122.4,2026-06
T001737,40,20.0,140.1,2026-06
T001738,40,14.5,123.8,2026-06
T001739,40,31.3,144.2,2026-06
T001740,40,16.1,133.5,2026-06
T001741,80,6.4,233.4,2026-06
T001742,80,18.2,246.6,2026-06
T001743,80,15.8,244.2,2026-06
T001744,80,2.2,241.8,2026-06
T001745,80,17.5,251.5,2026-06
T001746,15,16.1,111.1,2026-06
T001747,15,7.4,96.9,2026-06
T001748,40,9.2,141.0,2026-06
T001749,40,8.3,138.3,2026-06
T001750,80,10.0,337.8,2026-06
T001751,80,16.5,338.7,2026-06
T001752,80,9.9,319.5,2026-06
T001753,80,11.6,332.4,2026-06
T001754,15,24.7,152.7,2026-06
T001755,15,8.8,137.3,2026-06
T001756,15,12.5,133.0,2026-06
T001757,15,1.9,115.9,2026-06
T001758,15,4.8,112.3,2026-06
T001759,15,15.5,133.0,2026-06
T001760,40,18.8,139.8,2026-06
T001761,40,1.9,121.1,2026-06
T001762,40,17.4,142.9,2026-06
T001763,40,34.9,159.5,2026-06
T001764,40,19.1,141.0,2026-06
T001765,40,1.0,115.7,2026-06
T001766,40,10.4,126.9,2026-06
T001767,40,17.0,130.8,2026-06
T001768,40,1.6,112.7,2026-06
T001769,40,12.0,126.7,2026-06
T001770,40,7.5,116.8,2026-06
T001771,80,5.2,250.4,2026-06
T001772,80,12.6,255.0,2026-06
T001773,80,2.5,243.5,2026-06
T001774,80,19.4,250.6,2026-06
T001775,80,10.2,252.6,2026-06
T001776,80,7.4,251.2,2026-06
T001777,80,5.6,232.6,2026-06
T001778,80,17.9,244.9,2026-06
T001779,80,11.0,247.8,2026-06
T001780,80,15.6,246.8,2026-06
T001781,80,5.2,235.0,2026-06
T001782,15,4.5,95.0,2026-06
T001783,15,0.9,94.4,2026-06
T001784,15,3.9,95.4,2026-06
T001785,40,3.9,137.5,2026-06
T001786,40,0.6,127.9,2026-06
T001787,40,20.9,152.7,2026-06
T001788,40,21.6,157.9,2026-06
T001789,40,21.5,156.9,2026-06
T001790,40,5.6,136.5,2026-06
T001791,80,10.9,317.7,2026-06
T001792,80,7.6,334.0,2026-06
T001793,80,0.4,310.0,2026-06
T001794,80,17.3,340.9,2026-06
T001795,80,5.4,320.6,2026-06
T001796,80,27.5,349.7,2026-06
T001797,80,16.9,343.3,2026-06
T001798,80,10.2,331.0,2026-06
T001799,80,1.0,314.8,2026-06
T001800,80,18.9,349.5,2026-06
T001801,80,18.8,336.8,2026-06
T001802,80,13.3,336.9,2026-06
T001803,15,1.0,123.5,2026-06
T001804,15,7.9,128.9,2026-06
T001805,15,1.1,117.6,2026-06
T001806,15,13.6,123.6,2026-06
T001807,40,13.4,140.7,2026-06
T001808,40,18.2,141.0,2026-06
T001809,40,1.8,128.2,2026-06
T001810,40,9.2,118.5,2026-06
T001811,40,2.4,113.5,2026-06
T001812,40,15.8,131.4,2026-06
T001813,40,11.5,119.9,2026-06
T001814,80,16.1,245.9,2026-06
T001815,80,15.9,261.1,2026-06
T001816,80,15.6,256.6,2026-06
T001817,80,14.9,255.9,2026-06
T001818,80,17.4,255.6,2026-06
T001819,80,14.7,247.3,2026-06
T001820,80,1.6,246.8,2026-06
T001821,15,5.5,93.5,2026-06
T001822,15,8.2,100.2,2026-06
T001823,40,18.1,149.9,2026-06
T001824,40,7.8,139.6,2026-06
T001825,40,3.5,130.8,2026-06
T001826,40,13.4,144.3,2026-06
T001827,80,14.4,322.6,2026-06
T001828,80,1.1,323.3,2026-06
T001829,80,5.8,329.4,2026-06
T001830,80,2.8,311.0,2026-06
T001831,80,13.7,324.7,2026-06
T001832,80,10.0,332.2,2026-06
T001833,80,10.1,326.7,2026-06
T001834,15,13.8,134.8,2026-06
T001835,15,17.9,149.9,2026-06
T001836,15,18.2,124.7,2026-06
T001837,40,11.9,129.3,2026-06
T001838,40,13.7,132.9,2026-06
T001839,40,6.9,121.6,2026-06
T001840,40,12.5,121.8,2026-06
T001841,40,2.5,114.5,2026-06
T001842,80,6.8,247.8,2026-06
T001843,80,18.8,258.4,2026-06
T001844,80,12.6,239.6,2026-06
T001845,80,19.7,264.9,2026-06
T001846,80,0.4,235.8,2026-06
T001847,15,18.3,108.8,2026-06
T001848,15,11.7,101.2,2026-06
T001849,40,13.5,139.9,2026-06
T001850,40,4.4,134.4,2026-06
T001851,40,13.7,148.2,2026-06
T001852,80,1.2,336.0,2026-06
T001853,80,8.4,344.6,2026-06
T001854,80,1.2,315.0,2026-06
T001855,80,2.2,323.0,2026-06
T001856,15,3.4,135.4,2026-06
T001857,15,0.8,130.3,2026-06
T001858,15,15.8,135.8,2026-06
T001859,15,12.6,129.1,2026-06
T001860,15,0.5,111.5,2026-06
T001861,15,14.7,123.2,2026-06
T001862,40,15.6,135.7,2026-06
T001863,40,18.5,135.9,2026-06
T001864,40,16.6,137.6,2026-06
T001865,40,4.0,125.9,2026-06
T001866,40,12.0,135.7,2026-06
T001867,40,16.4,141.9,2026-06
T001868,40,12.3,127.9,2026-06
T001869,40,8.4,117.7,2026-06
T001870,40,10.7,128.1,2026-06
T001871,40,2.1,116.8,2026-06
T001872,40,12.0,124.9,2026-06
T001873,40,18.4,132.2,2026-06
T001874,80,1.3,243.7,2026-06
T001875,80,8.1,240.7,2026-06
T001876,80,0.1,234.1,2026-06
T001877,80,0.3,235.7,2026-06
T001878,80,7.8,247.4,2026-06
T001879,80,12.7,245.3,2026-06
T001880,80,17.3,262.5,2026-06
T001881,80,18.2,249.4,2026-06
T001882,80,1.9,233.1,2026-06
T001883,80,19.0,260.0,2026-06
T001884,80,13.2,255.6,2026-06
T001885,15,3.7,93.2,2026-06
T001886,15,11.9,99.4,2026-06
T001887,15,9.3,104.8,2026-06
T001888,40,19.4,152.1,2026-06
T001889,40,16.8,150.4,2026-06
T001890,40,9.3,139.3,2026-06
T001891,40,5.8,135.8,2026-06
T001892,40,18.7,147.8,2026-06
T001893,40,17.2,147.2,2026-06
T001894,40,3.9,136.6,2026-06
T001895,80,14.9,324.5,2026-06
T001896,80,8.8,343.6,2026-06
T001897,80,5.1,327.3,2026-06
T001898,80,16.5,348.5,2026-06
T001899,80,11.3,343.3,2026-06
T001900,80,11.8,335.4,2026-06
T001901,80,3.2,315.6,2026-06
T001902,80,4.4,315.4,2026-06
T001903,80,17.3,353.5,2026-06
T001904,80,10.5,338.3,2026-06
T001905,80,13.3,346.7,2026-06
T001906,80,3.0,325.2,2026-06
T001907,80,15.1,326.1,2026-06
T001908,15,30.9,159.9,2026-06
T001909,15,19.7,147.7,2026-06
T001910,15,1.9,116.4,2026-06
T001911,15,13.6,124.6,2026-06
T001912,40,7.2,127.3,2026-06
T001913,40,1.9,122.0,2026-06
T001914,40,6.9,133.3,2026-06
T001915,40,0.4,112.4,2026-06
T001916,40,14.9,129.6,2026-06
T001917,40,2.3,114.3,2026-06
T001918,40,18.7,128.9,2026-06
T001919,80,11.6,254.0,2026-06
T001920,80,4.8,231.8,2026-06
T001921,80,9.3,241.9,2026-06
T001922,80,6.0,252.6,2026-06
T001923,80,12.6,242.4,2026-06
T001924,80,10.4,243.0,2026-06
T001925,80,8.5,239.7,2026-06
T001926,15,6.9,95.4,2026-06
T001927,15,2.5,96.5,2026-06
T001928,40,18.5,147.6,2026-06
T001929,40,2.6,130.8,2026-06
T001930,40,6.4,135.5,2026-06
T001931,40,3.8,136.5,2026-06
T001932,80,13.8,337.4,2026-06
T001933,80,17.5,343.9,2026-06
T001934,80,10.1,316.9,2026-06
T001935,80,19.5,355.7,2026-06
T001936,80,8.9,339.5,2026-06
T001937,80,15.1,338.7,2026-06
T001938,80,8.2,333.2,2026-06
T001939,80,0.9,311.9,2026-06
T001940,15,12.2,143.2,2026-06
T001941,15,16.5,137.5,2026-06
T001942,15,19.9,125.9,2026-06
T001943,40,11.1,129.4,2026-06
T001944,40,23.8,146.6,2026-06
T001945,40,10.4,119.7,2026-06
T001946,40,8.9,120.9,2026-06
T001947,40,9.5,125.1,2026-06
T001948,80,3.6,237.6,2026-06
T001949,80,3.1,234.3,2026-06
T001950,80,0.2,244.0,2026-06
T001951,80,9.5,253.3,2026-06
T001952,80,7.9,234.9,2026-06
T001953,80,18.8,257.0,2026-06
T001954,15,13.8,105.3,2026-06
T001955,15,15.6,111.1,2026-06
T001956,40,15.9,141.4,2026-06
T001957,40,32.4,160.6,2026-06
T001958,40,13.3,141.5,2026-06
T001959,80,2.1,318.7,2026-06
T001960,80,17.6,351.0,2026-06
T001961,80,9.7,320.7,2026-06
T001962,80,13.0,343.6,2026-06
T001963,15,1.2,127.2,2026-06
T001964,15,4.6,135.1,2026-06
T001965,15,9.4,143.4,2026-06
T001966,15,14.4,122.4,2026-06
T001967,15,15.4,130.4,2026-06
T001968,15,5.6,117.6,2026-06
T001969,40,15.9,136.9,2026-06
T001970,40,18.1,136.4,2026-06
T001971,40,10.9,137.3,2026-06
T001972,40,13.3,133.4,2026-06
T001973,40,5.3,128.1,2026-06
T001974,40,10.0,134.6,2026-06
T001975,40,10.7,122.7,2026-06
T001976,40,0.5,117.0,2026-06
T001977,40,10.7,119.1,2026-06
T001978,40,10.8,128.2,2026-06
T001979,40,19.8,135.4,2026-06
T001980,80,13.6,242.0,2026-06
T001981,80,4.4,248.2,2026-06
T001982,80,12.7,250.9,2026-06
T001983,80,8.2,238.0,2026-06
T001984,80,10.8,257.4,2026-06
T001985,80,6.0,248.4,2026-06
T001986,80,7.4,245.6,2026-06
T001987,80,14.1,255.1,2026-06
T001988,80,18.0,245.0,2026-06
T001989,80,17.6,251.6,2026-06
T001990,15,17.6,105.1,2026-06
T001991,15,18.0,110.5,2026-06
T001992,15,15.3,104.8,2026-06
T001993,40,12.6,140.8,2026-06
T001994,40,2.7,138.1,2026-06
T001995,40,3.3,136.0,2026-06
T001996,40,0.5,133.2,2026-06
T001997,40,10.9,140.9,2026-06
T001998,40,2.7,134.5,2026-06
T001999,80,12.6,339.0,2026-06
T002000,80,1.1,309.3,2026-06
T002001,80,12.7,350.3,2026-06
T002002,80,2.1,318.7,2026-06
T002003,80,6.2,314.4,2026-06
T002004,80,18.8,339.6,2026-06
T002005,80,16.6,341.6,2026-06
T002006,80,2.1,321.5,2026-06
T002007,80,0.3,307.1,2026-06
T002008,80,19.2,326.0,2026-06
T002009,80,2.5,331.7,2026-06
T002010,80,0.7,318.7,2026-06
T002011,15,6.1,127.1,2026-06
T002012,15,9.0,131.0,2026-06
T002013,15,20.0,130.5,2026-06
T002014,15,18.6,125.1,2026-06
T002015,40,7.4,127.5,2026-06
T002016,40,19.5,144.1,2026-06
T002017,40,17.7,142.3,2026-06
T002018,40,28.2,148.3,2026-06
T002019,40,19.7,131.7,2026-06
T002020,40,8.4,119.5,2026-06
T002021,40,4.7,119.4,2026-06
T002022,40,0.3,115.9,2026-06
T002023,80,14.1,241.1,2026-06
T002024,80,19.8,260.8,2026-06
T002025,80,17.9,246.3,2026-06
T002026,80,7.4,252.6,2026-06
T002027,80,15.5,252.3,2026-06
T002028,80,14.2,255.2,2026-06
T002029,80,14.5,255.5,2026-06
T002030,80,4.1,242.3,2026-06
T002031,15,0.5,87.5,2026-06
T002032,15,9.5,103.0,2026-06
T002033,40,1.8,137.2,2026-06
T002034,40,6.1,134.3,2026-06
T002035,40,3.0,135.7,2026-06
T002036,40,4.5,131.8,2026-06
T002037,80,5.8,322.4,2026-06
T002038,80,17.0,323.8,2026-06
T002039,80,8.6,316.8,2026-06
T002040,80,0.9,318.9,2026-06
T002041,80,16.8,351.6,2026-06
T002042,80,0.9,323.1,2026-06
T002043,80,8.6,322.4,2026-06
T002044,80,2.8,325.0,2026-06
T002045,15,10.9,142.9,2026-06
T002046,15,17.6,148.6,2026-06
T002047,15,7.3,120.3,2026-06
T002048,40,21.7,143.6,2026-06
T002049,40,6.5,132.9,2026-06
T002050,40,3.0,111.4,2026-06
T002051,40,0.8,112.8,2026-06
T002052,40,12.4,125.3,2026-06
T002053,80,4.0,249.2,2026-06
T002054,80,9.9,250.9,2026-06
T002055,80,10.3,252.7,2026-06
T002056,80,10.4,248.6,2026-06
T002057,80,7.0,248.0,2026-06
T002058,15,30.9,124.4,2026-06
T002059,15,5.3,93.8,2026-06
T002060,40,14.7,147.4,2026-06
T002061,40,13.3,146.9,2026-06
T002062,40,15.2,147.9,2026-06
T002063,80,8.3,341.7,2026-06
T002064,80,4.3,334.9,2026-06
T002065,80,3.7,338.5,2026-06
T002066,80,13.8,337.4,2026-06
T002067,15,7.0,132.5,2026-06
T002068,15,11.2,141.2,2026-06
T002069,15,2.8,123.8,2026-06
T002070,15,16.7,128.2,2026-06
T002071,15,9.4,124.4,2026-06
T002072,15,19.4,131.4,2026-06
T002073,40,2.3,126.0,2026-06
T002074,40,9.3,135.7,2026-06
T002075,40,6.8,126.9,2026-06
T002076,40,18.4,142.1,2026-06
T002077,40,8.9,132.6,2026-06
T002078,40,1.4,114.3,2026-06
T002079,40,5.2,114.5,2026-06
T002080,40,1.6,118.1,2026-06
T002081,40,15.5,130.2,2026-06
T002082,40,19.0,131.9,2026-06
T002083,40,9.2,120.3,2026-06
T002084,80,15.6,259.4,2026-06
T002085,80,4.4,235.6,2026-06
T002086,80,3.3,245.7,2026-06
T002087,80,14.9,250.3,2026-06
T002088,80,14.9,258.7,2026-06
T002089,80,2.6,231.0,2026-06
T002090,80,10.1,255.3,2026-06
T002091,80,0.4,238.6,2026-06
T002092,80,11.6,254.0,2026-06
T002093,80,3.9,240.7,2026-06
T002094,80,8.6,253.8,2026-06
T002095,15,30.2,122.7,2026-06
T002096,15,5.2,94.2,2026-06
T002097,15,4.4,100.4,2026-06
T002098,40,1.1,137.4,2026-06
T002099,40,12.4,146.9,2026-06
T002100,40,6.7,134.0,2026-06
T002101,40,3.6,130.9,2026-06
T002102,40,0.6,131.5,2026-06
T002103,40,2.4,137.8,2026-06
T002104,40,4.0,133.1,2026-06
T002105,80,7.5,335.3,2026-06
T002106,80,0.2,329.4,2026-06
T002107,80,2.5,327.5,2026-06
T002108,80,13.4,342.6,2026-06
T002109,80,5.8,323.8,2026-06
T002110,80,7.4,318.4,2026-06
T002111,80,11.6,319.8,2026-06
T002112,80,7.6,325.6,2026-06
T002113,80,4.0,330.4,2026-06
T002114,80,7.6,329.8,2026-06
T002115,80,5.5,330.5,2026-06
T002116,80,16.9,353.1,2026-06
T002117,15,5.1,132.6,2026-06
T002118,15,17.5,151.0,2026-06
T002119,15,8.7,114.7,2026-06
T002120,15,1.7,115.7,2026-06
T002121,40,1.8,121.0,2026-06
T002122,40,4.9,127.7,2026-06
T002123,40,9.4,135.8,2026-06
T002124,40,2.0,121.2,2026-06
T002125,40,14.0,130.5,2026-06
T002126,40,1.9,114.8,2026-06
T002127,40,16.9,129.8,2026-06
T002128,40,17.6,127.8,2026-06
T002129,80,10.8,251.8,2026-06
T002130,80,17.8,257.4,2026-06
T002131,80,5.4,243.6,2026-06
T002132,80,10.3,245.7,2026-06
T002133,80,15.9,249.9,2026-06
T002134,80,15.8,255.4,2026-06
T002135,80,18.3,245.3,2026-06
T002136,80,1.0,228.0,2026-06
T002137,15,12.1,101.1,2026-06
T002138,15,17.7,108.7,2026-06
T002139,40,18.7,153.2,2026-06
T002140,40,13.8,140.2,2026-06
T002141,40,8.3,135.6,2026-06
T002142,40,19.9,146.3,2026-06
T002143,80,12.5,338.9,2026-06
T002144,80,7.5,324.1,2026-06
T002145,80,27.6,359.6,2026-06
T002146,80,1.7,323.9,2026-06
T002147,80,9.4,328.8,2026-06
T002148,80,16.7,336.1,2026-06
T002149,80,0.1,319.5,2026-06
T002150,80,4.9,320.1,2026-06
T002151,15,10.3,139.3,2026-06
T002152,15,1.8,129.8,2026-06
T002153,15,0.2,112.2,2026-06
T002154,40,18.1,140.9,2026-06
T002155,40,7.1,124.5,2026-06
T002156,40,12.5,121.8,2026-06
T002157,40,1.4,117.0,2026-06
T002158,40,5.5,121.1,2026-06
T002159,80,1.7,245.5,2026-06
T002160,80,18.6,248.4,2026-06
T002161,80,14.0,249.4,2026-06
T002162,80,12.4,242.2,2026-06
T002163,80,5.4,247.8,2026-06
T002164,15,16.5,107.0,2026-06
T002165,15,17.9,108.9,2026-06
T002166,40,6.8,138.6,2026-06
T002167,40,18.6,154.9,2026-06
T002168,40,12.4,146.0,2026-06
T002169,80,0.9,330.1,2026-06
T002170,80,6.2,338.2,2026-06
T002171,80,9.7,322.1,2026-06
T002172,80,20.0,346.4,2026-06
T002173,15,1.0,123.5,2026-06
T002174,15,20.0,141.5,2026-06
T002175,15,8.7,130.7,2026-06
T002176,15,0.8,113.3,2026-06
T002177,15,9.0,123.0,2026-06
T002178,15,12.0,128.0,2026-06
T002179,40,0.5,117.9,2026-06
T002180,40,16.2,133.6,2026-06
T002181,40,14.7,132.1,2026-06
T002182,40,3.2,126.9,2026-06
T002183,40,15.8,133.2,2026-06
T002184,40,3.5,117.3,2026-06
T002185,40,3.5,120.0,2026-06
T002186,40,4.5,119.2,2026-06
T002187,40,17.0,132.6,2026-06
T002188,40,17.8,133.4,2026-06
T002189,40,3.0,119.5,2026-06
T002190,80,19.6,250.8,2026-06
T002191,80,18.1,246.5,2026-06
T002192,80,13.7,242.1,2026-06
T002193,80,2.4,247.6,2026-06
T002194,80,2.3,236.3,2026-06
T002195,80,1.5,241.1,2026-06
T002196,80,1.3,238.1,2026-06
T002197,80,17.7,247.5,2026-06
T002198,80,7.6,248.6,2026-06
T002199,80,10.3,248.5,2026-06
T002200,15,16.4,105.4,2026-06
T002201,15,2.9,93.9,2026-06
T002202,15,12.4,102.4,2026-06
T002203,40,0.8,132.6,2026-06
T002204,40,6.3,140.8,2026-06
T002205,40,13.4,145.2,2026-06
T002206,40,1.8,130.0,2026-06
T002207,40,2.3,132.3,2026-06
T002208,40,4.5,130.0,2026-06
T002209,40,1.0,128.3,2026-06
T002210,80,3.3,328.3,2026-06
T002211,80,17.8,351.2,2026-06
T002212,80,1.6,326.6,2026-06
T002213,80,2.0,324.2,2026-06
T002214,80,16.4,338.6,2026-06
T002215,80,8.2,331.8,2026-06
T002216,80,2.0,338.2,2026-06
T002217,80,11.7,331.1,2026-06
T002218,80,8.4,327.8,2026-06
T002219,80,18.5,336.5,2026-06
T002220,80,4.3,311.1,2026-06
T002221,80,8.6,329.4,2026-06
T002222,15,0.1,132.6,2026-06
T002223,15,2.8,129.3,2026-06
T002224,15,2.6,115.1,2026-06
T002225,15,13.9,122.4,2026-06
T002226,40,13.3,131.6,2026-06
T002227,40,18.0,142.6,2026-06
T002228,40,15.1,140.6,2026-06
T002229,40,14.2,127.1,2026-06
T002230,40,2.7,112.0,2026-06
T002231,40,0.6,112.6,2026-06
T002232,80,19.5,253.5,2026-06
T002233,80,7.1,235.5,2026-06
T002234,80,13.7,247.7,2026-06
T002235,80,1.0,233.6,2026-06
T002236,80,6.3,247.3,2026-06
T002237,80,8.2,254.8,2026-06
T002238,80,0.5,242.9,2026-06
T002239,15,10.9,105.9,2026-06
T002240,15,1.6,88.1,2026-06
T002241,40,12.0,144.7,2026-06
T002242,40,16.8,144.1,2026-06
T002243,40,11.4,143.2,2026-06
T002244,40,16.1,152.4,2026-06
T002245,40,5.3,131.7,2026-06
T002246,80,15.2,344.4,2026-06
T002247,80,15.4,326.4,2026-06
T002248,80,19.2,351.2,2026-06
T002249,80,5.5,312.3,2026-06
T002250,80,4.8,320.0,2026-06
T002251,80,7.4,324.0,2026-06
T002252,80,18.8,343.8,2026-06
T002253,80,2.2,314.6,2026-06
T002254,15,11.9,135.9,2026-06
T002255,15,13.3,133.3,2026-06
T002256,15,12.8,125.8,2026-06
T002257,40,6.4,123.8,2026-06
T002258,40,18.9,136.3,2026-06
T002259,40,23.1,136.0,2026-06
T002260,40,15.4,132.8,2026-06
T002261,40,1.7,116.4,2026-06
T002262,80,31.0,270.6,2026-06
T002263,80,14.9,241.9,2026-06
T002264,80,7.2,251.0,2026-06
T002265,80,15.4,248.0,2026-06
T002266,80,4.9,231.9,2026-06
T002267,15,13.0,108.0,2026-06
T002268,15,0.4,91.9,2026-06
T002269,40,4.2,136.0,2026-06
T002270,40,6.7,140.3,2026-06
T002271,40,19.6,155.9,2026-06
T002272,80,17.6,351.0,2026-06
T002273,80,25.6,349.2,2026-06
T002274,80,9.5,317.7,2026-06
T002275,80,3.6,330.0,2026-06
T002276,15,17.6,139.6,2026-07
T002277,15,10.0,143.5,2026-07
T002278,15,13.9,137.4,2026-07
T002279,15,19.9,126.9,2026-07
T002280,15,9.7,124.7,2026-07
T002281,15,13.8,121.8,2026-07
T002282,40,3.8,128.4,2026-07
T002283,40,23.3,147.9,2026-07
T002284,40,18.9,140.8,2026-07
T002285,40,12.8,139.2,2026-07
T002286,40,3.7,128.3,2026-07
T002287,40,1.5,118.0,2026-07
T002288,40,12.8,121.2,2026-07
T002289,40,15.4,127.4,2026-07
T002290,40,14.1,125.2,2026-07
T002291,40,12.9,124.0,2026-07
T002292,80,15.0,246.2,2026-07
T002293,80,0.8,243.2,2026-07
T002294,80,11.6,238.6,2026-07
T002295,80,4.0,243.6,2026-07
T002296,80,10.8,243.4,2026-07
T002297,80,11.9,252.9,2026-07
T002298,80,7.4,251.2,2026-07
T002299,80,15.2,247.8,2026-07
T002300,80,17.0,255.2,2026-07
T002301,80,3.4,236.0,2026-07
T002302,15,12.0,100.5,2026-07
T002303,15,12.3,101.3,2026-07
T002304,15,21.6,109.6,2026-07
T002305,40,10.0,143.6,2026-07
T002306,40,3.6,135.4,2026-07
T002307,40,4.4,132.6,2026-07
T002308,40,16.5,143.8,2026-07
T002309,40,9.2,145.5,2026-07
T002310,40,7.6,138.5,2026-07
T002311,80,8.8,329.6,2026-07
T002312,80,19.5,347.3,2026-07
T002313,80,14.5,331.1,2026-07
T002314,80,15.6,333.6,2026-07
T002315,80,4.9,311.7,2026-07
T002316,80,19.6,327.8,2026-07
T002317,80,14.6,334.0,2026-07
T002318,80,13.6,347.0,2026-07
T002319,80,17.6,337.0,2026-07
T002320,80,10.8,317.6,2026-07
T002321,80,12.3,334.5,2026-07
T002322,80,4.4,319.6,2026-07
T002323,15,5.1,126.6,2026-07
T002324,15,7.7,128.7,2026-07
T002325,15,3.1,118.1,2026-07
T002326,15,9.5,124.5,2026-07
T002327,40,7.6,128.6,2026-07
T002328,40,14.9,141.3,2026-07
T002329,40,11.8,134.6,2026-07
T002330,40,12.0,124.9,2026-07
T002331,40,15.1,132.5,2026-07
T002332,40,3.7,113.0,2026-07
T002333,40,7.5,116.8,2026-07
T002334,80,8.7,246.9,2026-07
T002335,80,20.0,265.2,2026-07
T002336,80,15.8,247.0,2026-07
T002337,80,7.3,249.7,2026-07
T002338,80,2.1,233.3,2026-07
T002339,80,13.3,247.3,2026-07
T002340,80,1.7,241.3,2026-07
T002341,80,1.9,247.1,2026-07
T002342,15,11.8,106.8,2026-07
T002343,15,18.6,113.1,2026-07
T002344,40,8.9,139.8,2026-07
T002345,40,0.2,128.4,2026-07
T002346,40,5.1,136.9,2026-07
T002347,40,9.0,139.0,2026-07
T002348,80,1.6,332.2,2026-07
T002349,80,13.8,343.0,2026-07
T002350,80,0.3,336.5,2026-07
T002351,80,2.0,315.8,2026-07
T002352,80,19.4,345.8,2026-07
T002353,80,13.3,336.9,2026-07
T002354,80,0.3,329.5,2026-07
T002355,80,18.6,325.4,2026-07
T002356,15,31.3,164.8,2026-07
T002357,15,17.8,138.3,2026-07
T002358,15,7.0,115.0,2026-07
T002359,40,15.3,137.2,2026-07
T002360,40,9.2,135.6,2026-07
T002361,40,7.5,124.0,2026-07
T002362,40,11.8,125.6,2026-07
T002363,40,13.5,129.1,2026-07
T002364,80,1.7,238.5,2026-07
T002365,80,8.1,244.9,2026-07
T002366,80,6.6,237.8,2026-07
T002367,80,2.4,235.0,2026-07
T002368,80,12.0,255.8,2026-07
T002369,80,19.1,251.7,2026-07
T002370,15,16.9,108.9,2026-07
T002371,15,18.0,112.0,2026-07
T002372,40,11.1,142.9,2026-07
T002373,40,8.0,134.4,2026-07
T002374,80,18.1,348.7,2026-07
T002375,80,5.1,331.5,2026-07
T002376,80,19.7,336.3,2026-07
T002377,80,20.6,342.8,2026-07
T002378,15,0.0,126.5,2026-07
T002379,15,18.6,147.1,2026-07
T002380,15,1.6,132.6,2026-07
T002381,15,28.0,140.0,2026-07
T002382,15,28.6,144.6,2026-07
T002383,15,9.2,117.7,2026-07
T002384,40,11.4,135.1,2026-07
T002385,40,2.8,124.7,2026-07
T002386,40,19.8,143.5,2026-07
T002387,40,4.0,129.5,2026-07
T002388,40,10.0,127.4,2026-07
T002389,40,5.3,120.9,2026-07
T002390,40,8.7,121.6,2026-07
T002391,40,3.8,120.3,2026-07
T002392,40,6.3,118.3,2026-07
T002393,40,2.4,113.5,2026-07
T002394,80,13.0,247.0,2026-07
T002395,80,15.1,246.3,2026-07
T002396,80,11.8,254.2,2026-07
T002397,80,11.3,243.9,2026-07
T002398,80,3.3,245.7,2026-07
T002399,80,17.6,251.6,2026-07
T002400,80,19.1,261.5,2026-07
T002401,80,14.7,255.7,2026-07
T002402,80,5.6,243.8,2026-07
T002403,80,13.2,258.4,2026-07
T002404,15,12.6,100.6,2026-07
T002405,15,1.6,92.1,2026-07
T002406,15,13.3,109.3,2026-07
T002407,40,16.6,149.3,2026-07
T002408,40,0.0,135.4,2026-07
T002409,40,6.1,131.6,2026-07
T002410,40,5.9,138.6,2026-07
T002411,40,1.8,132.7,2026-07
T002412,40,10.2,140.2,2026-07
T002413,80,5.4,331.8,2026-07
T002414,80,1.3,315.1,2026-07
T002415,80,5.1,335.7,2026-07
T002416,80,8.0,316.2,2026-07
T002417,80,9.0,322.8,2026-07
T002418,80,15.6,325.2,2026-07
T002419,80,7.6,339.6,2026-07
T002420,80,18.3,346.1,2026-07
T002421,80,17.5,339.7,2026-07
T002422,80,0.8,338.4,2026-07
T002423,80,19.4,329.0,2026-07
T002424,80,5.3,330.3,2026-07
T002425,15,5.0,133.5,2026-07
T002426,15,5.7,127.2,2026-07
T002427,15,11.0,123.0,2026-07
T002428,15,1.7,116.2,2026-07
T002429,40,15.5,133.8,2026-07
T002430,40,2.6,125.4,2026-07
T002431,40,16.7,138.6,2026-07
T002432,40,10.8,126.4,2026-07
T002433,40,16.1,125.4,2026-07
T002434,40,6.9,118.0,2026-07
T002435,40,14.9,132.3,2026-07
T002436,80,15.6,245.4,2026-07
T002437,80,13.2,257.0,2026-07
T002438,80,8.1,249.1,2026-07
T002439,80,4.8,238.8,2026-07
T002440,80,13.9,256.3,2026-07
T002441,80,18.9,248.7,2026-07
T002442,80,15.1,254.7,2026-07
T002443,80,0.5,227.5,2026-07
T002444,15,19.0,111.5,2026-07
T002445,15,5.9,100.4,2026-07
T002446,40,3.3,133.3,2026-07
T002447,40,7.9,138.8,2026-07
T002448,40,9.1,144.5,2026-07
T002449,40,0.8,133.5,2026-07
T002450,80,0.5,325.5,2026-07
T002451,80,6.0,339.4,2026-07
T002452,80,17.6,353.8,2026-07
T002453,80,0.1,319.5,2026-07
T002454,80,20.4,356.6,2026-07
T002455,80,5.0,314.6,2026-07
T002456,80,18.3,347.5,2026-07
T002457,80,5.4,333.2,2026-07
T002458,15,18.2,142.7,2026-07
T002459,15,16.7,139.7,2026-07
T002460,15,8.0,123.5,2026-07
T002461,40,1.7,120.9,2026-07
T002462,40,11.1,132.1,2026-07
T002463,40,14.9,123.3,2026-07
T002464,40,0.6,116.2,2026-07
T002465,40,18.2,130.2,2026-07
T002466,80,2.4,240.6,2026-07
T002467,80,16.8,248.0,2026-07
T002468,80,8.2,252.0,2026-07
T002469,80,2.0,241.6,2026-07
T002470,80,12.2,256.0,2026-07
T002471,15,8.7,99.7,2026-07
T002472,15,0.3,90.3,2026-07
T002473,40,13.2,148.6,2026-07
T002474,40,7.5,141.1,2026-07
T002475,80,18.7,338.1,2026-07
T002476,80,1.9,325.5,2026-07
T002477,80,19.2,334.4,2026-07
T002478,80,14.9,327.3,2026-07
T002479,15,4.1,132.1,2026-07
T002480,15,12.1,145.1,2026-07
T002481,15,30.6,158.1,2026-07
T002482,15,18.8,135.8,2026-07
T002483,15,2.1,108.6,2026-07
T002484,15,12.0,126.0,2026-07
T002485,40,2.2,125.0,2026-07
T002486,40,18.4,139.4,2026-07
T002487,40,19.5,145.9,2026-07
T002488,40,14.7,138.4,2026-07
T002489,40,2.5,128.9,2026-07
T002490,40,12.8,135.6,2026-07
T002491,40,12.0,125.8,2026-07
T002492,40,13.9,126.8,2026-07
T002493,40,7.9,120.8,2026-07
T002494,40,8.8,118.1,2026-07
T002495,40,3.8,113.1,2026-07
T002496,80,15.2,254.8,2026-07
T002497,80,15.5,260.7,2026-07
T002498,80,18.2,257.8,2026-07
T002499,80,11.2,249.4,2026-07
T002500,80,2.0,229.0,2026-07
T002501,80,9.5,244.9,2026-07
T002502,80,14.3,259.5,2026-07
T002503,80,9.1,247.3,2026-07
T002504,80,18.8,251.4,2026-07
T002505,80,4.1,235.3,2026-07
T002506,15,10.6,105.6,2026-07
T002507,15,8.9,98.9,2026-07
T002508,15,19.4,112.4,2026-07
T002509,40,14.1,147.7,2026-07
T002510,40,5.6,138.3,2026-07
T002511,40,27.7,156.8,2026-07
T002512,40,18.5,145.8,2026-07
T002513,40,11.1,145.6,2026-07
T002514,80,3.1,326.7,2026-07
T002515,80,17.8,338.6,2026-07
T002516,80,7.2,332.2,2026-07
T002517,80,13.5,346.9,2026-07
T002518,80,9.6,326.2,2026-07
T002519,80,26.6,348.8,2026-07
T002520,80,7.9,314.7,2026-07
T002521,80,12.1,339.9,2026-07
T002522,80,15.7,339.3,2026-07
T002523,80,14.3,347.7,2026-07
T002524,80,2.2,335.6,2026-07
T002525,80,9.9,319.5,2026-07
T002526,15,1.0,122.0,2026-07
T002527,15,4.5,133.0,2026-07
T002528,15,16.0,126.0,2026-07
T002529,15,11.2,123.2,2026-07
T002530,40,0.7,121.7,2026-07
T002531,40,4.6,128.3,2026-07
T002532,40,1.9,120.2,2026-07
T002533,40,16.6,143.0,2026-07
T002534,40,11.5,128.9,2026-07
T002535,40,5.5,114.8,2026-07
T002536,40,9.8,127.2,2026-07
T002537,40,9.1,125.6,2026-07
T002538,80,18.5,249.7,2026-07
T002539,80,17.7,262.9,2026-07
T002540,80,0.2,244.0,2026-07
T002541,80,2.9,246.7,2026-07
T002542,80,8.2,247.8,2026-07
T002543,80,10.2,255.4,2026-07
T002544,80,6.9,239.5,2026-07
T002545,80,6.8,252.0,2026-07
T002546,15,15.4,103.9,2026-07
T002547,15,16.9,105.9,2026-07
T002548,40,16.6,143.0,2026-07
T002549,40,6.7,143.9,2026-07
T002550,40,6.3,141.7,2026-07
T002551,40,17.9,148.8,2026-07
T002552,80,3.9,323.3,2026-07
T002553,80,11.6,329.6,2026-07
T002554,80,16.8,341.8,2026-07
T002555,80,9.4,331.6,2026-07
T002556,80,14.2,340.6,2026-07
T002557,80,6.6,338.6,2026-07
T002558,80,18.2,343.2,2026-07
T002559,80,3.1,332.3,2026-07
T002560,15,15.8,144.8,2026-07
T002561,15,7.6,132.6,2026-07
T002562,15,2.4,116.9,2026-07
T002563,40,17.0,141.6,2026-07
T002564,40,19.9,140.9,2026-07
T002565,40,6.3,116.5,2026-07
T002566,40,13.1,123.3,2026-07
T002567,40,10.2,124.0,2026-07
T002568,80,17.1,245.5,2026-07
T002569,80,17.1,246.9,2026-07
T002570,80,18.0,246.4,2026-07
T002571,80,19.6,256.4,2026-07
T002572,80,8.0,240.6,2026-07
T002573,80,6.7,242.1,2026-07
T002574,15,12.8,102.3,2026-07
T002575,15,0.9,87.9,2026-07
T002576,40,16.1,148.8,2026-07
T002577,40,1.2,134.8,2026-07
T002578,40,16.2,152.5,2026-07
T002579,80,17.0,351.8,2026-07
T002580,80,19.8,350.4,2026-07
T002581,80,13.1,326.9,2026-07
T002582,80,7.8,339.8,2026-07
T002583,15,16.5,144.5,2026-07
T002584,15,18.0,145.0,2026-07
T002585,15,18.5,142.0,2026-07
T002586,15,21.6,137.6,2026-07
T002587,15,9.3,124.8,2026-07
T002588,15,9.3,121.3,2026-07
T002589,40,10.3,136.7,2026-07
T002590,40,7.9,128.0,2026-07
T002591,40,10.4,135.9,2026-07
T002592,40,3.3,122.5,2026-07
T002593,40,11.5,137.9,2026-07
T002594,40,7.3,127.4,2026-07
T002595,40,12.4,123.5,2026-07
T002596,40,11.6,125.4,2026-07
T002597,40,7.0,122.6,2026-07
T002598,40,4.2,121.6,2026-07
T002599,40,9.2,119.4,2026-07
T002600,40,5.3,118.2,2026-07
T002601,80,17.7,244.7,2026-07
T002602,80,18.6,252.6,2026-07
T002603,80,0.3,242.7,2026-07
T002604,80,11.1,242.3,2026-07
T002605,80,19.2,260.2,2026-07
T002606,80,17.9,246.3,2026-07
T002607,80,5.0,246.0,2026-07
T002608,80,11.8,241.6,2026-07
T002609,80,3.9,233.7,2026-07
T002610,80,7.1,242.5,2026-07
T002611,80,11.7,241.5,2026-07
T002612,15,14.4,108.4,2026-07
T002613,15,10.4,101.9,2026-07
T002614,15,4.6,99.1,2026-07
T002615,40,30.3,158.5,2026-07
T002616,40,4.6,137.3,2026-07
T002617,40,3.9,135.7,2026-07
T002618,40,6.1,139.7,2026-07
T002619,40,16.7,143.1,2026-07
T002620,40,14.2,140.6,2026-07
T002621,80,5.9,340.7,2026-07
T002622,80,4.8,311.6,2026-07
T002623,80,16.8,333.4,2026-07
T002624,80,11.6,340.8,2026-07
T002625,80,14.2,330.8,2026-07
T002626,80,1.5,323.7,2026-07
T002627,80,6.8,343.0,2026-07
T002628,80,4.4,335.0,2026-07
T002629,80,19.5,354.3,2026-07
T002630,80,3.9,337.3,2026-07
T002631,80,0.3,336.5,2026-07
T002632,15,13.5,143.0,2026-07
T002633,15,1.5,127.0,2026-07
T002634,15,10.2,127.2,2026-07
T002635,15,1.7,113.7,2026-07
T002636,40,17.0,142.5,2026-07
T002637,40,5.8,128.6,2026-07
T002638,40,1.4,118.8,2026-07
T002639,40,9.0,123.7,2026-07
T002640,40,16.9,133.4,2026-07
T002641,40,18.4,134.0,2026-07
T002642,40,13.8,131.2,2026-07
T002643,80,6.6,244.8,2026-07
T002644,80,6.8,233.8,2026-07
T002645,80,19.7,252.3,2026-07
T002646,80,19.6,255.0,2026-07
T002647,80,9.6,239.4,2026-07
T002648,80,5.6,250.8,2026-07
T002649,80,15.5,256.5,2026-07
T002650,80,11.1,239.5,2026-07
T002651,15,2.9,89.9,2026-07
T002652,15,2.2,88.7,2026-07
T002653,40,9.9,144.4,2026-07
T002654,40,8.9,142.5,2026-07
T002655,40,8.7,145.0,2026-07
T002656,40,18.4,153.8,2026-07
T002657,80,11.9,332.7,2026-07
T002658,80,10.5,329.9,2026-07
T002659,80,6.7,338.7,2026-07
T002660,80,8.6,328.0,2026-07
T002661,80,19.7,343.3,2026-07
T002662,80,6.3,341.1,2026-07
T002663,80,23.2,341.2,2026-07
T002664,80,16.6,331.8,2026-07
T002665,15,3.6,137.1,2026-07
T002666,15,4.8,133.8,2026-07
T002667,15,9.5,117.5,2026-07
T002668,40,6.4,123.8,2026-07
T002669,40,13.6,133.7,2026-07
T002670,40,1.0,116.6,2026-07
T002671,40,0.6,117.1,2026-07
T002672,40,13.9,128.6,2026-07
T002673,80,15.7,262.3,2026-07
T002674,80,30.9,271.9,2026-07
T002675,80,1.3,246.5,2026-07
T002676,80,18.2,259.2,2026-07
T002677,80,10.9,243.5,2026-07
T002678,80,29.7,272.1,2026-07
T002679,15,1.3,88.8,2026-07
T002680,15,19.7,112.2,2026-07
T002681,40,7.6,133.1,2026-07
T002682,40,8.0,137.1,2026-07
T002683,40,10.4,142.2,2026-07
T002684,80,0.8,318.8,2026-07
T002685,80,10.6,324.4,2026-07
T002686,80,14.4,343.6,2026-07
T002687,80,12.1,330.1,2026-07
T002688,15,1.2,133.2,2026-07
T002689,15,10.3,131.8,2026-07
T002690,15,3.7,132.7,2026-07
T002691,15,7.7,120.2,2026-07
T002692,15,10.2,123.2,2026-07
T002693,15,9.1,115.6,2026-07
T002694,40,11.6,132.6,2026-07
T002695,40,3.7,127.4,2026-07
T002696,40,4.8,130.3,2026-07
T002697,40,2.3,120.6,2026-07
T002698,40,2.6,128.1,2026-07
T002699,40,18.6,131.5,2026-07
T002700,40,2.9,114.9,2026-07
T002701,40,19.1,132.9,2026-07
T002702,40,14.4,129.1,2026-07
T002703,40,16.8,126.1,2026-07
T002704,80,8.0,235.0,2026-07
T002705,80,4.7,245.7,2026-07
T002706,80,16.7,245.1,2026-07
T002707,80,15.5,255.1,2026-07
T002708,80,9.5,256.1,2026-07
T002709,80,17.1,246.9,2026-07
T002710,80,0.9,232.1,2026-07
T002711,80,4.3,243.9,2026-07
T002712,80,0.8,230.6,2026-07
T002713,80,15.6,255.2,2026-07
T002714,80,18.9,245.9,2026-07
T002715,15,5.6,94.6,2026-07
T002716,15,6.4,93.4,2026-07
T002717,15,14.3,107.8,2026-07
T002718,40,19.3,151.1,2026-07
T002719,40,5.5,141.8,2026-07
T002720,40,0.6,136.9,2026-07
T002721,40,6.6,134.8,2026-07
T002722,40,5.6,135.6,2026-07
T002723,40,14.6,141.9,2026-07
T002724,40,7.9,143.3,2026-07
T002725,80,3.0,330.8,2026-07
T002726,80,2.7,334.7,2026-07
T002727,80,10.4,328.4,2026-07
T002728,80,1.3,320.7,2026-07
T002729,80,5.3,334.5,2026-07
T002730,80,9.8,337.6,2026-07
T002731,80,19.4,333.2,2026-07
T002732,80,5.1,313.3,2026-07
T002733,80,4.9,318.7,2026-07
T002734,80,0.8,320.2,2026-07
T002735,80,10.2,343.6,2026-07
T002736,15,7.4,136.4,2026-07
T002737,15,2.6,110.1,2026-07
T002738,15,18.4,133.4,2026-07
T002739,40,18.1,136.4,2026-07
T002740,40,17.1,139.9,2026-07
T002741,40,17.4,135.7,2026-07
T002742,40,13.3,127.1,2026-07
T002743,40,10.7,125.4,2026-07
T002744,40,15.5,127.5,2026-07
T002745,40,18.4,135.8,2026-07
T002746,80,2.1,245.9,2026-07
T002747,80,14.2,244.0,2026-07
T002748,80,11.6,242.8,2026-07
T002749,80,4.4,231.4,2026-07
T002750,80,16.4,254.6,2026-07
T002751,80,8.1,239.3,2026-07
T002752,80,5.7,242.5,2026-07
T002753,15,3.2,91.7,2026-07
T002754,15,3.6,93.6,2026-07
T002755,40,8.0,134.4,2026-07
T002756,40,17.6,151.2,2026-07
T002757,40,8.0,135.3,2026-07
T002758,40,10.0,147.2,2026-07
T002759,80,0.9,314.7,2026-07
T002760,80,8.0,323.2,2026-07
T002761,80,8.7,325.3,2026-07
T002762,80,7.8,341.2,2026-07
T002763,80,23.0,345.2,2026-07
T002764,80,1.4,333.4,2026-07
T002765,80,3.8,330.2,2026-07
T002766,15,14.7,137.2,2026-07
T002767,15,12.5,134.5,2026-07
T002768,15,13.6,127.6,2026-07
T002769,40,3.7,129.2,2026-07
T002770,40,15.0,136.0,2026-07
T002771,40,7.6,116.9,2026-07
T002772,40,16.3,130.1,2026-07
T002773,40,15.2,131.7,2026-07
T002774,80,7.6,244.4,2026-07
T002775,80,24.1,258.1,2026-07
T002776,80,19.3,249.1,2026-07
T002777,80,17.3,252.7,2026-07
T002778,80,3.5,237.5,2026-07
T002779,80,3.7,246.1,2026-07
T002780,15,6.9,96.4,2026-07
T002781,40,16.0,149.6,2026-07
T002782,40,26.6,155.7,2026-07
T002783,40,16.9,146.0,2026-07
T002784,80,9.0,334.0,2026-07
T002785,80,1.2,323.4,2026-07
T002786,80,16.8,348.8,2026-07
T002787,80,4.6,318.4,2026-07
T002788,15,8.8,135.8,2026-07
T002789,15,8.0,128.0,2026-07
T002790,15,12.0,131.5,2026-07
T002791,15,11.0,128.5,2026-07
T002792,15,9.1,119.6,2026-07
T002793,15,14.3,122.8,2026-07
T002794,40,14.6,134.7,2026-07
T002795,40,10.7,136.2,2026-07
T002796,40,9.7,128.9,2026-07
T002797,40,17.0,138.9,2026-07
T002798,40,0.1,118.4,2026-07
T002799,40,11.0,137.4,2026-07
T002800,40,9.5,125.1,2026-07
T002801,40,1.3,113.3,2026-07
T002802,40,3.7,121.1,2026-07
T002803,40,6.4,119.3,2026-07
T002804,40,18.2,132.0,2026-07
T002805,80,3.2,247.0,2026-07
T002806,80,16.9,255.1,2026-07
T002807,80,7.7,250.1,2026-07
T002808,80,5.4,247.8,2026-07
T002809,80,12.9,248.3,2026-07
T002810,80,6.0,245.6,2026-07
T002811,80,0.9,236.3,2026-07
T002812,80,4.9,233.3,2026-07
T002813,80,8.5,252.3,2026-07
T002814,80,5.0,234.8,2026-07
T002815,15,0.9,93.4,2026-07
T002816,15,19.2,107.7,2026-07
T002817,15,10.2,100.7,2026-07
T002818,40,3.6,132.7,2026-07
T002819,40,14.6,148.2,2026-07
T002820,40,18.8,151.5,2026-07
T002821,40,10.5,147.7,2026-07
T002822,40,6.2,140.7,2026-07
T002823,40,10.8,147.1,2026-07
T002824,80,17.0,349.0,2026-07
T002825,80,9.1,328.5,2026-07
T002826,80,15.9,349.3,2026-07
T002827,80,7.8,337.0,2026-07
T002828,80,12.8,343.4,2026-07
T002829,80,2.3,331.5,2026-07
T002830,80,13.7,334.5,2026-07
T002831,80,17.9,335.9,2026-07
T002832,80,2.4,334.4,2026-07
T002833,80,10.6,327.2,2026-07
T002834,80,19.4,350.0,2026-07
T002835,80,3.8,319.0,2026-07
T002836,15,18.7,150.2,2026-07
T002837,15,19.2,148.7,2026-07
T002838,15,14.5,121.0,2026-07
T002839,15,19.0,125.0,2026-07
T002840,40,16.6,140.3,2026-07
T002841,40,0.5,125.1,2026-07
T002842,40,7.4,134.7,2026-07
T002843,40,9.6,122.5,2026-07
T002844,40,5.1,116.2,2026-07
T002845,40,6.3,121.9,2026-07
T002846,40,11.2,126.8,2026-07
T002847,80,9.9,236.9,2026-07
T002848,80,11.4,238.4,2026-07
T002849,80,18.1,259.1,2026-07
T002850,80,8.1,244.9,2026-07
T002851,80,16.6,246.4,2026-07
T002852,80,13.5,244.7,2026-07
T002853,80,7.7,251.5,2026-07
T002854,80,0.9,243.3,2026-07
T002855,15,12.7,106.7,2026-07
T002856,15,14.3,107.8,2026-07
T002857,40,6.0,141.4,2026-07
T002858,40,8.0,135.3,2026-07
T002859,40,8.9,141.6,2026-07
T002860,40,5.3,141.6,2026-07
T002861,80,0.6,329.8,2026-07
T002862,80,1.3,312.3,2026-07
T002863,80,0.9,313.3,2026-07
T002864,80,17.6,349.6,2026-07
T002865,80,19.2,338.6,2026-07
T002866,80,15.0,335.8,2026-07
T002867,80,2.4,321.8,2026-07
T002868,80,24.9,351.3,2026-07
T002869,15,15.6,136.6,2026-07
T002870,15,5.6,136.1,2026-07
T002871,15,18.2,130.2,2026-07
T002872,40,19.9,140.0,2026-07
T002873,40,8.8,128.0,2026-07
T002874,40,15.8,125.1,2026-07
T002875,40,4.2,119.8,2026-07
T002876,40,2.2,112.4,2026-07
T002877,80,13.0,252.6,2026-07
T002878,80,10.6,248.8,2026-07
T002879,80,6.1,251.3,2026-07
T002880,80,0.2,227.2,2026-07
T002881,80,1.3,229.7,2026-07
T002882,15,0.5,90.5,2026-07
T002883,15,8.9,100.4,2026-07
T002884,40,19.6,146.9,2026-07
T002885,40,15.4,144.5,2026-07
T002886,40,19.3,146.6,2026-07
T002887,80,4.8,331.2,2026-07
T002888,80,14.0,322.2,2026-07
T002889,80,11.7,346.5,2026-07
T002890,80,24.1,332.3,2026-07
T002891,15,14.2,142.7,2026-07
T002892,15,13.2,139.7,2026-07
T002893,15,1.4,131.9,2026-07
T002894,15,1.5,107.0,2026-07
T002895,15,3.2,108.7,2026-07
T002896,15,14.7,126.7,2026-07
T002897,40,15.4,141.8,2026-07
T002898,40,16.8,142.3,2026-07
T002899,40,15.8,134.1,2026-07
T002900,40,16.9,142.4,2026-07
T002901,40,5.6,130.2,2026-07
T002902,40,8.5,134.9,2026-07
T002903,40,18.6,135.1,2026-07
T002904,40,10.3,118.7,2026-07
T002905,40,12.0,121.3,2026-07
T002906,40,24.5,137.4,2026-07
T002907,40,6.8,123.3,2026-07
T002908,40,0.5,109.8,2026-07
T002909,80,9.2,243.2,2026-07
T002910,80,7.6,234.6,2026-07
T002911,80,17.0,262.2,2026-07
T002912,80,9.9,245.3,2026-07
T002913,80,0.8,241.8,2026-07
T002914,80,1.2,243.6,2026-07
T002915,80,11.5,241.3,2026-07
T002916,80,0.1,231.3,2026-07
T002917,80,4.1,240.9,2026-07
T002918,80,13.9,253.5,2026-07
T002919,80,3.1,242.7,2026-07
T002920,15,7.9,94.4,2026-07
T002921,15,1.5,89.0,2026-07
T002922,15,3.5,97.5,2026-07
T002923,40,30.7,158.9,2026-07
T002924,40,18.5,151.2,2026-07
T002925,40,11.4,143.2,2026-07
T002926,40,18.8,156.0,2026-07
T002927,40,2.5,132.5,2026-07
T002928,40,1.8,128.2,2026-07
T002929,80,1.3,313.7,2026-07
T002930,80,12.7,322.3,2026-07
T002931,80,2.9,329.3,2026-07
T002932,80,10.6,318.8,2026-07
T002933,80,2.5,326.1,2026-07
T002934,80,26.2,341.4,2026-07
T002935,80,12.4,333.2,2026-07
T002936,80,3.9,338.7,2026-07
T002937,80,10.0,321.0,2026-07
T002938,80,1.4,322.2,2026-07
T002939,80,10.9,331.7,2026-07
T002940,80,7.1,323.7,2026-07
T002941,15,5.0,138.0,2026-07
T002942,15,14.4,138.4,2026-07
T002943,15,19.1,132.6,2026-07
T002944,15,6.4,112.4,2026-07
T002945,40,13.6,135.5,2026-07
T002946,40,15.3,133.6,2026-07
T002947,40,18.3,141.1,2026-07
T002948,40,16.8,128.8,2026-07
T002949,40,7.3,124.7,2026-07
T002950,40,1.8,114.7,2026-07
T002951,40,12.5,126.3,2026-07
T002952,80,10.2,254.0,2026-07
T002953,80,4.2,236.8,2026-07
T002954,80,12.5,239.5,2026-07
T002955,80,3.8,230.8,2026-07
T002956,80,4.8,238.8,2026-07
T002957,80,0.9,233.5,2026-07
T002958,80,6.1,244.3,2026-07
T002959,80,1.6,246.8,2026-07
T002960,15,15.8,102.8,2026-07
T002961,15,23.8,117.3,2026-07
T002962,40,16.7,149.4,2026-07
T002963,40,7.9,141.5,2026-07
T002964,40,4.1,129.6,2026-07
T002965,40,7.2,144.4,2026-07
T002966,80,19.8,356.0,2026-07
T002967,80,3.0,314.0,2026-07
T002968,80,14.9,349.7,2026-07
T002969,80,17.8,344.2,2026-07
T002970,80,15.8,324.0,2026-07
T002971,80,4.0,315.0,2026-07
T002972,80,8.0,335.8,2026-07
T002973,80,6.7,323.3,2026-07
T002974,15,4.7,128.7,2026-07
T002975,15,7.7,139.7,2026-07
T002976,15,15.7,127.2,2026-07
T002977,40,18.1,142.7,2026-07
T002978,40,2.9,122.1,2026-07
T002979,40,5.7,115.0,2026-07
T002980,40,0.4,116.9,2026-07
T002981,40,2.8,112.1,2026-07
T002982,80,8.3,236.7,2026-07
T002983,80,16.8,249.4,2026-07
T002984,80,12.5,259.1,2026-07
T002985,80,9.6,249.2,2026-07
T002986,80,18.5,258.1,2026-07
T002987,15,7.9,94.9,2026-07
T002988,15,7.7,99.7,2026-07
T002989,40,11.6,143.4,2026-07
T002990,40,4.9,140.3,2026-07
T002991,40,18.7,145.1,2026-07
T002992,80,2.5,337.3,2026-07
T002993,80,19.7,326.5,2026-07
T002994,80,7.5,345.1,2026-07
T002995,80,6.7,324.7,2026-07
T002996,15,1.7,135.2,2026-07
T002997,15,20.3,149.3,2026-07
T002998,15,18.9,150.9,2026-07
T002999,15,10.7,127.7,2026-07
T003000,15,15.0,127.5,2026-07
T003001,15,10.4,116.4,2026-07
T003002,40,4.2,130.6,2026-07
T003003,40,0.4,117.8,2026-07
T003004,40,5.7,123.1,2026-07
T003005,40,16.1,134.4,2026-07
T003006,40,2.5,124.4,2026-07
T003007,40,9.9,127.3,2026-07
T003008,40,5.0,121.5,2026-07
T003009,40,1.6,111.8,2026-07
T003010,40,1.0,109.4,2026-07
T003011,40,15.6,127.6,2026-07
T003012,40,15.8,130.5,2026-07
T003013,80,30.3,272.7,2026-07
T003014,80,2.9,235.5,2026-07
T003015,80,2.0,234.6,2026-07
T003016,80,18.4,249.6,2026-07
T003017,80,31.6,268.4,2026-07
T003018,80,4.6,247.0,2026-07
T003019,80,0.4,230.2,2026-07
T003020,80,13.2,252.8,2026-07
T003021,80,0.3,239.9,2026-07
T003022,80,2.6,246.4,2026-07
T003023,80,4.5,239.9,2026-07
T003024,15,14.4,106.9,2026-07
T003025,15,2.5,92.5,2026-07
T003026,15,8.7,97.2,2026-07
T003027,40,14.2,150.5,2026-07
T003028,40,27.8,154.2,2026-07
T003029,40,17.2,153.5,2026-07
T003030,40,18.3,154.6,2026-07
T003031,40,12.2,146.7,2026-07
T003032,40,18.1,146.3,2026-07
T003033,80,0.9,320.3,2026-07
T003034,80,12.3,338.7,2026-07
T003035,80,3.2,325.4,2026-07
T003036,80,12.4,337.4,2026-07
T003037,80,5.2,313.4,2026-07
T003038,80,18.0,327.6,2026-07
T003039,80,19.1,339.9,2026-07
T003040,80,8.9,325.5,2026-07
T003041,80,14.4,339.4,2026-07
T003042,80,19.1,334.3,2026-07
T003043,80,10.1,346.3,2026-07
T003044,80,16.8,337.6,2026-07
T003045,15,7.5,140.0,2026-07
T003046,15,10.0,140.5,2026-07
T003047,15,9.9,120.4,2026-07
T003048,15,2.6,119.6,2026-07
T003049,40,1.5,125.2,2026-07
T003050,40,7.5,127.6,2026-07
T003051,40,15.1,137.0,2026-07
T003052,40,12.1,125.9,2026-07
T003053,40,11.0,123.0,2026-07
T003054,40,19.1,127.5,2026-07
T003055,40,7.2,116.5,2026-07
T003056,80,17.4,254.2,2026-07
T003057,80,1.0,230.8,2026-07
T003058,80,7.0,246.6,2026-07
T003059,80,14.3,248.3,2026-07
T003060,80,2.5,240.7,2026-07
T003061,80,11.5,239.9,2026-07
T003062,80,4.6,241.4,2026-07
T003063,15,17.1,110.1,2026-07
T003064,15,11.9,101.9,2026-07
T003065,40,2.1,135.7,2026-07
T003066,40,16.4,150.9,2026-07
T003067,40,13.3,145.1,2026-07
T003068,40,0.6,136.0,2026-07
T003069,80,12.0,341.2,2026-07
T003070,80,7.7,315.9,2026-07
T003071,80,16.9,350.3,2026-07
T003072,80,1.8,312.8,2026-07
T003073,80,9.3,327.3,2026-07
T003074,80,12.7,323.7,2026-07
T003075,80,19.2,334.4,2026-07
T003076,80,16.1,327.1,2026-07
T003077,15,18.5,140.5,2026-07
T003078,15,15.7,136.2,2026-07
T003079,15,2.3,110.8,2026-07
T003080,40,13.7,132.9,2026-07
T003081,40,14.2,132.5,2026-07
T003082,40,17.2,127.4,2026-07
T003083,40,12.5,127.2,2026-07
T003084,40,17.1,130.9,2026-07
T003085,80,16.3,247.5,2026-07
T003086,80,12.2,258.8,2026-07
T003087,80,15.7,252.5,2026-07
T003088,80,15.2,259.0,2026-07
T003089,80,16.3,253.1,2026-07
T003090,80,4.9,248.7,2026-07
T003091,15,15.7,107.7,2026-07
T003092,15,10.9,100.4,2026-07
T003093,40,1.6,137.0,2026-07
T003094,40,8.2,136.4,2026-07
T003095,80,10.1,316.9,2026-07
T003096,80,5.1,337.1,2026-07
T003097,80,0.5,307.3,2026-07
T003098,80,6.8,337.4,2026-07
T003099,15,13.6,134.1,2026-07
T003100,15,6.4,125.9,2026-07
T003101,15,3.8,134.8,2026-07
T003102,15,6.0,113.0,2026-07
T003103,15,7.7,115.2,2026-07
T003104,15,1.4,116.4,2026-07
T003105,40,16.2,136.3,2026-07
T003106,40,4.8,125.8,2026-07
T003107,40,3.5,121.8,2026-07
T003108,40,7.7,132.3,2026-07
T003109,40,17.2,142.7,2026-07
T003110,40,6.2,131.7,2026-07
T003111,40,1.9,111.2,2026-07
T003112,40,8.4,124.9,2026-07
T003113,40,18.7,135.2,2026-07
T003114,40,19.3,131.3,2026-07
T003115,40,15.5,127.5,2026-07
T003116,40,14.1,127.9,2026-07
T003117,80,15.8,259.6,2026-07
T003118,80,2.8,242.4,2026-07
T003119,80,0.8,234.8,2026-07
T003120,80,4.3,250.9,2026-07
T003121,80,16.9,243.9,2026-07
T003122,80,14.5,241.5,2026-07
T003123,80,1.8,228.8,2026-07
T003124,80,3.5,231.9,2026-07
T003125,80,7.3,237.1,2026-07
T003126,80,8.2,238.0,2026-07
T003127,80,0.7,234.7,2026-07
T003128,15,12.3,102.8,2026-07
T003129,15,2.7,98.7,2026-07
T003130,15,7.1,96.6,2026-07
T003131,40,18.5,150.3,2026-07
T003132,40,8.5,135.8,2026-07
T003133,40,18.4,153.8,2026-07
T003134,40,6.4,139.1,2026-07
T003135,40,4.9,135.8,2026-07
T003136,40,8.9,138.9,2026-07
T003137,40,5.2,134.3,2026-07
T003138,80,4.9,325.7,2026-07
T003139,80,1.1,316.3,2026-07
T003140,80,10.9,323.3,2026-07
T003141,80,11.1,344.5,2026-07
T003142,80,13.6,337.2,2026-07
T003143,80,14.5,328.3,2026-07
T003144,80,6.9,324.9,2026-07
T003145,80,9.5,340.1,2026-07
T003146,80,9.9,334.9,2026-07
T003147,80,10.1,344.9,2026-07
T003148,80,9.4,338.6,2026-07
T003149,15,4.7,129.2,2026-07
T003150,15,17.7,147.2,2026-07
T003151,15,8.1,113.6,2026-07
T003152,15,0.3,107.8,2026-07
T003153,40,18.4,135.8,2026-07
T003154,40,28.0,147.2,2026-07
T003155,40,1.5,123.4,2026-07
T003156,40,11.1,120.4,2026-07
T003157,40,11.8,127.4,2026-07
T003158,40,11.8,122.0,2026-07
T003159,40,7.4,120.3,2026-07
T003160,80,1.3,232.5,2026-07
T003161,80,16.4,253.2,2026-07
T003162,80,13.0,247.0,2026-07
T003163,80,9.2,255.8,2026-07
T003164,80,9.9,241.1,2026-07
T003165,80,15.0,249.0,2026-07
T003166,80,16.2,250.2,2026-07
T003167,15,4.6,92.1,2026-07
T003168,15,3.8,99.3,2026-07
T003169,40,8.3,138.3,2026-07
T003170,40,3.0,137.5,2026-07
T003171,40,19.9,156.2,2026-07
T003172,40,3.7,133.7,2026-07
T003173,80,26.6,336.2,2026-07
T003174,80,11.8,324.2,2026-07
T003175,80,8.5,325.1,2026-07
T003176,80,9.6,316.4,2026-07
T003177,80,9.1,317.3,2026-07
T003178,80,13.8,350.0,2026-07
T003179,80,0.3,336.5,2026-07
T003180,80,7.5,326.9,2026-07
T003181,15,21.1,146.1,2026-07
T003182,15,14.1,140.6,2026-07
T003183,15,10.5,116.5,2026-07
T003184,40,18.2,140.1,2026-07
T003185,40,12.5,131.7,2026-07
T003186,40,19.5,133.3,2026-07
T003187,40,18.5,133.2,2026-07
T003188,40,12.6,123.7,2026-07
T003189,80,9.0,252.8,2026-07
T003190,80,7.7,236.1,2026-07
T003191,80,9.1,255.7,2026-07
T003192,80,10.0,252.4,2026-07
T003193,80,1.1,240.7,2026-07
T003194,80,15.9,258.3,2026-07
T003195,15,11.4,103.9,2026-07
T003196,15,8.9,103.9,2026-07
T003197,40,0.9,128.2,2026-07
T003198,40,12.1,142.1,2026-07
T003199,80,5.8,336.4,2026-07
T003200,80,14.9,344.1,2026-07
T003201,80,10.4,324.2,2026-07
T003202,80,5.4,336.0,2026-07
T003203,15,14.7,145.2,2026-07
T003204,15,9.3,134.8,2026-07
T003205,15,4.4,132.4,2026-07
T003206,15,13.3,128.8,2026-07
T003207,15,5.9,113.9,2026-07
T003208,15,19.2,128.2,2026-07
T003209,40,15.2,140.7,2026-07
T003210,40,14.5,140.0,2026-07
T003211,40,13.4,134.4,2026-07
T003212,40,3.5,121.8,2026-07
T003213,40,10.5,134.2,2026-07
T003214,40,1.8,128.2,2026-07
T003215,40,9.4,120.5,2026-07
T003216,40,3.3,120.7,2026-07
T003217,40,28.2,137.5,2026-07
T003218,40,4.1,117.0,2026-07
T003219,40,19.9,133.7,2026-07
T003220,40,10.2,126.7,2026-07
T003221,80,14.8,251.6,2026-07
T003222,80,9.9,238.3,2026-07
T003223,80,7.0,246.6,2026-07
T003224,80,2.4,240.6,2026-07
T003225,80,8.5,249.5,2026-07
T003226,80,17.8,249.0,2026-07
T003227,80,12.6,257.8,2026-07
T003228,80,15.8,245.6,2026-07
T003229,80,16.0,257.0,2026-07
T003230,80,12.5,252.1,2026-07
T003231,80,17.2,259.6,2026-07
T003232,15,7.9,101.9,2026-07
T003233,15,18.4,113.4,2026-07
T003234,15,9.2,97.2,2026-07
T003235,40,2.5,137.0,2026-07
T003236,40,9.2,140.1,2026-07
T003237,40,16.9,144.2,2026-07
T003238,40,15.9,142.3,2026-07
T003239,40,2.6,132.6,2026-07
T003240,40,0.3,127.6,2026-07
T003241,80,16.5,352.7,2026-07
T003242,80,2.0,335.4,2026-07
T003243,80,16.1,331.3,2026-07
T003244,80,8.7,336.5,2026-07
T003245,80,19.0,331.4,2026-07
T003246,80,11.0,331.8,2026-07
T003247,80,10.7,331.5,2026-07
T003248,80,7.2,332.2,2026-07
T003249,80,18.5,346.3,2026-07
T003250,80,9.6,326.2,2026-07
T003251,80,15.4,329.2,2026-07
T003252,15,11.8,137.3,2026-07
T003253,15,29.8,162.3,2026-07
T003254,15,18.9,127.9,2026-07
T003255,15,12.5,128.0,2026-07
T003256,40,14.7,133.9,2026-07
T003257,40,8.8,126.2,2026-07
T003258,40,3.9,130.3,2026-07
T003259,40,7.4,117.6,2026-07
T003260,40,4.2,120.7,2026-07
T003261,40,17.6,129.6,2026-07
T003262,40,8.4,119.5,2026-07
T003263,80,2.3,236.3,2026-07
T003264,80,14.4,248.4,2026-07
T003265,80,32.3,260.7,2026-07
T003266,80,19.2,251.8,2026-07
T003267,80,10.1,242.7,2026-07
T003268,80,12.0,255.8,2026-07
T003269,80,15.9,255.5,2026-07
T003270,80,31.1,262.3,2026-07
T003271,15,2.5,94.0,2026-07
T003272,15,4.2,96.2,2026-07
T003273,40,14.7,142.0,2026-07
T003274,40,4.9,139.4,2026-07
T003275,40,19.4,152.1,2026-07
T003276,40,17.3,151.8,2026-07
T003277,80,18.5,335.1,2026-07
T003278,80,1.9,338.1,2026-07
T003279,80,6.7,314.9,2026-07
T003280,80,7.9,328.7,2026-07
T003281,80,19.4,330.4,2026-07
T003282,80,0.4,335.2,2026-07
T003283,80,11.6,325.4,2026-07
T003284,80,3.5,317.3,2026-07
T003285,15,10.2,140.2,2026-07
T003286,15,3.5,131.5,2026-07
T003287,15,8.6,114.6,2026-07
T003288,40,19.0,144.5,2026-07
T003289,40,9.4,128.6,2026-07
T003290,40,10.2,125.8,2026-07
T003291,40,1.8,113.8,2026-07
T003292,40,10.4,126.9,2026-07
T003293,80,15.6,253.8,2026-07
T003294,80,15.5,256.5,2026-07
T003295,80,6.0,241.4,2026-07
T003296,80,23.6,260.4,2026-07
T003297,80,0.1,238.3,2026-07
T003298,80,16.7,243.7,2026-07
T003299,15,3.2,93.7,2026-07
T003300,15,12.4,104.4,2026-07
T003301,40,7.8,133.3,2026-07
T003302,40,0.3,132.1,2026-07
T003303,40,10.7,137.1,2026-07
T003304,80,5.0,337.0,2026-07
T003305,80,14.3,321.1,2026-07
T003306,80,1.7,325.3,2026-07
T003307,80,18.3,334.9,2026-07
T003308,15,7.1,135.6,2026-07
T003309,15,3.3,127.3,2026-07
T003310,15,4.6,132.6,2026-07
T003311,15,14.6,130.1,2026-07
T003312,15,16.4,124.4,2026-07
T003313,15,11.0,127.0,2026-07
T003314,40,0.8,128.1,2026-07
T003315,40,10.2,133.0,2026-07
T003316,40,0.9,126.4,2026-07
T003317,40,1.8,127.3,2026-07
T003318,40,4.8,131.2,2026-07
T003319,40,5.2,130.7,2026-07
T003320,40,13.2,127.9,2026-07
T003321,40,2.5,117.2,2026-07
T003322,40,3.8,114.0,2026-07
T003323,40,13.9,130.4,2026-07
T003324,40,16.9,128.9,2026-07
T003325,80,17.9,261.7,2026-07
T003326,80,11.8,252.8,2026-07
T003327,80,4.0,236.6,2026-07
T003328,80,11.1,246.5,2026-07
T003329,80,17.3,252.7,2026-07
T003330,80,13.7,240.7,2026-07
T003331,80,7.4,251.2,2026-07
T003332,80,3.6,247.4,2026-07
T003333,80,4.7,238.7,2026-07
T003334,80,2.3,234.9,2026-07
T003335,80,13.3,255.7,2026-07
T003336,15,3.4,93.4,2026-07
T003337,15,19.7,112.7,2026-07
T003338,15,13.3,101.3,2026-07
T003339,40,22.2,158.5,2026-07
T003340,40,14.8,152.0,2026-07
T003341,40,2.7,139.9,2026-07
T003342,40,12.9,143.8,2026-07
T003343,40,6.7,133.1,2026-07
T003344,40,4.4,134.4,2026-07
T003345,80,2.3,316.1,2026-07
T003346,80,26.8,347.6,2026-07
T003347,80,2.9,315.3,2026-07
T003348,80,3.7,327.3,2026-07
T003349,80,0.5,307.3,2026-07
T003350,80,6.1,338.1,2026-07
T003351,80,34.6,344.2,2026-07
T003352,80,13.8,333.2,2026-07
T003353,80,1.7,336.5,2026-07
T003354,80,5.2,337.2,2026-07
T003355,80,18.9,348.1,2026-07
T003356,80,6.9,327.7,2026-07
T003357,15,10.1,142.1,2026-07
T003358,15,12.5,137.0,2026-07
T003359,15,14.3,129.8,2026-07
T003360,15,8.7,118.7,2026-07
T003361,40,9.7,133.4,2026-07
T003362,40,1.0,121.1,2026-07
T003363,40,10.6,130.7,2026-07
T003364,40,0.5,112.5,2026-07
T003365,40,12.6,122.8,2026-07
T003366,40,18.9,133.6,2026-07
T003367,40,4.7,118.5,2026-07
T003368,80,5.2,244.8,2026-07
T003369,80,18.3,259.3,2026-07
T003370,80,18.0,260.4,2026-07
T003371,80,17.5,251.5,2026-07
T003372,80,12.6,249.4,2026-07
T003373,80,10.2,238.6,2026-07
T003374,80,18.7,255.5,2026-07
T003375,15,8.0,95.5,2026-07
T003376,15,9.9,102.9,2026-07
T003377,40,19.4,145.8,2026-07
T003378,40,7.2,133.6,2026-07
T003379,40,14.6,142.8,2026-07
T003380,40,16.7,149.4,2026-07
T003381,80,19.1,338.5,2026-07
T003382,80,4.4,318.2,2026-07
T003383,80,18.8,346.6,2026-07
T003384,80,1.3,313.7,2026-07
T003385,80,10.4,348.0,2026-07
T003386,80,8.5,326.5,2026-07
T003387,80,13.4,351.0,2026-07
T003388,80,21.8,339.8,2026-07
T003389,15,8.7,137.2,2026-07
T003390,15,1.2,131.2,2026-07
T003391,15,6.7,120.2,2026-07
T003392,40,5.0,123.3,2026-07
T003393,40,15.8,135.9,2026-07
T003394,40,14.0,126.9,2026-07
T003395,40,9.0,120.1,2026-07
T003396,40,1.2,114.1,2026-07
T003397,80,4.7,244.3,2026-07
T003398,80,17.0,260.8,2026-07
T003399,80,17.2,256.8,2026-07
T003400,80,0.2,245.4,2026-07
T003401,80,4.9,233.3,2026-07
T003402,80,1.6,245.4,2026-07
T003403,15,9.9,100.4,2026-07
T003404,15,4.9,99.4,2026-07
T003405,40,7.2,140.8,2026-07
T003406,40,8.4,143.8,2026-07
T003407,80,14.6,325.6,2026-07
T003408,80,8.2,338.8,2026-07
T003409,80,5.4,319.2,2026-07
T003410,80,7.3,315.5,2026-07
T003411,15,14.1,146.6,2026-07
T003412,15,13.4,136.4,2026-07
T003413,15,17.2,145.7,2026-07
T003414,15,8.6,123.6,2026-07
T003415,15,14.5,126.5,2026-07
T003416,15,4.9,118.4,2026-07
T003417,40,4.9,128.6,2026-07
T003418,40,1.3,125.0,2026-07
T003419,40,16.4,137.4,2026-07
T003420,40,1.7,120.0,2026-07
T003421,40,17.6,135.9,2026-07
T003422,40,0.5,127.8,2026-07
T003423,40,12.5,127.2,2026-07
T003424,40,6.2,122.7,2026-07
T003425,40,9.2,123.0,2026-07
T003426,40,7.5,121.3,2026-07
T003427,40,13.1,122.4,2026-07
T003428,80,3.5,230.5,2026-07
T003429,80,6.1,244.3,2026-07
T003430,80,2.7,235.3,2026-07
T003431,80,11.9,252.9,2026-07
T003432,80,15.4,243.8,2026-07
T003433,80,3.3,231.7,2026-07
T003434,80,6.9,239.5,2026-07
T003435,80,10.6,250.2,2026-07
T003436,80,3.1,232.9,2026-07
T003437,80,16.8,250.8,2026-07
T003438,80,10.9,240.7,2026-07
T003439,15,6.4,96.4,2026-07
T003440,15,18.3,109.8,2026-07
T003441,15,8.3,95.3,2026-07
T003442,40,15.4,141.8,2026-07
T003443,40,13.8,150.1,2026-07
T003444,40,4.0,134.0,2026-07
T003445,40,4.1,136.8,2026-07
T003446,40,3.2,133.2,2026-07
T003447,40,17.2,150.8,2026-07
T003448,80,6.8,341.6,2026-07
T003449,80,9.1,341.1,2026-07
T003450,80,16.0,350.8,2026-07
T003451,80,16.2,344.0,2026-07
T003452,80,18.1,354.3,2026-07
T003453,80,6.8,313.6,2026-07
T003454,80,14.6,338.2,2026-07
T003455,80,16.3,342.7,2026-07
T003456,80,7.0,319.4,2026-07
T003457,80,4.5,339.3,2026-07
T003458,80,14.3,321.1,2026-07
T003459,15,10.6,132.1,2026-07
T003460,15,2.5,125.0,2026-07
T003461,15,14.9,130.4,2026-07
T003462,15,18.9,125.9,2026-07
T003463,40,3.0,125.8,2026-07
T003464,40,3.8,126.6,2026-07
T003465,40,15.1,134.3,2026-07
T003466,40,6.4,121.1,2026-07
T003467,40,1.2,115.0,2026-07
T003468,40,18.6,131.5,2026-07
T003469,40,24.6,134.8,2026-07
T003470,80,2.7,243.7,2026-07
T003471,80,15.1,251.9,2026-07
T003472,80,14.2,256.6,2026-07
T003473,80,19.3,261.7,2026-07
T003474,80,4.5,246.9,2026-07
T003475,80,11.4,242.6,2026-07
T003476,80,19.9,263.7,2026-07
T003477,80,7.7,251.5,2026-07
T003478,15,13.0,108.5,2026-07
T003479,15,1.9,89.9,2026-07
T003480,40,14.3,144.3,2026-07
T003481,40,6.4,138.2,2026-07
T003482,40,17.0,147.9,2026-07
T003483,40,13.4,150.6,2026-07
T003484,80,17.8,345.6,2026-07
T003485,80,14.0,333.4,2026-07
T003486,80,7.0,327.8,2026-07
T003487,80,18.8,350.8,2026-07
T003488,80,1.9,324.1,2026-07
T003489,80,12.1,327.3,2026-07
T003490,80,12.4,337.4,2026-07
T003491,80,8.1,324.7,2026-07
T003492,15,19.2,141.7,2026-07
T003493,15,19.8,141.8,2026-07
T003494,15,19.9,132.4,2026-07
T003495,40,19.4,140.4,2026-07
T003496,40,2.1,129.4,2026-07
T003497,40,14.4,129.1,2026-07
T003498,40,15.3,127.3,2026-07
T003499,40,24.4,138.2,2026-07
T003500,80,8.4,243.8,2026-07
T003501,80,3.4,248.6,2026-07
T003502,80,0.6,231.8,2026-07
T003503,80,4.1,243.7,2026-07
T003504,80,14.8,253.0,2026-07
T003505,80,15.4,260.6,2026-07
T003506,15,11.5,106.5,2026-07
T003507,15,1.8,96.8,2026-07
T003508,40,6.3,135.4,2026-07
T003509,40,5.2,137.9,2026-07
T003510,80,10.4,317.2,2026-07
T003511,80,7.6,327.0,2026-07
T003512,80,13.4,331.4,2026-07
T003513,80,16.1,332.7,2026-07
T003514,15,4.0,128.0,2026-07
T003515,15,6.8,138.8,2026-07
T003516,15,4.8,137.3,2026-07
T003517,15,29.0,142.0,2026-07
T003518,15,17.9,131.4,2026-07
T003519,15,16.4,129.9,2026-07
T003520,40,7.3,125.6,2026-07
T003521,40,19.5,141.4,2026-07
T003522,40,15.8,135.9,2026-07
T003523,40,10.2,132.1,2026-07
T003524,40,17.6,135.9,2026-07
T003525,40,31.2,156.7,2026-07
T003526,40,2.6,116.4,2026-07
T003527,40,15.5,131.1,2026-07
T003528,40,7.2,118.3,2026-07
T003529,40,4.2,114.4,2026-07
T003530,40,16.2,133.6,2026-07
T003531,40,12.5,128.1,2026-07
T003532,80,1.6,244.0,2026-07
T003533,80,17.1,245.5,2026-07
T003534,80,1.1,246.3,2026-07
T003535,80,2.1,247.3,2026-07
T003536,80,17.2,259.6,2026-07
T003537,80,14.6,252.8,2026-07
T003538,80,16.6,256.2,2026-07
T003539,80,0.1,245.3,2026-07
T003540,80,16.2,255.8,2026-07
T003541,80,15.1,243.5,2026-07
T003542,80,9.3,254.5,2026-07
T003543,15,16.6,110.6,2026-07
T003544,15,0.9,93.4,2026-07
T003545,15,5.1,95.6,2026-07
T003546,40,12.7,140.0,2026-07
T003547,40,25.0,156.8,2026-07
T003548,40,11.7,140.8,2026-07
T003549,40,6.2,137.1,2026-07
T003550,40,19.6,147.8,2026-07
T003551,40,13.3,149.6,2026-07
T003552,40,5.3,134.4,2026-07
T003553,80,6.9,336.1,2026-07
T003554,80,15.6,337.8,2026-07
T003555,80,2.0,334.0,2026-07
T003556,80,11.2,332.0,2026-07
T003557,80,9.3,318.9,2026-07
T003558,80,19.3,349.9,2026-07
T003559,80,18.6,340.8,2026-07
T003560,80,11.0,336.0,2026-07
T003561,80,14.5,322.7,2026-07
T003562,80,8.5,336.3,2026-07
T003563,80,2.2,314.6,2026-07
T003564,15,7.1,127.1,2026-07
T003565,15,19.0,140.5,2026-07
T003566,15,0.8,108.3,2026-07
T003567,15,8.5,115.0,2026-07
T003568,40,1.8,129.1,2026-07
T003569,40,19.6,137.9,2026-07
T003570,40,7.5,133.0,2026-07
T003571,40,7.0,120.8,2026-07
T003572,40,6.6,123.1,2026-07
T003573,40,13.7,129.3,2026-07
T003574,40,5.8,121.4,2026-07
T003575,80,0.3,244.1,2026-07
T003576,80,1.8,230.2,2026-07
T003577,80,6.5,246.1,2026-07
T003578,80,14.8,248.8,2026-07
T003579,80,19.4,257.6,2026-07
T003580,80,17.2,259.6,2026-07
T003581,80,13.3,255.7,2026-07
T003582,80,8.3,239.5,2026-07
T003583,15,6.2,95.2,2026-07
T003584,15,7.1,96.6,2026-07
T003585,40,2.1,134.8,2026-07
T003586,40,5.3,138.9,2026-07
T003587,40,14.7,143.8,2026-07
T003588,40,2.0,128.4,2026-07
T003589,80,4.2,330.6,2026-07
T003590,80,16.6,329.0,2026-07
T003591,80,4.9,321.5,2026-07
T003592,80,17.5,331.3,2026-07
T003593,80,12.7,322.3,2026-07
T003594,80,7.0,319.4,2026-07
T003595,80,2.6,336.0,2026-07
T003596,80,2.5,310.7,2026-07
T003597,15,8.0,130.0,2026-07
T003598,15,12.6,146.1,2026-07
T003599,15,13.9,130.9,2026-07
T003600,40,17.9,142.5,2026-07
T003601,40,18.1,142.7,2026-07
T003602,40,5.4,113.8,2026-07
T003603,40,2.3,118.8,2026-07
T003604,40,18.5,131.4,2026-07
T003605,80,9.3,254.5,2026-07
T003606,80,5.7,232.7,2026-07
T003607,80,10.0,246.8,2026-07
T003608,80,19.8,255.2,2026-07
T003609,80,3.5,247.3,2026-07
T003610,80,15.3,260.5,2026-07
T003611,15,5.8,95.3,2026-07
T003612,15,0.0,91.0,2026-07
T003613,40,8.1,140.8,2026-07
T003614,40,27.5,153.9,2026-07
T003615,80,2.0,327.0,2026-07
T003616,80,19.7,334.9,2026-07
T003617,80,19.2,330.2,2026-07
T003618,80,9.0,324.2,2026-07
T003619,15,12.3,141.3,2026-07
T003620,15,19.5,144.5,2026-07
T003621,15,7.9,129.9,2026-07
T003622,15,3.5,120.0,2026-07
T003623,15,10.9,119.9,2026-07
T003624,15,3.4,112.4,2026-07
T003625,40,13.9,133.1,2026-07
T003626,40,2.1,123.1,2026-07
T003627,40,3.3,121.6,2026-07
T003628,40,9.6,128.8,2026-07
T003629,40,0.9,121.0,2026-07
T003630,40,24.8,150.3,2026-07
T003631,40,0.6,118.0,2026-07
T003632,40,2.3,118.8,2026-07
T003633,40,10.6,124.4,2026-07
T003634,40,14.8,127.7,2026-07
T003635,40,4.7,120.3,2026-07
T003636,40,12.1,126.8,2026-07
T003637,80,7.3,251.1,2026-07
T003638,80,17.6,257.2,2026-07
T003639,80,12.2,250.4,2026-07
T003640,80,5.6,235.4,2026-07
T003641,80,2.0,240.2,2026-07
T003642,80,13.8,257.6,2026-07
T003643,80,19.6,248.0,2026-07
T003644,80,7.9,239.1,2026-07
T003645,80,11.0,252.0,2026-07
T003646,80,2.6,246.4,2026-07
T003647,80,6.2,233.2,2026-07
T003648,15,2.7,92.7,2026-07
T003649,15,7.8,95.3,2026-07
T003650,15,7.9,102.4,2026-07
T003651,40,8.8,141.5,2026-07
T003652,40,7.7,135.9,2026-07
T003653,40,15.1,144.2,2026-07
T003654,40,14.3,142.5,2026-07
T003655,40,8.5,141.2,2026-07
T003656,40,12.8,141.9,2026-07
T003657,40,6.6,142.9,2026-07
T003658,80,6.4,327.2,2026-07
T003659,80,0.8,331.4,2026-07
T003660,80,3.7,335.7,2026-07
T003661,80,6.8,340.2,2026-07
T003662,80,30.5,341.5,2026-07
T003663,80,15.7,325.3,2026-07
T003664,80,15.9,339.5,2026-07
T003665,80,12.2,331.6,2026-07
T003666,80,5.5,330.5,2026-07
T003667,80,0.5,315.7,2026-07
T003668,80,3.4,336.8,2026-07
T003669,15,11.7,141.7,2026-07
T003670,15,18.8,146.3,2026-07
T003671,15,9.4,121.4,2026-07
T003672,15,3.4,110.4,2026-07
T003673,40,16.3,138.2,2026-07
T003674,40,15.2,133.5,2026-07
T003675,40,11.5,138.8,2026-07
T003676,40,3.8,112.2,2026-07
T003677,40,3.4,118.1,2026-07
T003678,40,17.6,129.6,2026-07
T003679,40,0.4,115.1,2026-07
T003680,80,18.5,255.3,2026-07
T003681,80,6.5,243.3,2026-07
T003682,80,5.6,241.0,2026-07
T003683,80,14.5,256.9,2026-07
T003684,80,16.4,253.2,2026-07
T003685,80,8.3,249.3,2026-07
T003686,80,15.0,247.6,2026-07
T003687,80,16.7,256.3,2026-07
T003688,15,9.9,104.4,2026-07
T003689,15,19.4,108.9,2026-07
T003690,40,1.1,127.5,2026-07
T003691,40,1.1,129.3,2026-07
T003692,40,11.7,138.1,2026-07
T003693,40,8.6,135.0,2026-07
T003694,80,2.7,309.5,2026-07
T003695,80,3.2,317.0,2026-07
T003696,80,16.1,339.7,2026-07
T003697,80,18.2,340.4,2026-07
T003698,80,11.7,342.3,2026-07
T003699,80,3.7,328.7,2026-07
T003700,80,16.5,340.1,2026-07
T003701,80,17.2,353.4,2026-07
T003702,15,1.1,122.1,2026-07
T003703,15,2.4,128.4,2026-07
T003704,15,5.1,113.6,2026-07
T003705,40,15.7,137.6,2026-07
T003706,40,2.4,120.7,2026-07
T003707,40,0.8,113.7,2026-07
T003708,40,4.3,121.7,2026-07
T003709,40,17.1,126.4,2026-07
T003710,80,4.2,246.6,2026-07
T003711,80,10.6,247.4,2026-07
T003712,80,14.7,244.5,2026-07
T003713,80,9.7,246.5,2026-07
T003714,80,4.2,235.4,2026-07
T003715,80,9.5,256.1,2026-07
T003716,15,15.2,104.7,2026-07
T003717,15,5.6,98.1,2026-07
T003718,40,13.4,143.4,2026-07
T003719,40,16.6,143.9,2026-07
T003720,80,18.7,345.1,2026-07
T003721,80,19.5,329.1,2026-07
T003722,80,12.0,348.2,2026-07
T003723,80,12.4,323.4,2026-07
T003724,15,10.5,141.5,2026-07
T003725,15,3.6,125.1,2026-07
T003726,15,6.1,139.1,2026-07
T003727,15,5.5,115.5,2026-07
T003728,15,19.2,126.7,2026-07
T003729,15,0.1,111.6,2026-07
T003730,40,14.8,133.1,2026-07
T003731,40,8.0,129.9,2026-07
T003732,40,12.1,136.7,2026-07
T003733,40,12.4,138.8,2026-07
T003734,40,28.7,153.3,2026-07
T003735,40,1.6,128.0,2026-07
T003736,40,18.7,127.1,2026-07
T003737,40,13.6,126.5,2026-07
T003738,40,3.6,118.3,2026-07
T003739,40,14.8,131.3,2026-07
T003740,40,28.0,137.3,2026-07
T003741,40,18.4,130.4,2026-07
T003742,80,16.0,259.8,2026-07
T003743,80,19.7,259.3,2026-07
T003744,80,17.3,256.9,2026-07
T003745,80,19.9,258.1,2026-07
T003746,80,11.7,238.7,2026-07
T003747,80,15.8,242.8,2026-07
T003748,80,19.5,252.1,2026-07
T003749,80,16.1,247.3,2026-07
T003750,80,18.2,253.6,2026-07
T003751,80,15.9,242.9,2026-07
T003752,80,6.0,240.0,2026-07
T003753,15,18.2,105.2,2026-07
T003754,15,5.5,101.0,2026-07
T003755,15,11.8,99.8,2026-07
T003756,40,7.8,140.5,2026-07
T003757,40,19.0,155.3,2026-07
T003758,40,14.5,149.0,2026-07
T003759,40,3.3,128.8,2026-07
T003760,40,12.0,147.4,2026-07
T003761,40,7.7,139.5,2026-07
T003762,40,16.3,149.9,2026-07
T003763,80,4.4,339.2,2026-07
T003764,80,17.4,332.6,2026-07
T003765,80,0.9,335.7,2026-07
T003766,80,8.1,342.9,2026-07
T003767,80,12.9,340.7,2026-07
T003768,80,8.5,320.9,2026-07
T003769,80,10.3,326.9,2026-07
T003770,80,19.2,344.2,2026-07
T003771,80,18.4,326.6,2026-07
T003772,80,19.1,348.3,2026-07
T003773,80,19.5,333.3,2026-07
T003774,80,12.0,320.2,2026-07
T003775,15,14.9,140.4,2026-07
T003776,15,16.0,139.5,2026-07
T003777,15,12.8,129.3,2026-07
T003778,15,7.8,120.8,2026-07
T003779,40,18.5,142.2,2026-07
T003780,40,0.5,120.6,2026-07
T003781,40,10.8,132.7,2026-07
T003782,40,9.2,126.6,2026-07
T003783,40,9.0,125.5,2026-07
T003784,40,18.8,132.6,2026-07
T003785,40,13.0,125.0,2026-07
T003786,80,6.8,243.6,2026-07
T003787,80,5.1,239.1,2026-07
T003788,80,4.4,231.4,2026-07
T003789,80,0.4,230.2,2026-07
T003790,80,13.1,244.3,2026-07
T003791,80,15.8,247.0,2026-07
T003792,80,1.3,239.5,2026-07
T003793,15,8.3,102.8,2026-07
T003794,15,2.6,95.6,2026-07
T003795,40,3.1,130.4,2026-07
T003796,40,8.4,141.1,2026-07
T003797,40,9.4,143.9,2026-07
T003798,40,13.3,145.1,2026-07
T003799,80,3.1,321.1,2026-07
T003800,80,17.3,331.1,2026-07
T003801,80,4.4,335.0,2026-07
T003802,80,14.9,341.3,2026-07
T003803,80,6.8,320.6,2026-07
T003804,80,2.1,311.7,2026-07
T003805,80,0.7,328.5,2026-07
T003806,15,7.5,133.0,2026-07
T003807,15,9.4,134.9,2026-07
T003808,15,4.7,115.7,2026-07
T003809,40,19.4,138.6,2026-07
T003810,40,11.5,136.1,2026-07
T003811,40,9.6,122.5,2026-07
T003812,40,1.8,115.6,2026-07
T003813,40,11.9,126.6,2026-07
T003814,80,24.1,263.7,2026-07
T003815,80,7.8,241.8,2026-07
T003816,80,9.4,239.2,2026-07
T003817,80,12.2,254.6,2026-07
T003818,80,14.2,246.8,2026-07
T003819,80,12.6,249.4,2026-07
T003820,15,12.4,107.4,2026-07
T003821,15,16.1,103.1,2026-07
T003822,40,19.5,152.2,2026-07
T003823,40,15.3,151.6,2026-07
T003824,40,18.7,150.5,2026-07
T003825,80,16.1,328.5,2026-07
T003826,80,11.6,326.8,2026-07
T003827,80,0.7,308.9,2026-07
T003828,80,16.7,347.3,2026-07
T003829,15,11.5,144.0,2026-07
T003830,15,14.7,143.2,2026-07
T003831,15,14.3,146.8,2026-07
T003832,15,5.1,119.4,2026-07
T003833,15,15.7,132.5,2026-07
T003834,15,14.2,129.2,2026-07
T003835,40,4.3,126.2,2026-07
T003836,40,14.8,136.5,2026-07
T003837,40,7.9,128.0,2026-07
T003838,40,6.6,127.4,2026-07
T003839,40,19.2,137.2,2026-07
T003840,40,25.2,145.3,2026-07
T003841,40,10.1,125.4,2026-07
T003842,40,12.5,126.0,2026-07
T003843,40,9.4,122.3,2026-07
T003844,40,3.3,121.3,2026-07
T003845,40,9.9,121.0,2026-07
T003846,40,9.2,119.1,2026-07
T003847,80,19.9,258.1,2026-07
T003848,80,21.2,248.2,2026-07
T003849,80,12.9,256.7,2026-07
T003850,80,12.9,241.3,2026-07
T003851,80,6.2,244.4,2026-07
T003852,80,0.3,230.1,2026-07
T003853,80,10.3,245.7,2026-07
T003854,80,2.8,246.6,2026-07
T003855,80,16.9,245.3,2026-07
T003856,80,16.0,255.6,2026-07
T003857,15,11.3,100.3,2026-07
T003858,15,0.9,97.1,2026-07
T003859,15,4.5,93.0,2026-07
T003860,40,23.1,149.3,2026-07
T003861,40,9.1,146.3,2026-07
T003862,40,9.2,139.9,2026-07
T003863,40,3.5,130.6,2026-07
T003864,40,18.5,155.7,2026-07
T003865,40,10.1,140.1,2026-07
T003866,80,15.9,343.7,2026-07
T003867,80,14.6,325.6,2026-07
T003868,80,11.7,343.7,2026-07
T003869,80,19.8,342.0,2026-07
T003870,80,10.7,321.7,2026-07
T003871,80,19.7,339.1,2026-07
T003872,80,4.1,323.5,2026-07
T003873,80,19.0,346.8,2026-07
T003874,80,17.3,328.3,2026-07
T003875,80,16.4,341.4,2026-07
T003876,80,12.7,320.9,2026-07
T003877,80,3.1,333.7,2026-07
T003878,15,16.9,141.9,2026-07
T003879,15,11.8,143.3,2026-07
T003880,15,9.2,120.7,2026-07
T003881,15,12.7,120.2,2026-07
T003882,40,4.7,125.5,2026-07
T003883,40,12.0,132.8,2026-07
T003884,40,4.4,127.0,2026-07
T003885,40,7.5,124.0,2026-07
T003886,40,3.7,114.8,2026-07
T003887,40,9.2,122.1,2026-07
T003888,40,20.0,132.6,2026-07
T003889,80,14.4,252.6,2026-07
T003890,80,6.6,233.6,2026-07
T003891,80,2.4,242.0,2026-07
T003892,80,1.6,238.4,2026-07
T003893,80,6.8,250.6,2026-07
T003894,80,11.8,252.8,2026-07
T003895,80,8.5,246.7,2026-07
T003896,80,6.6,249.0,2026-07
T003897,15,2.1,90.1,2026-07
T003898,15,13.9,102.9,2026-07
T003899,40,11.2,137.6,2026-07
T003900,40,11.4,137.8,2026-07
T003901,40,3.7,140.8,2026-07
T003902,40,1.1,127.5,2026-07
T003903,80,14.6,328.4,2026-07
T003904,80,4.7,331.1,2026-07
T003905,80,3.8,340.0,2026-07
T003906,80,15.4,346.0,2026-07
T003907,80,0.5,312.9,2026-07
T003908,80,1.6,335.0,2026-07
T003909,80,9.5,337.3,2026-07
T003910,80,11.3,329.3,2026-07
T003911,15,3.9,130.9,2026-07
T003912,15,5.7,128.7,2026-07
T003913,15,1.1,116.1,2026-07
T003914,40,8.7,127.7,2026-07
T003915,40,17.6,135.6,2026-07
T003916,40,5.6,122.1,2026-07
T003917,40,18.9,127.9,2026-07
T003918,40,0.5,108.9,2026-07
T003919,80,7.7,237.5,2026-07
T003920,80,6.1,251.3,2026-07
T003921,80,11.2,246.6,2026-07
T003922,80,8.2,246.4,2026-07
T003923,80,7.9,240.5,2026-07
T003924,15,12.4,104.4,2026-07
T003925,15,29.8,116.3,2026-07
T003926,40,0.2,130.0,2026-07
T003927,40,18.0,152.5,2026-07
T003928,40,2.2,133.1,2026-07
T003929,80,0.4,308.6,2026-07
T003930,80,8.8,326.8,2026-07
T003931,80,0.4,310.0,2026-07
T003932,80,10.2,324.0,2026-07
T003933,15,11.2,132.9,2026-07
T003934,15,16.5,151.5,2026-07
T003935,15,3.1,131.5,2026-07
T003936,15,18.8,127.3,2026-07
T003937,15,14.0,131.0,2026-07
T003938,15,20.0,137.2,2026-07
T003939,40,1.3,120.0,2026-07
T003940,40,9.5,129.1,2026-07
T003941,40,3.6,125.0,2026-07
T003942,40,11.4,137.4,2026-07
T003943,40,16.7,137.7,2026-07
T003944,40,14.6,129.3,2026-07
T003945,40,29.8,140.9,2026-07
T003946,40,15.0,133.7,2026-07
T003947,40,15.3,126.4,2026-07
T003948,40,0.8,115.5,2026-07
T003949,80,6.6,233.6,2026-07
T003950,80,34.5,276.9,2026-07
T003951,80,19.2,264.4,2026-07
T003952,80,2.4,237.8,2026-07
T003953,80,15.6,242.6,2026-07
T003954,80,1.4,243.8,2026-07
T003955,80,19.8,252.4,2026-07
T003956,80,16.9,259.3,2026-07
T003957,80,15.0,253.2,2026-07
T003958,80,6.2,244.4,2026-07
T003959,80,10.8,237.8,2026-07
T003960,15,29.1,115.6,2026-07
T003961,15,4.7,98.0,2026-07
T003962,15,10.0,98.0,2026-07
T003963,40,15.0,140.5,2026-07
T003964,40,17.8,146.6,2026-07
T003965,40,1.3,138.3,2026-07
T003966,40,18.5,145.8,2026-07
T003967,40,19.1,150.9,2026-07
T003968,40,12.4,146.0,2026-07
T003969,80,16.4,340.0,2026-07
T003970,80,12.8,335.0,2026-07
T003971,80,0.3,321.1,2026-07
T003972,80,10.3,321.3,2026-07
T003973,80,17.9,352.7,2026-07
T003974,80,16.9,327.9,2026-07
T003975,80,11.1,347.3,2026-07
T003976,80,12.1,338.5,2026-07
T003977,80,2.9,327.9,2026-07
T003978,80,6.0,322.6,2026-07
T003979,80,3.9,337.3,2026-07
T003980,15,11.1,142.6,2026-07
T003981,15,17.6,140.6,2026-07
T003982,15,15.2,121.2,2026-07
T003983,15,16.0,124.0,2026-07
T003984,40,4.2,123.8,2026-07
T003985,40,0.9,120.1,2026-07
T003986,40,17.3,134.7,2026-07
T003987,40,3.2,121.0,2026-07
T003988,40,7.2,116.7,2026-07
T003989,40,13.6,127.4,2026-07
T003990,40,31.2,143.2,2026-07
T003991,80,27.8,270.2,2026-07
T003992,80,11.7,249.9,2026-07
T003993,80,7.1,250.9,2026-07
T003994,80,15.0,256.0,2026-07
T003995,80,17.6,247.4,2026-07
T003996,80,5.7,232.7,2026-07
T003997,80,17.7,248.9,2026-07
T003998,80,2.2,239.0,2026-07
T003999,15,0.8,89.8,2026-07
T004000,15,19.0,111.3,2026-07
T004001,40,0.5,126.9,2026-07
T004002,40,14.8,146.3,2026-07
T004003,40,1.7,131.4,2026-07
T004004,40,19.0,151.7,2026-07
T004005,80,18.0,347.2,2026-07
T004006,80,15.3,322.1,2026-07
T004007,80,18.6,325.4,2026-07
T004008,80,17.9,338.7,2026-07
T004009,80,6.0,322.6,2026-07
T004010,80,13.4,334.2,2026-07
T004011,80,7.7,332.7,2026-07
T004012,80,5.4,312.2,2026-07
T004013,15,0.2,121.2,2026-07
T004014,15,18.3,149.2,2026-07
T004015,15,8.0,123.5,2026-07
T004016,40,6.6,127.6,2026-07
T004017,40,5.7,131.7,2026-07
T004018,40,15.1,130.7,2026-07
T004019,40,6.5,115.8,2026-07
T004020,40,18.9,128.2,2026-07
T004021,80,10.4,247.2,2026-07
T004022,80,19.9,262.3,2026-07
T004023,80,2.0,233.2,2026-07
T004024,80,15.0,257.4,2026-07
T004025,80,19.0,250.2,2026-07
T004026,80,6.8,235.2,2026-07
T004027,15,8.0,97.5,2026-07
T004028,15,17.9,112.7,2026-07
T004029,40,6.3,135.1,2026-07
T004030,40,2.2,134.9,2026-07
T004031,80,1.8,319.8,2026-07
T004032,80,17.8,344.2,2026-07
T004033,80,6.7,331.7,2026-07
T004034,80,11.3,334.9,2026-07
T004035,15,12.1,135.6,2026-07
T004036,15,7.3,130.3,2026-07
T004037,15,9.9,130.4,2026-07
T004038,15,3.6,122.6,2026-07
T004039,15,1.7,112.0,2026-07
T004040,15,8.3,121.7,2026-07
T004041,40,9.3,133.0,2026-07
T004042,40,12.6,137.5,2026-07
T004043,40,0.6,120.9,2026-07
T004044,40,3.9,126.9,2026-07
T004045,40,17.8,140.6,2026-07
T004046,40,5.6,131.4,2026-07
T004047,40,4.9,124.2,2026-07
T004048,40,5.6,117.6,2026-07
T004049,40,24.7,139.4,2026-07
T004050,40,13.9,125.9,2026-07
T004051,40,6.2,118.2,2026-07
T004052,40,6.7,117.8,2026-07
T004053,80,14.5,244.3,2026-07
T004054,80,1.9,242.9,2026-07
T004055,80,1.1,240.7,2026-07
T004056,80,3.5,234.7,2026-07
T004057,80,10.9,242.1,2026-07
T004058,80,14.2,241.2,2026-07
T004059,80,4.8,248.6,2026-07
T004060,80,0.4,234.4,2026-07
T004061,80,7.5,234.5,2026-07
T004062,80,1.9,237.3,2026-07
T004063,80,9.2,241.8,2026-07
T004064,15,0.3,94.8,2026-07
T004065,15,2.4,96.4,2026-07
T004066,15,16.6,108.1,2026-07
T004067,40,4.8,133.0,2026-07
T004068,40,11.2,140.7,2026-07
T004069,40,15.9,147.2,2026-07
T004070,40,22.3,156.8,2026-07
T004071,40,0.7,134.8,2026-07
T004072,40,3.7,132.8,2026-07
T004073,80,8.8,321.2,2026-07
T004074,80,18.8,331.2,2026-07
T004075,80,8.0,330.2,2026-07
T004076,80,18.7,347.9,2026-07
T004077,80,17.6,331.4,2026-07
T004078,80,3.6,316.0,2026-07
T004079,80,1.4,312.4,2026-07
T004080,80,0.1,323.7,2026-07
T004081,80,19.5,352.9,2026-07
T004082,80,9.6,330.4,2026-07
T004083,80,16.3,352.5,2026-07
T004084,80,9.2,339.8,2026-07
T004085,15,1.2,129.7,2026-07
T004086,15,16.1,148.6,2026-07
T004087,15,10.1,119.6,2026-07
T004088,15,3.2,120.2,2026-07
T004089,40,9.9,134.5,2026-07
T004090,40,9.4,131.3,2026-07
T004091,40,4.4,124.7,2026-07
T004092,40,18.0,130.0,2026-07
T004093,40,19.5,136.1,2026-07
T004094,40,12.8,122.9,2026-07
T004095,40,12.0,130.4,2026-07
T004096,80,12.9,242.7,2026-07
T004097,80,13.4,240.4,2026-07
T004098,80,16.2,254.4,2026-07
T004099,80,19.6,253.6,2026-07
T004100,80,20.0,249.8,2026-07
T004101,80,17.3,245.7,2026-07
T004102,80,3.0,241.2,2026-07
T004103,80,8.1,246.3,2026-07
T004104,15,4.6,91.1,2026-07
T004105,15,2.1,99.1,2026-07
T004106,40,8.3,144.6,2026-07
T004107,40,8.0,141.2,2026-07
T004108,40,6.1,140.2,2026-07
T004109,40,9.9,139.9,2026-07
T004110,80,13.2,343.8,2026-07
T004111,80,7.5,317.1,2026-07
T004112,80,22.3,341.7,2026-07
T004113,80,12.9,323.9,2026-07
T004114,80,0.2,307.0,2026-07
T004115,80,0.9,307.7,2026-07
T004116,80,5.0,331.4,2026-07
T004117,80,15.2,340.2,2026-07
T004118,15,14.3,144.1,2026-07
T004119,15,7.8,138.3,2026-07
T004120,15,16.7,133.7,2026-07
T004121,40,14.6,133.8,2026-07
T004122,40,7.9,129.1,2026-07
T004123,40,10.6,121.7,2026-07
T004124,40,5.7,121.3,2026-07
T004125,40,15.7,135.0,2026-07
T004126,80,16.2,257.2,2026-07
T004127,80,4.0,246.4,2026-07
T004128,80,5.4,247.8,2026-07
T004129,80,16.3,258.7,2026-07
T004130,80,13.6,249.0,2026-07
T004131,15,0.6,94.5,2026-07
T004132,15,3.1,90.1,2026-07
T004133,40,6.3,137.2,2026-07
T004134,40,2.0,140.7,2026-07
T004135,40,7.8,140.1,2026-07
T004136,80,18.4,339.2,2026-07
T004137,80,4.8,324.2,2026-07
T004138,80,5.0,314.6,2026-07
T004139,80,1.5,316.7,2026-07
T004140,15,9.0,131.0,2026-07
T004141,15,8.3,137.3,2026-07
T004142,15,5.8,137.3,2026-07
T004143,15,19.8,131.9,2026-07
T004144,15,14.3,129.6,2026-07
T004145,15,19.5,139.0,2026-07
T004146,40,4.3,123.5,2026-07
T004147,40,1.1,129.9,2026-07
T004148,40,14.7,133.9,2026-07
T004149,40,10.1,132.9,2026-07
T004150,40,9.5,129.6,2026-07
T004151,40,4.9,127.1,2026-07
T004152,40,15.9,130.6,2026-07
T004153,40,7.5,120.4,2026-07
T004154,40,19.3,135.8,2026-07
T004155,40,18.4,130.4,2026-07
T004156,40,9.9,119.2,2026-07
T004157,80,9.5,250.5,2026-07
T004158,80,3.3,248.5,2026-07
T004159,80,1.4,228.4,2026-07
T004160,80,7.4,245.6,2026-07
T004161,80,19.2,260.2,2026-07
T004162,80,23.6,263.2,2026-07
T004163,80,18.4,256.6,2026-07
T004164,80,9.1,254.3,2026-07
T004165,80,11.5,251.1,2026-07
T004166,80,14.1,248.1,2026-07
T004167,80,2.4,232.2,2026-07
T004168,15,2.3,97.6,2026-07
T004169,15,18.6,109.2,2026-07
T004170,15,13.6,104.7,2026-07
T004171,40,13.5,149.8,2026-07
T004172,40,19.4,150.3,2026-07
T004173,40,14.0,144.0,2026-07
T004174,40,4.7,141.1,2026-07
T004175,40,6.8,134.1,2026-07
T004176,40,15.0,146.8,2026-07
T004177,80,30.5,354.1,2026-07
T004178,80,11.5,326.7,2026-07
T004179,80,11.2,322.2,2026-07
T004180,80,9.1,338.3,2026-07
T004181,80,6.4,334.2,2026-07
T004182,80,29.7,353.3,2026-07
T004183,80,7.0,329.2,2026-07
T004184,80,4.9,318.7,2026-07
T004185,80,3.2,317.0,2026-07
T004186,80,2.4,337.2,2026-07
T004187,80,19.6,347.4,2026-07
T004188,80,0.8,317.4,2026-07
T004189,15,6.8,137.8,2026-07
T004190,15,15.8,149.5,2026-07
T004191,15,17.8,131.3,2026-07
T004192,15,8.3,115.8,2026-07
T004193,40,7.3,134.6,2026-07
T004194,40,6.5,131.6,2026-07
T004195,40,3.8,122.1,2026-07
T004196,40,1.4,111.6,2026-07
T004197,40,1.3,114.1,2026-07
T004198,40,11.5,129.0,2026-07
T004199,40,18.1,135.5,2026-07
T004200,80,0.8,240.4,2026-07
T004201,80,11.9,248.7,2026-07
T004202,80,7.3,244.1,2026-07
T004203,80,16.2,261.4,2026-07
T004204,80,6.4,234.8,2026-07
T004205,80,13.5,241.9,2026-07
T004206,80,7.9,244.7,2026-07
T004207,15,19.5,111.1,2026-07
T004208,15,15.1,104.1,2026-07
T004209,40,5.8,136.5,2026-07
T004210,40,13.1,145.7,2026-07
T004211,40,1.7,142.8,2026-07
T004212,40,15.5,151.9,2026-07
T004213,80,2.8,315.2,2026-07
T004214,80,6.3,327.1,2026-07
T004215,80,2.6,330.4,2026-07
T004216,80,27.4,345.4,2026-07
T004217,80,17.5,335.5,2026-07
T004218,80,19.1,339.9,2026-07
T004219,80,7.3,342.1,2026-07
T004220,80,10.7,323.1,2026-07
T004221,15,19.7,148.7,2026-07
T004222,15,17.5,149.0,2026-07
T004223,15,3.0,117.0,2026-07
T004224,40,7.0,133.9,2026-07
T004225,40,6.6,131.2,2026-07
T004226,40,3.9,117.7,2026-07
T004227,40,17.1,133.6,2026-07
T004228,40,15.8,131.4,2026-07
T004229,80,19.5,264.7,2026-07
T004230,80,13.2,247.2,2026-07
T004231,80,9.9,248.1,2026-07
T004232,80,7.9,236.3,2026-07
T004233,80,5.9,239.9,2026-07
T004234,80,6.0,240.0,2026-07
T004235,15,14.4,110.4,2026-07
T004236,15,14.7,106.7,2026-07
T004237,40,5.9,137.7,2026-07
T004238,40,19.3,147.5,2026-07
T004239,80,4.6,315.6,2026-07
T004240,80,17.5,325.7,2026-07
T004241,80,1.4,320.8,2026-07
T004242,80,2.2,335.6,2026-07
T004243,15,4.5,135.0,2026-07
T004244,15,17.9,149.9,2026-07
T004245,15,15.7,156.1,2026-07
T004246,15,4.1,120.1,2026-07
T004247,15,14.3,128.8,2026-07
T004248,15,0.3,121.7,2026-07
T004249,40,1.6,121.7,2026-07
T004250,40,16.9,139.7,2026-07
T004251,40,0.6,125.2,2026-07
T004252,40,18.3,143.1,2026-07
T004253,40,1.7,122.7,2026-07
T004254,40,16.3,126.5,2026-07
T004255,40,5.1,115.3,2026-07
T004256,40,2.9,121.0,2026-07
T004257,40,11.1,133.0,2026-07
T004258,40,19.6,135.2,2026-07
T004259,80,13.6,258.8,2026-07
T004260,80,9.2,241.8,2026-07
T004261,80,30.0,269.6,2026-07
T004262,80,6.1,242.9,2026-07
T004263,80,1.8,231.6,2026-07
T004264,80,2.0,245.8,2026-07
T004265,80,2.2,234.8,2026-07
T004266,80,13.4,251.6,2026-07
T004267,80,18.4,260.8,2026-07
T004268,80,16.9,253.7,2026-07
T004269,80,3.7,250.3,2026-07
T004270,15,18.0,104.5,2026-07
T004271,15,8.3,108.0,2026-07
T004272,15,12.9,104.4,2026-07
T004273,40,14.2,140.6,2026-07
T004274,40,11.2,153.1,2026-07
T004275,40,9.4,141.8,2026-07
T004276,40,1.9,129.2,2026-07
T004277,40,33.8,168.3,2026-07
T004278,40,13.7,148.2,2026-07
T004279,40,1.0,142.0,2026-07
T004280,80,17.1,344.9,2026-07
T004281,80,10.6,325.8,2026-07
T004282,80,17.9,331.7,2026-07
T004283,80,12.1,330.1,2026-07
T004284,80,1.5,315.3,2026-07
T004285,80,0.6,328.4,2026-07
T004286,80,5.4,312.2,2026-07
T004287,80,8.2,320.6,2026-07
T004288,80,12.2,348.4,2026-07
T004289,80,7.0,313.8,2026-07
T004290,80,5.3,327.5,2026-07
T004291,15,16.4,142.5,2026-07
T004292,15,4.0,135.9,2026-07
T004293,15,11.1,133.0,2026-07
T004294,15,14.4,129.9,2026-07
T004295,40,11.7,129.1,2026-07
T004296,40,15.9,136.0,2026-07
T004297,40,14.1,137.9,2026-07
T004298,40,9.8,125.0,2026-07
T004299,40,8.1,128.1,2026-07
T004300,40,6.4,119.7,2026-07
T004301,40,1.2,123.1,2026-07
T004302,80,9.8,241.0,2026-07
T004303,80,16.0,259.8,2026-07
T004304,80,13.3,250.1,2026-07
T004305,80,12.6,241.0,2026-07
T004306,80,1.4,234.0,2026-07
T004307,80,8.8,238.6,2026-07
T004308,80,4.4,235.6,2026-07
T004309,80,7.4,234.4,2026-07
T004310,15,6.3,95.3,2026-07
T004311,15,5.3,102.8,2026-07
T004312,40,19.3,160.3,2026-07
T004313,40,2.2,136.5,2026-07
T004314,40,14.4,140.8,2026-07
T004315,40,12.0,153.0,2026-07
T004316,80,11.3,344.7,2026-07
T004317,80,6.4,327.2,2026-07
T004318,80,15.6,340.6,2026-07
T004319,80,10.2,331.0,2026-07
T004320,80,0.8,310.4,2026-07
T004321,80,3.3,312.9,2026-07
T004322,80,16.5,347.1,2026-07
T004323,80,10.4,321.4,2026-07
T004324,15,8.7,144.9,2026-07
T004325,15,5.9,131.9,2026-07
T004326,15,7.6,115.1,2026-07
T004327,40,10.8,136.3,2026-07
T004328,40,4.5,129.1,2026-07
T004329,40,9.0,121.9,2026-07
T004330,40,10.3,123.6,2026-07
T004331,40,3.5,120.0,2026-07
T004332,80,0.9,241.9,2026-07
T004333,80,17.5,257.1,2026-07
T004334,80,6.0,237.2,2026-07
T004335,80,2.7,233.9,2026-07
T004336,80,13.2,250.0,2026-07
T004337,15,11.5,111.7,2026-07
T004338,15,6.5,99.3,2026-07
T004339,40,12.7,139.1,2026-07
T004340,40,10.7,147.9,2026-07
T004341,80,8.0,340.0,2026-07
T004342,80,3.4,331.2,2026-07
T004343,80,11.9,327.1,2026-07
T004344,80,22.8,332.4,2026-07
T004345,15,6.5,128.0,2026-07
T004346,15,12.5,134.5,2026-07
T004347,15,19.7,149.2,2026-07
T004348,15,18.5,132.5,2026-07
T004349,15,13.6,122.6,2026-07
T004350,15,4.3,128.6,2026-07
T004351,40,10.3,131.3,2026-07
T004352,40,19.7,145.2,2026-07
T004353,40,12.9,130.3,2026-07
T004354,40,15.3,134.5,2026-07
T004355,40,6.0,124.3,2026-07
T004356,40,9.0,137.3,2026-07
T004357,40,17.5,126.8,2026-07
T004358,40,0.4,117.8,2026-07
T004359,40,4.8,113.2,2026-07
T004360,40,6.7,116.9,2026-07
T004361,40,18.5,131.5,2026-07
T004362,40,9.5,128.2,2026-07
T004363,80,0.8,233.4,2026-07
T004364,80,2.3,247.5,2026-07
T004365,80,12.2,247.6,2026-07
T004366,80,7.2,248.2,2026-07
T004367,80,14.1,259.3,2026-07
T004368,80,19.3,254.7,2026-07
T004369,80,32.2,274.6,2026-07
T004370,80,7.5,238.7,2026-07
T004371,80,11.5,251.1,2026-07
T004372,80,13.1,258.3,2026-07
T004373,80,14.1,252.3,2026-07
T004374,15,15.2,113.9,2026-07
T004375,15,4.9,103.6,2026-07
T004376,15,26.1,117.1,2026-07
T004377,40,16.6,149.3,2026-07
T004378,40,2.2,142.0,2026-07
T004379,40,9.4,143.5,2026-07
T004380,40,1.6,137.6,2026-07
T004381,40,3.1,128.6,2026-07
T004382,40,5.6,132.9,2026-07
T004383,80,10.2,335.2,2026-07
T004384,80,11.7,318.5,2026-07
T004385,80,5.1,338.5,2026-07
T004386,80,18.1,345.9,2026-07
T004387,80,7.2,315.4,2026-07
T004388,80,34.6,368.0,2026-07
T004389,80,12.4,323.4,2026-07
T004390,80,8.3,338.9,2026-07
T004391,80,12.6,319.4,2026-07
T004392,80,9.8,327.8,2026-07
T004393,80,1.6,337.8,2026-07
T004394,80,13.9,331.9,2026-07
T004395,15,4.1,139.6,2026-07
T004396,15,0.7,134.2,2026-07
T004397,15,18.4,135.3,2026-07
T004398,15,28.2,134.7,2026-07
T004399,40,19.0,149.2,2026-07
T004400,40,0.1,125.6,2026-07
T004401,40,10.0,131.0,2026-07
T004402,40,5.7,118.6,2026-07
T004403,40,14.7,131.5,2026-07
T004404,40,30.9,140.2,2026-07
T004405,40,0.0,114.9,2026-07
T004406,80,9.1,237.5,2026-07
T004407,80,12.7,242.5,2026-07
T004408,80,2.5,247.7,2026-07
T004409,80,6.6,237.8,2026-07
T004410,80,15.7,256.7,2026-07
T004411,80,18.3,263.5,2026-07
T004412,80,15.4,259.2,2026-07
T004413,80,8.2,242.2,2026-07
T004414,15,0.1,99.9,2026-07
T004415,15,19.4,113.4,2026-07
T004416,40,5.1,137.3,2026-07
T004417,40,11.7,150.6,2026-07
T004418,40,12.9,150.8,2026-07
T004419,40,10.0,151.8,2026-07
T004420,80,16.0,329.8,2026-07
T004421,80,8.3,344.5,2026-07
T004422,80,9.2,337.0,2026-07
T004423,80,4.2,333.4,2026-07
T004424,80,4.8,320.0,2026-07
T004425,80,18.3,325.1,2026-07
T004426,80,30.4,341.4,2026-07
T004427,80,2.5,324.7,2026-07
T004428,15,8.8,149.1,2026-07
T004429,15,9.1,137.1,2026-07
T004430,15,3.7,110.7,2026-07
T004431,40,1.9,122.9,2026-07
T004432,40,1.5,119.8,2026-07
T004433,40,11.1,127.6,2026-07
T004434,40,8.5,120.5,2026-07
T004435,40,18.3,133.9,2026-07
T004436,80,1.1,237.9,2026-07
T004437,80,11.5,242.7,2026-07
T004438,80,17.1,248.3,2026-07
T004439,80,17.6,255.8,2026-07
T004440,80,8.9,255.5,2026-07
T004441,15,9.9,96.4,2026-07
T004442,15,14.5,106.8,2026-07
T004443,40,19.1,158.9,2026-07
T004444,40,7.8,144.8,2026-07
T004445,40,18.1,150.8,2026-07
T004446,80,11.4,347.6,2026-07
T004447,80,11.6,340.8,2026-07
T004448,80,19.3,352.7,2026-07
T004449,80,18.2,351.6,2026-07
T004450,15,2.3,130.3,2026-07
T004451,15,10.4,134.4,2026-07
T004452,15,1.2,132.3,2026-07
T004453,15,16.2,132.7,2026-07
T004454,15,6.8,121.8,2026-07
T004455,15,2.4,110.9,2026-07
T004456,40,10.3,141.2,2026-07
T004457,40,17.1,144.4,2026-07
T004458,40,27.8,155.1,2026-07
T004459,40,1.5,128.8,2026-07
T004460,40,28.5,152.2,2026-07
T004461,40,19.3,134.8,2026-07
T004462,40,3.0,119.4,2026-07
T004463,40,12.8,130.2,2026-07
T004464,40,2.8,121.2,2026-07
T004465,40,12.0,121.3,2026-07
T004466,80,11.3,256.5,2026-07
T004467,80,10.5,255.7,2026-07
T004468,80,17.4,245.8,2026-07
T004469,80,8.5,239.7,2026-07
T004470,80,4.2,243.8,2026-07
T004471,80,3.0,244.0,2026-07
T004472,80,1.3,242.3,2026-07
T004473,80,4.3,242.5,2026-07
T004474,80,17.4,245.8,2026-07
T004475,80,1.9,245.7,2026-07
T004476,80,9.9,243.9,2026-07
T004477,15,17.3,109.8,2026-07
T004478,15,8.2,104.2,2026-07
T004479,15,15.7,115.1,2026-07
T004480,40,12.6,139.9,2026-07
T004481,40,30.0,164.8,2026-07
T004482,40,8.1,137.2,2026-07
T004483,40,22.4,156.2,2026-07
T004484,40,11.7,139.9,2026-07
T004485,40,11.4,147.2,2026-07
T004486,80,19.1,344.1,2026-07
T004487,80,3.7,323.1,2026-07
T004488,80,1.1,314.9,2026-07
T004489,80,3.9,328.9,2026-07
T004490,80,14.3,321.1,2026-07
T004491,80,12.4,341.6,2026-07
T004492,80,2.8,323.6,2026-07
T004493,80,11.1,338.9,2026-07
T004494,80,13.3,327.1,2026-07
T004495,80,15.9,324.1,2026-07
T004496,80,4.5,311.3,2026-07
T004497,15,13.0,142.0,2026-07
T004498,15,1.7,143.6,2026-07
T004499,15,19.3,130.8,2026-07
T004500,15,9.6,122.6,2026-07
T004501,40,9.3,134.4,2026-07
T004502,40,19.4,152.3,2026-07
T004503,40,13.9,142.9,2026-07
T004504,40,17.2,131.7,2026-07
T004505,40,14.6,133.0,2026-07
T004506,40,16.3,131.0,2026-07
T004507,40,12.8,127.5,2026-07
T004508,80,7.3,238.5,2026-07
T004509,80,14.1,252.3,2026-07
T004510,80,17.1,256.7,2026-07
T004511,80,15.0,254.6,2026-07
T004512,80,10.1,241.3,2026-07
T004513,80,9.3,248.9,2026-07
T004514,80,10.1,251.1,2026-07
T004515,15,15.7,105.2,2026-07
T004516,15,14.7,104.7,2026-07
T004517,40,14.5,153.2,2026-07
T004518,40,9.8,141.7,2026-07
T004519,40,15.3,158.8,2026-07
T004520,40,12.5,151.2,2026-07
T004521,80,7.9,328.7,2026-07
T004522,80,3.5,311.7,2026-07
T004523,80,21.7,349.5,2026-07
T004524,80,0.6,331.2,2026-07
T004525,80,8.8,324.0,2026-07
T004526,80,10.4,318.6,2026-07
T004527,80,2.5,337.3,2026-07
T004528,80,2.8,330.6,2026-07
T004529,15,19.0,148.0,2026-07
T004530,15,10.3,137.3,2026-07
T004531,15,1.5,114.0,2026-07
T004532,40,5.1,135.1,2026-07
T004533,40,11.1,135.7,2026-07
T004534,40,8.1,120.1,2026-07
T004535,40,9.2,119.4,2026-07
T004536,40,4.1,126.3,2026-07
T004537,80,10.1,251.1,2026-07
T004538,80,0.6,240.2,2026-07
T004539,80,2.7,235.3,2026-07
T004540,80,5.3,249.1,2026-07
T004541,80,13.6,257.4,2026-07
T004542,15,10.5,97.0,2026-07
T004543,15,10.2,96.7,2026-07
T004544,40,8.4,139.3,2026-07
T004545,40,3.3,143.0,2026-07
T004546,80,14.7,321.5,2026-07
T004547,80,17.1,349.1,2026-07
T004548,80,8.5,325.1,2026-07
T004549,80,18.2,339.0,2026-07
T004550,15,11.1,137.6,2026-07
T004551,15,11.7,142.7,2026-07
T004552,15,15.1,135.6,2026-07
T004553,15,15.8,121.3,2026-07
T004554,15,7.0,115.5,2026-07
T004555,15,2.3,115.3,2026-07
T004556,40,6.7,138.3,2026-07
T004557,40,9.5,144.1,2026-07
T004558,40,2.0,136.6,2026-07
T004559,40,0.6,120.7,2026-07
T004560,40,17.8,145.6,2026-07
T004561,40,15.1,139.9,2026-07
T004562,40,13.9,129.5,2026-07
T004563,40,19.5,143.3,2026-07
T004564,40,4.1,120.6,2026-07
T004565,40,4.3,124.2,2026-07
T004566,40,14.3,131.7,2026-07
T004567,80,16.0,244.4,2026-07
T004568,80,12.1,240.5,2026-07
T004569,80,7.8,253.0,2026-07
T004570,80,4.1,242.3,2026-07
T004571,80,0.8,239.0,2026-07
T004572,80,5.9,248.3,2026-07
T004573,80,13.9,259.1,2026-07
T004574,80,3.4,248.6,2026-07
T004575,80,5.3,237.9,2026-07
T004576,80,0.1,241.1,2026-07
T004577,80,2.4,246.2,2026-07
T004578,15,13.5,113.5,2026-07
T004579,15,12.5,102.5,2026-07
T004580,15,11.8,112.4,2026-07
T004581,40,19.1,155.6,2026-07
T004582,40,16.1,151.5,2026-07
T004583,40,0.9,131.8,2026-07
T004584,40,12.1,148.6,2026-07
T004585,40,17.5,161.8,2026-07
T004586,40,1.3,139.8,2026-07
T004587,80,17.5,349.5,2026-07
T004588,80,8.8,336.6,2026-07
T004589,80,1.7,309.9,2026-07
T004590,80,2.2,325.8,2026-07
T004591,80,3.1,316.9,2026-07
T004592,80,5.1,331.5,2026-07
T004593,80,4.1,317.9,2026-07
T004594,80,17.3,346.5,2026-07
T004595,80,13.0,336.6,2026-07
T004596,80,4.9,324.3,2026-07
T004597,80,6.2,324.2,2026-07
T004598,15,13.2,150.1,2026-07
T004599,15,5.4,144.4,2026-07
T004600,15,11.9,124.4,2026-07
T004601,15,19.0,145.0,2026-07
T004602,40,7.0,132.5,2026-07
T004603,40,1.3,130.0,2026-07
T004604,40,14.0,139.5,2026-07
T004605,40,32.4,145.3,2026-07
T004606,40,10.4,124.2,2026-07
T004607,40,33.5,142.8,2026-07
T004608,40,8.7,128.6,2026-07
T004609,80,12.3,253.3,2026-07
T004610,80,13.2,240.2,2026-07
T004611,80,11.5,242.7,2026-07
T004612,80,1.3,235.3,2026-07
T004613,80,16.3,260.1,2026-07
T004614,80,7.8,250.2,2026-07
T004615,80,1.0,243.4,2026-07
T004616,80,14.8,246.0,2026-07
T004617,15,18.2,111.7,2026-07
T004618,15,4.8,92.8,2026-07
T004619,40,5.5,133.7,2026-07
T004620,40,7.2,138.1,2026-07
T004621,40,19.6,155.2,2026-07
T004622,40,16.1,147.9,2026-07
T004623,80,0.9,309.1,2026-07
T004624,80,4.9,328.5,2026-07
T004625,80,7.9,325.9,2026-07
T004626,80,4.0,313.6,2026-07
T004627,80,18.8,325.6,2026-07
T004628,80,14.8,321.6,2026-07
T004629,80,17.0,328.0,2026-07
T004630,80,4.5,339.3,2026-07
T004631,15,1.4,132.4,2026-07
T004632,15,2.3,122.4,2026-07
T004633,40,18.2,137.4,2026-07
T004634,40,34.7,161.1,2026-07
T004635,40,17.5,130.4,2026-07
T004636,40,12.2,134.1,2026-07
T004637,40,5.4,127.3,2026-07
T004638,80,2.4,243.4,2026-07
T004639,80,1.5,246.7,2026-07
T004640,80,14.3,258.1,2026-07
T004641,80,13.5,251.7,2026-07
T004642,80,12.6,248.0,2026-07
T004643,15,5.9,98.4,2026-07
T004644,15,17.3,110.3,2026-07
T004645,40,7.8,144.1,2026-07
T004646,40,14.1,141.4,2026-07
T004647,40,15.6,151.0,2026-07
T004648,80,18.7,347.9,2026-07
T004649,80,17.5,329.9,2026-07
T004650,80,17.7,335.7,2026-07
T004651,80,4.4,335.0,2026-07
T004652,15,12.7,139.7,2026-08
T004653,15,10.4,150.1,2026-08
T004654,15,18.2,161.2,2026-08
T004655,15,11.0,129.6,2026-08
T004656,15,0.9,122.9,2026-08
T004657,15,6.0,122.0,2026-08
T004658,40,1.9,122.9,2026-08
T004659,40,8.2,133.7,2026-08
T004660,40,14.8,137.6,2026-08
T004661,40,5.1,122.5,2026-08
T004662,40,12.1,142.9,2026-08
T004663,40,19.9,147.7,2026-08
T004664,40,4.8,128.6,2026-08
T004665,40,7.0,131.8,2026-08
T004666,40,9.7,125.3,2026-08
T004667,40,8.7,129.5,2026-08
T004668,40,3.4,124.2,2026-08
T004669,80,2.1,229.1,2026-08
T004670,80,1.5,238.3,2026-08
T004671,80,3.7,244.7,2026-08
T004672,80,24.5,261.3,2026-08
T004673,80,8.9,237.3,2026-08
T004674,80,9.9,243.9,2026-08
T004675,80,19.0,247.4,2026-08
T004676,80,3.7,244.7,2026-08
T004677,80,1.8,230.2,2026-08
T004678,80,15.6,252.4,2026-08
T004679,15,8.4,112.6,2026-08
T004680,15,12.9,104.4,2026-08
T004681,15,18.5,113.0,2026-08
T004682,40,15.6,158.3,2026-08
T004683,40,11.9,151.7,2026-08
T004684,40,14.0,140.4,2026-08
T004685,40,3.4,146.1,2026-08
T004686,40,4.9,140.3,2026-08
T004687,40,18.4,145.7,2026-08
T004688,80,4.5,340.7,2026-08
T004689,80,17.2,326.8,2026-08
T004690,80,13.9,340.3,2026-08
T004691,80,2.4,319.0,2026-08
T004692,80,7.7,320.1,2026-08
T004693,80,3.9,316.3,2026-08
T004694,80,9.8,333.4,2026-08
T004695,80,17.6,348.2,2026-08
T004696,80,0.5,336.7,2026-08
T004697,80,33.0,355.2,2026-08
T004698,80,14.4,328.2,2026-08
T004699,80,16.9,333.5,2026-08
T004700,15,15.8,158.8,2026-08
T004701,15,0.8,133.8,2026-08
T004702,15,20.2,147.1,2026-08
T004703,15,3.5,120.0,2026-08
T004704,40,17.5,136.7,2026-08
T004705,40,29.8,148.1,2026-08
T004706,40,17.8,154.6,2026-08
T004707,40,12.8,124.8,2026-08
T004708,40,16.9,135.7,2026-08
T004709,40,5.2,113.6,2026-08
T004710,40,19.4,130.5,2026-08
T004711,80,2.6,249.2,2026-08
T004712,80,9.8,239.6,2026-08
T004713,80,15.6,260.8,2026-08
T004714,80,13.8,242.2,2026-08
T004715,80,0.9,243.3,2026-08
T004716,80,11.6,249.8,2026-08
T004717,80,0.0,241.0,2026-08
T004718,80,14.7,241.7,2026-08
T004719,15,4.1,104.4,2026-08
T004720,15,2.1,103.0,2026-08
T004721,40,18.7,152.3,2026-08
T004722,40,4.0,141.8,2026-08
T004723,40,2.7,141.5,2026-08
T004724,40,6.9,142.3,2026-08
T004725,80,19.0,344.0,2026-08
T004726,80,0.3,307.1,2026-08
T004727,80,11.0,341.6,2026-08
T004728,80,16.7,333.3,2026-08
T004729,80,6.4,331.4,2026-08
T004730,80,1.4,313.8,2026-08
T004731,80,1.7,318.3,2026-08
T004732,15,9.3,146.2,2026-08
T004733,15,9.8,136.3,2026-08
T004734,15,19.2,129.7,2026-08
T004735,40,9.7,135.2,2026-08
T004736,40,6.3,138.1,2026-08
T004737,40,15.5,128.4,2026-08
T004738,40,15.3,140.1,2026-08
T004739,40,4.3,120.8,2026-08
T004740,80,12.4,253.4,2026-08
T004741,80,1.0,244.8,2026-08
T004742,80,13.8,240.8,2026-08
T004743,80,29.0,261.6,2026-08
T004744,80,7.0,246.6,2026-08
T004745,15,10.8,101.8,2026-08
T004746,15,13.6,117.3,2026-08
T004747,40,16.4,143.7,2026-08
T004748,40,1.0,128.3,2026-08
T004749,80,19.2,326.0,2026-08
T004750,80,13.8,337.4,2026-08
T004751,80,16.3,323.1,2026-08
T004752,80,17.1,346.3,2026-08
T004753,15,4.4,136.9,2026-08
T004754,15,16.0,137.5,2026-08
T004755,15,6.0,132.0,2026-08
T004756,15,8.2,132.6,2026-08
T004757,15,7.2,130.5,2026-08
T004758,15,16.6,122.1,2026-08
T004759,40,8.5,130.4,2026-08
T004760,40,9.8,135.3,2026-08
T004761,40,15.5,143.9,2026-08
T004762,40,16.2,149.7,2026-08
T004763,40,3.0,129.4,2026-08
T004764,40,6.3,123.7,2026-08
T004765,40,9.5,132.9,2026-08
T004766,40,10.1,119.4,2026-08
T004767,40,12.0,120.4,2026-08
T004768,40,20.8,134.6,2026-08
T004769,40,7.8,127.2,2026-08
T004770,80,7.1,243.9,2026-08
T004771,80,12.7,248.1,2026-08
T004772,80,9.9,250.9,2026-08
T004773,80,15.3,242.3,2026-08
T004774,80,19.7,264.9,2026-08
T004775,80,10.9,247.7,2026-08
T004776,80,10.3,247.1,2026-08
T004777,80,5.6,248.0,2026-08
T004778,80,0.9,246.1,2026-08
T004779,80,15.1,249.1,2026-08
T004780,80,0.1,234.1,2026-08
T004781,15,1.8,90.3,2026-08
T004782,15,7.3,95.3,2026-08
T004783,15,10.9,111.3,2026-08
T004784,40,5.5,133.7,2026-08
T004785,40,7.6,149.1,2026-08
T004786,40,19.2,145.6,2026-08
T004787,40,6.1,146.6,2026-08
T004788,40,13.0,149.3,2026-08
T004789,40,2.8,143.3,2026-08
T004790,80,16.6,341.6,2026-08
T004791,80,5.2,334.4,2026-08
T004792,80,14.2,349.0,2026-08
T004793,80,9.8,327.8,2026-08
T004794,80,14.4,340.8,2026-08
T004795,80,1.4,329.2,2026-08
T004796,80,15.7,351.9,2026-08
T004797,80,9.5,342.9,2026-08
T004798,80,6.2,335.4,2026-08
T004799,80,0.8,335.6,2026-08
T004800,80,10.8,335.8,2026-08
T004801,80,6.1,315.7,2026-08
T004802,15,9.9,134.4,2026-08
T004803,15,18.2,137.7,2026-08
T004804,15,18.5,133.0,2026-08
T004805,15,18.9,135.4,2026-08
T004806,40,2.8,131.2,2026-08
T004807,40,12.7,142.1,2026-08
T004808,40,4.3,130.7,2026-08
T004809,40,2.8,120.2,2026-08
T004810,40,12.6,129.1,2026-08
T004811,40,2.3,119.7,2026-08
T004812,40,16.8,135.2,2026-08
T004813,80,12.1,239.1,2026-08
T004814,80,10.0,251.0,2026-08
T004815,80,14.7,241.7,2026-08
T004816,80,9.9,256.5,2026-08
T004817,80,4.7,235.9,2026-08
T004818,80,1.5,246.7,2026-08
T004819,80,3.4,240.2,2026-08
T004820,15,8.1,106.3,2026-08
T004821,15,8.2,99.7,2026-08
T004822,40,1.7,132.6,2026-08
T004823,40,11.0,158.5,2026-08
T004824,40,8.9,138.0,2026-08
T004825,40,9.5,143.1,2026-08
T004826,80,13.8,344.4,2026-08
T004827,80,19.1,335.7,2026-08
T004828,80,16.0,345.2,2026-08
T004829,80,30.8,339.0,2026-08
T004830,80,11.4,340.6,2026-08
T004831,80,1.6,318.2,2026-08
T004832,80,17.7,352.5,2026-08
T004833,80,11.0,345.8,2026-08
T004834,80,15.1,327.5,2026-08
T004835,15,6.5,127.0,2026-08
T004836,15,4.4,130.4,2026-08
T004837,15,5.5,122.5,2026-08
T004838,40,0.4,126.8,2026-08
T004839,40,16.9,136.1,2026-08
T004840,40,16.8,132.4,2026-08
T004841,40,16.0,130.7,2026-08
T004842,40,1.1,118.5,2026-08
T004843,80,8.5,252.3,2026-08
T004844,80,1.4,234.0,2026-08
T004845,80,10.4,244.4,2026-08
T004846,80,3.5,231.9,2026-08
T004847,80,11.5,238.5,2026-08
T004848,80,7.9,244.7,2026-08
T004849,15,13.3,105.8,2026-08
T004850,15,4.7,92.2,2026-08
T004851,40,3.9,148.4,2026-08
T004852,40,7.5,136.6,2026-08
T004853,80,0.8,325.8,2026-08
T004854,80,16.6,350.0,2026-08
T004855,80,9.3,320.3,2026-08
T004856,80,8.8,335.2,2026-08
T004857,15,3.7,134.7,2026-08
T004858,15,18.9,143.4,2026-08
T004859,15,4.3,125.8,2026-08
T004860,15,1.3,115.3,2026-08
T004861,15,14.4,132.3,2026-08
T004862,15,13.8,131.3,2026-08
T004863,40,17.3,134.7,2026-08
T004864,40,17.8,137.0,2026-08
T004865,40,7.1,132.6,2026-08
T004866,40,9.2,130.2,2026-08
T004867,40,19.8,154.0,2026-08
T004868,40,4.2,127.9,2026-08
T004869,40,12.8,126.6,2026-08
T004870,40,18.4,140.4,2026-08
T004871,40,16.0,143.1,2026-08
T004872,40,14.5,125.6,2026-08
T004873,40,10.8,133.8,2026-08
T004874,80,10.7,237.7,2026-08
T004875,80,19.5,261.9,2026-08
T004876,80,12.9,258.1,2026-08
T004877,80,11.0,250.6,2026-08
T004878,80,11.7,252.7,2026-08
T004879,80,7.3,234.3,2026-08
T004880,80,7.8,243.2,2026-08
T004881,80,2.1,236.1,2026-08
T004882,80,15.1,260.3,2026-08
T004883,80,6.8,239.4,2026-08
T004884,80,14.4,252.6,2026-08
T004885,15,13.5,104.5,2026-08
T004886,15,4.6,94.6,2026-08
T004887,15,0.1,93.6,2026-08
T004888,40,0.7,133.4,2026-08
T004889,40,14.9,142.2,2026-08
T004890,40,3.5,129.0,2026-08
T004891,40,13.1,157.4,2026-08
T004892,40,10.7,158.0,2026-08
T004893,40,0.4,144.7,2026-08
T004894,80,6.4,337.0,2026-08
T004895,80,16.6,340.2,2026-08
T004896,80,15.4,336.2,2026-08
T004897,80,2.5,338.7,2026-08
T004898,80,15.2,327.6,2026-08
T004899,80,5.0,342.6,2026-08
T004900,80,11.8,331.2,2026-08
T004901,80,15.8,329.6,2026-08
T004902,80,14.8,323.0,2026-08
T004903,80,19.2,333.0,2026-08
T004904,80,11.2,346.0,2026-08
T004905,15,9.9,140.9,2026-08
T004906,15,16.7,152.1,2026-08
T004907,15,6.6,117.6,2026-08
T004908,15,9.0,125.0,2026-08
T004909,40,17.5,154.7,2026-08
T004910,40,3.1,124.1,2026-08
T004911,40,2.0,129.1,2026-08
T004912,40,2.0,133.1,2026-08
T004913,40,34.4,152.4,2026-08
T004914,40,9.5,134.6,2026-08
T004915,40,8.3,129.3,2026-08
T004916,40,10.7,120.0,2026-08
T004917,80,2.6,238.0,2026-08
T004918,80,33.2,278.4,2026-08
T004919,80,0.9,236.3,2026-08
T004920,80,2.0,240.2,2026-08
T004921,80,13.2,252.8,2026-08
T004922,80,16.5,254.7,2026-08
T004923,80,0.6,241.6,2026-08
T004924,80,5.6,238.2,2026-08
T004925,15,10.5,100.5,2026-08
T004926,15,15.8,110.3,2026-08
T004927,40,1.2,135.7,2026-08
T004928,40,13.2,145.9,2026-08
T004929,40,8.5,140.3,2026-08
T004930,40,16.4,162.7,2026-08
T004931,80,7.4,338.0,2026-08
T004932,80,20.6,342.8,2026-08
T004933,80,9.4,323.2,2026-08
T004934,80,16.3,325.9,2026-08
T004935,80,23.4,337.2,2026-08
T004936,80,10.3,336.7,2026-08
T004937,80,13.8,323.4,2026-08
T004938,80,6.3,322.9,2026-08
T004939,15,16.0,152.5,2026-08
T004940,15,28.9,157.4,2026-08
T004941,15,13.0,134.9,2026-08
T004942,40,16.5,136.6,2026-08
T004943,40,17.3,147.4,2026-08
T004944,40,12.3,125.2,2026-08
T004945,40,1.7,111.0,2026-08
T004946,40,11.8,129.8,2026-08
T004947,80,19.4,260.4,2026-08
T004948,80,17.7,262.9,2026-08
T004949,80,2.4,240.6,2026-08
T004950,80,18.7,262.5,2026-08
T004951,80,19.5,256.3,2026-08
T004952,80,3.2,237.2,2026-08
T004953,15,5.0,95.5,2026-08
T004954,15,0.0,88.0,2026-08
T004955,40,7.6,145.8,2026-08
T004956,40,5.5,145.7,2026-08
T004957,40,7.6,138.5,2026-08
T004958,80,19.8,337.8,2026-08
T004959,80,19.7,332.1,2026-08
T004960,80,13.2,348.0,2026-08
T004961,15,15.0,142.0,2026-08
T004962,15,8.0,143.1,2026-08
T004963,15,9.9,138.9,2026-08
T004964,15,13.4,136.1,2026-08
T004965,15,3.1,126.3,2026-08
T004966,15,12.1,121.6,2026-08
T004967,40,5.6,132.0,2026-08
T004968,40,6.2,129.9,2026-08
T004969,40,11.1,138.8,2026-08
T004970,40,0.7,125.3,2026-08
T004971,40,6.9,128.8,2026-08
T004972,40,13.3,128.0,2026-08
T004973,40,1.4,129.1,2026-08
T004974,40,13.2,134.8,2026-08
T004975,40,15.2,131.7,2026-08
T004976,40,13.0,132.6,2026-08
T004977,80,18.3,253.7,2026-08
T004978,80,15.3,256.3,2026-08
T004979,80,15.9,242.9,2026-08
T004980,80,0.8,239.0,2026-08
T004981,80,10.1,244.1,2026-08
T004982,80,2.1,230.5,2026-08
T004983,80,7.9,239.1,2026-08
T004984,80,20.0,249.8,2026-08
T004985,80,6.9,240.9,2026-08
T004986,80,23.6,259.0,2026-08
T004987,80,7.3,244.1,2026-08
T004988,15,16.8,103.8,2026-08
T004989,15,2.2,94.7,2026-08
T004990,15,11.9,108.5,2026-08
T004991,40,6.2,139.8,2026-08
T004992,40,13.9,148.4,2026-08
T004993,40,18.3,160.3,2026-08
T004994,40,12.3,145.0,2026-08
T004995,40,17.7,160.7,2026-08
T004996,40,8.9,150.9,2026-08
T004997,80,7.0,322.2,2026-08
T004998,80,4.2,329.2,2026-08
T004999,80,10.5,317.3,2026-08
T005000,80,0.4,315.6,2026-08
T005001,80,6.1,339.5,2026-08
T005002,80,7.3,337.9,2026-08
T005003,80,26.2,359.6,2026-08
T005004,80,20.0,339.4,2026-08
T005005,80,1.2,322.0,2026-08
T005006,80,18.5,342.1,2026-08
T005007,80,12.8,344.8,2026-08
T005008,80,2.3,338.5,2026-08
T005009,15,2.2,126.2,2026-08
T005010,15,3.2,112.7,2026-08
T005011,15,8.9,130.4,2026-08
T005012,40,8.5,126.8,2026-08
T005013,40,10.5,139.2,2026-08
T005014,40,11.3,134.1,2026-08
T005015,40,8.5,116.9,2026-08
T005016,40,3.0,113.2,2026-08
T005017,40,19.0,146.7,2026-08
T005018,40,33.2,158.9,2026-08
T005019,80,13.7,257.5,2026-08
T005020,80,2.7,232.5,2026-08
T005021,80,0.7,245.9,2026-08
T005022,80,10.4,241.6,2026-08
T005023,80,20.0,265.2,2026-08
T005024,80,18.7,265.3,2026-08
T005025,80,16.7,259.1,2026-08
T005026,80,16.5,253.3,2026-08
T005027,15,0.9,106.0,2026-08
T005028,15,6.1,96.6,2026-08
T005029,40,7.6,143.9,2026-08
T005030,40,1.6,144.6,2026-08
T005031,40,18.1,147.2,2026-08
T005032,40,15.1,152.0,2026-08
T005033,80,11.0,322.0,2026-08
T005034,80,10.1,325.3,2026-08
T005035,80,12.5,324.9,2026-08
T005036,80,11.1,323.5,2026-08
T005037,80,2.2,316.0,2026-08
T005038,80,2.0,336.8,2026-08
T005039,80,11.8,334.0,2026-08
T005040,80,14.2,346.2,2026-08
T005041,15,11.8,138.3,2026-08
T005042,15,7.8,141.8,2026-08
T005043,15,12.3,129.8,2026-08
T005044,40,27.1,157.9,2026-08
T005045,40,10.3,137.6,2026-08
T005046,40,17.5,138.1,2026-08
T005047,40,15.9,126.1,2026-08
T005048,40,8.9,131.5,2026-08
T005049,80,20.8,247.8,2026-08
T005050,80,9.9,246.7,2026-08
T005051,80,5.9,237.1,2026-08
T005052,80,2.5,236.5,2026-08
T005053,80,3.2,247.0,2026-08
T005054,80,7.2,248.2,2026-08
T005055,15,0.9,95.4,2026-08
T005056,15,12.3,112.3,2026-08
T005057,40,13.4,162.5,2026-08
T005058,40,0.1,144.1,2026-08
T005059,80,14.9,341.3,2026-08
T005060,80,0.3,333.7,2026-08
T005061,80,7.1,334.9,2026-08
T005062,80,14.8,325.8,2026-08
T005063,15,1.0,127.5,2026-08
T005064,15,18.2,150.2,2026-08
T005065,15,18.5,164.2,2026-08
T005066,15,13.4,128.9,2026-08
T005067,15,15.4,124.9,2026-08
T005068,15,0.8,112.3,2026-08
T005069,40,9.5,149.2,2026-08
T005070,40,0.3,131.7,2026-08
T005071,40,15.1,146.5,2026-08
T005072,40,19.0,140.9,2026-08
T005073,40,32.7,151.9,2026-08
T005074,40,18.2,141.0,2026-08
T005075,40,17.8,137.9,2026-08
T005076,40,2.5,110.9,2026-08
T005077,40,17.0,136.1,2026-08
T005078,40,3.1,117.8,2026-08
T005079,40,13.8,136.0,2026-08
T005080,40,19.4,128.7,2026-08
T005081,80,3.9,233.7,2026-08
T005082,80,2.8,243.8,2026-08
T005083,80,10.5,255.7,2026-08
T005084,80,18.3,252.3,2026-08
T005085,80,6.7,235.1,2026-08
T005086,80,5.8,235.6,2026-08
T005087,80,10.7,239.1,2026-08
T005088,80,0.9,236.3,2026-08
T005089,80,12.0,251.6,2026-08
T005090,80,3.6,248.8,2026-08
T005091,15,10.9,101.9,2026-08
T005092,15,8.5,102.0,2026-08
T005093,15,16.6,117.2,2026-08
T005094,40,9.3,140.2,2026-08
T005095,40,12.6,150.2,2026-08
T005096,40,1.3,147.1,2026-08
T005097,40,1.1,130.2,2026-08
T005098,40,11.3,141.3,2026-08
T005099,40,12.5,147.9,2026-08
T005100,80,10.3,332.5,2026-08
T005101,80,6.0,328.2,2026-08
T005102,80,11.7,345.1,2026-08
T005103,80,2.4,313.4,2026-08
T005104,80,14.3,325.3,2026-08
T005105,80,0.8,309.0,2026-08
T005106,80,15.5,329.3,2026-08
T005107,80,9.8,325.0,2026-08
T005108,80,18.9,355.1,2026-08
T005109,80,2.6,334.6,2026-08
T005110,80,11.9,331.3,2026-08
T005111,80,34.9,350.1,2026-08
T005112,15,0.8,148.2,2026-08
T005113,15,14.9,137.9,2026-08
T005114,15,5.1,111.6,2026-08
T005115,15,22.4,132.4,2026-08
T005116,40,7.0,145.6,2026-08
T005117,40,17.3,150.8,2026-08
T005118,40,10.2,132.1,2026-08
T005119,40,27.4,152.7,2026-08
T005120,40,25.9,149.1,2026-08
T005121,40,7.6,136.0,2026-08
T005122,40,14.9,125.1,2026-08
T005123,80,13.7,240.7,2026-08
T005124,80,14.0,246.6,2026-08
T005125,80,3.6,239.0,2026-08
T005126,80,15.4,256.4,2026-08
T005127,80,18.5,253.9,2026-08
T005128,80,4.6,231.6,2026-08
T005129,80,18.2,255.0,2026-08
T005130,15,16.3,105.3,2026-08
T005131,15,9.7,98.7,2026-08
T005132,40,18.0,144.4,2026-08
T005133,40,9.8,146.1,2026-08
T005134,40,2.3,129.6,2026-08
T005135,40,12.7,140.0,2026-08
T005136,80,19.9,346.3,2026-08
T005137,80,19.1,331.5,2026-08
T005138,80,16.2,339.8,2026-08
T005139,80,3.3,329.7,2026-08
T005140,80,8.2,333.2,2026-08
T005141,80,14.4,332.4,2026-08
T005142,80,4.2,332.0,2026-08
T005143,80,15.4,334.8,2026-08
T005144,15,12.4,138.9,2026-08
T005145,15,8.4,146.1,2026-08
T005146,15,12.8,142.0,2026-08
T005147,40,14.0,141.3,2026-08
T005148,40,6.8,130.5,2026-08
T005149,40,12.1,131.2,2026-08
T005150,40,10.3,123.2,2026-08
T005151,40,15.1,130.7,2026-08
T005152,80,18.8,248.6,2026-08
T005153,80,11.3,256.5,2026-08
T005154,80,6.9,245.1,2026-08
T005155,80,14.2,244.0,2026-08
T005156,80,20.0,251.2,2026-08
T005157,15,2.5,98.0,2026-08
T005158,15,6.7,111.9,2026-08
T005159,40,15.2,164.1,2026-08
T005160,40,1.0,147.9,2026-08
T005161,40,9.2,160.2,2026-08
T005162,80,10.1,319.7,2026-08
T005163,80,19.2,337.2,2026-08
T005164,80,19.4,344.4,2026-08
T005165,80,6.8,320.6,2026-08
T005166,15,20.0,146.0,2026-08
T005167,15,14.7,146.7,2026-08
T005168,15,2.7,135.2,2026-08
T005169,15,16.7,126.2,2026-08
T005170,15,15.2,131.7,2026-08
T005171,15,14.9,124.4,2026-08
T005172,40,5.1,128.8,2026-08
T005173,40,11.7,129.1,2026-08
T005174,40,6.9,137.2,2026-08
T005175,40,6.2,132.6,2026-08
T005176,40,0.3,127.6,2026-08
T005177,40,17.6,139.5,2026-08
T005178,40,8.1,131.1,2026-08
T005179,40,16.8,133.3,2026-08
T005180,40,19.2,142.2,2026-08
T005181,40,13.4,143.7,2026-08
T005182,80,19.4,249.2,2026-08
T005183,80,1.8,230.2,2026-08
T005184,80,1.4,228.4,2026-08
T005185,80,13.7,256.1,2026-08
T005186,80,2.4,243.4,2026-08
T005187,80,6.6,242.0,2026-08
T005188,80,12.7,245.3,2026-08
T005189,80,18.7,254.1,2026-08
T005190,80,5.8,237.0,2026-08
T005191,80,18.4,262.2,2026-08
T005192,80,10.5,251.5,2026-08
T005193,15,10.5,100.0,2026-08
T005194,15,11.7,102.2,2026-08
T005195,15,12.9,105.4,2026-08
T005196,40,15.1,146.0,2026-08
T005197,40,10.5,156.6,2026-08
T005198,40,19.2,161.0,2026-08
T005199,40,12.7,159.8,2026-08
T005200,40,18.2,170.5,2026-08
T005201,40,16.4,163.5,2026-08
T005202,80,1.2,327.6,2026-08
T005203,80,9.0,339.6,2026-08
T005204,80,2.7,333.3,2026-08
T005205,80,16.7,324.9,2026-08
T005206,80,6.4,332.8,2026-08
T005207,80,8.3,343.1,2026-08
T005208,80,3.0,323.8,2026-08
T005209,80,10.8,324.6,2026-08
T005210,80,8.3,331.9,2026-08
T005211,80,5.9,342.1,2026-08
T005212,80,14.0,334.8,2026-08
T005213,15,3.0,129.0,2026-08
T005214,15,9.2,142.7,2026-08
T005215,15,16.2,145.5,2026-08
T005216,15,11.0,137.4,2026-08
T005217,40,6.8,137.1,2026-08
T005218,40,12.4,142.7,2026-08
T005219,40,7.6,125.0,2026-08
T005220,40,10.4,135.9,2026-08
T005221,40,4.5,125.4,2026-08
T005222,40,30.9,151.8,2026-08
T005223,40,12.1,122.3,2026-08
T005224,40,14.2,139.2,2026-08
T005225,80,13.2,241.6,2026-08
T005226,80,9.2,254.4,2026-08
T005227,80,1.8,230.2,2026-08
T005228,80,17.6,255.8,2026-08
T005229,80,7.0,250.8,2026-08
T005230,80,16.1,243.1,2026-08
T005231,80,12.0,250.2,2026-08
T005232,80,4.1,232.5,2026-08
T005233,15,20.0,112.5,2026-08
T005234,15,14.6,101.6,2026-08
T005235,40,10.9,159.1,2026-08
T005236,40,10.6,156.7,2026-08
T005237,40,1.5,152.8,2026-08
T005238,40,5.4,154.6,2026-08
T005239,80,17.4,328.4,2026-08
T005240,80,7.9,328.7,2026-08
T005241,80,11.7,319.9,2026-08
T005242,80,14.9,321.7,2026-08
T005243,80,8.9,318.5,2026-08
T005244,80,15.9,326.9,2026-08
T005245,80,1.2,312.2,2026-08
T005246,80,8.8,332.4,2026-08
T005247,15,17.1,159.3,2026-08
T005248,15,9.1,133.6,2026-08
T005249,15,0.7,112.7,2026-08
T005250,40,9.7,142.1,2026-08
T005251,40,6.8,148.7,2026-08
T005252,40,5.8,131.9,2026-08
T005253,40,16.2,144.4,2026-08
T005254,40,16.6,127.7,2026-08
T005255,80,13.5,247.5,2026-08
T005256,80,2.3,236.3,2026-08
T005257,80,13.6,249.0,2026-08
T005258,80,0.5,230.3,2026-08
T005259,80,17.1,246.9,2026-08
T005260,15,13.5,108.5,2026-08
T005261,15,7.0,97.5,2026-08
T005262,40,4.0,145.8,2026-08
T005263,40,0.8,133.5,2026-08
T005264,40,11.9,141.0,2026-08
T005265,80,1.8,333.8,2026-08
T005266,80,9.6,327.6,2026-08
T005267,80,1.7,335.1,2026-08
T005268,80,10.9,321.9,2026-08
T005269,15,0.5,122.0,2026-08
T005270,15,5.1,125.1,2026-08
T005271,15,19.9,140.4,2026-08
T005272,15,15.2,125.2,2026-08
T005273,15,0.1,116.1,2026-08
T005274,15,15.4,121.9,2026-08
T005275,40,6.6,127.6,2026-08
T005276,40,6.4,143.7,2026-08
T005277,40,2.7,121.9,2026-08
T005278,40,12.4,136.1,2026-08
T005279,40,9.9,147.2,2026-08
T005280,40,17.4,146.2,2026-08
T005281,40,3.9,115.0,2026-08
T005282,40,12.4,127.1,2026-08
T005283,40,0.1,109.4,2026-08
T005284,40,18.0,130.0,2026-08
T005285,80,13.6,243.4,2026-08
T005286,80,5.5,245.1,2026-08
T005287,80,8.6,251.0,2026-08
T005288,80,2.6,239.4,2026-08
T005289,80,17.5,245.9,2026-08
T005290,80,17.4,251.4,2026-08
T005291,80,10.9,242.1,2026-08
T005292,80,18.7,263.9,2026-08
T005293,80,2.2,244.6,2026-08
T005294,80,0.7,244.5,2026-08
T005295,15,3.1,98.6,2026-08
T005296,15,0.6,94.1,2026-08
T005297,15,13.5,108.5,2026-08
T005298,40,19.4,160.9,2026-08
T005299,40,21.6,172.6,2026-08
T005300,40,4.9,148.5,2026-08
T005301,40,2.3,148.1,2026-08
T005302,40,11.8,158.6,2026-08
T005303,40,7.9,162.1,2026-08
T005304,80,19.3,340.1,2026-08
T005305,80,17.8,341.4,2026-08
T005306,80,34.8,347.2,2026-08
T005307,80,4.8,338.2,2026-08
T005308,80,3.9,312.1,2026-08
T005309,80,5.4,337.4,2026-08
T005310,80,15.2,345.8,2026-08
T005311,80,6.6,313.4,2026-08
T005312,80,6.5,338.5,2026-08
T005313,80,10.1,340.7,2026-08
T005314,80,10.2,324.0,2026-08
T005315,80,2.8,333.4,2026-08
T005316,15,5.8,134.8,2026-08
T005317,15,10.8,131.8,2026-08
T005318,15,8.9,121.4,2026-08
T005319,15,16.1,143.3,2026-08
T005320,40,4.2,130.6,2026-08
T005321,40,24.0,146.8,2026-08
T005322,40,6.6,137.5,2026-08
T005323,40,8.3,136.1,2026-08
T005324,40,6.2,137.1,2026-08
T005325,40,5.4,120.1,2026-08
T005326,40,8.7,130.1,2026-08
T005327,80,1.5,238.3,2026-08
T005328,80,4.2,238.2,2026-08
T005329,80,6.0,233.0,2026-08
T005330,80,18.5,245.5,2026-08
T005331,80,18.6,258.2,2026-08
T005332,80,0.7,227.7,2026-08
T005333,80,11.9,248.7,2026-08
T005334,80,10.2,247.0,2026-08
T005335,15,19.8,113.8,2026-08
T005336,15,24.8,116.8,2026-08
T005337,40,18.6,147.7,2026-08
T005338,40,15.4,169.6,2026-08
T005339,40,4.7,135.6,2026-08
T005340,40,1.0,143.6,2026-08
T005341,80,16.5,324.7,2026-08
T005342,80,5.7,339.1,2026-08
T005343,80,10.3,339.5,2026-08
T005344,80,5.8,325.2,2026-08
T005345,80,25.6,339.4,2026-08
T005346,80,2.3,313.3,2026-08
T005347,80,8.6,343.4,2026-08
T005348,80,7.5,331.1,2026-08
T005349,15,16.9,146.9,2026-08
T005350,15,17.5,144.5,2026-08
T005351,15,9.8,125.3,2026-08
T005352,40,3.2,122.4,2026-08
T005353,40,9.9,136.3,2026-08
T005354,40,13.8,141.6,2026-08
T005355,40,4.8,129.4,2026-08
T005356,40,3.4,116.3,2026-08
T005357,80,2.8,242.4,2026-08
T005358,80,32.0,274.4,2026-08
T005359,80,2.3,240.5,2026-08
T005360,80,3.1,232.9,2026-08
T005361,80,19.5,261.9,2026-08
T005362,80,12.3,239.3,2026-08
T005363,15,12.6,101.6,2026-08
T005364,15,10.6,101.1,2026-08
T005365,40,3.5,133.5,2026-08
T005366,40,15.4,166.4,2026-08
T005367,80,10.6,321.6,2026-08
T005368,80,13.8,327.6,2026-08
T005369,80,14.3,330.9,2026-08
T005370,80,1.3,337.5,2026-08
T005371,15,13.1,166.0,2026-08
T005372,15,16.1,149.6,2026-08
T005373,15,15.9,137.9,2026-08
T005374,15,10.8,123.8,2026-08
T005375,15,17.2,144.6,2026-08
T005376,15,16.3,150.2,2026-08
T005377,40,4.3,126.2,2026-08
T005378,40,12.7,131.9,2026-08
T005379,40,13.0,144.6,2026-08
T005380,40,4.1,141.0,2026-08
T005381,40,1.0,128.3,2026-08
T005382,40,5.6,123.0,2026-08
T005383,40,17.1,128.2,2026-08
T005384,40,9.1,122.9,2026-08
T005385,40,15.6,139.7,2026-08
T005386,40,16.7,125.1,2026-08
T005387,80,33.1,275.5,2026-08
T005388,80,14.0,257.8,2026-08
T005389,80,26.1,254.5,2026-08
T005390,80,12.7,249.5,2026-08
T005391,80,19.9,251.1,2026-08
T005392,80,26.9,272.1,2026-08
T005393,80,3.2,238.6,2026-08
T005394,80,11.4,252.4,2026-08
T005395,80,8.4,245.2,2026-08
T005396,80,3.9,240.7,2026-08
T005397,80,19.6,253.6,2026-08
T005398,15,7.7,96.7,2026-08
T005399,15,5.4,94.9,2026-08
T005400,15,19.3,108.3,2026-08
T005401,40,15.5,151.8,2026-08
T005402,40,19.0,164.4,2026-08
T005403,40,2.1,146.5,2026-08
T005404,40,13.7,167.7,2026-08
T005405,40,13.9,159.3,2026-08
T005406,40,3.8,134.7,2026-08
T005407,80,16.6,338.8,2026-08
T005408,80,14.3,346.3,2026-08
T005409,80,17.1,330.9,2026-08
T005410,80,11.9,346.7,2026-08
T005411,80,4.0,329.0,2026-08
T005412,80,5.3,340.1,2026-08
T005413,80,8.7,326.7,2026-08
T005414,80,5.0,324.4,2026-08
T005415,80,18.1,327.7,2026-08
T005416,80,12.2,330.2,2026-08
T005417,80,19.0,349.6,2026-08
T005418,80,12.5,347.3,2026-08
T005419,15,13.1,138.6,2026-08
T005420,15,1.6,150.9,2026-08
T005421,15,0.2,109.7,2026-08
T005422,15,2.1,116.6,2026-08
T005423,40,1.2,136.0,2026-08
T005424,40,12.4,135.2,2026-08
T005425,40,19.7,145.2,2026-08
T005426,40,12.8,128.4,2026-08
T005427,40,16.6,133.1,2026-08
T005428,40,2.4,116.2,2026-08
T005429,80,14.4,242.8,2026-08
T005430,80,11.4,251.0,2026-08
T005431,80,19.1,251.7,2026-08
T005432,80,9.4,243.4,2026-08
T005433,80,5.0,250.2,2026-08
T005434,80,15.2,245.0,2026-08
T005435,80,3.8,235.0,2026-08
T005436,15,19.9,123.7,2026-08
T005437,15,17.5,104.0,2026-08
T005438,40,0.2,136.5,2026-08
T005439,40,1.1,129.3,2026-08
T005440,40,10.0,141.8,2026-08
T005441,40,18.5,172.5,2026-08
T005442,40,18.0,145.3,2026-08
T005443,80,6.9,322.1,2026-08
T005444,80,0.3,312.7,2026-08
T005445,80,10.0,344.8,2026-08
T005446,80,3.7,339.9,2026-08
T005447,80,7.5,326.9,2026-08
T005448,80,31.7,363.7,2026-08
T005449,80,1.5,333.5,2026-08
T005450,80,11.1,337.5,2026-08
T005451,80,10.4,334.0,2026-08
T005452,15,8.9,135.9,2026-08
T005453,15,5.2,149.8,2026-08
T005454,15,11.5,140.1,2026-08
T005455,40,7.3,143.2,2026-08
T005456,40,1.2,119.5,2026-08
T005457,40,5.6,137.2,2026-08
T005458,40,0.0,115.6,2026-08
T005459,40,20.0,140.9,2026-08
T005460,80,6.3,247.3,2026-08
T005461,80,2.3,237.7,2026-08
T005462,80,5.0,246.0,2026-08
T005463,80,1.7,235.7,2026-08
T005464,80,17.8,247.6,2026-08
T005465,80,13.9,252.1,2026-08
T005466,15,34.1,124.1,2026-08
T005467,15,4.4,94.9,2026-08
T005468,40,5.9,132.3,2026-08
T005469,40,13.5,157.9,2026-08
T005470,40,3.9,130.3,2026-08
T005471,80,5.2,340.0,2026-08
T005472,80,1.6,312.6,2026-08
T005473,80,17.1,336.5,2026-08
T005474,80,15.0,345.6,2026-08
T005475,15,5.2,126.7,2026-08
T005476,15,6.1,128.1,2026-08
T005477,15,11.7,133.7,2026-08
T005478,15,16.9,127.4,2026-08
T005479,15,16.4,152.9,2026-08
T005480,15,9.2,118.7,2026-08
T005481,40,15.7,149.0,2026-08
T005482,40,9.2,151.1,2026-08
T005483,40,14.1,140.5,2026-08
T005484,40,9.6,127.0,2026-08
T005485,40,10.1,133.8,2026-08
T005486,40,14.8,138.5,2026-08
T005487,40,8.8,120.8,2026-08
T005488,40,6.9,124.3,2026-08
T005489,40,6.7,119.6,2026-08
T005490,40,15.7,125.9,2026-08
T005491,40,16.6,144.5,2026-08
T005492,80,1.9,235.9,2026-08
T005493,80,11.7,249.9,2026-08
T005494,80,6.0,242.8,2026-08
T005495,80,15.4,243.8,2026-08
T005496,80,13.6,254.6,2026-08
T005497,80,10.1,249.7,2026-08
T005498,80,18.0,249.2,2026-08
T005499,80,12.4,249.2,2026-08
T005500,80,1.3,242.3,2026-08
T005501,80,12.6,246.6,2026-08
T005502,80,2.0,238.8,2026-08
T005503,15,13.9,106.4,2026-08
T005504,15,16.3,125.4,2026-08
T005505,15,7.8,109.8,2026-08
T005506,40,8.4,155.7,2026-08
T005507,40,16.9,162.0,2026-08
T005508,40,4.4,138.0,2026-08
T005509,40,12.3,137.8,2026-08
T005510,40,32.9,176.9,2026-08
T005511,40,2.8,134.6,2026-08
T005512,40,9.5,146.7,2026-08
T005513,80,9.0,334.0,2026-08
T005514,80,0.1,326.5,2026-08
T005515,80,5.0,321.6,2026-08
T005516,80,18.2,350.2,2026-08
T005517,80,13.3,339.7,2026-08
T005518,80,12.2,342.8,2026-08
T005519,80,1.8,315.6,2026-08
T005520,80,6.5,325.9,2026-08
T005521,80,8.4,340.4,2026-08
T005522,80,17.6,331.4,2026-08
T005523,80,13.1,345.1,2026-08
T005524,80,15.7,328.1,2026-08
T005525,15,10.7,144.2,2026-08
T005526,15,12.7,142.7,2026-08
T005527,15,19.1,125.1,2026-08
T005528,15,18.7,134.2,2026-08
T005529,40,18.0,145.3,2026-08
T005530,40,15.2,151.7,2026-08
T005531,40,10.8,153.8,2026-08
T005532,40,10.5,138.4,2026-08
T005533,40,8.0,130.6,2026-08
T005534,40,2.9,127.6,2026-08
T005535,40,10.6,137.5,2026-08
T005536,80,6.4,236.2,2026-08
T005537,80,4.7,237.3,2026-08
T005538,80,19.5,257.7,2026-08
T005539,80,12.7,252.3,2026-08
T005540,80,1.8,242.8,2026-08
T005541,80,11.0,238.0,2026-08
T005542,80,13.3,243.1,2026-08
T005543,80,5.9,249.7,2026-08
T005544,15,9.0,96.5,2026-08
T005545,15,9.7,98.2,2026-08
T005546,40,3.3,130.6,2026-08
T005547,40,13.8,162.1,2026-08
T005548,40,9.7,138.8,2026-08
T005549,40,11.7,137.2,2026-08
T005550,80,14.3,333.7,2026-08
T005551,80,11.3,322.3,2026-08
T005552,80,18.0,352.8,2026-08
T005553,80,10.7,327.3,2026-08
T005554,80,16.5,334.5,2026-08
T005555,80,7.2,322.4,2026-08
T005556,80,10.8,333.0,2026-08
T005557,15,12.4,145.9,2026-08
T005558,15,17.6,172.0,2026-08
T005559,15,3.8,126.6,2026-08
T005560,40,1.4,128.7,2026-08
T005561,40,2.0,120.3,2026-08
T005562,40,18.3,150.5,2026-08
T005563,40,9.5,126.9,2026-08
T005564,40,12.7,123.8,2026-08
T005565,80,7.7,236.1,2026-08
T005566,80,3.6,233.4,2026-08
T005567,80,16.0,243.0,2026-08
T005568,80,18.8,247.2,2026-08
T005569,80,19.3,247.7,2026-08
T005570,15,7.2,98.2,2026-08
T005571,40,9.9,156.1,2026-08
T005572,40,7.0,139.7,2026-08
T005573,40,16.0,166.5,2026-08
T005574,80,3.6,335.6,2026-08
T005575,80,19.0,337.0,2026-08
T005576,80,12.3,344.3,2026-08
T005577,80,17.2,352.0,2026-08
T005578,15,14.7,134.7,2026-08
T005579,15,5.3,161.9,2026-08
T005580,15,20.0,153.0,2026-08
T005581,15,14.7,130.7,2026-08
T005582,15,25.0,142.5,2026-08
T005583,15,17.6,152.0,2026-08
T005584,40,34.5,171.7,2026-08
T005585,40,6.5,149.1,2026-08
T005586,40,6.2,129.9,2026-08
T005587,40,7.7,151.4,2026-08
T005588,40,6.3,142.4,2026-08
T005589,40,10.5,146.6,2026-08
T005590,40,13.2,137.4,2026-08
T005591,40,3.9,135.7,2026-08
T005592,40,19.9,144.1,2026-08
T005593,40,11.3,122.4,2026-08
T005594,40,6.0,137.8,2026-08
T005595,40,0.6,109.0,2026-08
T005596,80,1.2,246.4,2026-08
T005597,80,19.6,250.8,2026-08
T005598,80,5.7,236.9,2026-08
T005599,80,2.0,241.6,2026-08
T005600,80,4.3,242.5,2026-08
T005601,80,28.8,261.4,2026-08
T005602,80,7.1,236.9,2026-08
T005603,80,3.6,240.4,2026-08
T005604,80,18.6,245.6,2026-08
T005605,80,5.0,239.0,2026-08
T005606,80,10.6,253.0,2026-08
T005607,15,12.9,105.4,2026-08
T005608,15,8.5,104.0,2026-08
T005609,15,15.0,104.0,2026-08
T005610,40,32.8,159.2,2026-08
T005611,40,11.4,154.0,2026-08
T005612,40,14.6,144.6,2026-08
T005613,40,9.8,140.7,2026-08
T005614,40,32.5,160.7,2026-08
T005615,40,0.9,126.4,2026-08
T005616,80,19.8,330.8,2026-08
T005617,80,19.2,344.2,2026-08
T005618,80,6.2,331.2,2026-08
T005619,80,17.7,331.5,2026-08
T005620,80,4.4,339.2,2026-08
T005621,80,26.8,361.6,2026-08
T005622,80,13.8,337.4,2026-08
T005623,80,15.5,347.5,2026-08
T005624,80,4.8,336.8,2026-08
T005625,80,5.7,316.7,2026-08
T005626,80,8.1,314.9,2026-08
T005627,80,5.5,337.5,2026-08
T005628,15,6.1,137.1,2026-08
T005629,15,1.9,132.4,2026-08
T005630,15,16.8,125.8,2026-08
T005631,15,5.6,116.1,2026-08
T005632,40,19.1,143.7,2026-08
T005633,40,0.1,139.5,2026-08
T005634,40,3.1,121.4,2026-08
T005635,40,19.8,145.1,2026-08
T005636,40,12.5,142.1,2026-08
T005637,40,0.3,116.8,2026-08
T005638,40,3.7,120.2,2026-08
T005639,80,3.8,236.4,2026-08
T005640,80,24.0,259.4,2026-08
T005641,80,18.8,254.2,2026-08
T005642,80,5.2,244.8,2026-08
T005643,80,16.2,251.6,2026-08
T005644,80,33.0,262.8,2026-08
T005645,80,1.1,229.5,2026-08
T005646,15,3.9,99.9,2026-08
T005647,15,3.5,97.0,2026-08
T005648,40,0.5,151.7,2026-08
T005649,40,12.6,148.9,2026-08
T005650,40,16.3,148.1,2026-08
T005651,40,14.8,160.6,2026-08
T005652,80,0.0,319.4,2026-08
T005653,80,11.7,346.5,2026-08
T005654,80,10.7,338.5,2026-08
T005655,80,16.3,331.5,2026-08
T005656,80,0.1,329.3,2026-08
T005657,80,6.1,325.5,2026-08
T005658,80,19.9,329.5,2026-08
T005659,80,4.5,319.7,2026-08
T005660,80,17.7,353.9,2026-08
T005661,15,9.9,140.4,2026-08
T005662,15,3.3,159.9,2026-08
T005663,15,17.3,130.8,2026-08
T005664,40,4.6,145.0,2026-08
T005665,40,6.9,124.3,2026-08
T005666,40,1.4,133.2,2026-08
T005667,40,4.9,121.4,2026-08
T005668,40,1.5,126.8,2026-08
T005669,80,4.1,249.3,2026-08
T005670,80,19.0,253.0,2026-08
T005671,80,1.4,235.4,2026-08
T005672,80,19.6,246.6,2026-08
T005673,80,7.8,237.6,2026-08
T005674,80,8.5,235.5,2026-08
T005675,15,12.9,123.3,2026-08
T005676,15,12.8,117.2,2026-08
T005677,40,14.0,144.0,2026-08
T005678,40,6.0,131.5,2026-08
T005679,80,16.2,324.4,2026-08
T005680,80,11.2,327.8,2026-08
T005681,80,2.3,335.7,2026-08
T005682,80,12.7,326.5,2026-08
T005683,15,13.3,145.8,2026-08
T005684,15,1.8,128.3,2026-08
T005685,15,19.5,144.0,2026-08
T005686,15,2.3,128.8,2026-08
T005687,15,3.8,120.8,2026-08
T005688,15,19.7,129.7,2026-08
T005689,40,3.0,126.7,2026-08
T005690,40,4.4,146.9,2026-08
T005691,40,9.6,152.1,2026-08
T005692,40,15.7,156.0,2026-08
T005693,40,8.4,131.2,2026-08
T005694,40,16.3,131.0,2026-08
T005695,40,10.4,120.6,2026-08
T005696,40,0.7,128.9,2026-08
T005697,40,9.5,136.6,2026-08
T005698,40,6.5,134.7,2026-08
T005699,40,4.9,138.6,2026-08
T005700,80,14.3,241.3,2026-08
T005701,80,15.4,245.2,2026-08
T005702,80,10.4,245.8,2026-08
T005703,80,7.4,234.4,2026-08
T005704,80,19.8,253.8,2026-08
T005705,80,6.2,251.4,2026-08
T005706,80,16.2,255.8,2026-08
T005707,80,6.7,235.1,2026-08
T005708,80,16.7,246.5,2026-08
T005709,80,6.9,240.9,2026-08
T005710,15,5.8,99.3,2026-08
T005711,15,8.0,112.4,2026-08
T005712,15,16.3,112.3,2026-08
T005713,40,0.4,128.6,2026-08
T005714,40,14.2,165.6,2026-08
T005715,40,1.3,149.3,2026-08
T005716,40,17.3,143.7,2026-08
T005717,40,7.0,162.8,2026-08
T005718,40,7.1,136.2,2026-08
T005719,80,16.5,328.9,2026-08
T005720,80,5.7,322.3,2026-08
T005721,80,14.8,341.2,2026-08
T005722,80,17.0,328.0,2026-08
T005723,80,12.7,347.5,2026-08
T005724,80,16.1,327.1,2026-08
T005725,80,16.2,338.4,2026-08
T005726,80,6.8,340.2,2026-08
T005727,80,12.3,345.7,2026-08
T005728,80,4.9,335.5,2026-08
T005729,80,18.6,336.6,2026-08
T005730,80,3.6,318.8,2026-08
T005731,15,14.3,141.3,2026-08
T005732,15,8.7,134.2,2026-08
T005733,15,12.6,125.6,2026-08
T005734,15,13.3,121.3,2026-08
T005735,40,0.5,127.8,2026-08
T005736,40,11.4,137.8,2026-08
T005737,40,13.0,134.0,2026-08
T005738,40,11.5,151.8,2026-08
T005739,40,19.6,153.3,2026-08
T005740,40,4.6,113.9,2026-08
T005741,40,18.8,152.5,2026-08
T005742,40,15.9,125.2,2026-08
T005743,80,6.9,245.1,2026-08
T005744,80,17.7,261.5,2026-08
T005745,80,11.1,240.9,2026-08
T005746,80,3.0,245.4,2026-08
T005747,80,15.6,259.4,2026-08
T005748,80,5.0,236.2,2026-08
T005749,80,7.9,243.3,2026-08
T005750,15,11.4,121.3,2026-08
T005751,15,14.6,107.1,2026-08
T005752,40,2.7,130.9,2026-08
T005753,40,14.6,141.0,2026-08
T005754,40,1.5,137.8,2026-08
T005755,40,19.2,156.4,2026-08
T005756,80,7.7,318.7,2026-08
T005757,80,4.9,331.3,2026-08
T005758,80,0.7,336.9,2026-08
T005759,80,19.6,347.4,2026-08
T005760,80,0.1,312.5,2026-08
T005761,80,5.8,335.0,2026-08
T005762,80,14.2,325.2,2026-08
T005763,80,11.2,320.8,2026-08
T005764,15,13.1,138.1,2026-08
T005765,15,8.7,140.2,2026-08
T005766,15,17.7,146.0,2026-08
T005767,40,12.5,139.8,2026-08
T005768,40,9.3,154.0,2026-08
T005769,40,13.7,127.5,2026-08
T005770,40,8.0,118.2,2026-08
T005771,40,13.6,124.7,2026-08
T005772,80,9.8,250.8,2026-08
T005773,80,1.3,238.1,2026-08
T005774,80,17.3,244.3,2026-08
T005775,80,6.2,250.0,2026-08
T005776,80,16.3,247.5,2026-08
T005777,80,12.9,246.9,2026-08
T005778,15,11.8,119.9,2026-08
T005779,15,9.9,113.1,2026-08
T005780,40,0.2,132.0,2026-08
T005781,40,25.7,177.1,2026-08
T005782,80,8.2,323.4,2026-08
T005783,80,4.0,322.0,2026-08
T005784,80,8.9,315.7,2026-08
T005785,15,4.0,126.0,2026-08
T005786,15,0.3,126.8,2026-08
T005787,15,15.3,145.3,2026-08
T005788,15,12.7,119.7,2026-08
T005789,15,15.3,125.3,2026-08
T005790,15,18.4,135.4,2026-08
T005791,40,15.6,136.6,2026-08
T005792,40,3.4,140.0,2026-08
T005793,40,14.6,137.4,2026-08
T005794,40,18.9,139.0,2026-08
T005795,40,2.7,139.3,2026-08
T005796,40,0.5,111.6,2026-08
T005797,40,1.6,132.6,2026-08
T005798,40,15.8,132.3,2026-08
T005799,40,15.4,143.1,2026-08
T005800,40,16.6,129.5,2026-08
T005801,40,8.4,125.8,2026-08
T005802,80,16.1,245.9,2026-08
T005803,80,19.1,250.3,2026-08
T005804,80,18.0,257.6,2026-08
T005805,80,13.0,241.4,2026-08
T005806,80,14.1,252.3,2026-08
T005807,80,11.0,242.2,2026-08
T005808,80,19.5,266.1,2026-08
T005809,80,7.5,244.3,2026-08
T005810,80,1.3,246.5,2026-08
T005811,80,9.8,250.8,2026-08
T005812,80,5.9,251.1,2026-08
T005813,15,11.9,106.4,2026-08
T005814,15,12.0,98.5,2026-08
T005815,15,13.0,100.5,2026-08
T005816,40,19.7,150.6,2026-08
T005817,40,13.6,164.6,2026-08
T005818,40,19.9,150.8,2026-08
T005819,40,12.1,169.8,2026-08
T005820,40,16.7,163.3,2026-08
T005821,40,13.8,145.6,2026-08
T005822,80,18.6,333.8,2026-08
T005823,80,0.7,315.9,2026-08
T005824,80,9.3,328.7,2026-08
T005825,80,17.6,335.6,2026-08
T005826,80,19.2,352.6,2026-08
T005827,80,5.8,333.6,2026-08
T005828,80,7.4,333.8,2026-08
T005829,80,32.7,356.3,2026-08
T005830,80,6.0,338.0,2026-08
T005831,80,16.2,345.4,2026-08
T005832,80,7.3,318.3,2026-08
T005833,15,12.9,139.9,2026-08
T005834,15,11.5,144.5,2026-08
T005835,15,19.1,154.3,2026-08
T005836,15,1.1,129.6,2026-08
T005837,40,14.3,149.8,2026-08
T005838,40,17.7,140.5,2026-08
T005839,40,6.7,152.2,2026-08
T005840,40,16.2,130.9,2026-08
T005841,40,15.5,145.4,2026-08
T005842,40,17.4,132.1,2026-08
T005843,40,9.0,118.3,2026-08
T005844,80,2.2,239.0,2026-08
T005845,80,17.7,257.3,2026-08
T005846,80,16.4,258.8,2026-08
T005847,80,2.7,232.5,2026-08
T005848,80,20.8,253.4,2026-08
T005849,80,15.6,256.6,2026-08
T005850,80,10.2,249.8,2026-08
T005851,15,14.5,102.5,2026-08
T005852,15,8.4,102.9,2026-08
T005853,40,19.6,172.8,2026-08
T005854,40,4.3,139.7,2026-08
T005855,40,13.3,171.0,2026-08
T005856,40,20.0,177.7,2026-08
T005857,80,3.7,323.1,2026-08
T005858,80,3.6,330.0,2026-08
T005859,80,9.7,316.5,2026-08
T005860,80,7.7,321.5,2026-08
T005861,80,1.6,323.8,2026-08
T005862,80,2.9,319.5,2026-08
T005863,80,17.8,326.0,2026-08
T005864,80,7.1,344.7,2026-08
T005865,15,1.4,130.9,2026-08
T005866,15,10.8,155.3,2026-08
T005867,15,11.4,123.9,2026-08
T005868,40,12.8,148.3,2026-08
T005869,40,16.9,156.8,2026-08
T005870,40,8.9,135.5,2026-08
T005871,40,16.6,133.1,2026-08
T005872,40,6.1,141.6,2026-08
T005873,80,7.3,244.1,2026-08
T005874,80,5.9,234.3,2026-08
T005875,80,14.3,252.5,2026-08
T005876,80,9.0,244.4,2026-08
T005877,80,5.0,234.8,2026-08
T005878,15,2.5,97.5,2026-08
T005879,15,0.4,87.4,2026-08
T005880,40,10.5,146.8,2026-08
T005881,40,15.9,162.5,2026-08
T005882,80,13.5,344.1,2026-08
T005883,80,6.9,336.1,2026-08
T005884,80,0.6,331.2,2026-08
T005885,80,6.4,324.4,2026-08
T005886,15,15.6,165.9,2026-08
T005887,15,6.8,135.8,2026-08
T005888,15,2.8,132.3,2026-08
T005889,15,6.2,144.7,2026-08
T005890,15,23.1,162.3,2026-08
T005891,15,10.7,118.2,2026-08
T005892,40,4.9,142.1,2026-08
T005893,40,13.0,136.7,2026-08
T005894,40,15.0,152.2,2026-08
T005895,40,3.1,127.7,2026-08
T005896,40,14.9,162.2,2026-08
T005897,40,9.8,124.5,2026-08
T005898,40,0.7,132.3,2026-08
T005899,40,12.3,122.5,2026-08
T005900,40,19.9,129.2,2026-08
T005901,40,12.0,140.3,2026-08
T005902,40,7.0,124.4,2026-08
T005903,80,2.9,238.3,2026-08
T005904,80,11.5,256.7,2026-08
T005905,80,0.1,243.9,2026-08
T005906,80,7.3,241.3,2026-08
T005907,80,18.7,255.5,2026-08
T005908,80,4.4,246.8,2026-08
T005909,80,34.5,276.9,2026-08
T005910,80,12.1,254.5,2026-08
T005911,80,12.8,255.2,2026-08
T005912,80,4.0,235.2,2026-08
T005913,80,15.7,252.5,2026-08
T005914,15,0.8,92.8,2026-08
T005915,15,4.3,93.3,2026-08
T005916,15,11.3,124.4,2026-08
T005917,40,16.2,144.4,2026-08
T005918,40,17.6,177.2,2026-08
T005919,40,5.1,163.6,2026-08
T005920,40,17.5,145.7,2026-08
T005921,40,17.4,149.2,2026-08
T005922,40,15.2,163.6,2026-08
T005923,80,13.7,321.9,2026-08
T005924,80,14.6,321.4,2026-08
T005925,80,1.6,318.2,2026-08
T005926,80,12.4,329.0,2026-08
T005927,80,19.9,344.9,2026-08
T005928,80,16.3,338.5,2026-08
T005929,80,6.2,329.8,2026-08
T005930,80,11.4,319.6,2026-08
T005931,80,18.3,344.7,2026-08
T005932,80,14.9,337.1,2026-08
T005933,80,17.1,329.5,2026-08
T005934,80,18.9,349.5,2026-08
T005935,15,17.1,169.3,2026-08
T005936,15,6.4,127.9,2026-08
T005937,15,7.5,117.0,2026-08
T005938,15,8.8,123.8,2026-08
T005939,40,6.3,132.7,2026-08
T005940,40,10.6,137.9,2026-08
T005941,40,10.8,132.7,2026-08
T005942,40,3.7,130.9,2026-08
T005943,40,2.3,129.5,2026-08
T005944,40,17.7,132.4,2026-08
T005945,40,27.2,152.1,2026-08
T005946,80,30.4,260.2,2026-08
T005947,80,8.6,252.4,2026-08
T005948,80,15.0,244.8,2026-08
T005949,80,7.9,236.3,2026-08
T005950,80,19.1,264.3,2026-08
T005951,80,18.4,246.8,2026-08
T005952,80,1.8,235.8,2026-08
T005953,15,12.6,105.6,2026-08
T005954,15,14.8,106.8,2026-08
T005955,40,15.6,151.0,2026-08
T005956,40,19.9,146.3,2026-08
T005957,40,8.7,137.8,2026-08
T005958,40,10.9,146.3,2026-08
T005959,80,1.9,312.9,2026-08
T005960,80,1.0,323.2,2026-08
T005961,80,6.7,335.9,2026-08
T005962,80,19.9,332.3,2026-08
T005963,80,8.3,322.1,2026-08
T005964,80,5.9,318.3,2026-08
T005965,80,8.6,318.2,2026-08
T005966,80,3.5,339.7,2026-08
T005967,15,10.1,155.5,2026-08
T005968,15,6.8,164.6,2026-08
T005969,15,14.4,130.4,2026-08
T005970,40,16.1,160.0,2026-08
T005971,40,11.6,129.0,2026-08
T005972,40,5.0,141.1,2026-08
T005973,40,8.3,135.5,2026-08
T005974,40,5.0,113.4,2026-08
T005975,80,0.5,240.1,2026-08
T005976,80,3.3,245.7,2026-08
T005977,80,3.1,246.9,2026-08
T005978,80,1.4,236.8,2026-08
T005979,80,17.1,251.1,2026-08
T005980,15,6.0,120.3,2026-08
T005981,15,3.4,91.9,2026-08
T005982,40,1.9,137.3,2026-08
T005983,40,2.2,153.9,2026-08
T005984,40,15.6,142.9,2026-08
T005985,80,9.5,341.5,2026-08
T005986,80,8.6,344.8,2026-08
T005987,80,17.1,329.5,2026-08
T005988,80,13.1,322.7,2026-08
T005989,15,9.3,157.4,2026-08
T005990,15,2.3,147.9,2026-08
T005991,15,5.0,160.6,2026-08
T005992,15,14.5,153.2,2026-08
T005993,15,10.6,126.6,2026-08
T005994,15,10.8,116.8,2026-08
T005995,40,12.4,137.9,2026-08
T005996,40,2.2,150.2,2026-08
T005997,40,12.3,156.9,2026-08
T005998,40,14.8,160.6,2026-08
T005999,40,0.4,118.7,2026-08
T006000,40,9.2,129.3,2026-08
T006001,40,19.4,129.6,2026-08
T006002,40,14.8,125.9,2026-08
T006003,40,14.1,144.1,2026-08
T006004,40,3.9,133.9,2026-08
T006005,40,10.4,121.5,2026-08
T006006,40,5.4,119.2,2026-08
T006007,80,19.6,257.8,2026-08
T006008,80,5.1,244.7,2026-08
T006009,80,8.8,251.2,2026-08
T006010,80,10.1,249.7,2026-08
T006011,80,0.7,240.3,2026-08
T006012,80,10.7,254.5,2026-08
T006013,80,19.4,261.8,2026-08
T006014,80,18.7,259.7,2026-08
T006015,80,13.3,258.5,2026-08
T006016,80,6.2,251.4,2026-08
T006017,15,10.0,100.5,2026-08
T006018,15,1.2,113.7,2026-08
T006019,15,32.2,121.7,2026-08
T006020,40,11.2,165.9,2026-08
T006021,40,17.9,169.3,2026-08
T006022,40,22.6,181.8,2026-08
T006023,40,9.1,163.8,2026-08
T006024,40,16.1,174.2,2026-08
T006025,40,4.5,131.8,2026-08
T006026,40,27.2,159.9,2026-08
T006027,80,19.5,331.9,2026-08
T006028,80,16.3,334.3,2026-08
T006029,80,9.6,322.0,2026-08
T006030,80,17.3,331.1,2026-08
T006031,80,15.7,344.9,2026-08
T006032,80,19.3,331.7,2026-08
T006033,80,10.4,338.2,2026-08
T006034,80,6.7,317.7,2026-08
T006035,80,6.4,331.4,2026-08
T006036,80,7.0,333.4,2026-08
T006037,15,7.0,131.0,2026-08
T006038,15,0.6,106.1,2026-08
T006039,15,0.4,108.4,2026-08
T006040,40,16.4,161.0,2026-08
T006041,40,23.5,143.6,2026-08
T006042,40,7.2,124.6,2026-08
T006043,40,13.3,130.7,2026-08
T006044,40,14.8,150.4,2026-08
T006045,40,9.9,146.7,2026-08
T006046,40,29.8,140.0,2026-08
T006047,80,11.0,238.0,2026-08
T006048,80,5.1,244.7,2026-08
T006049,80,8.2,240.8,2026-08
T006050,80,19.8,248.2,2026-08
T006051,80,4.5,237.1,2026-08
T006052,80,1.9,231.7,2026-08
T006053,80,1.1,233.7,2026-08
T006054,15,7.2,100.2,2026-08
T006055,15,8.4,100.4,2026-08
T006056,40,14.5,148.1,2026-08
T006057,40,10.6,164.2,2026-08
T006058,40,11.0,148.2,2026-08
T006059,40,11.5,138.8,2026-08
T006060,40,0.1,154.8,2026-08
T006061,80,6.7,338.7,2026-08
T006062,80,3.4,339.6,2026-08
T006063,80,3.9,327.5,2026-08
T006064,80,17.0,337.8,2026-08
T006065,80,8.0,333.0,2026-08
T006066,80,14.2,343.4,2026-08
T006067,80,1.9,328.3,2026-08
T006068,80,3.3,311.5,2026-08
T006069,15,11.0,157.2,2026-08
T006070,15,16.2,162.4,2026-08
T006071,15,10.3,117.3,2026-08
T006072,40,1.1,124.8,2026-08
T006073,40,1.2,118.6,2026-08
T006074,40,6.9,118.9,2026-08
T006075,40,19.4,153.9,2026-08
T006076,40,27.6,140.5,2026-08
T006077,80,3.8,230.8,2026-08
T006078,80,8.0,242.0,2026-08
T006079,80,12.4,257.6,2026-08
T006080,80,15.0,258.8,2026-08
T006081,80,14.4,258.2,2026-08
T006082,15,9.0,98.0,2026-08
T006083,15,11.4,100.4,2026-08
T006084,40,19.3,150.2,2026-08
T006085,40,15.4,144.5,2026-08
T006086,80,3.6,327.2,2026-08
T006087,80,12.1,327.3,2026-08
T006088,80,5.1,313.3,2026-08
T006089,80,8.0,314.8,2026-08
T006090,15,31.8,151.8,2026-08
T006091,15,13.0,167.0,2026-08
T006092,15,19.4,183.5,2026-08
T006093,15,19.4,136.9,2026-08
T006094,15,23.7,158.2,2026-08
T006095,15,13.6,126.6,2026-08
T006096,40,10.6,133.4,2026-08
T006097,40,10.9,158.5,2026-08
T006098,40,2.9,127.5,2026-08
T006099,40,15.1,154.8,2026-08
T006100,40,2.0,124.8,2026-08
T006101,40,10.2,140.8,2026-08
T006102,40,30.8,168.2,2026-08
T006103,40,8.5,119.6,2026-08
T006104,40,6.2,143.6,2026-08
T006105,40,1.8,115.6,2026-08
T006106,80,15.5,249.5,2026-08
T006107,80,7.2,237.0,2026-08
T006108,80,6.1,251.3,2026-08
T006109,80,9.6,249.2,2026-08
T006110,80,3.5,238.9,2026-08
T006111,80,0.7,238.9,2026-08
T006112,80,19.8,252.4,2026-08
T006113,80,13.3,245.9,2026-08
T006114,80,6.2,240.2,2026-08
T006115,80,11.3,250.9,2026-08
T006116,15,10.3,98.3,2026-08
T006117,15,13.8,103.8,2026-08
T006118,15,11.7,126.1,2026-08
T006119,40,18.4,152.0,2026-08
T006120,40,15.2,147.9,2026-08
T006121,40,4.9,131.3,2026-08
T006122,40,3.3,164.5,2026-08
T006123,40,16.7,145.8,2026-08
T006124,40,16.4,177.6,2026-08
T006125,40,10.6,144.2,2026-08
T006126,80,14.8,337.0,2026-08
T006127,80,0.7,318.7,2026-08
T006128,80,9.6,331.8,2026-08
T006129,80,0.4,328.2,2026-08
T006130,80,2.1,313.1,2026-08
T006131,80,14.0,339.0,2026-08
T006132,80,18.0,347.2,2026-08
T006133,80,3.8,312.0,2026-08
T006134,80,5.6,323.6,2026-08
T006135,80,9.4,323.2,2026-08
T006136,80,7.2,323.8,2026-08
T006137,80,19.0,330.0,2026-08
T006138,15,29.4,155.9,2026-08
T006139,15,5.1,131.6,2026-08
T006140,15,18.5,151.8,2026-08
T006141,15,18.9,130.4,2026-08
T006142,40,5.4,146.2,2026-08
T006143,40,11.5,159.1,2026-08
T006144,40,1.6,146.9,2026-08
T006145,40,0.1,109.4,2026-08
T006146,40,13.9,149.0,2026-08
T006147,40,19.3,149.9,2026-08
T006148,40,7.3,136.8,2026-08
T006149,80,16.2,257.2,2026-08
T006150,80,10.4,241.6,2026-08
T006151,80,0.0,227.0,2026-08
T006152,80,6.4,253.0,2026-08
T006153,80,13.2,240.2,2026-08
T006154,80,3.2,231.6,2026-08
T006155,80,0.2,232.8,2026-08
T006156,15,3.7,118.7,2026-08
T006157,15,19.3,110.8,2026-08
T006158,40,12.1,146.6,2026-08
T006159,40,16.3,176.3,2026-08
T006160,40,2.1,164.4,2026-08
T006161,40,15.8,145.8,2026-08
T006162,80,23.5,334.5,2026-08
T006163,80,10.2,322.6,2026-08
T006164,80,13.9,324.9,2026-08
T006165,80,11.6,328.2,2026-08
T006166,80,15.4,350.2,2026-08
T006167,80,9.6,324.8,2026-08
T006168,80,13.5,325.9,2026-08
T006169,80,14.3,337.9,2026-08
T006170,15,11.4,165.4,2026-08
T006171,15,10.1,134.1,2026-08
T006172,15,13.6,123.6,2026-08
T006173,40,5.4,125.5,2026-08
T006174,40,5.1,147.0,2026-08
T006175,40,17.0,129.0,2026-08
T006176,40,18.6,154.9,2026-08
T006177,40,16.1,131.7,2026-08
T006178,80,1.5,243.9,2026-08
T006179,80,12.6,250.8,2026-08
T006180,80,7.9,247.5,2026-08
T006181,80,15.7,244.1,2026-08
T006182,80,5.2,243.4,2026-08
T006183,80,12.0,248.8,2026-08
T006184,15,16.9,105.9,2026-08
T006185,15,10.1,100.1,2026-08
T006186,40,16.8,144.1,2026-08
T006187,40,2.8,134.6,2026-08
T006188,40,2.7,135.4,2026-08
T006189,80,8.8,342.2,2026-08
T006190,80,9.4,320.4,2026-08
T006191,80,7.7,341.1,2026-08
T006192,80,16.5,352.7,2026-08
T006193,15,13.3,164.3,2026-08
T006194,15,15.9,146.9,2026-08
T006195,15,17.4,139.9,2026-08
T006196,15,2.2,112.7,2026-08
T006197,15,12.9,119.4,2026-08
T006198,15,30.2,146.7,2026-08
T006199,40,15.5,166.4,2026-08
T006200,40,15.1,137.0,2026-08
T006201,40,7.2,153.5,2026-08
T006202,40,4.1,148.0,2026-08
T006203,40,14.1,161.5,2026-08
T006204,40,16.7,144.5,2026-08
T006205,40,21.7,133.7,2026-08
T006206,40,11.9,145.5,2026-08
T006207,40,19.6,148.5,2026-08
T006208,40,10.0,137.8,2026-08
T006209,40,12.6,150.8,2026-08
T006210,80,15.4,255.0,2026-08
T006211,80,9.0,252.8,2026-08
T006212,80,5.8,234.2,2026-08
T006213,80,14.0,243.8,2026-08
T006214,80,19.5,249.3,2026-08
T006215,80,13.7,258.9,2026-08
T006216,80,1.4,228.4,2026-08
T006217,80,17.7,250.3,2026-08
T006218,80,6.2,251.4,2026-08
T006219,80,19.2,264.4,2026-08
T006220,80,13.1,254.1,2026-08
T006221,15,12.7,99.2,2026-08
T006222,15,14.3,108.8,2026-08
T006223,15,18.4,105.9,2026-08
T006224,40,10.9,171.0,2026-08
T006225,40,18.4,171.6,2026-08
T006226,40,19.5,145.9,2026-08
T006227,40,9.0,165.7,2026-08
T006228,40,19.4,148.5,2026-08
T006229,40,10.3,162.3,2026-08
T006230,80,19.9,333.7,2026-08
T006231,80,4.6,332.4,2026-08
T006232,80,7.1,323.7,2026-08
T006233,80,2.6,319.2,2026-08
T006234,80,2.4,337.2,2026-08
T006235,80,17.0,340.6,2026-08
T006236,80,17.8,349.8,2026-08
T006237,80,17.5,328.5,2026-08
T006238,80,10.2,319.8,2026-08
T006239,80,13.7,342.9,2026-08
T006240,80,20.3,348.1,2026-08
T006241,80,6.9,331.9,2026-08
T006242,15,2.3,124.8,2026-08
T006243,15,4.5,133.0,2026-08
T006244,15,0.8,112.8,2026-08
T006245,15,16.1,147.2,2026-08
T006246,40,17.0,141.6,2026-08
T006247,40,11.5,133.4,2026-08
T006248,40,2.8,128.3,2026-08
T006249,40,2.4,118.9,2026-08
T006250,40,17.0,125.4,2026-08
T006251,40,17.3,146.2,2026-08
T006252,40,8.0,145.0,2026-08
T006253,80,2.8,231.2,2026-08
T006254,80,10.0,245.4,2026-08
T006255,80,17.3,262.5,2026-08
T006256,80,0.6,237.4,2026-08
T006257,80,15.8,254.0,2026-08
T006258,80,2.3,229.3,2026-08
T006259,80,2.8,243.8,2026-08
T006260,15,11.5,101.5,2026-08
T006261,15,8.0,103.5,2026-08
T006262,40,16.0,173.8,2026-08
T006263,40,6.0,155.7,2026-08
T006264,40,0.7,127.1,2026-08
T006265,40,9.7,145.1,2026-08
T006266,80,11.2,339.0,2026-08
T006267,80,2.7,319.3,2026-08
T006268,80,9.5,344.3,2026-08
T006269,80,15.2,330.4,2026-08
T006270,80,3.5,328.5,2026-08
T006271,80,13.5,344.1,2026-08
T006272,80,16.7,331.9,2026-08
T006273,15,2.7,129.7,2026-08
T006274,15,18.8,150.3,2026-08
T006275,15,11.5,145.8,2026-08
T006276,40,10.4,160.1,2026-08
T006277,40,15.1,137.9,2026-08
T006278,40,34.2,148.0,2026-08
T006279,40,7.3,138.5,2026-08
T006280,40,10.7,120.9,2026-08
T006281,80,1.8,241.4,2026-08
T006282,80,18.9,252.9,2026-08
T006283,80,15.3,249.3,2026-08
T006284,80,14.7,255.7,2026-08
T006285,80,5.7,234.1,2026-08
T006286,80,10.2,240.0,2026-08
T006287,15,12.5,127.6,2026-08
T006288,15,0.6,115.1,2026-08
T006289,40,10.2,162.2,2026-08
T006290,40,2.0,161.0,2026-08
T006291,40,4.0,165.3,2026-08
T006292,80,18.5,353.3,2026-08
T006293,80,7.7,317.3,2026-08
T006294,80,2.7,313.7,2026-08
T006295,80,9.6,329.0,2026-08
T006296,15,4.6,126.6,2026-08
T006297,15,19.0,145.5,2026-08
T006298,15,4.0,125.0,2026-08
T006299,15,7.2,117.2,2026-08
T006300,15,11.6,118.6,2026-08
T006301,15,4.5,150.6,2026-08
T006302,40,16.3,167.9,2026-08
T006303,40,16.9,143.3,2026-08
T006304,40,7.0,129.8,2026-08
T006305,40,12.5,158.3,2026-08
T006306,40,16.7,164.8,2026-08
T006307,40,0.4,112.4,2026-08
T006308,40,18.0,148.7,2026-08
T006309,40,15.4,125.6,2026-08
T006310,40,14.0,124.2,2026-08
T006311,40,14.2,147.2,2026-08
T006312,40,2.1,112.3,2026-08
T006313,80,9.7,243.7,2026-08
T006314,80,4.8,248.6,2026-08
T006315,80,10.8,247.6,2026-08
T006316,80,29.1,265.9,2026-08
T006317,80,10.0,237.0,2026-08
T006318,80,3.6,237.6,2026-08
T006319,80,8.9,244.3,2026-08
T006320,80,6.0,247.0,2026-08
T006321,80,17.0,244.0,2026-08
T006322,80,3.0,249.6,2026-08
T006323,80,10.2,248.4,2026-08
T006324,15,11.3,105.3,2026-08
T006325,15,5.1,115.7,2026-08
T006326,15,5.4,95.9,2026-08
T006327,40,13.9,177.1,2026-08
T006328,40,16.0,146.0,2026-08
T006329,40,4.6,133.7,2026-08
T006330,40,2.3,129.6,2026-08
T006331,40,0.5,136.8,2026-08
T006332,40,11.7,174.9,2026-08
T006333,40,7.1,138.9,2026-08
T006334,80,19.7,329.3,2026-08
T006335,80,17.9,337.3,2026-08
T006336,80,18.5,347.7,2026-08
T006337,80,11.8,321.4,2026-08
T006338,80,6.6,334.4,2026-08
T006339,80,10.2,331.0,2026-08
T006340,80,4.6,328.2,2026-08
T006341,80,10.6,345.4,2026-08
T006342,80,17.2,335.2,2026-08
T006343,80,14.5,347.9,2026-08
T006344,80,3.8,337.2,2026-08
T006345,80,18.3,348.9,2026-08
T006346,15,4.9,130.4,2026-08
T006347,15,7.3,129.3,2026-08
T006348,15,9.7,146.1,2026-08
T006349,15,17.8,163.3,2026-08
T006350,40,4.3,151.2,2026-08
T006351,40,13.2,132.4,2026-08
T006352,40,18.7,141.5,2026-08
T006353,40,3.1,132.6,2026-08
T006354,40,3.1,119.6,2026-08
T006355,40,18.4,134.0,2026-08
T006356,40,0.3,140.3,2026-08
T006357,80,17.3,254.1,2026-08
T006358,80,15.1,251.9,2026-08
T006359,80,9.7,242.3,2026-08
T006360,80,19.9,258.1,2026-08
T006361,80,10.5,255.7,2026-08
T006362,80,7.0,253.6,2026-08
T006363,80,7.0,235.4,2026-08
T006364,80,6.5,248.9,2026-08
T006365,15,6.4,120.9,2026-08
T006366,15,9.9,117.9,2026-08
T006367,40,13.1,144.0,2026-08
T006368,40,17.2,149.9,2026-08
T006369,40,11.5,137.0,2026-08
T006370,40,5.9,171.5,2026-08
T006371,80,3.2,310.0,2026-08
T006372,80,10.9,330.3,2026-08
T006373,80,15.5,333.5,2026-08
T006374,80,17.6,346.8,2026-08
T006375,80,13.5,346.9,2026-08
T006376,80,19.5,343.1,2026-08
T006377,80,13.6,344.2,2026-08
T006378,80,5.8,312.6,2026-08
T006379,15,8.4,162.9,2026-08
T006380,15,9.0,140.5,2026-08
T006381,15,2.6,112.1,2026-08
T006382,40,9.4,158.7,2026-08
T006383,40,13.7,140.1,2026-08
T006384,40,3.5,136.5,2026-08
T006385,40,14.2,130.7,2026-08
T006386,40,6.6,120.4,2026-08
T006387,80,20.3,250.1,2026-08
T006388,80,15.1,249.1,2026-08
T006389,80,14.5,249.9,2026-08
T006390,80,16.2,261.4,2026-08
T006391,80,3.7,244.7,2026-08
T006392,15,7.0,121.5,2026-08
T006393,40,16.0,175.7,2026-08
T006394,40,13.5,166.3,2026-08
T006395,40,4.9,156.5,2026-08
T006396,80,14.9,345.5,2026-08
T006397,80,0.2,323.8,2026-08
T006398,80,9.0,335.4,2026-08
T006399,80,16.3,323.1,2026-08
T006400,15,7.1,133.1,2026-08
T006401,15,2.1,162.1,2026-08
T006402,15,4.9,130.4,2026-08
T006403,15,19.0,152.3,2026-08
T006404,15,16.4,124.4,2026-08
T006405,15,15.2,120.7,2026-08
T006406,40,15.1,135.2,2026-08
T006407,40,6.0,125.2,2026-08
T006408,40,13.3,164.5,2026-08
T006409,40,0.6,141.2,2026-08
T006410,40,13.3,135.2,2026-08
T006411,40,20.9,137.4,2026-08
T006412,40,6.0,143.1,2026-08
T006413,40,17.8,131.6,2026-08
T006414,40,17.3,126.6,2026-08
T006415,40,10.7,122.7,2026-08
T006416,40,1.1,114.9,2026-08
T006417,80,14.4,258.2,2026-08
T006418,80,16.3,254.5,2026-08
T006419,80,0.3,232.9,2026-08
T006420,80,14.6,255.6,2026-08
T006421,80,0.1,235.5,2026-08
T006422,80,5.2,242.0,2026-08
T006423,80,34.5,275.5,2026-08
T006424,80,15.1,254.7,2026-08
T006425,80,8.8,242.8,2026-08
T006426,80,1.2,232.4,2026-08
T006427,80,7.1,250.9,2026-08
T006428,15,13.9,124.5,2026-08
T006429,15,3.7,92.7,2026-08
T006430,15,20.6,107.1,2026-08
T006431,40,9.6,163.1,2026-08
T006432,40,16.2,176.7,2026-08
T006433,40,6.6,164.8,2026-08
T006434,40,15.1,149.6,2026-08
T006435,40,20.7,181.2,2026-08
T006436,40,0.1,157.1,2026-08
T006437,80,9.3,331.5,2026-08
T006438,80,1.8,310.0,2026-08
T006439,80,1.2,317.8,2026-08
T006440,80,15.1,328.9,2026-08
T006441,80,9.1,327.1,2026-08
T006442,80,16.8,333.4,2026-08
T006443,80,13.4,341.2,2026-08
T006444,80,1.3,308.1,2026-08
T006445,80,1.2,320.6,2026-08
T006446,80,4.7,318.5,2026-08
T006447,80,8.5,315.3,2026-08
T006448,80,8.7,321.1,2026-08
T006449,15,3.1,127.1,2026-08
T006450,15,18.7,166.9,2026-08
T006451,15,19.9,129.9,2026-08
T006452,40,3.7,130.1,2026-08
T006453,40,11.8,159.4,2026-08
T006454,40,15.2,134.4,2026-08
T006455,40,5.3,138.9,2026-08
T006456,40,5.1,115.3,2026-08
T006457,40,9.2,144.0,2026-08
T006458,40,16.5,157.1,2026-08
T006459,80,16.7,253.5,2026-08
T006460,80,17.9,258.9,2026-08
T006461,80,13.3,243.1,2026-08
T006462,80,15.9,258.3,2026-08
T006463,80,1.2,235.2,2026-08
T006464,80,12.7,246.7,2026-08
T006465,80,4.2,242.4,2026-08
T006466,15,23.8,132.4,2026-08
T006467,15,10.7,120.6,2026-08
T006468,40,4.1,133.2,2026-08
T006469,40,6.4,135.5,2026-08
T006470,40,13.1,138.6,2026-08
T006471,40,1.8,157.6,2026-08
T006472,80,7.1,320.9,2026-08
T006473,80,22.6,335.0,2026-08
T006474,80,13.8,336.0,2026-08
T006475,80,15.1,337.3,2026-08
T006476,80,12.5,322.1,2026-08
T006477,80,19.7,348.9,2026-08
T006478,80,5.0,331.4,2026-08
T006479,80,13.8,350.0,2026-08
T006480,15,30.2,183.0,2026-08
T006481,15,6.2,131.7,2026-08
T006482,15,9.1,126.6,2026-08
T006483,40,3.9,122.2,2026-08
T006484,40,0.7,122.6,2026-08
T006485,40,16.3,148.7,2026-08
T006486,40,12.3,123.4,2026-08
T006487,40,6.8,117.9,2026-08
T006488,80,5.3,242.1,2026-08
T006489,80,2.4,247.6,2026-08
T006490,80,25.5,263.7,2026-08
T006491,80,7.3,244.1,2026-08
T006492,80,17.5,254.3,2026-08
T006493,15,10.6,103.1,2026-08
T006494,15,6.9,102.4,2026-08
T006495,40,11.2,143.9,2026-08
T006496,40,16.9,147.8,2026-08
T006497,80,16.2,325.8,2026-08
T006498,80,2.6,323.4,2026-08
T006499,80,1.3,309.5,2026-08
T006500,80,16.0,339.6,2026-08
T006501,15,10.6,136.1,2026-08
T006502,15,8.5,174.6,2026-08
T006503,15,17.7,169.4,2026-08
T006504,15,16.5,162.3,2026-08
T006505,15,12.9,124.4,2026-08
T006506,15,11.6,119.6,2026-08
T006507,40,10.5,155.3,2026-08
T006508,40,15.2,156.5,2026-08
T006509,40,9.1,151.5,2026-08
T006510,40,31.5,181.0,2026-08
T006511,40,11.3,165.5,2026-08
T006512,40,4.1,122.4,2026-08
T006513,40,7.5,144.1,2026-08
T006514,40,3.4,119.9,2026-08
T006515,40,10.7,149.6,2026-08
T006516,40,18.1,129.2,2026-08
T006517,40,7.9,124.4,2026-08
T006518,40,16.5,155.4,2026-08
T006519,80,9.8,252.2,2026-08
T006520,80,19.3,249.1,2026-08
T006521,80,7.3,249.7,2026-08
T006522,80,32.9,262.7,2026-08
T006523,80,20.7,261.7,2026-08
T006524,80,1.3,233.9,2026-08
T006525,80,0.9,243.3,2026-08
T006526,80,11.0,238.0,2026-08
T006527,80,14.2,256.6,2026-08
T006528,80,7.0,245.2,2026-08
T006529,80,4.6,231.6,2026-08
T006530,15,4.5,92.0,2026-08
T006531,15,3.2,90.2,2026-08
T006532,15,10.0,119.9,2026-08
T006533,40,5.3,163.1,2026-08
T006534,40,4.6,140.0,2026-08
T006535,40,18.9,151.6,2026-08
T006536,40,2.2,132.2,2026-08
T006537,40,5.4,171.4,2026-08
T006538,40,1.2,168.4,2026-08
T006539,80,11.3,341.9,2026-08
T006540,80,15.9,338.1,2026-08
T006541,80,15.5,336.3,2026-08
T006542,80,11.5,332.3,2026-08
T006543,80,7.5,339.5,2026-08
T006544,80,19.8,356.0,2026-08
T006545,80,15.5,327.9,2026-08
T006546,80,12.3,330.3,2026-08
T006547,80,8.3,315.1,2026-08
T006548,80,7.3,344.9,2026-08
T006549,80,13.8,334.6,2026-08
T006550,80,1.1,320.5,2026-08
T006551,15,19.4,186.8,2026-08
T006552,15,16.3,140.8,2026-08
T006553,15,10.0,115.5,2026-08
T006554,15,14.2,123.2,2026-08
T006555,40,6.5,148.9,2026-08
T006556,40,2.3,128.7,2026-08
T006557,40,15.7,166.4,2026-08
T006558,40,5.8,116.0,2026-08
T006559,40,17.1,156.0,2026-08
T006560,40,12.4,126.2,2026-08
T006561,40,1.8,138.4,2026-08
T006562,80,3.8,237.8,2026-08
T006563,80,2.1,230.5,2026-08
T006564,80,14.6,244.4,2026-08
T006565,80,13.3,255.7,2026-08
T006566,80,17.7,244.7,2026-08
T006567,80,6.8,253.4,2026-08
T006568,80,0.7,236.1,2026-08
T006569,15,14.6,106.6,2026-08
T006570,15,13.1,132.8,2026-08
T006571,40,0.7,128.9,2026-08
T006572,40,4.4,135.3,2026-08
T006573,40,34.5,192.2,2026-08
T006574,40,3.2,130.5,2026-08
T006575,80,14.2,333.6,2026-08
T006576,80,5.3,330.3,2026-08
T006577,80,4.1,337.5,2026-08
T006578,80,4.9,327.1,2026-08
T006579,80,22.8,342.2,2026-08
T006580,80,0.9,309.1,2026-08
T006581,80,0.4,308.6,2026-08
T006582,80,14.5,346.5,2026-08
T006583,15,1.4,129.9,2026-08
T006584,15,2.5,124.0,2026-08
T006585,15,5.3,112.3,2026-08
T006586,40,2.0,153.9,2026-08
T006587,40,3.2,128.7,2026-08
T006588,40,1.7,135.9,2026-08
T006589,40,2.0,132.7,2026-08
T006590,40,7.7,124.2,2026-08
T006591,80,15.4,253.6,2026-08
T006592,80,5.8,244.0,2026-08
T006593,80,6.9,242.3,2026-08
T006594,80,1.8,241.4,2026-08
T006595,80,16.4,251.8,2026-08
T006596,80,19.8,258.0,2026-08
T006597,15,5.7,124.1,2026-08
T006598,15,18.3,112.3,2026-08
T006599,40,24.0,182.9,2026-08
T006600,40,10.4,163.4,2026-08
T006601,40,8.3,138.3,2026-08
T006602,80,11.2,334.8,2026-08
T006603,80,7.4,342.2,2026-08
T006604,80,6.6,330.2,2026-08
T006605,80,12.5,330.5,2026-08
T006606,15,1.0,127.0,2026-08
T006607,15,14.3,134.3,2026-08
T006608,15,15.8,175.6,2026-08
T006609,15,31.8,166.0,2026-08
T006610,15,5.0,116.0,2026-08
T006611,15,16.9,130.4,2026-08
T006612,40,9.7,151.6,2026-08
T006613,40,15.6,163.4,2026-08
T006614,40,19.6,166.2,2026-08
T006615,40,17.8,164.4,2026-08
T006616,40,19.5,173.3,2026-08
T006617,40,3.6,129.1,2026-08
T006618,40,18.3,128.5,2026-08
T006619,40,3.3,133.4,2026-08
T006620,40,5.8,122.3,2026-08
T006621,40,10.7,127.2,2026-08
T006622,40,18.1,134.6,2026-08
T006623,40,3.5,145.4,2026-08
T006624,80,4.8,243.0,2026-08
T006625,80,15.5,242.5,2026-08
T006626,80,14.5,258.3,2026-08
T006627,80,0.3,235.7,2026-08
T006628,80,17.4,247.2,2026-08
T006629,80,0.4,247.0,2026-08
T006630,80,15.1,253.3,2026-08
T006631,80,4.8,237.4,2026-08
T006632,80,8.2,238.0,2026-08
T006633,80,5.7,243.9,2026-08
T006634,80,11.8,248.6,2026-08
T006635,15,3.4,94.9,2026-08
T006636,15,11.1,100.6,2026-08
T006637,15,0.7,94.7,2026-08
T006638,40,10.7,166.8,2026-08
T006639,40,19.6,151.4,2026-08
T006640,40,17.3,150.9,2026-08
T006641,40,7.2,137.2,2026-08
T006642,40,18.3,151.0,2026-08
T006643,40,19.3,176.6,2026-08
T006644,80,19.6,344.6,2026-08
T006645,80,12.4,347.2,2026-08
T006646,80,15.3,345.9,2026-08
T006647,80,5.1,330.1,2026-08
T006648,80,16.5,347.1,2026-08
T006649,80,2.7,309.5,2026-08
T006650,80,15.2,337.4,2026-08
T006651,80,16.2,349.6,2026-08
T006652,80,3.8,313.4,2026-08
T006653,80,9.3,325.9,2026-08
T006654,80,13.7,331.7,2026-08
T006655,80,5.6,333.4,2026-08
T006656,15,0.6,132.6,2026-08
T006657,15,1.8,133.8,2026-08
T006658,15,19.2,136.2,2026-08
T006659,15,8.0,118.0,2026-08
T006660,40,4.7,154.9,2026-08
T006661,40,15.7,157.6,2026-08
T006662,40,7.4,156.4,2026-08
T006663,40,13.9,148.7,2026-08
T006664,40,6.4,121.1,2026-08
T006665,40,5.5,141.5,2026-08
T006666,40,28.3,164.3,2026-08
T006667,80,8.5,246.7,2026-08
T006668,80,0.6,234.6,2026-08
T006669,80,1.4,241.0,2026-08
T006670,80,18.7,249.9,2026-08
T006671,80,12.8,252.4,2026-08
T006672,80,33.8,270.6,2026-08
T006673,80,17.2,249.8,2026-08
T006674,80,19.8,258.0,2026-08
T006675,15,2.7,89.2,2026-08
T006676,15,10.1,127.1,2026-08
T006677,40,2.1,160.6,2026-08
T006678,40,6.5,141.0,2026-08
T006679,40,18.1,183.7,2026-08
T006680,40,7.1,169.2,2026-08
T006681,80,7.2,332.2,2026-08
T006682,80,5.2,327.4,2026-08
T006683,80,10.5,338.3,2026-08
T006684,80,2.9,316.7,2026-08
T006685,80,9.8,341.8,2026-08
T006686,80,3.9,316.3,2026-08
T006687,80,3.2,329.6,2026-08
T006688,15,13.5,134.0,2026-08
T006689,15,2.6,122.6,2026-08
T006690,15,2.4,145.1,2026-08
T006691,40,15.4,158.5,2026-08
T006692,40,2.3,123.3,2026-08
T006693,40,4.1,120.6,2026-08
T006694,40,19.7,153.3,2026-08
T006695,40,19.9,131.0,2026-08
T006696,80,0.0,228.4,2026-08
T006697,80,7.3,252.5,2026-08
T006698,80,21.0,262.0,2026-08
T006699,80,4.4,246.8,2026-08
T006700,80,11.0,249.2,2026-08
T006701,80,14.1,248.1,2026-08
T006702,15,6.3,101.3,2026-08
T006703,15,16.2,102.7,2026-08
T006704,40,12.4,141.5,2026-08
T006705,40,11.7,139.0,2026-08
T006706,40,13.4,180.2,2026-08
T006707,80,9.3,327.3,2026-08
T006708,80,29.5,362.9,2026-08
T006709,80,16.4,349.8,2026-08
T006710,80,12.0,337.0,2026-08
T006711,15,9.3,139.3,2026-08
T006712,15,16.6,146.6,2026-08
T006713,15,14.9,134.4,2026-08
T006714,15,0.6,139.0,2026-08
T006715,15,7.4,123.9,2026-08
T006716,15,0.4,116.4,2026-08
T006717,40,2.1,125.8,2026-08
T006718,40,6.6,125.8,2026-08
T006719,40,14.8,137.6,2026-08
T006720,40,8.2,158.1,2026-08
T006721,40,11.0,162.1,2026-08
T006722,40,16.6,139.4,2026-08
T006723,40,12.4,146.6,2026-08
T006724,40,32.7,175.3,2026-08
T006725,40,11.6,150.6,2026-08
T006726,40,12.8,147.0,2026-08
T006727,40,7.7,119.7,2026-08
T006728,80,4.6,231.6,2026-08
T006729,80,12.3,253.3,2026-08
T006730,80,9.7,242.3,2026-08
T006731,80,17.5,251.5,2026-08
T006732,80,10.1,253.9,2026-08
T006733,80,14.5,244.3,2026-08
T006734,80,19.2,261.6,2026-08
T006735,80,11.0,250.6,2026-08
T006736,80,10.0,244.0,2026-08
T006737,80,15.8,242.8,2026-08
T006738,15,13.1,127.4,2026-08
T006739,15,5.8,97.3,2026-08
T006740,15,17.8,137.5,2026-08
T006741,40,14.5,170.4,2026-08
T006742,40,12.4,149.6,2026-08
T006743,40,9.7,145.1,2026-08
T006744,40,18.5,150.3,2026-08
T006745,40,7.2,142.6,2026-08
T006746,40,2.6,173.0,2026-08
T006747,40,15.5,175.0,2026-08
T006748,80,5.7,334.9,2026-08
T006749,80,16.9,330.7,2026-08
T006750,80,7.3,340.7,2026-08
T006751,80,16.5,342.9,2026-08
T006752,80,15.6,323.8,2026-08
T006753,80,19.8,353.2,2026-08
T006754,80,5.9,340.7,2026-08
T006755,80,11.3,329.3,2026-08
T006756,80,12.5,345.9,2026-08
T006757,80,6.2,342.4,2026-08
T006758,80,11.3,336.3,2026-08
T006759,80,5.7,340.5,2026-08
T006760,15,19.2,147.7,2026-08
T006761,15,0.8,121.8,2026-08
T006762,15,26.1,176.6,2026-08
T006763,15,2.7,139.1,2026-08
T006764,40,10.9,166.8,2026-08
T006765,40,12.0,161.9,2026-08
T006766,40,1.2,154.7,2026-08
T006767,40,10.2,122.2,2026-08
T006768,40,11.3,127.8,2026-08
T006769,40,18.2,127.5,2026-08
T006770,40,14.5,131.9,2026-08
T006771,80,19.6,248.0,2026-08
T006772,80,16.1,250.1,2026-08
T006773,80,9.1,243.1,2026-08
T006774,80,13.3,241.7,2026-08
T006775,80,8.2,252.0,2026-08
T006776,80,18.8,258.4,2026-08
T006777,80,4.3,248.1,2026-08
T006778,80,16.2,250.2,2026-08
T006779,15,13.2,134.2,2026-08
T006780,15,17.9,109.9,2026-08
T006781,40,5.9,134.1,2026-08
T006782,40,13.8,174.6,2026-08
T006783,40,6.1,171.7,2026-08
T006784,40,13.3,176.5,2026-08
T006785,80,7.4,319.8,2026-08
T006786,80,8.3,329.1,2026-08
T006787,80,8.4,316.6,2026-08
T006788,80,19.7,326.5,2026-08
T006789,80,19.0,331.4,2026-08
T006790,80,19.4,338.8,2026-08
T006791,80,6.4,317.4,2026-08
T006792,80,2.8,309.6,2026-08
T006793,15,2.1,129.1,2026-08
T006794,15,9.3,178.6,2026-08
T006795,15,5.7,122.7,2026-08
T006796,40,4.5,153.2,2026-08
T006797,40,1.4,146.5,2026-08
T006798,40,12.3,125.2,2026-08
T006799,40,5.8,147.2,2026-08
T006800,40,11.7,124.6,2026-08
T006801,80,6.3,250.1,2026-08
T006802,80,1.2,231.0,2026-08
T006803,80,19.7,263.5,2026-08
T006804,80,25.8,255.6,2026-08
T006805,80,4.1,231.1,2026-08
T006806,15,2.1,125.8,2026-08
T006807,40,18.8,175.9,2026-08
T006808,40,5.4,136.3,2026-08
T006809,80,8.7,342.1,2026-08
T006810,80,10.9,335.9,2026-08
T006811,80,9.7,317.9,2026-08
T006812,80,7.1,343.3,2026-08
